data_inversa;horario;municipio;causa_acidente;tipo_acidente;classificacao_acidente;fase_dia;sentido_via;condicao_metereologica;tipo_pista;tracado_via;latitude;longitude
19/07/2026;06:30:00;SAO PAULO;Curva acentuada;Colisão lateral mesmo sentido;Com Vítimas Feridas;Pleno dia;Decrescente;Nublado;Dupla;"Curva;Aclive";-23,38352212;-46,56455867
19/07/2026;01:50:00;PENHA;Velocidade Incompatível;Saída de leito carroçável;Sem Vítimas;Plena Noite;Crescente;Nevoeiro/Neblina;Múltipla;Curva;-26,81864976;-48,68363254
19/07/2026;04:00:00;ANAPOLIS;Velocidade Incompatível;Colisão traseira;Com Vítimas Feridas;Plena Noite;Decrescente;Ignorado;Dupla;"Reta;Viaduto";-16,32693;-48,92214
19/07/2026;03:16:00;MACAIBA;Ausência de sinalização;Colisão com objeto;Sem Vítimas;Plena Noite;Crescente;Céu Claro;Simples;"Interseção de Vias;Reta";-5,865212;-35,352502
19/07/2026;03:35:00;CACOAL;Afundamento ou ondulação no pavimento;Colisão com objeto;Com Vítimas Feridas;Plena Noite;Crescente;Céu Claro;Simples;Reta;-11,420742;-61,64122
19/07/2026;05:09:00;GUARULHOS;Velocidade Incompatível;Colisão traseira;Com Vítimas Feridas;Plena Noite;Decrescente;Vento;Múltipla;"Reta;Aclive";-23,43453489;-46,42424226
19/07/2026;05:48:00;SAO CRISTOVAO;Acumulo de água sobre o pavimento;Saída de leito carroçável;Sem Vítimas;Anoitecer;Crescente;Nublado;Dupla;"Curva;Declive";-10,946688;-37,206971
19/07/2026;05:30:00;CAMPOS DOS GOYTACAZES;Conversão proibida;Colisão transversal;Com Vítimas Feridas;Plena Noite;Crescente;Céu Claro;Simples;"Reta;Interseção de Vias";-21,786667;-41,382986
19/07/2026;06:15:00;VALPARAISO DE GOIAS;Condutor usando celular;Atropelamento de Pedestre;Com Vítimas Feridas;Pleno dia;Crescente;Céu Claro;Dupla;Reta;-16,07557;-47,98566
19/07/2026;06:30:00;SANTA VITORIA DO PALMAR;Chuva;Saída de leito carroçável;Com Vítimas Feridas;Plena Noite;Decrescente;Chuva;Simples;Reta;-33,5522129;-53,36467727
19/07/2026;07:20:00;UBATUBA;Velocidade Incompatível;Colisão traseira;Com Vítimas Feridas;Pleno dia;Decrescente;Céu Claro;Simples;Reta;-23,4552252;-45,0720455
19/07/2026;05:30:00;ITAUBA;Retorno proibido;Saída de leito carroçável;Sem Vítimas;Amanhecer;Crescente;Céu Claro;Simples;Reta;-11,05537217;-55,27235833
19/07/2026;07:00:00;JI-PARANA;Acesso irregular;Colisão lateral mesmo sentido;Sem Vítimas;Pleno dia;Decrescente;Céu Claro;Dupla;"Interseção de Vias;Reta";-10,87775852;-61,94693267
19/07/2026;09:00:00;PORTO ALEGRE;Velocidade Incompatível;Tombamento;Com Vítimas Feridas;Pleno dia;Decrescente;Nublado;Múltipla;"Curva;Viaduto";-29,96938549;-51,17671464
19/07/2026;09:50:00;BALNEARIO BARRA DO SUL;Ultrapassagem Indevida;Colisão lateral mesmo sentido;Com Vítimas Feridas;Pleno dia;Decrescente;Céu Claro;Simples;Reta;-26,368283;-48,668515
19/07/2026;07:40:00;MANAUS;Ultrapassagem Indevida;Colisão lateral mesmo sentido;Com Vítimas Fatais;Pleno dia;Crescente;Céu Claro;Simples;Reta;-2,848525;-60,033852
19/07/2026;10:45:00;IBATIBA;Velocidade Incompatível;Colisão transversal;Com Vítimas Feridas;Pleno dia;Decrescente;Chuva;Simples;Reta;-20,26529637;-41,57890729
19/07/2026;13:20:00;MANGARATIBA;Retorno proibido;Colisão transversal;Com Vítimas Feridas;Pleno dia;Crescente;Sol;Simples;Curva;-22,923946;-43,958782
19/07/2026;09:13:00;ITAMONTE;Velocidade Incompatível;Saída de leito carroçável;Com Vítimas Feridas;Pleno dia;Crescente;Céu Claro;Simples;"Curva;Aclive";-22,34982277;-44,8066771
19/07/2026;15:35:00;MARAVILHA;Demais falhas na via;Colisão lateral mesmo sentido;Com Vítimas Feridas;Pleno dia;Decrescente;Céu Claro;Simples;Reta;-26,7662448;-53,2139594
19/07/2026;14:00:00;PATROCINIO;Velocidade Incompatível;Saída de leito carroçável;Com Vítimas Feridas;Pleno dia;Crescente;Céu Claro;Simples;Curva;-18,92078469;-47,02581732
19/07/2026;15:55:00;CABEDELO;Acumulo de areia ou detritos sobre o pavimento;Tombamento;Com Vítimas Feridas;Pleno dia;Decrescente;Céu Claro;Dupla;Em Obras;-7,07934214;-34,84889611
19/07/2026;16:30:00;FLORESTAL;Velocidade Incompatível;Saída de leito carroçável;Com Vítimas Feridas;Pleno dia;Crescente;Céu Claro;Dupla;"Curva;Aclive";-19,91460848;-44,4976422
19/07/2026;17:17:00;SAO FRANCISCO DO PARA;Acumulo de água sobre o pavimento;Queda de ocupante de veículo;Com Vítimas Feridas;Pleno dia;Decrescente;Chuva;Dupla;Reta;-1,3051195;-47,7732277
19/07/2026;17:00:00;CAPITAO LEONIDAS MARQUES;Velocidade Incompatível;Saída de leito carroçável;Com Vítimas Feridas;Pleno dia;Decrescente;Céu Claro;Dupla;Curva;-25,45474496;-53,58169556
19/07/2026;18:30:00;IBIA;Velocidade Incompatível;Saída de leito carroçável;Sem Vítimas;Anoitecer;Decrescente;Céu Claro;Simples;Curva;-19,54728395;-46,82380557
19/07/2026;19:05:00;SAPUCAIA DO SUL;Pista Escorregadia;Queda de ocupante de veículo;Com Vítimas Feridas;Plena Noite;Decrescente;Chuva;Dupla;Reta;-29,80105537;-51,16560895
19/07/2026;18:05:00;SAO FRANCISCO;Chuva;Saída de leito carroçável;Sem Vítimas;Plena Noite;Crescente;Chuva;Dupla;Reta;-10,3434599;-36,89792633
19/07/2026;18:30:00;CAMPESTRE DA SERRA;Ultrapassagem Indevida;Colisão frontal;Com Vítimas Feridas;Anoitecer;Crescente;Céu Claro;Simples;"Curva;Aclive";-28,801992;-51,098095
19/07/2026;18:40:00;IBIRACU;Velocidade Incompatível;Colisão com objeto;Com Vítimas Feridas;Plena Noite;Crescente;Nublado;Dupla;Reta;-19,86437073;-40,39330602
19/07/2026;16:10:00;GUARANIACU;Velocidade Incompatível;Saída de leito carroçável;Com Vítimas Feridas;Pleno dia;Crescente;Sol;Simples;Curva;-25,14449;-52,70148
19/07/2026;18:15:00;PONTA GROSSA;Animais na Pista;Atropelamento de Animal;Com Vítimas Feridas;Plena Noite;Crescente;Ignorado;Dupla;Reta;-25,058593;-50,222123
19/07/2026;15:30:00;SANTA RITA DE MINAS;Velocidade Incompatível;Saída de leito carroçável;Com Vítimas Feridas;Pleno dia;Crescente;Sol;Simples;Curva;-19,88979;-42,136105
19/07/2026;19:15:00;SANTA TEREZA DE GOIAS;Animais na Pista;Atropelamento de Animal;Com Vítimas Feridas;Plena Noite;Crescente;Céu Claro;Simples;Reta;-13,67667891;-49,02554512
19/07/2026;19:25:00;MALLET;Falta de acostamento;Atropelamento de Pedestre;Com Vítimas Fatais;Plena Noite;Decrescente;Céu Claro;Simples;"Aclive;Curva;Em Obras";-25,940215;-50,856079
19/07/2026;19:55:00;CHAPECO;Velocidade Incompatível;Saída de leito carroçável;Com Vítimas Fatais;Plena Noite;Crescente;Nublado;Múltipla;Curva;-27,04475;-52,63643
19/07/2026;21:50:00;ARAUCARIA;Demais falhas na via;Tombamento;Com Vítimas Feridas;Plena Noite;Decrescente;Céu Claro;Dupla;Reta;-25,5687637;-49,385854
19/07/2026;17:45:00;MONTE NEGRO;Curva acentuada;Saída de leito carroçável;Com Vítimas Feridas;Anoitecer;Decrescente;Nublado;Simples;Curva;-10,0311468;-63,17816734
19/07/2026;19:30:00;VIRMOND;Velocidade Incompatível;Queda de ocupante de veículo;Com Vítimas Feridas;Plena Noite;Crescente;Céu Claro;Simples;Reta;-25,372;-52,28342
19/07/2026;17:10:00;ENCRUZILHADA DO SUL;Acumulo de água sobre o pavimento;Saída de leito carroçável;Com Vítimas Feridas;Pleno dia;Decrescente;Chuva;Simples;Reta;-30,22373469;-52,66047478
19/07/2026;19:55:00;OURO PRETO DO OESTE;Ultrapassagem Indevida;Colisão frontal;Com Vítimas Feridas;Plena Noite;Crescente;Céu Claro;Simples;Reta;-10,741952;-62,182465
19/07/2026;19:30:00;RIO DE JANEIRO;Acesso irregular;Colisão traseira;Com Vítimas Feridas;Plena Noite;Decrescente;Céu Claro;Múltipla;Reta;-22,87610379;-43,61274103
19/07/2026;23:00:00;PRIMAVERA DO LESTE;Velocidade Incompatível;Capotamento;Sem Vítimas;Pleno dia;Crescente;Céu Claro;Simples;Reta;-15,57735145;-54,37891707
19/07/2026;19:10:00;LAJEDINHO;Ultrapassagem Indevida;Capotamento;Com Vítimas Feridas;Plena Noite;Crescente;Céu Claro;Simples;Reta;-12,48728067;-41,14710331
19/07/2026;22:25:00;SENHOR DO BONFIM;Velocidade Incompatível;Saída de leito carroçável;Sem Vítimas;Plena Noite;Crescente;Chuva;Simples;Declive;-10,368802;-40,1693
19/07/2026;23:00:00;SABARA;Velocidade Incompatível;Capotamento;Sem Vítimas;Plena Noite;Crescente;Céu Claro;Simples;"Declive;Reta";-19,78710209;-43,70163767
19/07/2026;14:35:00;CASCAVEL;Velocidade Incompatível;Saída de leito carroçável;Com Vítimas Feridas;Pleno dia;Decrescente;Céu Claro;Dupla;Reta;-24,9133801;-53,5015632
18/07/2026;02:35:00;SAO JOSE;Sinalização mal posicionada;Colisão traseira;Sem Vítimas;Plena Noite;Crescente;Nublado;Múltipla;"Curva;Declive";-27,60073106;-48,62351271
18/07/2026;05:40:00;JEQUIE;Velocidade Incompatível;Colisão frontal;Com Vítimas Feridas;Amanhecer;Crescente;Céu Claro;Simples;Reta;-13,69743;-40,09657
18/07/2026;11:40:00;MANHUACU;Velocidade Incompatível;Saída de leito carroçável;Com Vítimas Feridas;Pleno dia;Decrescente;Céu Claro;Simples;Reta;-20,052742;-42,175899
18/07/2026;13:00:00;MONTE CASTELO;Ultrapassagem Indevida;Colisão frontal;Com Vítimas Feridas;Pleno dia;Decrescente;Céu Claro;Simples;"Declive;Reta";-26,465892;-50,230418
18/07/2026;15:30:00;ORTIGUEIRA;Velocidade Incompatível;Tombamento;Com Vítimas Feridas;Pleno dia;Crescente;Céu Claro;Simples;"Curva;Declive";-24,0670975;-51,06398106
18/07/2026;17:30:00;LEOPOLDINA;Ultrapassagem Indevida;Colisão lateral mesmo sentido;Com Vítimas Feridas;Pleno dia;Decrescente;Céu Claro;Múltipla;Aclive;-21,464045;-42,55729
18/07/2026;14:30:00;CACERES;Ultrapassagem Indevida;Colisão frontal;Com Vítimas Feridas;Pleno dia;Crescente;Sol;Simples;Reta;-16,02976045;-57,72822802
18/07/2026;10:44:00;PONTES E LACERDA;Ultrapassagem Indevida;Saída de leito carroçável;Com Vítimas Feridas;Pleno dia;Crescente;Céu Claro;Simples;Reta;-15,05488421;-59,2963028
18/07/2026;20:40:00;FLEXEIRAS;Velocidade Incompatível;Tombamento;Com Vítimas Feridas;Plena Noite;Crescente;Chuva;Dupla;Reta;-9,218007;-35,775413
18/07/2026;14:30:00;CACERES;Ultrapassagem Indevida;Colisão frontal;Com Vítimas Feridas;Pleno dia;Crescente;Sol;Simples;Reta;-16,02976045;-57,72822802
18/07/2026;07:06:00;AGUAS LINDAS DE GOIAS;Ultrapassagem Indevida;Colisão lateral mesmo sentido;Com Vítimas Feridas;Pleno dia;Decrescente;Céu Claro;Dupla;Declive;-15,7759;-48,23261
18/07/2026;04:40:00;CEU AZUL;Ultrapassagem Indevida;Colisão lateral sentido oposto;Com Vítimas Feridas;Plena Noite;Crescente;Vento;Simples;Curva;-25,17119374;-53,90759468
18/07/2026;04:30:00;RIO BONITO;Neblina;Atropelamento de Pedestre;Com Vítimas Fatais;Amanhecer;Decrescente;Nevoeiro/Neblina;Dupla;Reta;-22,72699737;-42,6950353
18/07/2026;00:10:00;BETIM;Velocidade Incompatível;Saída de leito carroçável;Sem Vítimas;Plena Noite;Decrescente;Céu Claro;Dupla;Reta;-20,021245;-44,229068
18/07/2026;07:10:00;GUARULHOS;Demais Fenômenos da natureza;Colisão lateral mesmo sentido;Com Vítimas Feridas;Amanhecer;Decrescente;Sol;Múltipla;Aclive;-23,43066318;-46,41488051
18/07/2026;07:10:00;COLATINA;Conversão proibida;Colisão transversal;Com Vítimas Feridas;Pleno dia;Decrescente;Nublado;Simples;Curva;-19,50818528;-40,60737773
18/07/2026;07:55:00;BREJETUBA;Velocidade Incompatível;Capotamento;Com Vítimas Feridas;Pleno dia;Decrescente;Garoa/Chuvisco;Simples;"Curva;Declive";-20,235;-41,345745
18/07/2026;09:18:00;ANGRA DOS REIS;Retorno proibido;Colisão transversal;Sem Vítimas;Pleno dia;Decrescente;Céu Claro;Simples;"Curva;Aclive";-23,00936;-44,29233
18/07/2026;09:52:00;SANTA RITA;Acumulo de água sobre o pavimento;Saída de leito carroçável;Com Vítimas Feridas;Pleno dia;Crescente;Chuva;Dupla;"Curva;Aclive";-7,12364;-34,944766
18/07/2026;10:00:00;PARACATU;Conversão proibida;Colisão transversal;Com Vítimas Feridas;Pleno dia;Crescente;Céu Claro;Simples;Reta;-17,228255;-46,858382
18/07/2026;11:00:00;SERTANIA;Ultrapassagem Indevida;Colisão frontal;Com Vítimas Feridas;Pleno dia;Crescente;Céu Claro;Simples;Reta;-8,401158;-37,21713
18/07/2026;12:03:00;INDAIAL;Acumulo de areia ou detritos sobre o pavimento;Tombamento;Com Vítimas Feridas;Pleno dia;Crescente;Sol;Dupla;Reta;-26,87029338;-49,21346529
18/07/2026;12:15:00;LINDOESTE;Velocidade Incompatível;Saída de leito carroçável;Com Vítimas Feridas;Pleno dia;Decrescente;Vento;Dupla;"Curva;Declive";-25,2211111;-53,595274
18/07/2026;14:15:00;ARAQUARI;Conversão proibida;Colisão traseira;Com Vítimas Feridas;Pleno dia;Crescente;Sol;Simples;Reta;-26,415892;-48,769178
18/07/2026;16:00:00;ARROIO DOS RATOS;Retorno proibido;Colisão transversal;Com Vítimas Feridas;Pleno dia;Crescente;Céu Claro;Simples;Curva;-30,10646606;-51,76803336
18/07/2026;17:30:00;PAPANDUVA;Acesso irregular;Capotamento;Com Vítimas Feridas;Pleno dia;Decrescente;Céu Claro;Simples;"Reta;Em Obras;Desvio Temporário";-26,3942;-50,1678383
18/07/2026;17:39:00;PORTO GRANDE;Acumulo de água sobre o pavimento;Saída de leito carroçável;Com Vítimas Feridas;Anoitecer;Crescente;Chuva;Simples;"Reta;Declive;Interseção de Vias";0,70145;-51,40374
18/07/2026;17:50:00;GOVERNADOR MANGABEIRA;Acesso irregular;Colisão transversal;Com Vítimas Feridas;Plena Noite;Crescente;Céu Claro;Simples;Aclive;-12,607832;-39,074605
18/07/2026;16:40:00;TAPAUA;Velocidade Incompatível;Saída de leito carroçável;Com Vítimas Fatais;Pleno dia;Crescente;Céu Claro;Simples;Reta;-6,800549;-63,021486
18/07/2026;20:10:00;GUAIRA;Acesso irregular;Queda de ocupante de veículo;Com Vítimas Feridas;Plena Noite;Crescente;Céu Claro;Simples;Reta;-24,09292932;-54,19660505
18/07/2026;21:00:00;PARANATAMA;Deficiência do Sistema de Iluminação/Sinalização;Colisão traseira;Com Vítimas Fatais;Plena Noite;Decrescente;Nublado;Simples;Reta;-8,9093527;-36,6794838
18/07/2026;20:15:00;UBERABA;Velocidade Incompatível;Colisão traseira;Com Vítimas Feridas;Plena Noite;Crescente;Céu Claro;Simples;Reta;-19,76541117;-47,87223816
18/07/2026;22:35:00;BOM DESPACHO;Ultrapassagem Indevida;Colisão lateral mesmo sentido;Com Vítimas Feridas;Plena Noite;Crescente;Céu Claro;Simples;"Reta;Declive";-19,786884;-45,246252
18/07/2026;23:00:00;ITUMBIARA;Acumulo de areia ou detritos sobre o pavimento;Queda de ocupante de veículo;Com Vítimas Feridas;Plena Noite;Decrescente;Céu Claro;Dupla;Retorno Regulamentado;-18,38841129;-49,34062958
18/07/2026;23:45:00;SANTA TEREZINHA DE ITAIPU;Velocidade Incompatível;Saída de leito carroçável;Com Vítimas Feridas;Plena Noite;Crescente;Céu Claro;Dupla;Reta;-25,47594776;-54,47521146
18/07/2026;14:05:00;ASCURRA;Conversão proibida;Colisão transversal;Com Vítimas Feridas;Pleno dia;Decrescente;Céu Claro;Simples;Curva;-26,96050421;-49,37501399
18/07/2026;21:40:00;SAO MATEUS;Velocidade Incompatível;Tombamento;Com Vítimas Feridas;Plena Noite;Crescente;Garoa/Chuvisco;Simples;"Curva;Declive";-18,69371686;-39,86411188
18/07/2026;20:10:00;GRAVATA;Retorno proibido;Colisão transversal;Com Vítimas Feridas;Plena Noite;Decrescente;Céu Claro;Simples;"Declive;Reta";-8,22631395;-35,57609081
17/07/2026;04:08:00;ITAPORANGA DAJUDA;Curva acentuada;Capotamento;Sem Vítimas;Amanhecer;Decrescente;Céu Claro;Dupla;"Curva;Declive";-11,012093;-37,3149146
17/07/2026;07:38:00;BRASILIA;Demais Fenômenos da natureza;Colisão traseira;Com Vítimas Feridas;Amanhecer;Crescente;Céu Claro;Dupla;Viaduto;-15,65439859;-47,78348208
17/07/2026;10:45:00;SAO JOAO DA BARRA;Ultrapassagem Indevida;Colisão lateral mesmo sentido;Com Vítimas Feridas;Pleno dia;Crescente;Céu Claro;Simples;Reta;-21,712891;-41,160744
17/07/2026;12:20:00;PERDOES;Condutor usando celular;Colisão traseira;Com Vítimas Feridas;Pleno dia;Decrescente;Céu Claro;Dupla;"Reta;Aclive";-21,06102599;-45,049586
17/07/2026;14:10:00;BETIM;Velocidade Incompatível;Colisão traseira;Com Vítimas Feridas;Pleno dia;Crescente;Céu Claro;Dupla;"Aclive;Reta";-20,028858;-44,234924
17/07/2026;10:15:00;IRANI;Ultrapassagem Indevida;Colisão lateral sentido oposto;Com Vítimas Feridas;Pleno dia;Crescente;Sol;Simples;"Reta;Declive";-27,10986744;-51,90662384
17/07/2026;17:30:00;CAMPOS ALTOS;Velocidade Incompatível;Tombamento;Com Vítimas Feridas;Anoitecer;Crescente;Céu Claro;Simples;"Curva;Declive";-19,657973;-46,129168
17/07/2026;03:30:00;LORENA;Curva acentuada;Saída de leito carroçável;Sem Vítimas;Plena Noite;Decrescente;Céu Claro;Dupla;Curva;-22,74141702;-45,09174155
17/07/2026;20:00:00;TEOFILO OTONI;Ultrapassagem Indevida;Colisão lateral sentido oposto;Com Vítimas Feridas;Pleno dia;Decrescente;Nublado;Simples;Reta;-17,8230117;-41,5033517
17/07/2026;15:00:00;DOM AQUINO;Falta de acostamento;Saída de leito carroçável;Com Vítimas Feridas;Pleno dia;Decrescente;Céu Claro;Simples;Reta;-15,50968117;-54,69805755
17/07/2026;04:15:00;COMENDADOR GOMES;Velocidade Incompatível;Saída de leito carroçável;Com Vítimas Feridas;Plena Noite;Crescente;Céu Claro;Simples;Reta;-19,631322;-48,848386
17/07/2026;05:20:00;CAICO;Animais na Pista;Atropelamento de Animal;Com Vítimas Feridas;Amanhecer;Crescente;Nublado;Simples;Reta;-6,44896942;-37,13437303
17/07/2026;07:20:00;SAO GONCALO DO AMARANTE;Animais na Pista;Atropelamento de Animal;Com Vítimas Feridas;Pleno dia;Decrescente;Nublado;Simples;"Reta;Declive";-5,731282;-35,358513
17/07/2026;08:10:00;BETIM;Velocidade Incompatível;Tombamento;Com Vítimas Feridas;Pleno dia;Decrescente;Céu Claro;Dupla;Reta;-19,956038;-44,14534
17/07/2026;07:30:00;RIO LARGO;Pista Escorregadia;Queda de ocupante de veículo;Com Vítimas Feridas;Pleno dia;Decrescente;Nublado;Simples;Reta;-9,42420303;-35,83880906
17/07/2026;07:50:00;PORTO VELHO;Acesso irregular;Atropelamento de Pedestre;Com Vítimas Feridas;Pleno dia;Crescente;Céu Claro;Simples;"Reta;Retorno Regulamentado";-8,740473;-63,935311
17/07/2026;09:00:00;ELDORADO DO SUL;Animais na Pista;Colisão traseira;Com Vítimas Feridas;Pleno dia;Crescente;Céu Claro;Dupla;Reta;-30,0363043;-51,3276952
17/07/2026;09:30:00;BRASILIA;Acumulo de areia ou detritos sobre o pavimento;Colisão com objeto;Com Vítimas Feridas;Pleno dia;Decrescente;Céu Claro;Dupla;Reta;-15,910107;-48,151738
17/07/2026;08:40:00;DUQUE DE CAXIAS;Ultrapassagem Indevida;Colisão frontal;Com Vítimas Feridas;Pleno dia;Crescente;Céu Claro;Simples;Reta;-22,647077;-43,225529
17/07/2026;09:40:00;CARUARU;Velocidade Incompatível;Queda de ocupante de veículo;Com Vítimas Feridas;Pleno dia;Crescente;Céu Claro;Dupla;Curva;-8,32105;-35,99102
17/07/2026;09:30:00;PORTO VELHO;Pista Escorregadia;Tombamento;Com Vítimas Feridas;Pleno dia;Crescente;Chuva;Dupla;Retorno Regulamentado;-8,80224862;-63,75398247
17/07/2026;12:05:00;ACAILANDIA;Ultrapassagem Indevida;Colisão transversal;Com Vítimas Feridas;Pleno dia;Crescente;Céu Claro;Simples;"Reta;Interseção de Vias";-4,9060189;-47,4055851
17/07/2026;13:20:00;SANTAREM;Pista esburacada;Tombamento;Com Vítimas Feridas;Pleno dia;Decrescente;Céu Claro;Simples;Reta;-2,52858393;-54,72326316
17/07/2026;11:10:00;NOVO CABRAIS;Conversão proibida;Colisão transversal;Com Vítimas Feridas;Pleno dia;Crescente;Céu Claro;Simples;Reta;-29,79554;-52,972686
17/07/2026;15:00:00;PORTO VELHO;Acumulo de água sobre o pavimento;Saída de leito carroçável;Com Vítimas Feridas;Pleno dia;Crescente;Chuva;Simples;Curva;-9,22412629;-64,34399271
17/07/2026;17:00:00;PRESIDENTE MEDICI;Ultrapassagem Indevida;Colisão lateral mesmo sentido;Com Vítimas Feridas;Pleno dia;Crescente;Céu Claro;Simples;"Interseção de Vias;Reta";-11,16451002;-61,90151453
17/07/2026;19:50:00;ANAPOLIS;Condutor usando celular;Colisão traseira;Com Vítimas Feridas;Plena Noite;Crescente;Céu Claro;Dupla;Reta;-16,27660516;-48,96636129
17/07/2026;12:45:00;UBERLANDIA;Condutor usando celular;Saída de leito carroçável;Com Vítimas Feridas;Pleno dia;Crescente;Sol;Dupla;Reta;-18,99148887;-48,21132151
17/07/2026;18:30:00;SAO BENTO DO SUL;Animais na Pista;Atropelamento de Animal;Sem Vítimas;Anoitecer;Crescente;Céu Claro;Simples;Curva;-26,299503;-49,397679
17/07/2026;19:20:00;GOVERNADOR VALADARES;Ultrapassagem Indevida;Colisão lateral mesmo sentido;Com Vítimas Feridas;Plena Noite;Decrescente;Céu Claro;Dupla;Reta;-18,847752;-41,980213
17/07/2026;17:45:00;CORREIA PINTO;Velocidade Incompatível;Saída de leito carroçável;Com Vítimas Feridas;Anoitecer;Decrescente;Céu Claro;Simples;Reta;-27,72525398;-50,33623799
17/07/2026;21:30:00;MANHUACU;Velocidade Incompatível;Tombamento;Com Vítimas Feridas;Plena Noite;Crescente;Nevoeiro/Neblina;Simples;Curva;-20,279334;-42,145518
17/07/2026;22:10:00;TEOFILO OTONI;Retorno proibido;Colisão transversal;Com Vítimas Feridas;Plena Noite;Crescente;Céu Claro;Simples;Reta;-17,856883;-41,514667
17/07/2026;23:15:00;GUARULHOS;Demais falhas na via;Tombamento;Com Vítimas Feridas;Plena Noite;Crescente;Céu Claro;Múltipla;Reta;-23,41633678;-46,37308566
17/07/2026;23:35:00;SAO JOSE;Animais na Pista;Atropelamento de Animal;Com Vítimas Feridas;Pleno dia;Crescente;Céu Claro;Dupla;Reta;-27,62044;-48,64909
17/07/2026;19:50:00;SERRINHA;Velocidade Incompatível;Saída de leito carroçável;Sem Vítimas;Plena Noite;Decrescente;Céu Claro;Simples;Reta;-11,788212;-38,985769
17/07/2026;20:00:00;SEROPEDICA;Ultrapassagem Indevida;Colisão lateral mesmo sentido;Sem Vítimas;Plena Noite;Crescente;Céu Claro;Simples;Reta;-22,73733361;-43,70916931
16/07/2026;20:05:00;ANDIRA;Conversão proibida;Colisão transversal;Com Vítimas Feridas;Plena Noite;Crescente;Céu Claro;Simples;Reta;-23,054922;-50,24338
16/07/2026;21:30:00;ARACI;Acesso irregular;Colisão frontal;Com Vítimas Fatais;Plena Noite;Decrescente;Nublado;Simples;Reta;-11,29825781;-38,93497811
16/07/2026;18:32:00;LENCOIS;Retorno proibido;Colisão transversal;Com Vítimas Feridas;Plena Noite;Decrescente;Garoa/Chuvisco;Simples;"Reta;Declive";-12,46931;-41,38319
16/07/2026;10:00:00;ALTO ARAGUAIA;Condutor usando celular;Colisão traseira;Com Vítimas Feridas;Pleno dia;Decrescente;Céu Claro;Simples;"Ponte;Reta";-17,31080257;-53,22383372
16/07/2026;13:09:00;RONDONOPOLIS;Velocidade Incompatível;Colisão lateral sentido oposto;Com Vítimas Feridas;Pleno dia;Crescente;Sol;Simples;Reta;-16,50616694;-54,62269574
16/07/2026;00:01:00;NOVO PROGRESSO;Ultrapassagem Indevida;Saída de leito carroçável;Sem Vítimas;Plena Noite;Crescente;Ignorado;Simples;Reta;-6,745613;-55,47865
16/07/2026;10:20:00;PORTO VELHO;Demais falhas na via;Colisão lateral mesmo sentido;Sem Vítimas;Pleno dia;Decrescente;Céu Claro;Múltipla;Reta;-8,76892354;-63,88390867
16/07/2026;00:20:00;UBERABA;Iluminação deficiente;Atropelamento de Animal;Com Vítimas Feridas;Plena Noite;Decrescente;Céu Claro;Dupla;"Reta;Declive";-19,768818;-47,893737
16/07/2026;06:41:00;MACAIBA;Afundamento ou ondulação no pavimento;Queda de ocupante de veículo;Com Vítimas Feridas;Pleno dia;Crescente;Céu Claro;Dupla;"Desvio Temporário;Em Obras";-5,87925;-35,2996117
16/07/2026;07:35:00;RECIFE;Pista Escorregadia;Queda de ocupante de veículo;Com Vítimas Feridas;Pleno dia;Crescente;Chuva;Dupla;Reta;-8,11251;-34,94573
16/07/2026;07:50:00;PESCARIA BRAVA;Velocidade Incompatível;Colisão traseira;Com Vítimas Feridas;Pleno dia;Crescente;Céu Claro;Simples;"Reta;Interseção de Vias";-28,425677;-48,889446
16/07/2026;13:16:00;LINHARES;Conversão proibida;Colisão transversal;Com Vítimas Feridas;Pleno dia;Decrescente;Céu Claro;Simples;Reta;-19,241576;-40,091419
16/07/2026;10:10:00;SANTA LUZIA;Chuva;Tombamento;Com Vítimas Feridas;Pleno dia;Crescente;Chuva;Simples;Curva;-4,04749459;-45,80062866
16/07/2026;15:10:00;TRES RIOS;Velocidade Incompatível;Colisão traseira;Sem Vítimas;Pleno dia;Crescente;Céu Claro;Dupla;Reta;-22,12493333;-43,17256581
16/07/2026;16:45:00;NOSSA SENHORA DO SOCORRO;Pista esburacada;Queda de ocupante de veículo;Com Vítimas Feridas;Pleno dia;Crescente;Nublado;Dupla;"Reta;Aclive";-10,88736604;-37,13304726
16/07/2026;17:00:00;SAO FRANCISCO DO SUL;Conversão proibida;Colisão transversal;Com Vítimas Feridas;Plena Noite;Crescente;Céu Claro;Simples;Reta;-26,3082854;-48,6421705
16/07/2026;17:30:00;SAO JOSE DO VALE DO RIO PRETO;Conversão proibida;Colisão transversal;Com Vítimas Feridas;Pleno dia;Decrescente;Nublado;Simples;"Curva;Interseção de Vias";-22,1333865;-42,7819828
16/07/2026;18:45:00;CUIABA;Animais na Pista;Atropelamento de Animal;Com Vítimas Fatais;Anoitecer;Decrescente;Céu Claro;Dupla;Reta;-15,67636;-55,93693
16/07/2026;17:50:00;MURIAE;Ultrapassagem Indevida;Colisão frontal;Com Vítimas Feridas;Anoitecer;Decrescente;Céu Claro;Simples;"Curva;Declive";-21,0045894;-42,3667635