data_inversa;horario;municipio;causa_acidente;tipo_acidente;classificacao_acidente;fase_dia;sentido_via;condicao_metereologica;tipo_pista;tracado_via;latitude;longitude
16/07/2026;17:00:00;SAO JOAO DO MANHUACU;Velocidade Incompatível;Saída de leito carroçável;Com Vítimas Feridas;Pleno dia;Decrescente;Céu Claro;Simples;Curva;-20,417743;-42,153737
16/07/2026;20:45:00;TUBARAO;Animais na Pista;Atropelamento de Animal;Com Vítimas Feridas;Plena Noite;Decrescente;Céu Claro;Dupla;Reta;-28,47337864;-49,02432203
16/07/2026;20:50:00;SINOP;Ultrapassagem Indevida;Colisão lateral mesmo sentido;Com Vítimas Feridas;Plena Noite;Crescente;Céu Claro;Simples;Reta;-11,759416;-55,468756
16/07/2026;21:40:00;MIRADOURO;Velocidade Incompatível;Tombamento;Com Vítimas Feridas;Plena Noite;Crescente;Céu Claro;Simples;Curva;-20,888203;-42,339887
16/07/2026;21:20:00;ITAGUAI;Animais na Pista;Atropelamento de Animal;Com Vítimas Feridas;Plena Noite;Decrescente;Céu Claro;Simples;Reta;-22,85890981;-43,75937381
16/07/2026;23:46:00;PIRAPORA;Animais na Pista;Atropelamento de Animal;Com Vítimas Feridas;Plena Noite;Decrescente;Céu Claro;Simples;Reta;-17,307213;-44,89459
15/07/2026;00:55:00;TIJUCAS DO SUL;Chuva;Saída de leito carroçável;Com Vítimas Feridas;Plena Noite;Decrescente;Chuva;Dupla;Curva;-25,84666142;-49,01249584
15/07/2026;00:23:00;LAVRAS;Velocidade Incompatível;Tombamento;Com Vítimas Feridas;Plena Noite;Crescente;Céu Claro;Dupla;Curva;-21,171604;-45,126601
15/07/2026;07:30:00;MARINGA;Velocidade Incompatível;Colisão traseira;Com Vítimas Feridas;Pleno dia;Crescente;Sol;Dupla;"Reta;Aclive";-23,378677;-51,946121
15/07/2026;08:25:00;RIACHAO;Ultrapassagem Indevida;Colisão lateral sentido oposto;Com Vítimas Feridas;Pleno dia;Decrescente;Nublado;Simples;Declive;-7,43128;-46,818237
15/07/2026;08:00:00;RIANAPOLIS;Acesso irregular;Colisão transversal;Com Vítimas Feridas;Pleno dia;Crescente;Sol;Dupla;"Desvio Temporário;Em Obras";-15,443579;-49,507376
15/07/2026;10:20:00;CAMPINA GRANDE DO SUL;Velocidade Incompatível;Colisão traseira;Sem Vítimas;Pleno dia;Crescente;Céu Claro;Dupla;Reta;-25,30446532;-48,96967856
15/07/2026;11:20:00;POJUCA;Ultrapassagem Indevida;Colisão lateral mesmo sentido;Com Vítimas Feridas;Pleno dia;Decrescente;Nublado;Simples;Interseção de Vias;-12,397864;-38,372906
15/07/2026;15:35:00;CANGUCU;Declive acentuado;Tombamento;Com Vítimas Feridas;Pleno dia;Crescente;Céu Claro;Simples;"Declive;Retorno Regulamentado";-31,170429;-52,851934
15/07/2026;18:00:00;SOORETAMA;Retorno proibido;Colisão transversal;Com Vítimas Fatais;Plena Noite;Decrescente;Céu Claro;Simples;Curva;-19,182483;-40,094036
15/07/2026;17:40:00;NOVO LINO;Acumulo de água sobre o pavimento;Tombamento;Com Vítimas Fatais;Plena Noite;Decrescente;Chuva;Simples;Reta;-8,933057;-35,642237
15/07/2026;21:33:00;PADRE PARAISO;Curva acentuada;Saída de leito carroçável;Com Vítimas Fatais;Plena Noite;Decrescente;Céu Claro;Simples;"Curva;Aclive";-16,94818;-41,45599
15/07/2026;06:10:00;PALMEIRAS;Chuva;Saída de leito carroçável;Com Vítimas Feridas;Pleno dia;Crescente;Chuva;Simples;"Curva;Declive";-12,45529;-41,48215
15/07/2026;12:15:00;SANTIAGO;Velocidade Incompatível;Engavetamento;Sem Vítimas;Pleno dia;Crescente;Céu Claro;Simples;"Reta;Aclive";-29,24330398;-54,83136463
15/07/2026;16:00:00;IRITUIA;Acesso irregular;Colisão traseira;Sem Vítimas;Plena Noite;Crescente;Céu Claro;Simples;Reta;-1,667081;-47,497078
15/07/2026;01:30:00;CARIACICA;Velocidade Incompatível;Saída de leito carroçável;Com Vítimas Feridas;Plena Noite;Crescente;Céu Claro;Simples;"Curva;Aclive";-20,32265987;-40,3953859
15/07/2026;07:55:00;FEIRA DE SANTANA;Ultrapassagem Indevida;Colisão transversal;Com Vítimas Feridas;Pleno dia;Crescente;Nublado;Simples;Reta;-12,26529;-38,93303
15/07/2026;08:45:00;ITABERAI;Velocidade Incompatível;Colisão transversal;Com Vítimas Feridas;Pleno dia;Decrescente;Céu Claro;Simples;"Reta;Interseção de Vias";-16,029686;-49,780358
15/07/2026;12:00:00;COLATINA;Conversão proibida;Colisão transversal;Com Vítimas Feridas;Pleno dia;Crescente;Céu Claro;Simples;Reta;-19,52022096;-40,7166034
15/07/2026;12:30:00;IMBITUBA;Velocidade Incompatível;Saída de leito carroçável;Com Vítimas Feridas;Pleno dia;Decrescente;Céu Claro;Múltipla;Rotatória;-28,31640918;-48,72545807
15/07/2026;11:30:00;LUZ;Velocidade Incompatível;Colisão traseira;Com Vítimas Feridas;Pleno dia;Crescente;Sol;Simples;Aclive;-19,77704;-45,7468
15/07/2026;11:00:00;BELO ORIENTE;Ultrapassagem Indevida;Colisão lateral mesmo sentido;Com Vítimas Feridas;Pleno dia;Decrescente;Sol;Simples;Reta;-19,28619853;-42,35650096
15/07/2026;11:50:00;MIRADOURO;Acesso irregular;Colisão lateral mesmo sentido;Sem Vítimas;Pleno dia;Crescente;Céu Claro;Simples;Reta;-20,90934726;-42,35095231
15/07/2026;14:20:00;RIO BRANCO;Ultrapassagem Indevida;Colisão lateral sentido oposto;Com Vítimas Feridas;Pleno dia;Crescente;Sol;Simples;Rotatória;-10,011905;-67,798652
15/07/2026;14:30:00;BENTO GONCALVES;Ultrapassagem Indevida;Colisão transversal;Com Vítimas Feridas;Pleno dia;Decrescente;Céu Claro;Simples;Reta;-29,14950447;-51,53020112
15/07/2026;16:25:00;SINOP;Retorno proibido;Colisão transversal;Com Vítimas Feridas;Pleno dia;Decrescente;Céu Claro;Dupla;"Em Obras;Reta";-11,98838868;-55,51723874
15/07/2026;15:50:00;FOZ DO IGUACU;Demais Fenômenos da natureza;Colisão com objeto;Sem Vítimas;Pleno dia;Não Informado;Céu Claro;Simples;Reta;-25,628503;-54,463915
15/07/2026;19:05:00;SIMAO PEREIRA;Velocidade Incompatível;Colisão traseira;Com Vítimas Fatais;Plena Noite;Crescente;Céu Claro;Dupla;"Curva;Aclive";-21,9650794;-43,2957619
15/07/2026;18:50:00;BARRA DO PIRAI;Iluminação deficiente;Atropelamento de Pedestre;Com Vítimas Feridas;Plena Noite;Decrescente;Nublado;Simples;Reta;-22,457077;-43,841856
15/07/2026;19:40:00;SAO JOAO DA BARRA;Ultrapassagem Indevida;Colisão lateral mesmo sentido;Com Vítimas Feridas;Plena Noite;Crescente;Céu Claro;Simples;Reta;-21,628741;-41,028706
15/07/2026;20:25:00;CRISTALINA;Ultrapassagem Indevida;Colisão frontal;Com Vítimas Feridas;Plena Noite;Crescente;Céu Claro;Simples;Reta;-16,88865979;-47,36446381
15/07/2026;19:30:00;RESENDE;Velocidade Incompatível;Colisão lateral mesmo sentido;Com Vítimas Feridas;Plena Noite;Crescente;Céu Claro;Simples;Reta;-22,45921051;-44,43479888
15/07/2026;19:20:00;SANTO ANTONIO DO SUDOESTE;Animais na Pista;Atropelamento de Animal;Com Vítimas Feridas;Plena Noite;Decrescente;Céu Claro;Simples;"Curva;Aclive";-26,04544;-53,727208
15/07/2026;21:10:00;ESTANCIA;Velocidade Incompatível;Colisão traseira;Com Vítimas Feridas;Plena Noite;Crescente;Céu Claro;Dupla;Curva;-11,278755;-37,449188
15/07/2026;21:20:00;MURICI;Animais na Pista;Atropelamento de Animal;Com Vítimas Fatais;Plena Noite;Decrescente;Chuva;Simples;Reta;-9,295522;-35,958493
15/07/2026;20:05:00;SEROPEDICA;Ultrapassagem Indevida;Colisão traseira;Com Vítimas Fatais;Plena Noite;Crescente;Nublado;Simples;Reta;-22,73049353;-43,71569216
15/07/2026;18:36:00;PALMEIRA DOS INDIOS;Pista esburacada;Colisão com objeto;Sem Vítimas;Plena Noite;Crescente;Chuva;Simples;"Declive;Reta";-9,4014603;-36,70458734
14/07/2026;09:30:00;LAGOA VERMELHA;Ultrapassagem Indevida;Colisão frontal;Com Vítimas Feridas;Pleno dia;Decrescente;Sol;Simples;"Declive;Reta";-28,148643;-51,513769
14/07/2026;11:00:00;UBERLANDIA;Acesso irregular;Colisão com objeto;Sem Vítimas;Pleno dia;Decrescente;Céu Claro;Simples;"Viaduto;Reta";-18,91213;-48,219957
14/07/2026;13:30:00;DEMERVAL LOBAO;Acesso irregular;Colisão transversal;Com Vítimas Feridas;Pleno dia;Crescente;Sol;Múltipla;Reta;-5,3347488;-42,6973262
14/07/2026;14:10:00;JOINVILLE;Velocidade Incompatível;Engavetamento;Com Vítimas Feridas;Pleno dia;Crescente;Céu Claro;Dupla;Reta;-26,25264937;-48,90730731
14/07/2026;16:00:00;GUARACIABA;Ultrapassagem Indevida;Colisão lateral mesmo sentido;Com Vítimas Feridas;Pleno dia;Decrescente;Sol;Simples;"Reta;Aclive";-26,63179314;-53,51814715
14/07/2026;20:30:00;NOVA ANDRADINA;Velocidade Incompatível;Derramamento de carga;Sem Vítimas;Plena Noite;Crescente;Céu Claro;Simples;"Curva;Rotatória";-21,75601215;-53,26174021
14/07/2026;18:40:00;PLACAS;Afundamento ou ondulação no pavimento;Tombamento;Sem Vítimas;Anoitecer;Crescente;Céu Claro;Simples;Curva;-3,589573;-54,834828
14/07/2026;18:20:00;SEABRA;Ultrapassagem Indevida;Colisão lateral mesmo sentido;Com Vítimas Feridas;Plena Noite;Crescente;Nublado;Simples;Curva;-12,45568604;-41,75010681
14/07/2026;08:40:00;VALPARAISO DE GOIAS;Ausência de sinalização;Colisão transversal;Com Vítimas Feridas;Pleno dia;Crescente;Céu Claro;Dupla;Reta;-16,09144;-47,982817
14/07/2026;06:00:00;DIAMANTINO;Animais na Pista;Atropelamento de Animal;Com Vítimas Feridas;Pleno dia;Crescente;Céu Claro;Simples;Reta;-14,45633224;-56,27557755
14/07/2026;18:00:00;TANGUA;Velocidade Incompatível;Saída de leito carroçável;Com Vítimas Feridas;Plena Noite;Crescente;Nublado;Dupla;Curva;-22,739532;-42,757459
14/07/2026;18:10:00;ARACRUZ;Animais na Pista;Atropelamento de Animal;Com Vítimas Feridas;Plena Noite;Crescente;Céu Claro;Simples;Reta;-19,56617934;-40,17979145
14/07/2026;21:35:00;JOAO PESSOA;Pista esburacada;Tombamento;Com Vítimas Feridas;Plena Noite;Crescente;Céu Claro;Dupla;"Viaduto;Reta";-7,16847977;-34,86467647
14/07/2026;19:50:00;RECIFE;Acesso irregular;Colisão transversal;Com Vítimas Feridas;Plena Noite;Decrescente;Céu Claro;Simples;Reta;-7,999852;-34,938655
14/07/2026;18:00:00;LINHARES;Velocidade Incompatível;Tombamento;Com Vítimas Feridas;Anoitecer;Decrescente;Céu Claro;Múltipla;"Reta;Declive";-19,37497736;-40,06589262
14/07/2026;19:30:00;CAMPINORTE;Acostamento em desnível;Saída de leito carroçável;Sem Vítimas;Plena Noite;Decrescente;Céu Claro;Dupla;"Declive;Em Obras;Reta";-14,341748;-49,15618
14/07/2026;18:13:00;SANTA CECILIA;Velocidade Incompatível;Saída de leito carroçável;Com Vítimas Feridas;Anoitecer;Crescente;Céu Claro;Simples;Curva;-26,9960167;-50,4024833
14/07/2026;18:43:00;TEOFILO OTONI;Afundamento ou ondulação no pavimento;Saída de leito carroçável;Com Vítimas Feridas;Plena Noite;Crescente;Nublado;Simples;Curva;-17,845657;-41,515452
14/07/2026;15:10:00;TAIOBEIRAS;Velocidade Incompatível;Saída de leito carroçável;Com Vítimas Feridas;Pleno dia;Decrescente;Nublado;Simples;Curva;-16,006732;-41,927278
14/07/2026;19:40:00;CAICARA DO RIO DO VENTO;Animais na Pista;Atropelamento de Animal;Com Vítimas Feridas;Plena Noite;Decrescente;Céu Claro;Simples;Reta;-5,757003;-35,993095
14/07/2026;18:52:00;ANAPOLIS;Iluminação deficiente;Atropelamento de Pedestre;Com Vítimas Feridas;Plena Noite;Decrescente;Ignorado;Dupla;Reta;-16,34648;-48,90629
14/07/2026;23:30:00;MORMACO;Velocidade Incompatível;Saída de leito carroçável;Sem Vítimas;Plena Noite;Decrescente;Céu Claro;Simples;Reta;-28,66436;-52,61226
14/07/2026;08:35:00;HUMAITA;Ultrapassagem Indevida;Colisão lateral mesmo sentido;Com Vítimas Feridas;Pleno dia;Crescente;Céu Claro;Simples;Reta;-7,51849585;-63,03214638
14/07/2026;21:20:00;APODI;Animais na Pista;Saída de leito carroçável;Com Vítimas Feridas;Plena Noite;Decrescente;Céu Claro;Simples;Reta;-5,479181;-37,688987
13/07/2026;02:30:00;MIMOSO DO SUL;Demais falhas na via;Colisão com objeto;Com Vítimas Feridas;Plena Noite;Crescente;Nublado;Simples;Curva;-21,058;-41,1993
13/07/2026;13:15:00;IBIRAMA;Velocidade Incompatível;Tombamento;Com Vítimas Feridas;Pleno dia;Decrescente;Céu Claro;Simples;"Curva;Aclive";-27,0994;-49,46162
13/07/2026;12:30:00;NOVA LIMA;Velocidade Incompatível;Tombamento;Com Vítimas Feridas;Pleno dia;Crescente;Céu Claro;Simples;"Curva;Declive;Retorno Regulamentado";-20,1566008;-43,9643792
13/07/2026;15:30:00;CAMPOS DE JULIO;Ultrapassagem Indevida;Tombamento;Sem Vítimas;Pleno dia;Crescente;Céu Claro;Simples;Reta;-13,792455;-59,4330383
13/07/2026;17:56:00;SINOP;Demais falhas na via;Saída de leito carroçável;Com Vítimas Feridas;Anoitecer;Decrescente;Céu Claro;Dupla;"Reta;Declive";-12,021415;-55,517322
13/07/2026;20:40:00;SANTO ANTONIO DA PLATINA;Conversão proibida;Colisão lateral sentido oposto;Com Vítimas Feridas;Plena Noite;Decrescente;Céu Claro;Simples;"Reta;Em Obras";-23,3017583;-50,0702217
13/07/2026;00:10:00;TERESOPOLIS;Velocidade Incompatível;Colisão frontal;Sem Vítimas;Plena Noite;Crescente;Céu Claro;Simples;Curva;-22,46056;-42,960706
13/07/2026;00:44:00;NOVA ALVORADA DO SUL;Animais na Pista;Atropelamento de Animal;Sem Vítimas;Plena Noite;Crescente;Céu Claro;Simples;Reta;-21,3014989;-54,43401273
13/07/2026;02:40:00;PETROPOLIS;Velocidade Incompatível;Saída de leito carroçável;Com Vítimas Feridas;Plena Noite;Decrescente;Céu Claro;Dupla;Curva;-22,30017923;-43,13038448
13/07/2026;04:00:00;PARAIBA DO SUL;Velocidade Incompatível;Saída de leito carroçável;Com Vítimas Feridas;Plena Noite;Decrescente;Céu Claro;Simples;"Declive;Reta";-22,139593;-43,27055
13/07/2026;06:10:00;BANDEIRA DO SUL;Neblina;Saída de leito carroçável;Com Vítimas Feridas;Amanhecer;Crescente;Nevoeiro/Neblina;Simples;"Ponte;Reta";-21,74861276;-46,40552966
13/07/2026;06:50:00;IGARATINGA;Velocidade Incompatível;Saída de leito carroçável;Com Vítimas Feridas;Pleno dia;Crescente;Céu Claro;Dupla;Reta;-19,90917891;-44,68231766
13/07/2026;10:00:00;GOVERNADOR VALADARES;Ultrapassagem Indevida;Colisão transversal;Com Vítimas Feridas;Pleno dia;Decrescente;Sol;Simples;"Retorno Regulamentado;Reta";-18,88603599;-41,94625676
13/07/2026;13:00:00;PETROPOLIS;Pista Escorregadia;Colisão com objeto;Com Vítimas Feridas;Pleno dia;Crescente;Garoa/Chuvisco;Dupla;"Curva;Declive";-22,5284432;-43,2228163
13/07/2026;10:30:00;BARRA DO TURVO;Chuva;Colisão com objeto;Com Vítimas Feridas;Pleno dia;Crescente;Garoa/Chuvisco;Simples;"Curva;Aclive";-24,97258762;-48,402819
13/07/2026;12:45:00;ABREU E LIMA;Acesso irregular;Colisão transversal;Com Vítimas Feridas;Pleno dia;Crescente;Céu Claro;Dupla;Reta;-7,9075117;-34,902252
13/07/2026;15:30:00;SAO CRISTOVAO DO SUL;Velocidade Incompatível;Queda de ocupante de veículo;Com Vítimas Feridas;Pleno dia;Decrescente;Céu Claro;Simples;Rotatória;-27,30123498;-50,42562453
13/07/2026;15:00:00;SAO MIGUEL DO OESTE;Demais falhas na via;Tombamento;Com Vítimas Feridas;Pleno dia;Crescente;Céu Claro;Simples;"Reta;Declive";-26,7046778;-53,51344407
13/07/2026;15:40:00;LAGES;Conversão proibida;Colisão transversal;Com Vítimas Feridas;Pleno dia;Decrescente;Céu Claro;Simples;"Curva;Declive";-27,78289788;-50,34725189
13/07/2026;14:00:00;GUARAPUAVA;Acostamento em desnível;Saída de leito carroçável;Com Vítimas Feridas;Pleno dia;Decrescente;Céu Claro;Dupla;Reta;-25,346137;-51,446542
13/07/2026;17:10:00;DOURADINA;Pista Escorregadia;Tombamento;Com Vítimas Feridas;Anoitecer;Decrescente;Céu Claro;Simples;Rotatória;-22,06294594;-54,55888717
13/07/2026;19:20:00;PARATY;Retorno proibido;Colisão transversal;Com Vítimas Feridas;Plena Noite;Decrescente;Nublado;Simples;Reta;-23,23514962;-44,70932214
13/07/2026;20:00:00;MESQUITA;Animais na Pista;Atropelamento de Animal;Com Vítimas Feridas;Plena Noite;Decrescente;Céu Claro;Dupla;Reta;-22,77335044;-43,40371482
13/07/2026;18:30:00;CARANDAI;Iluminação deficiente;Atropelamento de Pedestre;Com Vítimas Feridas;Plena Noite;Crescente;Céu Claro;Simples;Curva;-21,00439;-43,78036
13/07/2026;23:30:00;CACERES;Ausência de sinalização;Saída de leito carroçável;Com Vítimas Feridas;Plena Noite;Decrescente;Nublado;Simples;"Curva;Rotatória";-16,011515;-57,739683
13/07/2026;22:50:00;LAGES;Velocidade Incompatível;Colisão com objeto;Com Vítimas Feridas;Plena Noite;Crescente;Céu Claro;Simples;"Curva;Aclive";-27,78583066;-50,35274506
12/07/2026;04:35:00;APARECIDA;Chuva;Colisão lateral mesmo sentido;Com Vítimas Feridas;Plena Noite;Crescente;Garoa/Chuvisco;Dupla;Curva;-22,848736;-45,226615
12/07/2026;07:00:00;BARREIRAS;Pista Escorregadia;Saída de leito carroçável;Com Vítimas Fatais;Pleno dia;Decrescente;Garoa/Chuvisco;Simples;Curva;-12,119501;-45,051766
12/07/2026;08:15:00;MONTES CLAROS;Pista Escorregadia;Colisão traseira;Com Vítimas Feridas;Pleno dia;Crescente;Garoa/Chuvisco;Simples;"Curva;Declive";-16,655733;-43,720983
12/07/2026;13:10:00;CAMBUI;Velocidade Incompatível;Colisão lateral mesmo sentido;Com Vítimas Feridas;Pleno dia;Decrescente;Nublado;Dupla;Curva;-22,64616585;-46,08757138
12/07/2026;09:20:00;IMPERATRIZ;Acumulo de areia ou detritos sobre o pavimento;Tombamento;Com Vítimas Feridas;Pleno dia;Crescente;Céu Claro;Simples;Reta;-5,48571;-47,46942
12/07/2026;13:40:00;MUQUEM DE SAO FRANCISCO;Velocidade Incompatível;Atropelamento de Pedestre;Com Vítimas Feridas;Pleno dia;Decrescente;Sol;Simples;Reta;-12,19949485;-43,67525083
12/07/2026;16:30:00;CACOAL;Ultrapassagem Indevida;Queda de ocupante de veículo;Com Vítimas Feridas;Anoitecer;Decrescente;Nublado;Simples;Reta;-11,439;-61,5334
12/07/2026;07:45:00;FRANCISCO SA;Pista Escorregadia;Saída de leito carroçável;Com Vítimas Feridas;Pleno dia;Crescente;Garoa/Chuvisco;Simples;"Curva;Declive";-16,616706;-43,670139
12/07/2026;01:45:00;GUARACIABA;Velocidade Incompatível;Colisão com objeto;Com Vítimas Feridas;Plena Noite;Crescente;Céu Claro;Simples;"Reta;Aclive";-26,63383686;-53,51886705
12/07/2026;02:40:00;UBERABA;Acesso irregular;Colisão frontal;Com Vítimas Feridas;Plena Noite;Decrescente;Céu Claro;Dupla;Reta;-19,76938924;-47,98106074
12/07/2026;02:30:00;TERESINA;Acesso irregular;Colisão com objeto;Com Vítimas Feridas;Plena Noite;Crescente;Céu Claro;Dupla;Rotatória;-5,07839073;-42,74998546
12/07/2026;04:45:00;SAO JOSE;Velocidade Incompatível;Queda de ocupante de veículo;Com Vítimas Feridas;Plena Noite;Crescente;Nublado;Dupla;"Curva;Declive";-27,58623589;-48,61548901
12/07/2026;05:00:00;APARECIDA;Pista Escorregadia;Colisão traseira;Com Vítimas Feridas;Amanhecer;Decrescente;Chuva;Dupla;Aclive;-22,8537542;-45,23985386
12/07/2026;05:30:00;ESMERALDAS;Animais na Pista;Atropelamento de Animal;Sem Vítimas;Pleno dia;Crescente;Céu Claro;Dupla;"Reta;Declive";-19,70197;-44,172565
12/07/2026;04:16:00;TIJUCAS;Chuva;Tombamento;Com Vítimas Feridas;Plena Noite;Decrescente;Chuva;Dupla;Reta;-27,30014682;-48,63150509
12/07/2026;05:10:00;PATROCINIO DO MURIAE;Animais na Pista;Atropelamento de Animal;Com Vítimas Feridas;Amanhecer;Crescente;Nublado;Simples;Curva;-21,13005564;-42,19812725
12/07/2026;08:05:00;GOIANA;Demais falhas na via;Queda de ocupante de veículo;Com Vítimas Feridas;Pleno dia;Decrescente;Céu Claro;Dupla;Reta;-7,58062954;-34,98803201
12/07/2026;08:20:00;FOZ DO IGUACU;Modificação proibida;Colisão lateral mesmo sentido;Com Vítimas Feridas;Pleno dia;Crescente;Nublado;Simples;"Declive;Reta;Em Obras";-25,608783;-54,4906851
12/07/2026;08:00:00;EXTREMA;Acumulo de água sobre o pavimento;Colisão com objeto;Com Vítimas Feridas;Pleno dia;Crescente;Chuva;Dupla;Curva;-22,80864126;-46,2794888
12/07/2026;11:20:00;ITAPEVA;Acumulo de água sobre o pavimento;Capotamento;Com Vítimas Feridas;Pleno dia;Decrescente;Chuva;Dupla;Curva;-22,77589195;-46,238451
12/07/2026;11:40:00;CABEDELO;Acesso irregular;Colisão traseira;Com Vítimas Feridas;Pleno dia;Decrescente;Sol;Dupla;"Reta;Em Obras";-7,0638;-34,85015919
12/07/2026;11:00:00;NOVA IGUACU;Velocidade Incompatível;Saída de leito carroçável;Com Vítimas Feridas;Pleno dia;Crescente;Nublado;Dupla;Reta;-22,738359;-43,533297
12/07/2026;06:45:00;JACAREZINHO;Neblina;Saída de leito carroçável;Com Vítimas Feridas;Amanhecer;Decrescente;Nevoeiro/Neblina;Simples;Reta;-23,15287798;-49,95578952
12/07/2026;09:40:00;DOMINGOS MARTINS;Ultrapassagem Indevida;Colisão transversal;Com Vítimas Feridas;Pleno dia;Decrescente;Céu Claro;Simples;"Reta;Aclive";-20,388869;-41,015346
12/07/2026;12:30:00;ITAPEVA;Velocidade Incompatível;Capotamento;Com Vítimas Feridas;Pleno dia;Decrescente;Chuva;Dupla;"Curva;Declive";-22,76901392;-46,20576946
12/07/2026;07:50:00;ITATIAIA;Pista Escorregadia;Queda de ocupante de veículo;Com Vítimas Feridas;Pleno dia;Decrescente;Chuva;Múltipla;Reta;-22,49536706;-44,57048823
12/07/2026;12:50:00;JUPI;Velocidade Incompatível;Capotamento;Sem Vítimas;Pleno dia;Crescente;Céu Claro;Simples;Reta;-8,671208;-36,387325
12/07/2026;16:00:00;APARECIDA;Conversão proibida;Colisão traseira;Com Vítimas Feridas;Pleno dia;Crescente;Nublado;Simples;Declive;-22,8456733;-45,226745
12/07/2026;13:00:00;BARRA DO GARCAS;Falta de acostamento;Saída de leito carroçável;Com Vítimas Feridas;Pleno dia;Crescente;Céu Claro;Simples;Reta;-15,76813557;-52,57919312
12/07/2026;16:15:00;SANTO ANTONIO DA PLATINA;Ultrapassagem Indevida;Colisão transversal;Com Vítimas Feridas;Pleno dia;Decrescente;Céu Claro;Simples;Interseção de Vias;-23,35838496;-50,06362287
12/07/2026;16:45:00;SAO JOSE;Animais na Pista;Atropelamento de Animal;Com Vítimas Feridas;Pleno dia;Crescente;Céu Claro;Dupla;Curva;-27,53388;-48,63032
12/07/2026;17:51:00;JABOATAO DOS GUARARAPES;Demais falhas na via;Queda de ocupante de veículo;Com Vítimas Feridas;Plena Noite;Decrescente;Céu Claro;Dupla;Reta;-8,18907;-34,97356
12/07/2026;18:15:00;LAGOA VERMELHA;Ultrapassagem Indevida;Colisão frontal;Com Vítimas Fatais;Anoitecer;Crescente;Nublado;Simples;Reta;-28,22085;-51,592953
12/07/2026;20:15:00;MACAIBA;Ultrapassagem Indevida;Colisão frontal;Com Vítimas Feridas;Plena Noite;Crescente;Céu Claro;Simples;Reta;-5,853812;-35,327815
12/07/2026;17:15:00;SORRISO;Acumulo de água sobre o pavimento;Capotamento;Com Vítimas Feridas;Anoitecer;Crescente;Chuva;Simples;Reta;-13,01647154;-55,89287351
12/07/2026;20:15:00;JUIZ DE FORA;Ultrapassagem Indevida;Colisão lateral sentido oposto;Com Vítimas Feridas;Plena Noite;Crescente;Céu Claro;Simples;Reta;-21,76851722;-43,24160814
12/07/2026;21:10:00;CANOAS;Acesso irregular;Colisão transversal;Com Vítimas Feridas;Plena Noite;Decrescente;Céu Claro;Múltipla;Reta;-29,95898753;-51,17602175
12/07/2026;15:10:00;CAMPO VERDE;Ultrapassagem Indevida;Colisão lateral mesmo sentido;Com Vítimas Feridas;Pleno dia;Crescente;Ignorado;Simples;Reta;-15,47269959;-54,93174791
12/07/2026;20:45:00;ANGRA DOS REIS;Conversão proibida;Colisão transversal;Com Vítimas Feridas;Plena Noite;Decrescente;Chuva;Simples;Reta;-22,996092;-44,22952
12/07/2026;21:00:00;ITAUBA;Ultrapassagem Indevida;Saída de leito carroçável;Com Vítimas Feridas;Plena Noite;Crescente;Nublado;Simples;Curva;-11,15132862;-55,31503296
12/07/2026;17:30:00;SAO LUIS;Velocidade Incompatível;Capotamento;Sem Vítimas;Plena Noite;Decrescente;Céu Claro;Dupla;"Curva;Viaduto";-2,56835;-44,35817
12/07/2026;21:48:00;MAMBORE;Ultrapassagem Indevida;Colisão frontal;Com Vítimas Fatais;Plena Noite;Decrescente;Céu Claro;Simples;"Reta;Aclive";-24,33903625;-52,70669159
12/07/2026;19:50:00;BOA VISTA DO GURUPI;Ultrapassagem Indevida;Colisão lateral sentido oposto;Com Vítimas Fatais;Plena Noite;Crescente;Céu Claro;Simples;Reta;-1,78980818;-46,29902346
12/07/2026;18:30:00;IMBITUVA;Velocidade Incompatível;Saída de leito carroçável;Com Vítimas Feridas;Plena Noite;Crescente;Céu Claro;Simples;"Curva;Aclive";-25,208491;-50,597993
12/07/2026;22:30:00;ELDORADO DO SUL;Acumulo de água sobre o pavimento;Queda de ocupante de veículo;Com Vítimas Feridas;Plena Noite;Crescente;Céu Claro;Simples;Curva;-30,084788;-51,615639
12/07/2026;18:09:00;ITAMONTE;Ultrapassagem Indevida;Colisão frontal;Com Vítimas Feridas;Plena Noite;Crescente;Céu Claro;Simples;"Aclive;Reta";-22,266048;-44,884772
12/07/2026;01:00:00;ARIQUEMES;Animais na Pista;Atropelamento de Animal;Com Vítimas Feridas;Plena Noite;Crescente;Céu Claro;Simples;"Reta;Aclive";-9,930113;-63,078208
11/07/2026;14:50:00;VARGEAO;Neblina;Colisão lateral sentido oposto;Com Vítimas Feridas;Pleno dia;Decrescente;Nevoeiro/Neblina;Simples;"Reta;Interseção de Vias";-26,87534909;-52,15709925
11/07/2026;15:30:00;PAULO FRONTIN;Ultrapassagem Indevida;Colisão frontal;Com Vítimas Feridas;Pleno dia;Crescente;Chuva;Simples;Curva;-26,03426554;-50,69606781
11/07/2026;19:00:00;GOVERNADOR NEWTON BELLO;Ultrapassagem Indevida;Colisão lateral sentido oposto;Com Vítimas Fatais;Plena Noite;Crescente;Céu Claro;Simples;Reta;-3,40863355;-45,66802561
11/07/2026;19:05:00;LAJEDINHO;Pista esburacada;Queda de ocupante de veículo;Com Vítimas Fatais;Plena Noite;Decrescente;Céu Claro;Simples;Reta;-12,46182;-40,99993