data_inversa;horario;municipio;causa_acidente;tipo_acidente;classificacao_acidente;fase_dia;sentido_via;condicao_metereologica;tipo_pista;tracado_via;latitude;longitude
07/07/2026;08:00:00;ANAPOLIS;Acesso irregular;Colisão transversal;Com Vítimas Feridas;Pleno dia;Crescente;Céu Claro;Dupla;"Declive;Reta";-16,284386;-48,943192
07/07/2026;06:30:00;RIO PARDO;Velocidade Incompatível;Colisão traseira;Com Vítimas Fatais;Plena Noite;Crescente;Céu Claro;Simples;Reta;-30,21754605;-52,58288233
07/07/2026;06:00:00;CEREJEIRAS;Afundamento ou ondulação no pavimento;Queda de ocupante de veículo;Com Vítimas Feridas;Amanhecer;Decrescente;Nevoeiro/Neblina;Simples;Reta;-13,18676495;-60,77104211
07/07/2026;09:10:00;CAMPINA GRANDE DO SUL;Pista Escorregadia;Saída de leito carroçável;Com Vítimas Feridas;Pleno dia;Decrescente;Garoa/Chuvisco;Dupla;Curva;-25,0997033;-48,68873343
07/07/2026;15:10:00;UBERLANDIA;Ultrapassagem Indevida;Colisão lateral mesmo sentido;Com Vítimas Feridas;Pleno dia;Decrescente;Sol;Múltipla;"Reta;Declive";-18,885;-48,26655
07/07/2026;13:30:00;SERRA NEGRA DO NORTE;Pista esburacada;Colisão traseira;Com Vítimas Feridas;Pleno dia;Decrescente;Céu Claro;Simples;Reta;-6,64346494;-37,46200562
07/07/2026;16:50:00;TERESOPOLIS;Velocidade Incompatível;Tombamento;Com Vítimas Feridas;Pleno dia;Decrescente;Nublado;Simples;Reta;-22,40021;-42,954189
07/07/2026;17:50:00;PALHOCA;Acesso irregular;Colisão transversal;Com Vítimas Feridas;Plena Noite;Crescente;Céu Claro;Simples;Interseção de Vias;-27,67909355;-48,69808897
07/07/2026;15:30:00;PARATY;Ultrapassagem Indevida;Colisão frontal;Com Vítimas Feridas;Pleno dia;Decrescente;Nublado;Simples;Reta;-23,196798;-44,727977
07/07/2026;18:10:00;CARUARU;Iluminação deficiente;Colisão traseira;Com Vítimas Feridas;Plena Noite;Crescente;Céu Claro;Dupla;Reta;-8,296218;-35,870531
07/07/2026;18:05:00;GOIANIA;Velocidade Incompatível;Colisão lateral mesmo sentido;Com Vítimas Feridas;Anoitecer;Decrescente;Céu Claro;Dupla;Reta;-16,730947;-49,391289
07/07/2026;22:20:00;UBERLANDIA;Ausência de sinalização;Colisão com objeto;Com Vítimas Feridas;Plena Noite;Decrescente;Céu Claro;Dupla;Curva;-18,906344;-48,330073
07/07/2026;16:47:00;QUATRO BARRAS;Velocidade Incompatível;Colisão traseira;Com Vítimas Feridas;Pleno dia;Decrescente;Céu Claro;Dupla;Reta;-25,3559;-49,066975
07/07/2026;08:00:00;FOZ DO IGUACU;Velocidade Incompatível;Colisão traseira;Com Vítimas Feridas;Amanhecer;Crescente;Nevoeiro/Neblina;Dupla;Curva;-25,5958933;-54,5111883
06/07/2026;05:05:00;FLEXEIRAS;Velocidade Incompatível;Saída de leito carroçável;Com Vítimas Feridas;Amanhecer;Decrescente;Céu Claro;Dupla;Curva;-9,170928;-35,774615
06/07/2026;10:00:00;BAIXO GUANDU;Ultrapassagem Indevida;Colisão traseira;Com Vítimas Feridas;Pleno dia;Crescente;Céu Claro;Simples;Reta;-19,5139554;-40,98245557
06/07/2026;11:15:00;CAPITAO LEONIDAS MARQUES;Chuva;Colisão lateral sentido oposto;Com Vítimas Feridas;Pleno dia;Crescente;Chuva;Simples;Curva;-25,48197903;-53,59103903
06/07/2026;13:50:00;SAPUCAIA;Ultrapassagem Indevida;Colisão lateral sentido oposto;Com Vítimas Feridas;Pleno dia;Crescente;Céu Claro;Simples;"Curva;Aclive";-21,914239;-42,749885
06/07/2026;17:20:00;VOLTA REDONDA;Ultrapassagem Indevida;Colisão lateral mesmo sentido;Com Vítimas Feridas;Anoitecer;Decrescente;Céu Claro;Dupla;Reta;-22,59213864;-44,07723781
06/07/2026;03:30:00;GOIATUBA;Velocidade Incompatível;Saída de leito carroçável;Com Vítimas Feridas;Plena Noite;Crescente;Céu Claro;Dupla;Curva;-18,0105;-49,2619
06/07/2026;00:10:00;ANAPOLIS;Velocidade Incompatível;Tombamento;Com Vítimas Feridas;Plena Noite;Crescente;Céu Claro;Dupla;"Reta;Aclive";-16,311176;-48,922679
06/07/2026;00:30:00;SAO JOSE DOS PINHAIS;Velocidade Incompatível;Colisão com objeto;Com Vítimas Feridas;Plena Noite;Decrescente;Nevoeiro/Neblina;Dupla;Reta;-25,502479;-49,148428
06/07/2026;00:05:00;CASCAVEL;Animais na Pista;Saída de leito carroçável;Com Vítimas Feridas;Plena Noite;Crescente;Céu Claro;Simples;Reta;-24,90051656;-53,52571514
06/07/2026;04:30:00;SAO JOSE DOS PINHAIS;Velocidade Incompatível;Colisão traseira;Com Vítimas Feridas;Plena Noite;Decrescente;Céu Claro;Dupla;Reta;-25,5706;-49,2134
06/07/2026;05:40:00;NOVA LIMA;Retorno proibido;Colisão lateral mesmo sentido;Com Vítimas Feridas;Amanhecer;Decrescente;Céu Claro;Simples;Reta;-20,1732668;-43,9658325
06/07/2026;06:50:00;LONDRINA;Acesso irregular;Colisão traseira;Com Vítimas Feridas;Amanhecer;Crescente;Céu Claro;Dupla;Reta;-23,2929;-51,09776
06/07/2026;04:15:00;ANGRA DOS REIS;Iluminação deficiente;Eventos atípicos;Com Vítimas Feridas;Plena Noite;Decrescente;Nublado;Simples;Reta;-22,93480472;-44,40561024
06/07/2026;08:30:00;PORTO XAVIER;Animais na Pista;Atropelamento de Animal;Com Vítimas Feridas;Pleno dia;Crescente;Nublado;Simples;Reta;-27,92051559;-55,13624875
06/07/2026;05:40:00;PIRAPORA;Animais na Pista;Atropelamento de Animal;Com Vítimas Feridas;Amanhecer;Crescente;Céu Claro;Simples;Reta;-17,32876635;-44,89716864
06/07/2026;07:05:00;JARU;Conversão proibida;Colisão lateral mesmo sentido;Com Vítimas Feridas;Pleno dia;Decrescente;Sol;Simples;"Reta;Interseção de Vias";-10,42807;-62,48644
06/07/2026;07:20:00;RIO NEGRINHO;Acesso irregular;Colisão transversal;Com Vítimas Feridas;Amanhecer;Crescente;Nevoeiro/Neblina;Simples;Interseção de Vias;-26,256269;-49,540735
06/07/2026;13:00:00;MUCURI;Ultrapassagem Indevida;Colisão lateral mesmo sentido;Com Vítimas Feridas;Pleno dia;Crescente;Nublado;Simples;Reta;-18,05491706;-39,87267852
06/07/2026;13:00:00;MATIAS BARBOSA;Velocidade Incompatível;Colisão com objeto;Com Vítimas Feridas;Pleno dia;Decrescente;Céu Claro;Dupla;Curva;-21,84947885;-43,3808225
06/07/2026;13:20:00;BAYEUX;Demais Fenômenos da natureza;Tombamento;Com Vítimas Feridas;Pleno dia;Crescente;Céu Claro;Dupla;Reta;-7,14374;-34,918832
06/07/2026;13:15:00;JATAI;Acostamento em desnível;Saída de leito carroçável;Com Vítimas Feridas;Pleno dia;Crescente;Céu Claro;Dupla;"Reta;Declive";-17,919916;-51,699154
06/07/2026;10:50:00;FRUTAL;Acostamento em desnível;Saída de leito carroçável;Com Vítimas Feridas;Pleno dia;Decrescente;Céu Claro;Simples;"Curva;Em Obras";-19,968;-48,961
06/07/2026;17:10:00;SABARA;Velocidade Incompatível;Saída de leito carroçável;Com Vítimas Feridas;Anoitecer;Crescente;Nublado;Simples;"Curva;Declive";-19,786971;-43,689567
06/07/2026;15:00:00;CAMPOS DOS GOYTACAZES;Acesso irregular;Queda de ocupante de veículo;Com Vítimas Feridas;Pleno dia;Crescente;Céu Claro;Simples;Reta;-21,68935;-41,31045
06/07/2026;17:05:00;POUSO REDONDO;Conversão proibida;Colisão frontal;Com Vítimas Feridas;Plena Noite;Decrescente;Garoa/Chuvisco;Simples;Reta;-27,258999;-49,924613
06/07/2026;17:00:00;MAFRA;Pista Escorregadia;Saída de leito carroçável;Com Vítimas Feridas;Anoitecer;Crescente;Chuva;Simples;Reta;-26,209903;-49,730803
06/07/2026;17:20:00;FLORIANO;Animais na Pista;Atropelamento de Animal;Com Vítimas Feridas;Pleno dia;Decrescente;Céu Claro;Dupla;Reta;-6,780792;-43,024697
06/07/2026;16:17:00;PETROPOLIS;Pista Escorregadia;Saída de leito carroçável;Com Vítimas Feridas;Pleno dia;Decrescente;Nublado;Dupla;"Curva;Aclive";-22,55390405;-43,22750349
06/07/2026;18:16:00;RIO DO FOGO;Animais na Pista;Atropelamento de Animal;Sem Vítimas;Plena Noite;Crescente;Céu Claro;Simples;Reta;-5,3454979;-35,3923944
06/07/2026;18:20:00;DOURADOS;Acesso irregular;Saída de leito carroçável;Com Vítimas Feridas;Plena Noite;Decrescente;Céu Claro;Simples;"Reta;Interseção de Vias";-22,25915728;-54,80940549
06/07/2026;19:15:00;RIO GRANDE;Animais na Pista;Atropelamento de Animal;Com Vítimas Feridas;Plena Noite;Crescente;Céu Claro;Dupla;Reta;-31,8639071;-52,3238837
06/07/2026;17:50:00;RIBEIRAO;Animais na Pista;Atropelamento de Animal;Com Vítimas Feridas;Anoitecer;Crescente;Céu Claro;Dupla;Reta;-8,48052;-35,37197
06/07/2026;21:00:00;LAGES;Chuva;Queda de ocupante de veículo;Com Vítimas Feridas;Plena Noite;Decrescente;Chuva;Simples;Reta;-27,797721;-50,295276
06/07/2026;22:00:00;NOVA SERRANA;Ultrapassagem Indevida;Colisão lateral mesmo sentido;Sem Vítimas;Plena Noite;Crescente;Céu Claro;Dupla;Reta;-19,8727791;-44,963184
06/07/2026;21:47:00;UBERABA;Animais na Pista;Atropelamento de Animal;Com Vítimas Feridas;Plena Noite;Crescente;Céu Claro;Dupla;Reta;-19,39569;-48,07733
05/07/2026;15:00:00;OLHO DAGUA DAS CUNHAS;Animais na Pista;Colisão frontal;Com Vítimas Fatais;Pleno dia;Crescente;Céu Claro;Simples;Reta;-4,089273;-45,04422
05/07/2026;15:50:00;SANTA IZABEL DO PARA;Conversão proibida;Colisão transversal;Com Vítimas Feridas;Pleno dia;Decrescente;Céu Claro;Dupla;Reta;-1,27595;-48,08605
05/07/2026;16:50:00;RESENDE;Velocidade Incompatível;Tombamento;Com Vítimas Feridas;Pleno dia;Decrescente;Céu Claro;Dupla;Curva;-22,49224333;-44,65397167
05/07/2026;20:33:00;ITABORAI;Acesso irregular;Colisão transversal;Com Vítimas Feridas;Plena Noite;Crescente;Céu Claro;Simples;Curva;-22,77206627;-42,92667389
05/07/2026;07:05:00;ESMERALDAS;Velocidade Incompatível;Colisão lateral mesmo sentido;Com Vítimas Feridas;Pleno dia;Decrescente;Céu Claro;Dupla;Aclive;-19,67109;-44,19329
05/07/2026;00:21:00;VITORIA DE SANTO ANTAO;Animais na Pista;Atropelamento de Animal;Com Vítimas Feridas;Plena Noite;Crescente;Garoa/Chuvisco;Dupla;Reta;-8,11804901;-35,23096411
05/07/2026;02:30:00;RIO DE JANEIRO;Velocidade Incompatível;Colisão traseira;Sem Vítimas;Plena Noite;Crescente;Céu Claro;Múltipla;"Reta;Em Obras";-22,80452433;-43,34552614
05/07/2026;03:00:00;CANDEIAS;Acumulo de água sobre o pavimento;Saída de leito carroçável;Sem Vítimas;Plena Noite;Decrescente;Chuva;Dupla;Declive;-12,6853672;-38,4663061
05/07/2026;01:10:00;ROSARIO DO SUL;Velocidade Incompatível;Saída de leito carroçável;Com Vítimas Feridas;Plena Noite;Decrescente;Céu Claro;Simples;Reta;-30,24070875;-54,88346483
05/07/2026;06:00:00;MAIRIPORA;Velocidade Incompatível;Colisão traseira;Com Vítimas Feridas;Amanhecer;Decrescente;Nublado;Múltipla;Curva;-23,32081892;-46,58200979
05/07/2026;06:02:00;WENCESLAU GUIMARAES;Velocidade Incompatível;Colisão frontal;Com Vítimas Feridas;Pleno dia;Decrescente;Garoa/Chuvisco;Simples;"Curva;Declive";-13,66499066;-39,47856874
05/07/2026;06:29:00;CAMPO NOVO DO PARECIS;Velocidade Incompatível;Colisão traseira;Com Vítimas Fatais;Amanhecer;Decrescente;Nublado;Simples;Reta;-13,68953;-57,8929267
05/07/2026;07:30:00;SAPUCAIA;Ultrapassagem Indevida;Queda de ocupante de veículo;Com Vítimas Feridas;Pleno dia;Crescente;Céu Claro;Simples;Curva;-21,9027802;-42,7263972
05/07/2026;08:50:00;DOMINGOS MARTINS;Velocidade Incompatível;Saída de leito carroçável;Com Vítimas Feridas;Pleno dia;Crescente;Céu Claro;Simples;Curva;-20,40983;-40,92807
05/07/2026;10:35:00;LONTRAS;Velocidade Incompatível;Colisão traseira;Com Vítimas Feridas;Pleno dia;Decrescente;Nublado;Simples;Reta;-27,1313;-49,53843
05/07/2026;12:20:00;ACAILANDIA;Ultrapassagem Indevida;Colisão lateral sentido oposto;Com Vítimas Feridas;Pleno dia;Decrescente;Céu Claro;Simples;Aclive;-5,083235;-47,55631
05/07/2026;13:50:00;SAO JOSE;Demais falhas na via;Tombamento;Com Vítimas Feridas;Pleno dia;Crescente;Céu Claro;Dupla;Reta;-27,55046104;-48,61968247
05/07/2026;12:50:00;TRES RIOS;Velocidade Incompatível;Colisão com objeto;Com Vítimas Feridas;Pleno dia;Crescente;Céu Claro;Simples;"Curva;Declive";-22,09993429;-43,0916462
05/07/2026;13:20:00;PRESIDENTE KENNEDY;Velocidade Incompatível;Saída de leito carroçável;Com Vítimas Feridas;Pleno dia;Decrescente;Céu Claro;Simples;"Reta;Aclive";-8,48693133;-48,4899509
05/07/2026;13:40:00;UBERABA;Velocidade Incompatível;Saída de leito carroçável;Com Vítimas Feridas;Pleno dia;Crescente;Céu Claro;Dupla;Reta;-19,70339287;-47,9856722
05/07/2026;15:15:00;ITAJAI;Afundamento ou ondulação no pavimento;Tombamento;Com Vítimas Feridas;Pleno dia;Crescente;Nublado;Múltipla;Reta;-26,90222478;-48,71574837
05/07/2026;14:00:00;VILA BOA;Ultrapassagem Indevida;Colisão frontal;Com Vítimas Fatais;Pleno dia;Decrescente;Céu Claro;Simples;Reta;-14,966715;-47,008715
05/07/2026;17:00:00;IBIRACU;Ultrapassagem Indevida;Colisão traseira;Com Vítimas Feridas;Anoitecer;Decrescente;Céu Claro;Simples;Reta;-19,837148;-40,380866
05/07/2026;17:15:00;PARNAIBA;Conversão proibida;Colisão lateral mesmo sentido;Com Vítimas Feridas;Pleno dia;Crescente;Céu Claro;Simples;Reta;-2,902455;-41,745272
05/07/2026;17:30:00;CASIMIRO DE ABREU;Chuva;Saída de leito carroçável;Sem Vítimas;Pleno dia;Crescente;Chuva;Dupla;Curva;-22,49352604;-42,10115433
05/07/2026;19:28:00;SAO JOSE DOS CAMPOS;Animais na Pista;Atropelamento de Animal;Sem Vítimas;Plena Noite;Decrescente;Céu Claro;Múltipla;Reta;-23,22187921;-45,90202538
05/07/2026;18:15:00;TERESOPOLIS;Conversão proibida;Colisão frontal;Com Vítimas Feridas;Plena Noite;Decrescente;Chuva;Simples;Rotatória;-22,36087146;-42,94787407
05/07/2026;22:05:00;ARAGUAINA;Fumaça;Queda de ocupante de veículo;Com Vítimas Feridas;Plena Noite;Decrescente;Céu Claro;Dupla;Reta;-7,1451367;-48,2024583
05/07/2026;21:30:00;LONTRAS;Velocidade Incompatível;Saída de leito carroçável;Com Vítimas Feridas;Plena Noite;Decrescente;Nublado;Simples;Curva;-27,16881541;-49,56176413
05/07/2026;23:15:00;GOVERNADOR VALADARES;Acumulo de areia ou detritos sobre o pavimento;Tombamento;Com Vítimas Feridas;Plena Noite;Decrescente;Nublado;Simples;Curva;-18,88111525;-41,95887645
05/07/2026;22:30:00;DOM PEDRITO;Animais na Pista;Incêndio;Com Vítimas Feridas;Plena Noite;Crescente;Garoa/Chuvisco;Simples;Reta;-31,02896006;-54,61149216
05/07/2026;15:20:00;UBERABA;Velocidade Incompatível;Saída de leito carroçável;Com Vítimas Feridas;Pleno dia;Decrescente;Céu Claro;Dupla;Reta;-19,63885;-48,01791
05/07/2026;12:10:00;RESENDE;Velocidade Incompatível;Tombamento;Com Vítimas Feridas;Pleno dia;Crescente;Nublado;Dupla;Curva;-22,492853;-44,656105
05/07/2026;20:10:00;MONTE ALEGRE DE MINAS;Animais na Pista;Atropelamento de Animal;Sem Vítimas;Plena Noite;Decrescente;Céu Claro;Dupla;Reta;-18,87948933;-48,97884679
04/07/2026;08:00:00;MORRETES;Velocidade Incompatível;Colisão com objeto;Com Vítimas Feridas;Pleno dia;Decrescente;Garoa/Chuvisco;Dupla;"Curva;Declive";-25,582448;-48,878094
04/07/2026;08:42:00;BARROLANDIA;Velocidade Incompatível;Tombamento;Com Vítimas Feridas;Pleno dia;Decrescente;Céu Claro;Simples;"Curva;Declive";-9,77406439;-48,70580433
04/07/2026;07:50:00;ITAMBACURI;Velocidade Incompatível;Saída de leito carroçável;Com Vítimas Feridas;Pleno dia;Crescente;Céu Claro;Simples;"Curva;Declive";-18,03327846;-41,6531121
04/07/2026;00:20:00;SAPUCAIA;Velocidade Incompatível;Tombamento;Com Vítimas Feridas;Plena Noite;Decrescente;Céu Claro;Simples;"Curva;Declive";-22,03999614;-42,78261878
04/07/2026;10:15:00;SORRISO;Ultrapassagem Indevida;Colisão lateral sentido oposto;Com Vítimas Feridas;Pleno dia;Crescente;Céu Claro;Simples;"Desvio Temporário;Curva;Em Obras";-12,83905648;-55,82425582
04/07/2026;12:00:00;IBATIBA;Ultrapassagem Indevida;Colisão transversal;Com Vítimas Feridas;Pleno dia;Crescente;Céu Claro;Simples;Reta;-20,22662;-41,47086
04/07/2026;17:20:00;CARMOPOLIS DE MINAS;Velocidade Incompatível;Colisão lateral mesmo sentido;Com Vítimas Feridas;Pleno dia;Decrescente;Céu Claro;Dupla;Curva;-20,513509;-44,612753
04/07/2026;11:19:00;PORTO VELHO;Animais na Pista;Saída de leito carroçável;Sem Vítimas;Pleno dia;Decrescente;Sol;Simples;Reta;-9,69978;-65,144443
04/07/2026;20:45:00;CURVELO;Ultrapassagem Indevida;Colisão lateral sentido oposto;Com Vítimas Feridas;Plena Noite;Crescente;Céu Claro;Simples;Reta;-18,92958;-44,684228
04/07/2026;16:30:00;MEDINA;Conversão proibida;Colisão traseira;Com Vítimas Feridas;Pleno dia;Decrescente;Céu Claro;Simples;Reta;-16,33883415;-41,4741202
04/07/2026;01:09:00;CAMPINA GRANDE;Acumulo de areia ou detritos sobre o pavimento;Tombamento;Com Vítimas Feridas;Plena Noite;Crescente;Nublado;Simples;"Interseção de Vias;Viaduto;Reta;Em Obras";-7,27852763;-35,88866472
04/07/2026;03:45:00;NOSSA SENHORA DO SOCORRO;Velocidade Incompatível;Saída de leito carroçável;Com Vítimas Feridas;Plena Noite;Crescente;Garoa/Chuvisco;Dupla;Reta;-10,904723;-37,148949
04/07/2026;01:00:00;CHORROCHO;Animais na Pista;Atropelamento de Animal;Com Vítimas Feridas;Plena Noite;Crescente;Céu Claro;Simples;Reta;-9,33987;-39,07923
04/07/2026;04:30:00;BIGUACU;Acesso irregular;Colisão traseira;Com Vítimas Feridas;Pleno dia;Crescente;Céu Claro;Dupla;Reta;-27,40047327;-48,62986243
04/07/2026;05:00:00;CURITIBA;Velocidade Incompatível;Colisão com objeto;Com Vítimas Feridas;Plena Noite;Decrescente;Nublado;Múltipla;Curva;-25,387092;-49,203893
04/07/2026;07:00:00;JAGUARE;Neblina;Colisão traseira;Com Vítimas Feridas;Pleno dia;Crescente;Nevoeiro/Neblina;Simples;Reta;-18,97140433;-39,99072034
04/07/2026;06:00:00;UBARANA;Neblina;Colisão transversal;Com Vítimas Feridas;Amanhecer;Decrescente;Nevoeiro/Neblina;Simples;"Reta;Rotatória";-21,161985;-49,7111419
04/07/2026;05:20:00;ANGRA DOS REIS;Velocidade Incompatível;Colisão frontal;Com Vítimas Feridas;Amanhecer;Crescente;Chuva;Simples;Rotatória;-22,98337944;-44,29592935
04/07/2026;08:30:00;PONTA PORA;Ultrapassagem Indevida;Colisão frontal;Com Vítimas Fatais;Pleno dia;Decrescente;Céu Claro;Simples;Reta;-22,53671476;-55,46721205
04/07/2026;09:00:00;APARECIDA;Ultrapassagem Indevida;Colisão lateral mesmo sentido;Com Vítimas Feridas;Pleno dia;Crescente;Nublado;Simples;Reta;-22,83813344;-45,22319627
04/07/2026;06:15:00;CAMPINA GRANDE DO SUL;Velocidade Incompatível;Saída de leito carroçável;Com Vítimas Feridas;Amanhecer;Crescente;Garoa/Chuvisco;Dupla;"Curva;Ponte";-25,081261;-48,624421
04/07/2026;08:40:00;JAGUARARI;Conversão proibida;Colisão lateral sentido oposto;Com Vítimas Feridas;Pleno dia;Decrescente;Céu Claro;Simples;"Reta;Aclive";-10,245375;-40,197907
04/07/2026;10:15:00;BAIA FORMOSA;Acumulo de água sobre o pavimento;Saída de leito carroçável;Com Vítimas Feridas;Pleno dia;Crescente;Chuva;Dupla;Curva;-6,500897;-35,112547
04/07/2026;10:30:00;BAIA FORMOSA;Velocidade Incompatível;Saída de leito carroçável;Com Vítimas Feridas;Pleno dia;Crescente;Nublado;Dupla;"Curva;Aclive";-6,49884078;-35,1133531
04/07/2026;11:47:00;VITORIA DA CONQUISTA;Acesso irregular;Colisão transversal;Com Vítimas Feridas;Pleno dia;Decrescente;Céu Claro;Simples;Reta;-14,936047;-40,890388
04/07/2026;13:15:00;UBERABA;Condutor usando celular;Capotamento;Com Vítimas Feridas;Pleno dia;Crescente;Céu Claro;Dupla;Reta;-19,180747;-48,157231
04/07/2026;12:20:00;JAGUARIBE;Velocidade Incompatível;Saída de leito carroçável;Com Vítimas Feridas;Pleno dia;Crescente;Céu Claro;Simples;Curva;-6,0379524;-38,54193807
04/07/2026;11:20:00;BOM RETIRO;Pista esburacada;Saída de leito carroçável;Com Vítimas Feridas;Pleno dia;Crescente;Céu Claro;Simples;"Reta;Aclive";-27,731546;-49,761124
04/07/2026;14:30:00;ARAGUARI;Velocidade Incompatível;Saída de leito carroçável;Com Vítimas Feridas;Pleno dia;Decrescente;Céu Claro;Dupla;Curva;-18,7302444;-48,2142944
04/07/2026;15:25:00;SANTO ANTONIO DO SUDOESTE;Ultrapassagem Indevida;Colisão transversal;Sem Vítimas;Pleno dia;Crescente;Céu Claro;Simples;Interseção de Vias;-26,075088;-53,719174
04/07/2026;14:55:00;COLATINA;Ultrapassagem Indevida;Colisão transversal;Com Vítimas Feridas;Pleno dia;Decrescente;Céu Claro;Simples;Interseção de Vias;-19,52383603;-40,70433497
04/07/2026;16:00:00;VIANA;Velocidade Incompatível;Colisão com objeto;Sem Vítimas;Pleno dia;Crescente;Céu Claro;Dupla;Reta;-20,355515;-40,417737
04/07/2026;17:00:00;BADY BASSITT;Condutor usando celular;Colisão traseira;Com Vítimas Feridas;Anoitecer;Crescente;Céu Claro;Dupla;"Reta;Aclive";-20,91129706;-49,46280956
04/07/2026;18:00:00;IGARAPE;Velocidade Incompatível;Tombamento;Com Vítimas Feridas;Plena Noite;Decrescente;Céu Claro;Dupla;Declive;-20,1108;-44,3224
04/07/2026;18:50:00;BRASILIA;Conversão proibida;Colisão transversal;Com Vítimas Feridas;Plena Noite;Crescente;Céu Claro;Simples;Reta;-15,65761;-48,2027
04/07/2026;18:47:00;MACAPA;Animais na Pista;Atropelamento de Animal;Com Vítimas Feridas;Plena Noite;Crescente;Céu Claro;Simples;Reta;0,2125163;-51,11148834
04/07/2026;19:00:00;CURITIBA;Conversão proibida;Colisão traseira;Com Vítimas Feridas;Plena Noite;Crescente;Nublado;Dupla;Reta;-25,54882;-49,3243
04/07/2026;19:45:00;PONTA GROSSA;Velocidade Incompatível;Colisão traseira;Com Vítimas Feridas;Plena Noite;Crescente;Céu Claro;Dupla;"Reta;Aclive";-25,12725543;-50,17722361
04/07/2026;20:30:00;ROSARIO DO CATETE;Animais na Pista;Atropelamento de Animal;Com Vítimas Feridas;Plena Noite;Decrescente;Céu Claro;Dupla;"Ponte;Reta";-10,70303;-37,051222
04/07/2026;21:00:00;GUARAMIRIM;Velocidade Incompatível;Capotamento;Com Vítimas Feridas;Plena Noite;Decrescente;Nublado;Dupla;"Reta;Em Obras";-26,463623;-48,950153
04/07/2026;20:45:00;IBIRAMA;Velocidade Incompatível;Tombamento;Com Vítimas Feridas;Plena Noite;Decrescente;Céu Claro;Simples;"Curva;Declive";-27,09798125;-49,53022806
04/07/2026;17:50:00;CAMPO GRANDE;Ausência de sinalização;Colisão com objeto;Com Vítimas Feridas;Plena Noite;Crescente;Céu Claro;Simples;Reta;-20,46983467;-54,48513715
04/07/2026;11:15:00;BLUMENAU;Velocidade Incompatível;Colisão traseira;Com Vítimas Feridas;Pleno dia;Crescente;Céu Claro;Simples;Reta;-26,86015518;-49,07911269
04/07/2026;17:00:00;HUMBERTO DE CAMPOS;Pista esburacada;Saída de leito carroçável;Com Vítimas Feridas;Anoitecer;Crescente;Céu Claro;Simples;"Reta;Declive";-2,730029;-43,644234
04/07/2026;21:30:00;MARMELEIRO;Velocidade Incompatível;Saída de leito carroçável;Com Vítimas Feridas;Plena Noite;Decrescente;Nublado;Simples;Reta;-26,22729577;-53,16945076
04/07/2026;23:45:00;PARATY;Animais na Pista;Atropelamento de Animal;Com Vítimas Feridas;Plena Noite;Crescente;Céu Claro;Simples;Reta;-23,062152;-44,681997
04/07/2026;21:40:00;MANGARATIBA;Velocidade Incompatível;Saída de leito carroçável;Com Vítimas Feridas;Plena Noite;Crescente;Chuva;Simples;"Curva;Declive";-22,93513433;-44,02743235
04/07/2026;21:00:00;PALMEIRA DOS INDIOS;Animais na Pista;Atropelamento de Animal;Com Vítimas Feridas;Plena Noite;Decrescente;Céu Claro;Simples;"Reta;Aclive";-9,399795;-36,703975
04/07/2026;08:30:00;BOA VISTA;Acumulo de areia ou detritos sobre o pavimento;Colisão traseira;Sem Vítimas;Pleno dia;Não Informado;Nublado;Dupla;Interseção de Vias;2,8180271;-60,67995608
04/07/2026;20:15:00;SAO CAITANO;Animais na Pista;Atropelamento de Animal;Com Vítimas Feridas;Plena Noite;Decrescente;Céu Claro;Dupla;Reta;-8,32019;-36,07302
04/07/2026;15:25:00;PETROPOLIS;Acesso irregular;Colisão traseira;Com Vítimas Feridas;Pleno dia;Crescente;Céu Claro;Dupla;Reta;-22,4288047;-43,1660881
03/07/2026;07:12:00;SINOP;Conversão proibida;Colisão transversal;Com Vítimas Feridas;Pleno dia;Decrescente;Céu Claro;Simples;"Reta;Em Obras";-11,77733419;-55,47336102
03/07/2026;11:30:00;VIANA;Acesso irregular;Colisão lateral mesmo sentido;Com Vítimas Feridas;Pleno dia;Crescente;Sol;Simples;Reta;-20,35021445;-40,41304557
03/07/2026;08:30:00;BOM JESUS DO AMPARO;Curva acentuada;Tombamento;Com Vítimas Feridas;Pleno dia;Decrescente;Céu Claro;Dupla;Rotatória;-19,75383799;-43,47628467
03/07/2026;20:30:00;CARANDAI;Conversão proibida;Colisão frontal;Com Vítimas Feridas;Plena Noite;Decrescente;Nublado;Simples;Reta;-20,99633442;-43,77681077
03/07/2026;21:00:00;LAPA;Ultrapassagem Indevida;Colisão frontal;Com Vítimas Feridas;Plena Noite;Crescente;Nublado;Simples;Curva;-25,786673;-49,87804
03/07/2026;02:00:00;BALNEARIO CAMBORIU;Velocidade Incompatível;Saída de leito carroçável;Sem Vítimas;Plena Noite;Crescente;Chuva;Dupla;Curva;-27,02828;-48,60501
03/07/2026;00:30:00;ITAMARAJU;Curva acentuada;Capotamento;Com Vítimas Feridas;Plena Noite;Crescente;Nevoeiro/Neblina;Simples;Curva;-17,0857483;-39,5713467
03/07/2026;02:42:00;PINDAMONHANGABA;Animais na Pista;Atropelamento de Animal;Com Vítimas Feridas;Plena Noite;Decrescente;Céu Claro;Simples;Reta;-22,99174478;-45,4831329
03/07/2026;04:10:00;PARAIBA DO SUL;Animais na Pista;Atropelamento de Animal;Com Vítimas Feridas;Plena Noite;Crescente;Céu Claro;Simples;Curva;-22,152333;-43,303318