data_inversa;horario;municipio;causa_acidente;tipo_acidente;classificacao_acidente;fase_dia;sentido_via;condicao_metereologica;tipo_pista;tracado_via;latitude;longitude
03/07/2026;07:10:00;SALVADOR;Pista esburacada;Queda de ocupante de veículo;Com Vítimas Feridas;Pleno dia;Decrescente;Nublado;Múltipla;Reta;-12,9145603;-38,4614983
03/07/2026;08:00:00;MANGARATIBA;Acesso irregular;Colisão lateral sentido oposto;Com Vítimas Feridas;Pleno dia;Decrescente;Céu Claro;Simples;Reta;-22,93259404;-44,02045727
03/07/2026;08:20:00;ABADIANIA;Acesso irregular;Colisão frontal;Com Vítimas Feridas;Pleno dia;Crescente;Céu Claro;Dupla;Reta;-16,0541179;-48,85359782
03/07/2026;09:05:00;FEIRA DE SANTANA;Acostamento em desnível;Queda de ocupante de veículo;Com Vítimas Feridas;Pleno dia;Decrescente;Nublado;Simples;Reta;-12,23748275;-38,94139979
03/07/2026;10:18:00;JAPIRA;Velocidade Incompatível;Colisão traseira;Com Vítimas Feridas;Pleno dia;Crescente;Céu Claro;Simples;"Curva;Interseção de Vias";-23,81459232;-50,1785937
03/07/2026;12:00:00;JAGUAQUARA;Ultrapassagem Indevida;Colisão lateral sentido oposto;Com Vítimas Feridas;Pleno dia;Crescente;Chuva;Simples;Reta;-13,53224656;-40,06460667
03/07/2026;12:20:00;IRATI;Acostamento em desnível;Tombamento;Com Vítimas Feridas;Pleno dia;Decrescente;Céu Claro;Simples;"Reta;Em Obras";-25,507307;-50,651497
03/07/2026;15:43:00;GOIANINHA;Acumulo de água sobre o pavimento;Saída de leito carroçável;Com Vítimas Feridas;Pleno dia;Decrescente;Chuva;Múltipla;Declive;-6,27813507;-35,20543021
03/07/2026;16:00:00;MIRADOURO;Velocidade Incompatível;Colisão frontal;Com Vítimas Feridas;Pleno dia;Crescente;Céu Claro;Simples;Curva;-20,881;-42,337
03/07/2026;18:50:00;JOAO PESSOA;Acostamento em desnível;Tombamento;Com Vítimas Feridas;Plena Noite;Crescente;Garoa/Chuvisco;Dupla;Reta;-7,142752;-34,851693
03/07/2026;16:30:00;ALTO ALEGRE DO MARANHAO;Ultrapassagem Indevida;Colisão lateral mesmo sentido;Sem Vítimas;Pleno dia;Crescente;Céu Claro;Simples;Reta;-4,193587;-44,467827
03/07/2026;11:20:00;CACERES;Neblina;Colisão com objeto;Com Vítimas Feridas;Pleno dia;Decrescente;Nevoeiro/Neblina;Simples;Curva;-16,249005;-57,47474
03/07/2026;18:55:00;SIMOLANDIA;Animais na Pista;Atropelamento de Animal;Com Vítimas Feridas;Plena Noite;Decrescente;Céu Claro;Dupla;Reta;-14,461102;-46,477697
03/07/2026;17:00:00;UBERABA;Pista Escorregadia;Tombamento;Com Vítimas Feridas;Anoitecer;Decrescente;Céu Claro;Dupla;Retorno Regulamentado;-19,577553;-48,031877
03/07/2026;20:00:00;GUARANI DE GOIAS;Ultrapassagem Indevida;Colisão frontal;Com Vítimas Feridas;Plena Noite;Crescente;Céu Claro;Simples;"Curva;Declive";-14,02379698;-46,23236085
03/07/2026;11:00:00;CACERES;Curva acentuada;Saída de leito carroçável;Sem Vítimas;Pleno dia;Crescente;Nublado;Simples;Curva;-16,226258;-57,569532
03/07/2026;18:50:00;FREDERICO WESTPHALEN;Ultrapassagem Indevida;Colisão lateral mesmo sentido;Com Vítimas Feridas;Plena Noite;Decrescente;Ignorado;Simples;Reta;-27,33959204;-53,38560311
03/07/2026;19:30:00;MAIRIPORA;Velocidade Incompatível;Capotamento;Com Vítimas Feridas;Plena Noite;Crescente;Céu Claro;Simples;"Reta;Declive";-23,284458;-46,58956
03/07/2026;22:00:00;PARANAGUA;Condutor usando celular;Saída de leito carroçável;Sem Vítimas;Plena Noite;Decrescente;Garoa/Chuvisco;Dupla;Reta;-25,55821281;-48,57156968
03/07/2026;21:50:00;PATOS;Animais na Pista;Atropelamento de Animal;Com Vítimas Feridas;Plena Noite;Crescente;Céu Claro;Simples;Reta;-7,035627;-37,309452
03/07/2026;22:00:00;CAMPINA GRANDE DO SUL;Chuva;Queda de ocupante de veículo;Sem Vítimas;Plena Noite;Decrescente;Céu Claro;Simples;Curva;-25,06027859;-48,56232611
03/07/2026;17:41:00;ABADIANIA;Velocidade Incompatível;Colisão transversal;Com Vítimas Feridas;Anoitecer;Crescente;Céu Claro;Dupla;"Declive;Reta";-16,246334;-48,761513
02/07/2026;06:40:00;MARIPA DE MINAS;Ultrapassagem Indevida;Colisão lateral mesmo sentido;Com Vítimas Fatais;Amanhecer;Crescente;Nevoeiro/Neblina;Simples;Reta;-21,694651;-42,9770905
02/07/2026;07:00:00;RESENDE;Restrição de visibilidade em curvas horizontais;Tombamento;Com Vítimas Feridas;Pleno dia;Decrescente;Nevoeiro/Neblina;Simples;Curva;-22,4685759;-44,7167568
02/07/2026;08:30:00;MANHUACU;Fumaça;Engavetamento;Com Vítimas Feridas;Pleno dia;Decrescente;Céu Claro;Simples;Reta;-20,183384;-42,185987
02/07/2026;13:00:00;SANTAREM;Acostamento em desnível;Colisão com objeto;Sem Vítimas;Pleno dia;Crescente;Céu Claro;Simples;Reta;-2,50449096;-54,72712433
02/07/2026;15:15:00;PARANAGUA;Ultrapassagem Indevida;Colisão lateral mesmo sentido;Sem Vítimas;Pleno dia;Decrescente;Nublado;Simples;Rotatória;-25,51493577;-48,52291759
02/07/2026;14:40:00;CARANDAI;Ultrapassagem Indevida;Colisão lateral sentido oposto;Com Vítimas Feridas;Pleno dia;Crescente;Céu Claro;Simples;Reta;-20,91525333;-43,82558791
02/07/2026;12:15:00;SANTO ANTONIO DO SUDOESTE;Falta de acostamento;Saída de leito carroçável;Com Vítimas Feridas;Pleno dia;Crescente;Chuva;Simples;Curva;-26,098397;-53,713381
02/07/2026;18:00:00;NOVA ERECHIM;Ultrapassagem Indevida;Colisão lateral sentido oposto;Sem Vítimas;Plena Noite;Decrescente;Chuva;Simples;Reta;-26,892137;-52,930263
02/07/2026;18:00:00;PIRAI;Velocidade Incompatível;Tombamento;Com Vítimas Feridas;Anoitecer;Decrescente;Nublado;Simples;"Curva;Declive";-22,67719609;-43,83076032
02/07/2026;14:20:00;VARGEM BONITA;Velocidade Incompatível;Tombamento;Com Vítimas Feridas;Pleno dia;Crescente;Garoa/Chuvisco;Simples;Ponte;-26,84176284;-51,74740791
02/07/2026;00:15:00;DOM EXPEDITO LOPES;Velocidade Incompatível;Colisão traseira;Com Vítimas Feridas;Plena Noite;Crescente;Céu Claro;Simples;"Reta;Aclive";-6,97230712;-41,64286137
02/07/2026;06:50:00;ACAILANDIA;Velocidade Incompatível;Colisão com objeto;Com Vítimas Feridas;Pleno dia;Decrescente;Céu Claro;Simples;Reta;-4,92590502;-47,43963336
02/07/2026;07:45:00;COXIM;Conversão proibida;Colisão transversal;Com Vítimas Feridas;Pleno dia;Crescente;Céu Claro;Simples;Reta;-18,10306955;-54,69678028
02/07/2026;09:05:00;JOAO PESSOA;Pista Escorregadia;Tombamento;Com Vítimas Feridas;Pleno dia;Crescente;Chuva;Dupla;Curva;-7,10219;-34,84747
02/07/2026;09:20:00;SANTA LUZIA DO ITANHY;Ultrapassagem Indevida;Colisão frontal;Com Vítimas Feridas;Pleno dia;Crescente;Céu Claro;Simples;Curva;-11,322649;-37,56305
02/07/2026;09:40:00;BOM RETIRO;Acumulo de água sobre o pavimento;Saída de leito carroçável;Com Vítimas Feridas;Pleno dia;Decrescente;Chuva;Simples;Reta;-27,73201;-49,75966
02/07/2026;16:10:00;CONSELHEIRO LAFAIETE;Acumulo de areia ou detritos sobre o pavimento;Tombamento;Com Vítimas Feridas;Pleno dia;Crescente;Céu Claro;Simples;"Curva;Declive";-20,5921476;-43,8043579
02/07/2026;17:25:00;MOSSORO;Pista Escorregadia;Queda de ocupante de veículo;Com Vítimas Feridas;Plena Noite;Crescente;Garoa/Chuvisco;Simples;Reta;-5,20950485;-37,33366577
02/07/2026;18:35:00;CRISTALINA;Deficiência do Sistema de Iluminação/Sinalização;Colisão traseira;Com Vítimas Feridas;Anoitecer;Decrescente;Céu Claro;Simples;Reta;-16,76838485;-47,60753632
02/07/2026;19:40:00;LARANJEIRAS;Animais na Pista;Atropelamento de Animal;Com Vítimas Feridas;Plena Noite;Crescente;Céu Claro;Simples;Reta;-10,80289762;-37,26725075
02/07/2026;19:15:00;SAO MATEUS;Acumulo de areia ou detritos sobre o pavimento;Tombamento;Com Vítimas Feridas;Plena Noite;Decrescente;Nublado;Múltipla;Interseção de Vias;-18,7159436;-39,8763733
02/07/2026;21:00:00;FOZ DO IGUACU;Pista Escorregadia;Tombamento;Com Vítimas Feridas;Plena Noite;Decrescente;Garoa/Chuvisco;Dupla;Reta;-25,50955053;-54,59550756
02/07/2026;19:30:00;VILA BELA DA SANTISSIMA TRINDADE;Animais na Pista;Atropelamento de Animal;Sem Vítimas;Plena Noite;Decrescente;Céu Claro;Simples;Reta;-15,1647922;-59,5516636
02/07/2026;21:20:00;SAO MATEUS;Velocidade Incompatível;Colisão transversal;Com Vítimas Feridas;Plena Noite;Crescente;Céu Claro;Múltipla;Reta;-18,71717107;-39,87366406
02/07/2026;22:15:00;UBERLANDIA;Velocidade Incompatível;Saída de leito carroçável;Sem Vítimas;Plena Noite;Crescente;Céu Claro;Dupla;"Curva;Declive";-18,902769;-48,27804415
02/07/2026;22:00:00;AGRESTINA;Conversão proibida;Colisão frontal;Com Vítimas Feridas;Plena Noite;Decrescente;Céu Claro;Simples;Reta;-8,45949;-35,94127
02/07/2026;20:00:00;AGUA DOCE;Velocidade Incompatível;Saída de leito carroçável;Com Vítimas Feridas;Plena Noite;Crescente;Nevoeiro/Neblina;Simples;"Reta;Interseção de Vias";-26,69858148;-51,5746936
02/07/2026;21:20:00;MARTINS SOARES;Velocidade Incompatível;Colisão frontal;Com Vítimas Fatais;Plena Noite;Decrescente;Céu Claro;Simples;Reta;-20,255359;-41,817958
02/07/2026;09:30:00;MARINGA;Acumulo de areia ou detritos sobre o pavimento;Tombamento;Com Vítimas Feridas;Pleno dia;Decrescente;Ignorado;Dupla;"Reta;Declive";-23,413332;-51,94685
02/07/2026;16:30:00;IMPERATRIZ;Conversão proibida;Colisão transversal;Com Vítimas Feridas;Pleno dia;Decrescente;Céu Claro;Simples;Reta;-5,49037;-47,47203
02/07/2026;19:35:00;ITAJAI;Velocidade Incompatível;Saída de leito carroçável;Com Vítimas Feridas;Plena Noite;Decrescente;Chuva;Dupla;Reta;-26,88160782;-48,72467072
02/07/2026;17:35:00;CURVELO;Conversão proibida;Saída de leito carroçável;Com Vítimas Feridas;Pleno dia;Crescente;Céu Claro;Simples;Reta;-18,87555;-44,72369
01/07/2026;13:20:00;PARANAGUA;Conversão proibida;Colisão transversal;Com Vítimas Feridas;Pleno dia;Crescente;Nublado;Simples;Reta;-25,547218;-48,550147
01/07/2026;07:25:00;CAMPOS NOVOS;Chuva;Colisão frontal;Com Vítimas Fatais;Pleno dia;Crescente;Chuva;Simples;Curva;-27,499722;-51,341468
01/07/2026;19:00:00;PETROLINA;Animais na Pista;Atropelamento de Animal;Com Vítimas Feridas;Plena Noite;Decrescente;Nublado;Simples;Reta;-9,172072;-40,634996
01/07/2026;12:35:00;FORQUILHA;Velocidade Incompatível;Colisão lateral sentido oposto;Com Vítimas Fatais;Pleno dia;Decrescente;Céu Claro;Simples;Curva;-3,7944158;-40,2182979
01/07/2026;07:03:00;TRES RIOS;Condutor usando celular;Colisão traseira;Com Vítimas Fatais;Amanhecer;Crescente;Nevoeiro/Neblina;Dupla;Curva;-22,103436;-43,169721
01/07/2026;06:00:00;MONTENEGRO;Animais na Pista;Atropelamento de Animal;Sem Vítimas;Amanhecer;Crescente;Garoa/Chuvisco;Simples;Reta;-29,81752081;-51,43145308
01/07/2026;04:50:00;CAMPO GRANDE;Ultrapassagem Indevida;Colisão frontal;Com Vítimas Feridas;Plena Noite;Crescente;Céu Claro;Simples;Reta;-20,5072663;-54,2729531
01/07/2026;07:12:00;NOVA GRANADA;Acumulo de areia ou detritos sobre o pavimento;Saída de leito carroçável;Com Vítimas Feridas;Pleno dia;Decrescente;Céu Claro;Simples;"Curva;Em Obras";-20,490655;-49,309827
01/07/2026;07:40:00;RECIFE;Acostamento em desnível;Tombamento;Com Vítimas Feridas;Pleno dia;Decrescente;Céu Claro;Dupla;Reta;-8,079013;-34,943033
01/07/2026;12:53:00;JABOATAO DOS GUARARAPES;Acesso irregular;Colisão transversal;Com Vítimas Feridas;Pleno dia;Crescente;Céu Claro;Dupla;"Retorno Regulamentado;Reta";-8,17787;-34,94863
01/07/2026;12:50:00;SAO JOSE;Chuva;Colisão traseira;Com Vítimas Feridas;Pleno dia;Decrescente;Chuva;Múltipla;Curva;-27,600464;-48,622906
01/07/2026;14:40:00;RIO GRANDE;Conversão proibida;Colisão transversal;Com Vítimas Feridas;Pleno dia;Crescente;Céu Claro;Simples;Reta;-32,1000264;-52,32582092
01/07/2026;11:20:00;CAMPOS DOS GOYTACAZES;Fumaça;Engavetamento;Com Vítimas Feridas;Pleno dia;Crescente;Céu Claro;Simples;Reta;-21,667998;-41,31134
01/07/2026;10:20:00;ITABORAI;Acesso irregular;Colisão transversal;Sem Vítimas;Pleno dia;Decrescente;Sol;Múltipla;Reta;-22,73621098;-42,80170441
01/07/2026;17:00:00;SAO GONCALO DO RIO ABAIXO;Retorno proibido;Colisão transversal;Com Vítimas Feridas;Anoitecer;Decrescente;Céu Claro;Simples;"Curva;Aclive";-19,83397352;-43,37398052
01/07/2026;17:02:00;RECIFE;Acesso irregular;Colisão transversal;Com Vítimas Feridas;Anoitecer;Crescente;Garoa/Chuvisco;Dupla;Reta;-8,13126;-34,94529
01/07/2026;17:30:00;SAO GONCALO DO AMARANTE;Retorno proibido;Colisão transversal;Com Vítimas Feridas;Anoitecer;Decrescente;Céu Claro;Dupla;Reta;-3,6721;-39,114601
01/07/2026;18:00:00;JANDAIA;Velocidade Incompatível;Saída de leito carroçável;Com Vítimas Feridas;Anoitecer;Decrescente;Céu Claro;Dupla;Reta;-17,206725;-50,1151
01/07/2026;14:50:00;CAARAPO;Ultrapassagem Indevida;Colisão transversal;Com Vítimas Feridas;Pleno dia;Crescente;Céu Claro;Simples;Reta;-22,627837;-54,819126
01/07/2026;19:00:00;APODI;Acesso irregular;Colisão frontal;Com Vítimas Feridas;Plena Noite;Crescente;Céu Claro;Simples;Interseção de Vias;-5,66360113;-37,7980864
01/07/2026;17:30:00;JUATUBA;Animais na Pista;Atropelamento de Animal;Sem Vítimas;Anoitecer;Crescente;Céu Claro;Dupla;Reta;-19,9535618;-44,37158458
01/07/2026;19:15:00;BOM RETIRO;Chuva;Saída de leito carroçável;Com Vítimas Feridas;Plena Noite;Decrescente;Chuva;Simples;"Curva;Viaduto";-27,80385;-49,4905
01/07/2026;17:00:00;PONTA PORA;Acesso irregular;Colisão frontal;Com Vítimas Feridas;Anoitecer;Decrescente;Céu Claro;Simples;Reta;-22,6178127;-55,5822441
01/07/2026;19:45:00;BARRA DO GARCAS;Acesso irregular;Atropelamento de Pedestre;Com Vítimas Feridas;Plena Noite;Decrescente;Céu Claro;Dupla;"Reta;Aclive";-15,87818624;-52,30162589
01/07/2026;23:00:00;FEIRA DE SANTANA;Conversão proibida;Colisão frontal;Com Vítimas Feridas;Plena Noite;Decrescente;Céu Claro;Simples;"Reta;Em Obras";-12,23374;-38,94658
01/07/2026;07:00:00;TRES RIOS;Velocidade Incompatível;Colisão traseira;Com Vítimas Feridas;Amanhecer;Crescente;Nevoeiro/Neblina;Dupla;Curva;-22,103436;-43,169721
01/07/2026;13:30:00;ITAQUIRAI;Pista esburacada;Saída de leito carroçável;Com Vítimas Feridas;Pleno dia;Crescente;Céu Claro;Simples;Reta;-23,314073;-53,856231
01/07/2026;17:00:00;BARRA DO GARCAS;Acostamento em desnível;Saída de leito carroçável;Com Vítimas Feridas;Plena Noite;Decrescente;Céu Claro;Simples;Curva;-15,74665822;-52,61283875
30/06/2026;00:20:00;IBATIBA;Velocidade Incompatível;Tombamento;Com Vítimas Feridas;Plena Noite;Crescente;Céu Claro;Simples;Curva;-20,21486552;-41,44910698
30/06/2026;06:10:00;COLATINA;Falta de acostamento;Colisão lateral mesmo sentido;Com Vítimas Feridas;Amanhecer;Crescente;Céu Claro;Simples;Curva;-19,514252;-40,660264
30/06/2026;07:30:00;ITUMBIARA;Ultrapassagem Indevida;Colisão transversal;Sem Vítimas;Pleno dia;Crescente;Sol;Simples;Reta;-18,37815276;-49,27080274
30/06/2026;08:20:00;VITORIA DA CONQUISTA;Conversão proibida;Colisão transversal;Com Vítimas Feridas;Pleno dia;Crescente;Céu Claro;Simples;Reta;-14,812468;-40,797532
30/06/2026;10:30:00;MORRETES;Velocidade Incompatível;Colisão com objeto;Sem Vítimas;Pleno dia;Decrescente;Céu Claro;Dupla;"Declive;Curva";-25,57121215;-48,81774751
30/06/2026;10:55:00;PARANAVAI;Ultrapassagem Indevida;Colisão frontal;Com Vítimas Feridas;Pleno dia;Decrescente;Céu Claro;Simples;Reta;-23,01793;-52,505
30/06/2026;09:20:00;ALTAMIRA;Ultrapassagem Indevida;Colisão lateral sentido oposto;Com Vítimas Feridas;Pleno dia;Crescente;Sol;Simples;"Declive;Reta";-8,5979;-55,0614
30/06/2026;15:25:00;CAJATI;Curva acentuada;Tombamento;Com Vítimas Feridas;Pleno dia;Crescente;Nublado;Dupla;"Curva;Aclive";-24,821745;-48,214188
30/06/2026;17:20:00;JUIZ DE FORA;Acesso irregular;Colisão transversal;Com Vítimas Feridas;Anoitecer;Decrescente;Céu Claro;Simples;Reta;-21,59946368;-43,45790025
30/06/2026;19:30:00;CURITIBA;Demais Fenômenos da natureza;Incêndio;Sem Vítimas;Plena Noite;Crescente;Nublado;Dupla;Reta;-25,5674;-49,309937
30/06/2026;22:30:00;CASCAVEL;Velocidade Incompatível;Tombamento;Com Vítimas Feridas;Plena Noite;Crescente;Nublado;Simples;"Viaduto;Interseção de Vias;Curva";-24,96424805;-53,40632981
30/06/2026;09:47:00;JUATUBA;Velocidade Incompatível;Tombamento;Com Vítimas Fatais;Pleno dia;Decrescente;Céu Claro;Dupla;"Declive;Reta";-19,96020992;-44,33794177
30/06/2026;19:00:00;JI-PARANA;Ausência de sinalização;Colisão traseira;Com Vítimas Feridas;Plena Noite;Crescente;Céu Claro;Simples;"Reta;Ponte";-10,918472;-61,946528
30/06/2026;02:49:00;TERESINA;Acesso irregular;Colisão transversal;Com Vítimas Feridas;Plena Noite;Crescente;Céu Claro;Dupla;"Em Obras;Reta";-5,10197;-42,76619
30/06/2026;02:45:00;TRES RIOS;Velocidade Incompatível;Colisão com objeto;Com Vítimas Feridas;Plena Noite;Crescente;Céu Claro;Simples;Curva;-22,1283515;-43,15694757
30/06/2026;04:50:00;CAMPO GRANDE;Ultrapassagem Indevida;Tombamento;Com Vítimas Feridas;Plena Noite;Crescente;Céu Claro;Simples;Curva;-20,51997485;-54,56743654
30/06/2026;06:36:00;CAMPOS DOS GOYTACAZES;Ultrapassagem Indevida;Colisão frontal;Com Vítimas Fatais;Pleno dia;Decrescente;Céu Claro;Simples;Reta;-21,83609801;-41,42191478
30/06/2026;06:30:00;JEQUIE;Curva acentuada;Saída de leito carroçável;Sem Vítimas;Pleno dia;Crescente;Céu Claro;Simples;Curva;-14,09220118;-40,21657526
30/06/2026;04:25:00;SAO MIGUEL DO OESTE;Velocidade Incompatível;Colisão com objeto;Sem Vítimas;Plena Noite;Crescente;Nevoeiro/Neblina;Dupla;Curva;-26,73822469;-53,50155607
30/06/2026;08:00:00;BARRA DO PIRAI;Velocidade Incompatível;Tombamento;Com Vítimas Feridas;Pleno dia;Decrescente;Sol;Simples;Curva;-22,474188;-43,993926
30/06/2026;08:00:00;CORBELIA;Acostamento em desnível;Tombamento;Com Vítimas Feridas;Pleno dia;Decrescente;Nevoeiro/Neblina;Dupla;"Reta;Declive";-24,78643167;-53,28980383
30/06/2026;06:00:00;ARGIRITA;Neblina;Saída de leito carroçável;Com Vítimas Feridas;Amanhecer;Decrescente;Nevoeiro/Neblina;Simples;Curva;-21,676662;-42,910167
30/06/2026;08:25:00;VARGEM;Velocidade Incompatível;Capotamento;Com Vítimas Feridas;Pleno dia;Decrescente;Garoa/Chuvisco;Simples;Curva;-27,50025875;-50,95203638
30/06/2026;12:15:00;MONTES CLAROS;Velocidade Incompatível;Colisão lateral mesmo sentido;Com Vítimas Feridas;Pleno dia;Decrescente;Céu Claro;Simples;"Reta;Aclive";-16,65819;-43,72793
30/06/2026;15:00:00;JAGUARUNA;Chuva;Colisão com objeto;Com Vítimas Feridas;Pleno dia;Crescente;Nublado;Dupla;Reta;-28,594298;-49,04631
30/06/2026;11:25:00;MONTES CLAROS;Velocidade Incompatível;Saída de leito carroçável;Com Vítimas Feridas;Pleno dia;Crescente;Garoa/Chuvisco;Simples;Curva;-16,65412062;-43,71763665
30/06/2026;17:10:00;PALMAS;Acesso irregular;Colisão transversal;Com Vítimas Feridas;Pleno dia;Decrescente;Céu Claro;Simples;"Reta;Aclive";-10,23979494;-48,27951475
30/06/2026;17:10:00;SAO JOSE DO SUL;Acesso irregular;Colisão transversal;Com Vítimas Feridas;Anoitecer;Crescente;Garoa/Chuvisco;Simples;Reta;-29,59195812;-51,47729572
30/06/2026;18:05:00;JAGUARE;Ultrapassagem Indevida;Colisão traseira;Com Vítimas Feridas;Plena Noite;Crescente;Céu Claro;Simples;Reta;-18,95625972;-39,98406379
30/06/2026;17:00:00;CORONEL FABRICIANO;Retorno proibido;Colisão transversal;Com Vítimas Feridas;Pleno dia;Decrescente;Céu Claro;Simples;Reta;-19,53232605;-42,58514151
30/06/2026;14:50:00;NISIA FLORESTA;Animais na Pista;Colisão lateral mesmo sentido;Com Vítimas Feridas;Pleno dia;Crescente;Sol;Dupla;Reta;-6,13584649;-35,22825591
30/06/2026;20:35:00;CARLOS BARBOSA;Acesso irregular;Colisão transversal;Com Vítimas Feridas;Plena Noite;Crescente;Nevoeiro/Neblina;Simples;Reta;-29,28753539;-51,48951737
30/06/2026;06:15:00;BARAO DE GRAJAU;Falta de acostamento;Colisão com objeto;Com Vítimas Fatais;Pleno dia;Crescente;Céu Claro;Simples;"Reta;Aclive";-6,69396;-43,243398
30/06/2026;19:35:00;CRUZEIRO DO SUL;Conversão proibida;Colisão lateral sentido oposto;Com Vítimas Feridas;Plena Noite;Decrescente;Céu Claro;Simples;Reta;-7,64447488;-72,65907794
30/06/2026;23:38:00;MARIALVA;Velocidade Incompatível;Colisão com objeto;Com Vítimas Feridas;Plena Noite;Decrescente;Nublado;Dupla;Reta;-23,47015504;-51,82184458
30/06/2026;23:20:00;PETROLINA;Animais na Pista;Atropelamento de Animal;Com Vítimas Feridas;Plena Noite;Decrescente;Nublado;Simples;Reta;-9,23449;-40,620202
30/06/2026;23:00:00;PARACATU;Animais na Pista;Atropelamento de Animal;Sem Vítimas;Plena Noite;Crescente;Céu Claro;Simples;"Declive;Reta";-17,498978;-46,579503
30/06/2026;12:45:00;GENERAL CARNEIRO;Acostamento em desnível;Saída de leito carroçável;Com Vítimas Fatais;Pleno dia;Crescente;Céu Claro;Simples;Reta;-15,623327;-52,831415
30/06/2026;07:30:00;PORTO SEGURO;Acesso irregular;Colisão transversal;Com Vítimas Feridas;Pleno dia;Decrescente;Céu Claro;Simples;"Reta;Interseção de Vias";-16,435753;-39,074632
29/06/2026;07:10:00;TERESINA;Conversão proibida;Colisão transversal;Com Vítimas Feridas;Pleno dia;Decrescente;Céu Claro;Simples;Reta;-5,100302;-42,765312
29/06/2026;07:20:00;POCOS DE CALDAS;Acesso irregular;Colisão lateral mesmo sentido;Com Vítimas Feridas;Pleno dia;Decrescente;Céu Claro;Simples;"Declive;Curva";-21,80807984;-46,48252612
29/06/2026;07:20:00;ACAILANDIA;Velocidade Incompatível;Colisão lateral mesmo sentido;Com Vítimas Feridas;Pleno dia;Crescente;Céu Claro;Múltipla;Reta;-4,95531;-47,49909
29/06/2026;05:00:00;CASA NOVA;Demais falhas na via;Saída de leito carroçável;Com Vítimas Feridas;Amanhecer;Crescente;Nublado;Simples;Reta;-9,18285991;-40,89032745
29/06/2026;08:30:00;CAMPINA GRANDE DO SUL;Velocidade Incompatível;Tombamento;Com Vítimas Feridas;Pleno dia;Decrescente;Céu Claro;Simples;Curva;-25,113358;-48,847133
29/06/2026;10:00:00;SABARA;Velocidade Incompatível;Colisão frontal;Com Vítimas Feridas;Pleno dia;Crescente;Sol;Simples;"Curva;Declive";-19,80837714;-43,76506805
29/06/2026;13:30:00;CONTAGEM;Velocidade Incompatível;Colisão traseira;Com Vítimas Feridas;Pleno dia;Decrescente;Céu Claro;Dupla;Reta;-19,889516;-44,050018
29/06/2026;14:25:00;MARACAJU;Ultrapassagem Indevida;Colisão lateral mesmo sentido;Com Vítimas Feridas;Pleno dia;Crescente;Céu Claro;Simples;Reta;-21,180927;-55,432285
29/06/2026;16:30:00;SABARA;Velocidade Incompatível;Colisão com objeto;Com Vítimas Feridas;Pleno dia;Decrescente;Céu Claro;Simples;Reta;-19,80966917;-43,77090454
29/06/2026;17:10:00;JAPARATUBA;Chuva;Saída de leito carroçável;Com Vítimas Feridas;Pleno dia;Crescente;Chuva;Dupla;"Declive;Reta";-10,52345592;-36,95418533
29/06/2026;20:40:00;ROLANDIA;Conversão proibida;Colisão transversal;Com Vítimas Feridas;Plena Noite;Decrescente;Céu Claro;Dupla;Curva;-23,34978158;-51,38666153
29/06/2026;00:30:00;ANAPOLIS;Velocidade Incompatível;Saída de leito carroçável;Sem Vítimas;Plena Noite;Crescente;Céu Claro;Dupla;Reta;-16,3741683;-48,9453433
29/06/2026;00:25:00;CEU AZUL;Chuva;Saída de leito carroçável;Com Vítimas Feridas;Plena Noite;Crescente;Céu Claro;Simples;Reta;-25,12351254;-53,8127288
29/06/2026;01:02:00;ITAJAI;Velocidade Incompatível;Saída de leito carroçável;Com Vítimas Feridas;Plena Noite;Crescente;Chuva;Dupla;Reta;-26,88736;-48,7522495
29/06/2026;05:50:00;ARAQUARI;Ausência de sinalização;Queda de ocupante de veículo;Com Vítimas Feridas;Amanhecer;Crescente;Garoa/Chuvisco;Simples;Em Obras;-26,448662;-48,835053
29/06/2026;05:30:00;GASPAR;Chuva;Tombamento;Com Vítimas Feridas;Plena Noite;Decrescente;Chuva;Simples;Curva;-26,91351752;-48,96123648
29/06/2026;06:30:00;SABARA;Velocidade Incompatível;Saída de leito carroçável;Com Vítimas Feridas;Amanhecer;Decrescente;Céu Claro;Simples;Curva;-19,809564;-43,76644
29/06/2026;06:50:00;LINHARES;Velocidade Incompatível;Capotamento;Com Vítimas Feridas;Pleno dia;Decrescente;Céu Claro;Simples;Interseção de Vias;-19,30482682;-40,08268484
29/06/2026;07:30:00;TIBAGI;Chuva;Colisão com objeto;Com Vítimas Feridas;Pleno dia;Crescente;Garoa/Chuvisco;Dupla;"Curva;Declive";-24,849233;-50,472953
29/06/2026;07:10:00;AREIA BRANCA;Retorno proibido;Colisão frontal;Com Vítimas Feridas;Pleno dia;Crescente;Chuva;Simples;"Interseção de Vias;Reta";-10,77004959;-37,36837431
29/06/2026;08:50:00;ITAPEMA;Chuva;Tombamento;Com Vítimas Feridas;Pleno dia;Crescente;Nublado;Dupla;Reta;-27,089211;-48,614209
29/06/2026;06:30:00;CAMPO GRANDE;Animais na Pista;Atropelamento de Animal;Sem Vítimas;Amanhecer;Crescente;Céu Claro;Simples;"Reta;Aclive";-20,5031556;-54,2512785
29/06/2026;03:30:00;NOVA IGUACU;Velocidade Incompatível;Colisão transversal;Com Vítimas Feridas;Plena Noite;Decrescente;Nublado;Simples;Reta;-22,82341328;-43,61981956