data_inversa;horario;municipio;causa_acidente;tipo_acidente;classificacao_acidente;fase_dia;sentido_via;condicao_metereologica;tipo_pista;tracado_via;latitude;longitude
26/06/2026;18:35:00;PATOS;Acesso irregular;Colisão lateral mesmo sentido;Com Vítimas Feridas;Plena Noite;Decrescente;Céu Claro;Simples;Reta;-7,013695;-37,286697
26/06/2026;18:00:00;MARECHAL DEODORO;Ultrapassagem Indevida;Colisão frontal;Com Vítimas Feridas;Plena Noite;Crescente;Chuva;Simples;Curva;-9,65741;-35,85415
26/06/2026;08:30:00;PANAMA;Condutor usando celular;Atropelamento de Pedestre;Com Vítimas Feridas;Pleno dia;Crescente;Céu Claro;Dupla;"Interseção de Vias;Em Obras";-18,18180929;-49,29042399
26/06/2026;12:30:00;CUNHA PORA;Ultrapassagem Indevida;Colisão frontal;Com Vítimas Feridas;Pleno dia;Crescente;Céu Claro;Simples;Reta;-26,87683243;-53,16794872
25/06/2026;04:45:00;CAMPINA GRANDE;Animais na Pista;Atropelamento de Animal;Sem Vítimas;Amanhecer;Decrescente;Nublado;Dupla;Reta;-7,27744011;-35,90022437
25/06/2026;07:00:00;NOSSA SENHORA DO SOCORRO;Velocidade Incompatível;Colisão frontal;Com Vítimas Fatais;Pleno dia;Decrescente;Chuva;Simples;Curva;-10,871429;-37,165524
25/06/2026;05:45:00;AREIA BRANCA;Velocidade Incompatível;Tombamento;Com Vítimas Feridas;Amanhecer;Decrescente;Céu Claro;Simples;Curva;-10,79756022;-37,27455139
25/06/2026;08:40:00;NAQUE;Velocidade Incompatível;Tombamento;Com Vítimas Feridas;Pleno dia;Decrescente;Sol;Simples;Curva;-19,216055;-42,306441
25/06/2026;08:30:00;PEDRA PRETA;Neblina;Colisão lateral sentido oposto;Sem Vítimas;Pleno dia;Crescente;Nevoeiro/Neblina;Simples;Reta;-16,82631811;-54,05542159
25/06/2026;13:00:00;IJUI;Retorno proibido;Colisão lateral mesmo sentido;Sem Vítimas;Pleno dia;Decrescente;Nublado;Simples;"Reta;Em Obras";-28,391478;-53,894262
25/06/2026;07:30:00;SAO JOAO DOS PATOS;Ultrapassagem Indevida;Colisão frontal;Com Vítimas Fatais;Pleno dia;Decrescente;Céu Claro;Simples;Reta;-6,48958891;-43,72071505
25/06/2026;19:40:00;ATIBAIA;Chuva;Colisão lateral mesmo sentido;Com Vítimas Feridas;Plena Noite;Crescente;Garoa/Chuvisco;Dupla;"Declive;Reta";-23,08158363;-46,56991705
25/06/2026;17:30:00;XANXERE;Curva acentuada;Tombamento;Com Vítimas Feridas;Pleno dia;Crescente;Céu Claro;Dupla;Curva;-26,8822376;-52,4044064
25/06/2026;20:30:00;CAPANEMA;Velocidade Incompatível;Tombamento;Com Vítimas Fatais;Plena Noite;Crescente;Céu Claro;Simples;"Aclive;Curva";-25,620765;-53,801158
25/06/2026;18:30:00;SEROPEDICA;Iluminação deficiente;Atropelamento de Pedestre;Com Vítimas Feridas;Plena Noite;Crescente;Chuva;Simples;Reta;-22,71561867;-43,72179776
25/06/2026;19:40:00;NOVA NAZARE;Acostamento em desnível;Saída de leito carroçável;Com Vítimas Feridas;Plena Noite;Decrescente;Céu Claro;Simples;Reta;-13,79092237;-52,03861714
25/06/2026;05:30:00;RUROPOLIS;Demais falhas na via;Tombamento;Com Vítimas Feridas;Pleno dia;Decrescente;Nublado;Dupla;"Curva;Declive;Ponte";-4,13081;-55,228092
25/06/2026;03:20:00;MIRANDA;Velocidade Incompatível;Saída de leito carroçável;Com Vítimas Fatais;Plena Noite;Crescente;Céu Claro;Dupla;Rotatória;-20,2340199;-56,37733553
25/06/2026;04:30:00;PAULISTA;Acumulo de água sobre o pavimento;Saída de leito carroçável;Com Vítimas Feridas;Amanhecer;Crescente;Chuva;Dupla;"Curva;Declive";-7,94884298;-34,90713716
25/06/2026;05:10:00;MUCURI;Neblina;Colisão traseira;Com Vítimas Fatais;Amanhecer;Crescente;Nevoeiro/Neblina;Simples;Reta;-17,98884161;-39,85992528
25/06/2026;07:00:00;GURINHEM;Acesso irregular;Colisão transversal;Com Vítimas Fatais;Pleno dia;Crescente;Céu Claro;Dupla;Reta;-7,2054551;-35,5131367
25/06/2026;07:32:00;BETIM;Velocidade Incompatível;Colisão traseira;Com Vítimas Feridas;Amanhecer;Decrescente;Céu Claro;Dupla;Curva;-19,975306;-44,260451
25/06/2026;08:54:00;CEDRO DE SAO JOAO;Acumulo de água sobre o pavimento;Saída de leito carroçável;Sem Vítimas;Pleno dia;Crescente;Chuva;Dupla;Reta;-10,30949;-36,89102
25/06/2026;06:40:00;FEIRA DE SANTANA;Pista esburacada;Queda de ocupante de veículo;Com Vítimas Feridas;Pleno dia;Decrescente;Nevoeiro/Neblina;Dupla;Reta;-12,26126466;-38,989411
25/06/2026;06:30:00;FEIRA DE SANTANA;Pista esburacada;Queda de ocupante de veículo;Com Vítimas Feridas;Pleno dia;Decrescente;Nevoeiro/Neblina;Dupla;Reta;-12,26081204;-38,98943369
25/06/2026;06:50:00;SINOP;Conversão proibida;Colisão traseira;Com Vítimas Feridas;Pleno dia;Crescente;Céu Claro;Simples;Reta;-11,8109;-55,4821
25/06/2026;08:30:00;LAGOA VERMELHA;Acumulo de água sobre o pavimento;Saída de leito carroçável;Com Vítimas Feridas;Pleno dia;Decrescente;Céu Claro;Simples;Curva;-28,356488;-51,457809
25/06/2026;10:00:00;CONDE;Afundamento ou ondulação no pavimento;Tombamento;Com Vítimas Feridas;Pleno dia;Decrescente;Céu Claro;Dupla;Reta;-7,25903785;-34,93551342
25/06/2026;11:00:00;VIANA;Ultrapassagem Indevida;Colisão transversal;Com Vítimas Feridas;Pleno dia;Crescente;Céu Claro;Simples;Aclive;-20,37421743;-40,51937453
25/06/2026;10:50:00;SAO PAULO;Velocidade Incompatível;Colisão com objeto;Com Vítimas Feridas;Pleno dia;Decrescente;Chuva;Dupla;Curva;-23,35549455;-46,55010223
25/06/2026;08:15:00;JI-PARANA;Acesso irregular;Colisão transversal;Com Vítimas Feridas;Pleno dia;Decrescente;Céu Claro;Simples;Reta;-10,876544;-61,94882
25/06/2026;06:15:00;ITATIM;Velocidade Incompatível;Saída de leito carroçável;Com Vítimas Feridas;Pleno dia;Decrescente;Garoa/Chuvisco;Simples;Curva;-12,717745;-39,7474266
25/06/2026;08:50:00;MURIAE;Chuva;Tombamento;Com Vítimas Feridas;Pleno dia;Crescente;Chuva;Simples;Curva;-21,01002751;-42,36135576
25/06/2026;12:21:00;SAO MIGUEL DO OESTE;Velocidade Incompatível;Saída de leito carroçável;Com Vítimas Feridas;Pleno dia;Decrescente;Céu Claro;Dupla;"Aclive;Reta";-26,73949325;-53,50131467
25/06/2026;06:40:00;MEDINA;Neblina;Colisão traseira;Com Vítimas Feridas;Amanhecer;Decrescente;Nevoeiro/Neblina;Simples;"Aclive;Reta";-16,138497;-41,424321
25/06/2026;16:00:00;VARGEM;Ultrapassagem Indevida;Colisão lateral sentido oposto;Com Vítimas Feridas;Pleno dia;Decrescente;Céu Claro;Simples;Aclive;-27,424796;-51,029936
25/06/2026;05:30:00;UBERABA;Acumulo de areia ou detritos sobre o pavimento;Queda de ocupante de veículo;Com Vítimas Feridas;Pleno dia;Decrescente;Nevoeiro/Neblina;Dupla;Reta;-19,770334;-47,977863
25/06/2026;17:10:00;SANTA BARBARA DO LESTE;Velocidade Incompatível;Colisão lateral mesmo sentido;Com Vítimas Feridas;Pleno dia;Decrescente;Nublado;Simples;Reta;-19,977731;-42,139325
25/06/2026;18:35:00;PORTO SEGURO;Acesso irregular;Colisão frontal;Com Vítimas Feridas;Plena Noite;Decrescente;Céu Claro;Simples;Curva;-16,423785;-39,10205
25/06/2026;18:45:00;CORREIA PINTO;Ultrapassagem Indevida;Saída de leito carroçável;Com Vítimas Feridas;Plena Noite;Crescente;Nublado;Simples;Reta;-27,59876301;-50,35672395
25/06/2026;19:40:00;SALINAS;Velocidade Incompatível;Saída de leito carroçável;Sem Vítimas;Plena Noite;Crescente;Céu Claro;Simples;"Curva;Declive";-16,17468258;-42,33190862
25/06/2026;17:40:00;SAPEACU;Acesso irregular;Colisão transversal;Com Vítimas Feridas;Plena Noite;Crescente;Nublado;Dupla;Reta;-12,73833;-39,18398
25/06/2026;19:00:00;JANGADA;Animais na Pista;Atropelamento de Animal;Com Vítimas Feridas;Plena Noite;Crescente;Céu Claro;Dupla;Reta;-15,350377;-56,41563
25/06/2026;20:30:00;ALTOS;Animais na Pista;Atropelamento de Animal;Com Vítimas Feridas;Plena Noite;Crescente;Céu Claro;Simples;Curva;-5,040448;-42,484478
25/06/2026;19:30:00;CANINDE;Iluminação deficiente;Atropelamento de Pedestre;Com Vítimas Feridas;Plena Noite;Crescente;Céu Claro;Simples;Reta;-4,495686;-39,363041
25/06/2026;19:50:00;SEROPEDICA;Acumulo de areia ou detritos sobre o pavimento;Queda de ocupante de veículo;Com Vítimas Feridas;Plena Noite;Crescente;Garoa/Chuvisco;Dupla;Reta;-22,7084226;-43,73760223
25/06/2026;08:15:00;CANDEIAS;Pista Escorregadia;Tombamento;Com Vítimas Feridas;Pleno dia;Crescente;Garoa/Chuvisco;Múltipla;Reta;-12,7064642;-38,4630686
25/06/2026;07:30:00;PATROCINIO;Neblina;Colisão frontal;Com Vítimas Feridas;Pleno dia;Decrescente;Nevoeiro/Neblina;Dupla;Reta;-18,92341884;-47,20814735
25/06/2026;22:00:00;ANGRA DOS REIS;Conversão proibida;Colisão frontal;Com Vítimas Feridas;Plena Noite;Crescente;Céu Claro;Simples;Curva;-22,92970865;-44,38110558
24/06/2026;06:30:00;SAO CRISTOVAO DO SUL;Velocidade Incompatível;Tombamento;Sem Vítimas;Amanhecer;Crescente;Céu Claro;Simples;"Declive;Curva";-27,26357474;-50,44265908
24/06/2026;07:00:00;EXTREMA;Velocidade Incompatível;Colisão traseira;Com Vítimas Feridas;Amanhecer;Decrescente;Chuva;Dupla;"Curva;Declive";-22,8353253;-46,31946874
24/06/2026;08:37:00;POCOS DE CALDAS;Velocidade Incompatível;Colisão frontal;Com Vítimas Feridas;Pleno dia;Decrescente;Garoa/Chuvisco;Simples;Reta;-21,80658892;-46,49051803
24/06/2026;09:45:00;BOA VISTA;Conversão proibida;Colisão traseira;Com Vítimas Feridas;Pleno dia;Crescente;Céu Claro;Simples;Reta;3,026325;-60,780849
24/06/2026;10:30:00;ARACI;Velocidade Incompatível;Colisão lateral sentido oposto;Com Vítimas Feridas;Pleno dia;Crescente;Céu Claro;Simples;Curva;-11,41816;-38,970663
24/06/2026;11:10:00;AMELIA RODRIGUES;Acostamento em desnível;Saída de leito carroçável;Com Vítimas Feridas;Pleno dia;Crescente;Céu Claro;Dupla;Reta;-12,4744133;-38,67802
24/06/2026;12:20:00;SERRA TALHADA;Ultrapassagem Indevida;Colisão frontal;Com Vítimas Feridas;Pleno dia;Decrescente;Céu Claro;Simples;Reta;-8,007523;-38,244228
24/06/2026;14:30:00;BIGUACU;Velocidade Incompatível;Tombamento;Com Vítimas Feridas;Pleno dia;Decrescente;Céu Claro;Dupla;"Curva;Declive";-27,511687;-48,711458
24/06/2026;13:00:00;COMODORO;Ultrapassagem Indevida;Colisão frontal;Com Vítimas Fatais;Pleno dia;Crescente;Garoa/Chuvisco;Simples;Reta;-13,82503694;-59,5860672
24/06/2026;17:10:00;SILVA JARDIM;Conversão proibida;Colisão transversal;Com Vítimas Feridas;Anoitecer;Crescente;Céu Claro;Dupla;Reta;-22,56538993;-42,3647283
24/06/2026;15:10:00;DIAMANTINO;Velocidade Incompatível;Saída de leito carroçável;Com Vítimas Feridas;Pleno dia;Decrescente;Chuva;Dupla;Reta;-14,54761;-56,229892
24/06/2026;20:30:00;CAMPO GRANDE;Velocidade Incompatível;Tombamento;Com Vítimas Feridas;Plena Noite;Crescente;Céu Claro;Simples;"Interseção de Vias;Rotatória";-20,49215465;-54,73957149
24/06/2026;14:45:00;UBERABA;Acumulo de água sobre o pavimento;Colisão traseira;Sem Vítimas;Pleno dia;Decrescente;Chuva;Dupla;"Ponte;Reta";-19,70501;-47,98261
24/06/2026;09:47:00;GOIANINHA;Demais Fenômenos da natureza;Incêndio;Sem Vítimas;Pleno dia;Crescente;Céu Claro;Dupla;"Reta;Declive";-6,302132;-35,192145
24/06/2026;04:50:00;PORTO FRANCO;Animais na Pista;Atropelamento de Animal;Com Vítimas Feridas;Amanhecer;Decrescente;Céu Claro;Simples;Reta;-6,431814;-47,397226
24/06/2026;07:00:00;FORTALEZA;Velocidade Incompatível;Colisão traseira;Com Vítimas Feridas;Pleno dia;Decrescente;Céu Claro;Dupla;Reta;-3,87708082;-38,50013542
24/06/2026;07:50:00;EXTREMA;Chuva;Queda de ocupante de veículo;Com Vítimas Feridas;Pleno dia;Crescente;Chuva;Dupla;Curva;-22,83579398;-46,32633448
24/06/2026;05:40:00;BARRA DO PIRAI;Animais na Pista;Atropelamento de Animal;Com Vítimas Feridas;Plena Noite;Decrescente;Chuva;Simples;Reta;-22,453536;-43,807653
24/06/2026;11:00:00;ANGRA DOS REIS;Chuva;Saída de leito carroçável;Com Vítimas Feridas;Pleno dia;Decrescente;Céu Claro;Dupla;Reta;-22,930227;-44,320908
24/06/2026;09:00:00;NOVA ITARANA;Velocidade Incompatível;Saída de leito carroçável;Com Vítimas Feridas;Pleno dia;Decrescente;Céu Claro;Simples;"Aclive;Reta";-13,1062239;-39,9798211
24/06/2026;12:30:00;MAIRIPORA;Chuva;Capotamento;Com Vítimas Feridas;Pleno dia;Decrescente;Chuva;Dupla;Curva;-23,34082189;-46,57399034
24/06/2026;14:30:00;BARRA VELHA;Pista Escorregadia;Colisão com objeto;Sem Vítimas;Pleno dia;Não Informado;Céu Claro;Simples;Reta;-26,61050009;-48,72244326
24/06/2026;12:50:00;PACARAIMA;Pista Escorregadia;Tombamento;Com Vítimas Feridas;Pleno dia;Decrescente;Chuva;Simples;"Declive;Curva";4,459726;-61,1362782
24/06/2026;16:00:00;VITORIA DA CONQUISTA;Velocidade Incompatível;Engavetamento;Com Vítimas Feridas;Pleno dia;Crescente;Céu Claro;Simples;Reta;-14,806446;-40,785748
24/06/2026;16:00:00;CAMANDUCAIA;Chuva;Saída de leito carroçável;Com Vítimas Feridas;Pleno dia;Decrescente;Chuva;Dupla;Curva;-22,7692345;-46,18094087
24/06/2026;16:00:00;POUSO ALEGRE;Velocidade Incompatível;Saída de leito carroçável;Com Vítimas Feridas;Pleno dia;Decrescente;Chuva;Dupla;Curva;-22,38918293;-45,95373631
24/06/2026;14:30:00;PRATA;Chuva;Saída de leito carroçável;Com Vítimas Feridas;Pleno dia;Decrescente;Chuva;Dupla;Reta;-19,33678104;-48,90373993
24/06/2026;16:30:00;RIO BRANCO;Acumulo de areia ou detritos sobre o pavimento;Queda de ocupante de veículo;Com Vítimas Feridas;Pleno dia;Decrescente;Chuva;Simples;Rotatória;-10,01178771;-67,77057362
24/06/2026;21:53:00;ANAPOLIS;Velocidade Incompatível;Queda de ocupante de veículo;Com Vítimas Feridas;Plena Noite;Crescente;Ignorado;Dupla;Reta;-16,3774;-48,94873
24/06/2026;22:40:00;UBERLANDIA;Velocidade Incompatível;Colisão com objeto;Sem Vítimas;Plena Noite;Crescente;Céu Claro;Dupla;Reta;-18,89914533;-48,24207036
24/06/2026;23:00:00;TEOFILO OTONI;Conversão proibida;Colisão lateral mesmo sentido;Com Vítimas Feridas;Plena Noite;Decrescente;Nublado;Simples;Reta;-17,848565;-41,515215
24/06/2026;23:30:00;MINEIROS;Neblina;Saída de leito carroçável;Com Vítimas Feridas;Plena Noite;Crescente;Nevoeiro/Neblina;Simples;Interseção de Vias;-17,4868569;-52,55491225
24/06/2026;05:40:00;PEDRA PRETA;Neblina;Saída de leito carroçável;Sem Vítimas;Plena Noite;Crescente;Nevoeiro/Neblina;Simples;Em Obras;-16,78761852;-54,14903283
24/06/2026;14:10:00;ITAPEVA;Velocidade Incompatível;Capotamento;Com Vítimas Feridas;Pleno dia;Crescente;Chuva;Dupla;"Curva;Aclive";-22,77099836;-46,20353615
24/06/2026;17:50:00;VILHENA;Ultrapassagem Indevida;Colisão transversal;Com Vítimas Feridas;Plena Noite;Crescente;Céu Claro;Simples;"Reta;Interseção de Vias";-12,70789744;-60,12308013
24/06/2026;09:45:00;SAO JOSE DOS PINHAIS;Ultrapassagem Indevida;Queda de ocupante de veículo;Com Vítimas Feridas;Pleno dia;Decrescente;Nevoeiro/Neblina;Dupla;Reta;-25,50075585;-49,15518701
23/06/2026;06:00:00;RECIFE;Pista Escorregadia;Colisão com objeto;Com Vítimas Feridas;Pleno dia;Crescente;Chuva;Dupla;Reta;-8,07137;-34,95523
23/06/2026;06:10:00;MURIAE;Velocidade Incompatível;Tombamento;Com Vítimas Feridas;Pleno dia;Crescente;Nublado;Simples;Curva;-21,12581789;-42,35332489
23/06/2026;06:45:00;JI-PARANA;Ultrapassagem Indevida;Colisão frontal;Com Vítimas Feridas;Amanhecer;Crescente;Nevoeiro/Neblina;Simples;Reta;-10,91294578;-61,84616089
23/06/2026;11:54:00;AGRESTINA;Ultrapassagem Indevida;Colisão transversal;Com Vítimas Fatais;Pleno dia;Crescente;Garoa/Chuvisco;Simples;Reta;-8,39078622;-35,97402024
23/06/2026;08:40:00;QUEIMADOS;Animais na Pista;Colisão traseira;Com Vítimas Feridas;Pleno dia;Crescente;Céu Claro;Dupla;Reta;-22,73177228;-43,55848646
23/06/2026;13:15:00;BOA VIAGEM;Pista esburacada;Tombamento;Sem Vítimas;Pleno dia;Crescente;Céu Claro;Simples;Reta;-5,07054;-39,699258
23/06/2026;15:10:00;RIACHAO DO BACAMARTE;Chuva;Saída de leito carroçável;Com Vítimas Feridas;Pleno dia;Crescente;Chuva;Dupla;"Curva;Declive";-7,26043;-35,697638
23/06/2026;18:10:00;MERCEDES;Conversão proibida;Colisão traseira;Com Vítimas Feridas;Plena Noite;Crescente;Céu Claro;Simples;Reta;-24,40483;-54,15859
23/06/2026;19:20:00;BALNEARIO BARRA DO SUL;Deficiência do Sistema de Iluminação/Sinalização;Incêndio;Sem Vítimas;Plena Noite;Decrescente;Céu Claro;Simples;Reta;-26,36993615;-48,68011951
23/06/2026;22:00:00;SAO LUIS;Afundamento ou ondulação no pavimento;Colisão lateral mesmo sentido;Com Vítimas Fatais;Plena Noite;Decrescente;Céu Claro;Dupla;Reta;-2,633533;-44,313042
23/06/2026;02:05:00;GOIANA;Animais na Pista;Atropelamento de Animal;Com Vítimas Feridas;Plena Noite;Decrescente;Nublado;Dupla;Reta;-7,55632;-34,99082
23/06/2026;03:00:00;RAFAEL JAMBEIRO;Retorno proibido;Colisão transversal;Com Vítimas Feridas;Plena Noite;Crescente;Nublado;Dupla;Reta;-12,54277;-39,43613
23/06/2026;06:20:00;BRASILIA;Acesso irregular;Colisão transversal;Com Vítimas Feridas;Pleno dia;Crescente;Céu Claro;Múltipla;Interseção de Vias;-15,97661258;-47,98876254
23/06/2026;07:40:00;BETIM;Ultrapassagem Indevida;Colisão lateral mesmo sentido;Com Vítimas Feridas;Pleno dia;Decrescente;Céu Claro;Múltipla;Reta;-19,965808;-44,176103
23/06/2026;07:50:00;RONDONOPOLIS;Pista Escorregadia;Saída de leito carroçável;Com Vítimas Feridas;Pleno dia;Crescente;Chuva;Dupla;Reta;-16,62383639;-54,69831457
23/06/2026;09:50:00;CONDE;Acostamento em desnível;Tombamento;Com Vítimas Feridas;Pleno dia;Decrescente;Chuva;Simples;"Retorno Regulamentado;Reta";-7,25932437;-34,9354814
23/06/2026;10:00:00;MAIRIPORA;Velocidade Incompatível;Saída de leito carroçável;Com Vítimas Feridas;Pleno dia;Decrescente;Céu Claro;Múltipla;Curva;-23,352791;-46,551359
23/06/2026;10:20:00;ITAPEVA;Velocidade Incompatível;Saída de leito carroçável;Com Vítimas Feridas;Pleno dia;Decrescente;Chuva;Dupla;Curva;-22,786684;-46,241846
23/06/2026;10:40:00;PARAISO DO TOCANTINS;Demais falhas na via;Tombamento;Com Vítimas Feridas;Pleno dia;Crescente;Céu Claro;Simples;"Declive;Reta";-10,12709425;-48,88561891
23/06/2026;11:15:00;CANOAS;Acumulo de areia ou detritos sobre o pavimento;Tombamento;Com Vítimas Feridas;Pleno dia;Crescente;Céu Claro;Dupla;Interseção de Vias;-29,88180451;-51,23858444
23/06/2026;12:00:00;ITABAIANA;Chuva;Saída de leito carroçável;Com Vítimas Feridas;Pleno dia;Crescente;Chuva;Simples;Reta;-10,669224;-37,444953
23/06/2026;13:30:00;MASSARANDUBA;Pista Escorregadia;Saída de leito carroçável;Com Vítimas Feridas;Pleno dia;Decrescente;Chuva;Dupla;"Curva;Declive";-7,271526;-35,786277
23/06/2026;14:05:00;CAMPINA GRANDE DO SUL;Chuva;Saída de leito carroçável;Com Vítimas Feridas;Pleno dia;Decrescente;Chuva;Dupla;"Declive;Curva";-25,150457;-48,859163
23/06/2026;14:12:00;GRAO MOGOL;Velocidade Incompatível;Saída de leito carroçável;Com Vítimas Feridas;Pleno dia;Crescente;Céu Claro;Simples;"Curva;Declive";-16,440669;-43,395937
23/06/2026;12:15:00;NOVA ERECHIM;Acesso irregular;Colisão transversal;Sem Vítimas;Pleno dia;Decrescente;Céu Claro;Simples;Reta;-26,88766485;-52,93485778
23/06/2026;17:30:00;RIBEIRAO DAS NEVES;Retorno proibido;Colisão transversal;Com Vítimas Feridas;Anoitecer;Crescente;Céu Claro;Dupla;Reta;-19,78378378;-44,11747686
23/06/2026;17:00:00;BARRA DO TURVO;Pista Escorregadia;Colisão com objeto;Com Vítimas Feridas;Pleno dia;Crescente;Chuva;Simples;"Declive;Curva";-24,9718;-48,3721
23/06/2026;18:25:00;UBERLANDIA;Afundamento ou ondulação no pavimento;Queda de ocupante de veículo;Com Vítimas Feridas;Anoitecer;Crescente;Céu Claro;Dupla;"Em Obras;Reta";-18,88557364;-48,26412885
23/06/2026;08:20:00;MURIAE;Ultrapassagem Indevida;Colisão lateral mesmo sentido;Com Vítimas Feridas;Pleno dia;Decrescente;Sol;Simples;Curva;-21,126632;-42,373807
23/06/2026;19:00:00;GUAIBA;Ausência de sinalização;Saída de leito carroçável;Sem Vítimas;Plena Noite;Decrescente;Céu Claro;Múltipla;"Reta;Em Obras";-30,14499032;-51,36291182
23/06/2026;18:40:00;CASCAVEL;Velocidade Incompatível;Colisão traseira;Com Vítimas Feridas;Anoitecer;Crescente;Céu Claro;Dupla;Aclive;-24,9241818;-53,4670435
23/06/2026;19:10:00;JOAO PESSOA;Chuva;Tombamento;Com Vítimas Feridas;Plena Noite;Decrescente;Chuva;Dupla;Reta;-7,185982;-34,902218
23/06/2026;19:10:00;CAMPINA GRANDE;Acumulo de areia ou detritos sobre o pavimento;Tombamento;Com Vítimas Feridas;Plena Noite;Decrescente;Garoa/Chuvisco;Simples;Reta;-7,259725;-35,878562
23/06/2026;20:25:00;FOZ DO IGUACU;Conversão proibida;Colisão lateral mesmo sentido;Com Vítimas Feridas;Plena Noite;Decrescente;Céu Claro;Dupla;Reta;-25,57581438;-54,54722643
23/06/2026;20:45:00;GRAVATAI;Demais falhas na via;Tombamento;Com Vítimas Feridas;Plena Noite;Crescente;Céu Claro;Dupla;Reta;-29,942622;-50,92827
23/06/2026;18:50:00;BARRA MANSA;Conversão proibida;Colisão transversal;Com Vítimas Feridas;Plena Noite;Crescente;Nublado;Simples;Interseção de Vias;-22,56094961;-44,12037341
23/06/2026;18:00:00;PAPANDUVA;Deficiência do Sistema de Iluminação/Sinalização;Colisão traseira;Com Vítimas Fatais;Plena Noite;Decrescente;Céu Claro;Simples;"Aclive;Reta";-26,37467;-50,128785
23/06/2026;18:15:00;BARRA MANSA;Deficiência do Sistema de Iluminação/Sinalização;Atropelamento de Pedestre;Com Vítimas Feridas;Anoitecer;Crescente;Nublado;Dupla;"Declive;Reta";-22,55678379;-44,12743449
23/06/2026;22:10:00;AGUAS LINDAS DE GOIAS;Animais na Pista;Atropelamento de Animal;Com Vítimas Feridas;Plena Noite;Crescente;Nublado;Dupla;"Aclive;Reta";-15,78380847;-48,23250175
23/06/2026;22:50:00;FRONTEIRA;Demais falhas na via;Queda de ocupante de veículo;Com Vítimas Feridas;Plena Noite;Crescente;Garoa/Chuvisco;Simples;Reta;-20,24993;-49,16845
23/06/2026;18:15:00;BETIM;Ausência de sinalização;Colisão lateral mesmo sentido;Com Vítimas Feridas;Anoitecer;Crescente;Céu Claro;Dupla;Curva;-19,95664614;-44,13813114
23/06/2026;15:52:00;CAXIAS DO SUL;Conversão proibida;Colisão lateral mesmo sentido;Sem Vítimas;Pleno dia;Crescente;Céu Claro;Dupla;Reta;-29,16206682;-51,15702335
23/06/2026;06:20:00;BETIM;Velocidade Incompatível;Tombamento;Com Vítimas Feridas;Amanhecer;Decrescente;Céu Claro;Múltipla;Curva;-19,956516;-44,14787
23/06/2026;08:05:00;ARIQUEMES;Desvio temporário;Colisão lateral sentido oposto;Com Vítimas Feridas;Pleno dia;Crescente;Céu Claro;Simples;"Em Obras;Reta";-9,866358;-63,057963
23/06/2026;21:35:00;PARANA;Acesso irregular;Colisão traseira;Com Vítimas Fatais;Plena Noite;Crescente;Céu Claro;Simples;Reta;-12,62643536;-47,85387039
22/06/2026;05:50:00;CONTENDA;Velocidade Incompatível;Tombamento;Com Vítimas Feridas;Amanhecer;Decrescente;Céu Claro;Simples;Curva;-25,710424;-49,604293
22/06/2026;07:20:00;SABARA;Pista Escorregadia;Queda de ocupante de veículo;Com Vítimas Feridas;Pleno dia;Crescente;Sol;Simples;"Curva;Declive";-19,78674922;-43,71735789
22/06/2026;06:45:00;SALDANHA MARINHO;Chuva;Colisão frontal;Com Vítimas Fatais;Amanhecer;Crescente;Chuva;Simples;"Aclive;Reta";-28,3875365;-53,019814
22/06/2026;06:45:00;CARANDAI;Conversão proibida;Colisão traseira;Com Vítimas Feridas;Pleno dia;Decrescente;Nublado;Simples;"Declive;Reta";-20,92446684;-43,82058007
22/06/2026;10:00:00;ITAPERUNA;Velocidade Incompatível;Saída de leito carroçável;Com Vítimas Feridas;Pleno dia;Crescente;Céu Claro;Simples;"Declive;Curva";-21,3358764;-41,710301
22/06/2026;16:15:00;ITAPECERICA DA SERRA;Velocidade Incompatível;Engavetamento;Com Vítimas Feridas;Pleno dia;Crescente;Céu Claro;Dupla;Reta;-23,77262063;-46,9129622
22/06/2026;16:33:00;ALIANCA;Conversão proibida;Colisão lateral mesmo sentido;Com Vítimas Feridas;Anoitecer;Decrescente;Céu Claro;Simples;Interseção de Vias;-7,65248248;-35,25113583
22/06/2026;20:00:00;CAMPINA GRANDE DO SUL;Velocidade Incompatível;Tombamento;Com Vítimas Feridas;Plena Noite;Decrescente;Chuva;Dupla;Curva;-25,099385;-48,688738
22/06/2026;16:30:00;ARAGARCAS;Ausência de sinalização;Colisão com objeto;Com Vítimas Feridas;Pleno dia;Crescente;Céu Claro;Dupla;"Em Obras;Rotatória;Interseção de Vias;Reta";-15,89726161;-52,23377991
22/06/2026;05:50:00;SABARA;Ausência de sinalização;Colisão frontal;Com Vítimas Feridas;Amanhecer;Crescente;Sol;Simples;Curva;-19,78741047;-43,691715
22/06/2026;06:10:00;CACHOEIRO DE ITAPEMIRIM;Acesso irregular;Colisão lateral sentido oposto;Com Vítimas Feridas;Pleno dia;Decrescente;Céu Claro;Simples;Reta;-20,83400621;-41,17214007
22/06/2026;06:40:00;SAO SEBASTIAO DO PASSE;Velocidade Incompatível;Saída de leito carroçável;Com Vítimas Feridas;Pleno dia;Decrescente;Sol;Dupla;"Declive;Reta";-12,509015;-38,630907
22/06/2026;05:40:00;LAGOA GRANDE;Animais na Pista;Atropelamento de Animal;Com Vítimas Feridas;Amanhecer;Crescente;Céu Claro;Simples;Reta;-8,990996;-40,267861