data_inversa;horario;municipio;causa_acidente;tipo_acidente;classificacao_acidente;fase_dia;sentido_via;condicao_metereologica;tipo_pista;tracado_via;latitude;longitude
19/06/2026;18:40:00;BETIM;Velocidade Incompatível;Colisão traseira;Sem Vítimas;Plena Noite;Crescente;Ignorado;Múltipla;"Declive;Reta";-20,010678;-44,219073
19/06/2026;16:30:00;CURITIBA;Ultrapassagem Indevida;Colisão transversal;Com Vítimas Feridas;Anoitecer;Crescente;Nublado;Simples;Reta;-25,430315;-49,336868
19/06/2026;16:30:00;TERESOPOLIS;Conversão proibida;Colisão transversal;Com Vítimas Feridas;Pleno dia;Crescente;Céu Claro;Simples;Reta;-22,38083778;-42,95397727
19/06/2026;18:35:00;MANGARATIBA;Deficiência do Sistema de Iluminação/Sinalização;Colisão transversal;Com Vítimas Feridas;Pleno dia;Decrescente;Céu Claro;Simples;Reta;-23,03352;-44,14958
19/06/2026;18:40:00;CONTAGEM;Condutor usando celular;Engavetamento;Com Vítimas Feridas;Plena Noite;Crescente;Céu Claro;Dupla;Reta;-19,95807609;-44,05758826
19/06/2026;16:15:00;JOAO PINHEIRO;Acesso irregular;Colisão transversal;Com Vítimas Feridas;Pleno dia;Crescente;Céu Claro;Simples;"Reta;Interseção de Vias";-17,748499;-46,172336
19/06/2026;21:30:00;NOVA IGUACU;Acumulo de areia ou detritos sobre o pavimento;Queda de ocupante de veículo;Com Vítimas Feridas;Plena Noite;Crescente;Céu Claro;Simples;Reta;-22,74118617;-43,49896717
19/06/2026;05:50:00;SAO GONCALO DO RIO ABAIXO;Neblina;Colisão traseira;Com Vítimas Feridas;Amanhecer;Crescente;Nevoeiro/Neblina;Simples;Reta;-19,835244;-43,349203
19/06/2026;22:38:00;GUARAI;Velocidade Incompatível;Colisão lateral mesmo sentido;Com Vítimas Feridas;Plena Noite;Crescente;Céu Claro;Dupla;"Interseção de Vias;Reta";-8,84753962;-48,51057021
19/06/2026;18:15:00;MANHUACU;Conversão proibida;Colisão transversal;Com Vítimas Feridas;Plena Noite;Crescente;Céu Claro;Simples;Reta;-20,19084905;-42,18448878
19/06/2026;22:00:00;EUNAPOLIS;Animais na Pista;Atropelamento de Animal;Com Vítimas Feridas;Plena Noite;Decrescente;Céu Claro;Simples;Reta;-16,36704998;-39,51803041
19/06/2026;20:00:00;PIRAI;Curva acentuada;Queda de ocupante de veículo;Com Vítimas Feridas;Plena Noite;Decrescente;Céu Claro;Simples;"Curva;Declive";-22,6668979;-43,8411351
19/06/2026;23:52:00;RONDONOPOLIS;Pista Escorregadia;Saída de leito carroçável;Com Vítimas Feridas;Plena Noite;Crescente;Chuva;Dupla;Reta;-16,688754;-54,666125
19/06/2026;05:13:00;SAO JOSE DOS PINHAIS;Acumulo de água sobre o pavimento;Queda de ocupante de veículo;Sem Vítimas;Amanhecer;Decrescente;Garoa/Chuvisco;Dupla;Reta;-25,55562176;-49,02949117
19/06/2026;18:50:00;BARRA DO GARCAS;Acesso irregular;Colisão transversal;Com Vítimas Feridas;Plena Noite;Decrescente;Céu Claro;Simples;"Reta;Rotatória";-15,894077;-52,258373
19/06/2026;14:45:00;DOURADOS;Acumulo de areia ou detritos sobre o pavimento;Tombamento;Com Vítimas Feridas;Pleno dia;Decrescente;Chuva;Dupla;Reta;-22,226057;-54,736509
18/06/2026;17:31:00;JUAZEIRINHO;Ultrapassagem Indevida;Colisão frontal;Com Vítimas Fatais;Pleno dia;Crescente;Sol;Simples;Reta;-7,072701;-36,618858
18/06/2026;21:00:00;CORONEL FABRICIANO;Ultrapassagem Indevida;Colisão lateral sentido oposto;Sem Vítimas;Plena Noite;Crescente;Céu Claro;Simples;Reta;-19,53455434;-42,58901596
18/06/2026;21:30:00;CONCEICAO DA FEIRA;Ultrapassagem Indevida;Colisão lateral mesmo sentido;Com Vítimas Feridas;Plena Noite;Decrescente;Céu Claro;Simples;Reta;-12,51806185;-38,97014586
18/06/2026;18:00:00;IMPERATRIZ;Ultrapassagem Indevida;Tombamento;Com Vítimas Feridas;Anoitecer;Crescente;Chuva;Simples;Reta;-5,506023;-47,471832
18/06/2026;00:40:00;GUARULHOS;Afundamento ou ondulação no pavimento;Queda de ocupante de veículo;Com Vítimas Feridas;Plena Noite;Decrescente;Ignorado;Dupla;"Reta;Em Obras";-23,47774686;-46,55996053
18/06/2026;02:00:00;FLORIANOPOLIS;Velocidade Incompatível;Saída de leito carroçável;Com Vítimas Feridas;Plena Noite;Decrescente;Céu Claro;Dupla;Curva;-27,60092131;-48,57745377
18/06/2026;05:45:00;CONTAGEM;Acesso irregular;Colisão transversal;Sem Vítimas;Amanhecer;Crescente;Céu Claro;Dupla;"Retorno Regulamentado;Reta";-19,85324883;-44,07209516
18/06/2026;04:30:00;ARAQUARI;Conversão proibida;Colisão frontal;Com Vítimas Feridas;Plena Noite;Crescente;Céu Claro;Simples;"Em Obras;Reta";-26,390628;-48,735145
18/06/2026;05:30:00;PETROPOLIS;Pista Escorregadia;Colisão com objeto;Com Vítimas Feridas;Plena Noite;Crescente;Garoa/Chuvisco;Simples;"Aclive;Curva";-22,551587;-43,229811
18/06/2026;05:50:00;GOIANIA;Acesso irregular;Colisão transversal;Com Vítimas Feridas;Plena Noite;Decrescente;Céu Claro;Dupla;"Aclive;Retorno Regulamentado";-16,73018736;-49,398458
18/06/2026;08:30:00;MORENO;Animais na Pista;Tombamento;Com Vítimas Feridas;Pleno dia;Crescente;Céu Claro;Dupla;Reta;-8,11016791;-35,1983699
18/06/2026;07:45:00;PARNAIBA;Acesso irregular;Colisão transversal;Com Vítimas Feridas;Pleno dia;Crescente;Céu Claro;Simples;Reta;-2,90009052;-41,72876864
18/06/2026;08:30:00;JABOATAO DOS GUARARAPES;Acostamento em desnível;Queda de ocupante de veículo;Com Vítimas Feridas;Pleno dia;Decrescente;Céu Claro;Dupla;"Aclive;Curva";-8,09029;-35,01977
18/06/2026;09:30:00;NOVA VICOSA;Conversão proibida;Colisão transversal;Com Vítimas Feridas;Pleno dia;Crescente;Céu Claro;Simples;Reta;-17,8848536;-39,840757
18/06/2026;12:30:00;ITAGIMIRIM;Velocidade Incompatível;Saída de leito carroçável;Sem Vítimas;Pleno dia;Crescente;Céu Claro;Simples;"Aclive;Curva";-16,0872444;-39,6154456
18/06/2026;14:30:00;SIMOES FILHO;Pista Escorregadia;Saída de leito carroçável;Com Vítimas Feridas;Pleno dia;Decrescente;Chuva;Dupla;Curva;-12,78401344;-38,41335297
18/06/2026;13:00:00;CANTAGALO;Conversão proibida;Colisão transversal;Com Vítimas Feridas;Pleno dia;Decrescente;Céu Claro;Simples;Reta;-25,40485894;-52,09882943
18/06/2026;13:55:00;GUARACIABA;Conversão proibida;Colisão transversal;Com Vítimas Fatais;Pleno dia;Crescente;Céu Claro;Simples;"Curva;Interseção de Vias;Aclive;Em Obras";-26,61745479;-53,51918399
18/06/2026;18:43:00;GUAIBA;Acesso irregular;Colisão frontal;Com Vítimas Feridas;Plena Noite;Crescente;Céu Claro;Simples;Reta;-30,12817724;-51,35149525
18/06/2026;17:50:00;SAO BRAS;Acesso irregular;Atropelamento de Pedestre;Com Vítimas Feridas;Plena Noite;Decrescente;Céu Claro;Dupla;Reta;-10,134168;-36,800465
18/06/2026;20:30:00;FOZ DO IGUACU;Velocidade Incompatível;Colisão com objeto;Com Vítimas Feridas;Plena Noite;Decrescente;Céu Claro;Simples;Reta;-25,5338114;-54,52845097
18/06/2026;19:10:00;BAGE;Velocidade Incompatível;Saída de leito carroçável;Com Vítimas Feridas;Plena Noite;Crescente;Garoa/Chuvisco;Simples;Reta;-31,128923;-53,788333
18/06/2026;21:40:00;CAXIAS;Ultrapassagem Indevida;Colisão frontal;Com Vítimas Feridas;Plena Noite;Decrescente;Nublado;Simples;Reta;-4,915234;-43,215016
18/06/2026;21:00:00;URUGUAIANA;Acumulo de água sobre o pavimento;Saída de leito carroçável;Com Vítimas Feridas;Plena Noite;Decrescente;Chuva;Simples;Reta;-29,774576;-57,043802
18/06/2026;21:00:00;INHAPIM;Ultrapassagem Indevida;Colisão frontal;Com Vítimas Fatais;Plena Noite;Decrescente;Nublado;Simples;Reta;-19,60449;-42,114517
18/06/2026;03:54:00;CAEM;Animais na Pista;Atropelamento de Animal;Com Vítimas Feridas;Plena Noite;Crescente;Céu Claro;Simples;"Reta;Declive";-11,169043;-40,051269
18/06/2026;08:00:00;BRASILIA;Velocidade Incompatível;Colisão lateral mesmo sentido;Com Vítimas Feridas;Pleno dia;Crescente;Nublado;Simples;Reta;-15,79444669;-48,06142366
18/06/2026;22:00:00;PERIQUITO;Animais na Pista;Atropelamento de Animal;Com Vítimas Feridas;Plena Noite;Crescente;Ignorado;Simples;Reta;-19,046067;-42,15371
17/06/2026;05:35:00;CAUCAIA;Ultrapassagem Indevida;Colisão frontal;Sem Vítimas;Pleno dia;Crescente;Céu Claro;Simples;Reta;-3,889172;-38,829182
17/06/2026;16:30:00;CAPANEMA;Falta de acostamento;Tombamento;Com Vítimas Feridas;Pleno dia;Crescente;Sol;Simples;Reta;-1,205029;-47,164585
17/06/2026;10:30:00;RONDONOPOLIS;Velocidade Incompatível;Tombamento;Com Vítimas Feridas;Pleno dia;Crescente;Céu Claro;Dupla;"Curva;Viaduto";-16,63735;-54,693007
17/06/2026;16:30:00;ANGRA DOS REIS;Acesso irregular;Colisão transversal;Com Vítimas Feridas;Pleno dia;Decrescente;Garoa/Chuvisco;Simples;Reta;-22,92853;-44,37798
17/06/2026;18:00:00;AGUA SANTA;Iluminação deficiente;Colisão lateral mesmo sentido;Com Vítimas Feridas;Plena Noite;Crescente;Céu Claro;Simples;Reta;-28,30662706;-52,08540313
17/06/2026;01:37:00;ANAPOLIS;Acesso irregular;Colisão transversal;Com Vítimas Feridas;Plena Noite;Crescente;Céu Claro;Dupla;Reta;-16,3734358;-48,94504344
17/06/2026;02:20:00;ARAQUARI;Sinalização mal posicionada;Colisão com objeto;Com Vítimas Feridas;Plena Noite;Decrescente;Nevoeiro/Neblina;Simples;"Reta;Em Obras;Desvio Temporário";-26,38336306;-48,72650798
17/06/2026;02:30:00;FORMOSA DO RIO PRETO;Velocidade Incompatível;Capotamento;Com Vítimas Feridas;Plena Noite;Crescente;Céu Claro;Simples;Curva;-11,14569678;-45,07677841
17/06/2026;02:25:00;GUARULHOS;Velocidade Incompatível;Colisão traseira;Com Vítimas Feridas;Plena Noite;Crescente;Ignorado;Simples;Reta;-23,437004;-46,430319
17/06/2026;06:40:00;ITANHANDU;Ultrapassagem Indevida;Colisão lateral mesmo sentido;Com Vítimas Feridas;Amanhecer;Decrescente;Nevoeiro/Neblina;Simples;Reta;-22,26531297;-44,90644097
17/06/2026;07:30:00;SEBERI;Ultrapassagem Indevida;Colisão frontal;Com Vítimas Feridas;Amanhecer;Decrescente;Nevoeiro/Neblina;Simples;Curva;-27,54956;-53,36143
17/06/2026;02:30:00;DUQUE DE CAXIAS;Velocidade Incompatível;Colisão traseira;Com Vítimas Feridas;Plena Noite;Crescente;Nublado;Dupla;Reta;-22,650245;-43,234647
17/06/2026;08:50:00;BATAGUASSU;Velocidade Incompatível;Saída de leito carroçável;Sem Vítimas;Pleno dia;Decrescente;Céu Claro;Dupla;Reta;-21,745775;-52,470762
17/06/2026;10:05:00;CUIABA;Retorno proibido;Colisão traseira;Com Vítimas Feridas;Pleno dia;Crescente;Céu Claro;Dupla;"Em Obras;Desvio Temporário";-15,678701;-56,014035
17/06/2026;10:00:00;ALTO ARAGUAIA;Acesso irregular;Colisão frontal;Com Vítimas Fatais;Pleno dia;Decrescente;Céu Claro;Simples;Reta;-17,2785403;-53,26174021
17/06/2026;11:10:00;ITAPERUNA;Acesso irregular;Colisão transversal;Com Vítimas Feridas;Pleno dia;Decrescente;Céu Claro;Simples;Curva;-21,20756329;-41,84413282
17/06/2026;06:30:00;MONTE CARMELO;Neblina;Colisão transversal;Com Vítimas Feridas;Amanhecer;Crescente;Nevoeiro/Neblina;Simples;Reta;-18,91313571;-47,45731249
17/06/2026;12:30:00;POUSO ALEGRE;Ultrapassagem Indevida;Colisão lateral mesmo sentido;Com Vítimas Feridas;Pleno dia;Decrescente;Céu Claro;Dupla;Reta;-22,3840743;-45,9494245
17/06/2026;10:30:00;ANGRA DOS REIS;Pista Escorregadia;Saída de leito carroçável;Com Vítimas Feridas;Pleno dia;Decrescente;Chuva;Dupla;"Retorno Regulamentado;Reta";-23,00328;-44,459741
17/06/2026;12:02:00;UBAPORANGA;Conversão proibida;Colisão transversal;Com Vítimas Fatais;Pleno dia;Decrescente;Sol;Simples;Reta;-19,657458;-42,114648
17/06/2026;15:00:00;REMIGIO;Retorno proibido;Colisão transversal;Com Vítimas Feridas;Pleno dia;Decrescente;Céu Claro;Simples;"Reta;Aclive";-6,970975;-35,801439
17/06/2026;17:29:00;PARNAMIRIM;Chuva;Colisão traseira;Com Vítimas Feridas;Plena Noite;Crescente;Chuva;Múltipla;Reta;-5,89562816;-35,25820613
17/06/2026;18:12:00;DOIS RIACHOS;Iluminação deficiente;Colisão traseira;Com Vítimas Feridas;Plena Noite;Crescente;Céu Claro;Simples;Reta;-9,38479;-37,06864
17/06/2026;18:15:00;JUIZ DE FORA;Conversão proibida;Colisão transversal;Com Vítimas Feridas;Plena Noite;Decrescente;Céu Claro;Simples;Reta;-21,63255382;-43,44338385
17/06/2026;17:20:00;BRASILIA;Conversão proibida;Colisão transversal;Com Vítimas Feridas;Pleno dia;Crescente;Céu Claro;Simples;"Reta;Interseção de Vias";-15,66547427;-48,20350438
17/06/2026;18:10:00;JOACABA;Ultrapassagem Indevida;Colisão frontal;Com Vítimas Feridas;Plena Noite;Crescente;Nublado;Simples;Reta;-27,188613;-51,517995
17/06/2026;18:20:00;PONTA GROSSA;Velocidade Incompatível;Engavetamento;Com Vítimas Feridas;Plena Noite;Crescente;Céu Claro;Múltipla;Reta;-25,066855;-50,212269
17/06/2026;18:30:00;PARA DE MINAS;Animais na Pista;Atropelamento de Animal;Com Vítimas Feridas;Plena Noite;Crescente;Céu Claro;Dupla;"Rotatória;Curva";-19,88842;-44,64269
17/06/2026;19:45:00;JARDIM;Animais na Pista;Atropelamento de Animal;Sem Vítimas;Plena Noite;Crescente;Céu Claro;Simples;Reta;-21,50825;-56,164858
17/06/2026;13:00:00;SABARA;Ultrapassagem Indevida;Colisão transversal;Sem Vítimas;Pleno dia;Decrescente;Céu Claro;Simples;Reta;-19,8069892;-43,76216054
17/06/2026;21:50:00;COLOMBO;Condutor usando celular;Colisão lateral mesmo sentido;Com Vítimas Feridas;Plena Noite;Crescente;Céu Claro;Dupla;"Reta;Interseção de Vias";-25,368007;-49,188731
17/06/2026;23:20:00;JOAO MONLEVADE;Velocidade Incompatível;Saída de leito carroçável;Com Vítimas Feridas;Plena Noite;Decrescente;Céu Claro;Simples;"Aclive;Curva";-19,859076;-43,107199
17/06/2026;20:40:00;TAUA;Deficiência do Sistema de Iluminação/Sinalização;Colisão traseira;Com Vítimas Fatais;Plena Noite;Decrescente;Céu Claro;Simples;Reta;-5,989583;-40,268642
17/06/2026;07:40:00;PORTO SEGURO;Redutor de velocidade em desacordo;Colisão lateral mesmo sentido;Com Vítimas Feridas;Pleno dia;Decrescente;Céu Claro;Simples;Reta;-16,43587937;-39,07485008
16/06/2026;05:30:00;CLAUDIA;Falta de acostamento;Colisão traseira;Com Vítimas Feridas;Amanhecer;Crescente;Céu Claro;Simples;Reta;-11,26017884;-55,31153297
16/06/2026;05:30:00;ERECHIM;Animais na Pista;Saída de leito carroçável;Sem Vítimas;Amanhecer;Crescente;Nevoeiro/Neblina;Simples;Rotatória;-27,6430468;-52,2450377
16/06/2026;07:10:00;JATI;Velocidade Incompatível;Colisão frontal;Com Vítimas Feridas;Pleno dia;Decrescente;Céu Claro;Simples;Reta;-7,683492;-39,008965
16/06/2026;10:50:00;CONCEICAO DO JACUIPE;Pista Escorregadia;Colisão com objeto;Sem Vítimas;Pleno dia;Decrescente;Chuva;Dupla;Declive;-12,3530407;-38,829449
16/06/2026;09:10:00;CANOINHAS;Velocidade Incompatível;Colisão frontal;Com Vítimas Feridas;Pleno dia;Crescente;Nublado;Simples;"Curva;Declive";-26,199719;-50,43276
16/06/2026;15:20:00;GARANHUNS;Acesso irregular;Colisão transversal;Com Vítimas Feridas;Pleno dia;Crescente;Céu Claro;Simples;Reta;-8,878905;-36,478152
16/06/2026;14:30:00;GUAPIMIRIM;Velocidade Incompatível;Tombamento;Com Vítimas Feridas;Pleno dia;Decrescente;Chuva;Simples;Curva;-22,46576793;-42,99460888
16/06/2026;19:10:00;RIO AZUL;Ultrapassagem Indevida;Colisão lateral mesmo sentido;Sem Vítimas;Plena Noite;Crescente;Céu Claro;Simples;Reta;-25,764274;-50,84572
16/06/2026;18:30:00;PRADO;Velocidade Incompatível;Tombamento;Sem Vítimas;Anoitecer;Decrescente;Nublado;Simples;Curva;-17,182318;-39,580401
16/06/2026;21:15:00;ENCRUZILHADA;Velocidade Incompatível;Tombamento;Com Vítimas Feridas;Plena Noite;Crescente;Nublado;Simples;Curva;-15,5891973;-41,2808313
16/06/2026;00:57:00;FILADELFIA;Animais na Pista;Atropelamento de Animal;Com Vítimas Feridas;Plena Noite;Crescente;Céu Claro;Simples;Reta;-10,69090353;-40,11750794
16/06/2026;05:40:00;ALTAMIRA;Acesso irregular;Colisão traseira;Com Vítimas Feridas;Amanhecer;Crescente;Céu Claro;Simples;Reta;-3,172929;-52,157366
16/06/2026;06:30:00;ITUMBIARA;Velocidade Incompatível;Saída de leito carroçável;Com Vítimas Feridas;Pleno dia;Crescente;Céu Claro;Dupla;Interseção de Vias;-18,382675;-49,345092
16/06/2026;07:00:00;SANTA MARIA;Afundamento ou ondulação no pavimento;Queda de ocupante de veículo;Com Vítimas Feridas;Pleno dia;Crescente;Céu Claro;Simples;"Rotatória;Declive;Interseção de Vias;Viaduto;Em Obras";-29,71464488;-53,80975692
16/06/2026;07:30:00;BRASILIA;Demais Fenômenos da natureza;Colisão traseira;Com Vítimas Feridas;Pleno dia;Crescente;Céu Claro;Dupla;Retorno Regulamentado;-15,64950686;-47,77245998
16/06/2026;06:45:00;PRIMAVERA DO LESTE;Velocidade Incompatível;Queda de ocupante de veículo;Com Vítimas Feridas;Pleno dia;Crescente;Nevoeiro/Neblina;Simples;Reta;-15,5663049;-54,30379897
16/06/2026;09:05:00;CONDE;Acumulo de areia ou detritos sobre o pavimento;Queda de ocupante de veículo;Com Vítimas Feridas;Pleno dia;Decrescente;Garoa/Chuvisco;Dupla;Reta;-7,258952;-34,93541
16/06/2026;09:45:00;RIO DO SUL;Ultrapassagem Indevida;Colisão lateral mesmo sentido;Com Vítimas Feridas;Pleno dia;Crescente;Céu Claro;Simples;Reta;-27,196414;-49,62728
16/06/2026;10:00:00;IBIRAPUA;Velocidade Incompatível;Colisão traseira;Com Vítimas Feridas;Pleno dia;Decrescente;Céu Claro;Simples;"Declive;Curva";-17,769653;-39,776155
16/06/2026;11:10:00;RIO NOVO DO SUL;Velocidade Incompatível;Colisão traseira;Com Vítimas Feridas;Pleno dia;Crescente;Céu Claro;Simples;Reta;-20,87594375;-40,95586952
16/06/2026;10:30:00;PARA DE MINAS;Restrição de visibilidade em curvas verticais;Saída de leito carroçável;Com Vítimas Feridas;Pleno dia;Crescente;Céu Claro;Dupla;"Aclive;Reta";-19,887437;-44,640931
16/06/2026;08:25:00;AGUA SANTA;Acesso irregular;Colisão frontal;Com Vítimas Fatais;Pleno dia;Crescente;Nevoeiro/Neblina;Simples;Reta;-28,30319475;-52,04790685
16/06/2026;15:55:00;BRASILIA;Velocidade Incompatível;Saída de leito carroçável;Sem Vítimas;Pleno dia;Crescente;Céu Claro;Dupla;"Reta;Retorno Regulamentado;Em Obras;Declive";-15,6264117;-47,7263167
16/06/2026;14:58:00;IRATI;Ultrapassagem Indevida;Colisão lateral mesmo sentido;Com Vítimas Feridas;Pleno dia;Decrescente;Céu Claro;Simples;Reta;-25,50340429;-50,65006256
16/06/2026;16:05:00;ANGRA DOS REIS;Ultrapassagem Indevida;Colisão lateral mesmo sentido;Com Vítimas Feridas;Pleno dia;Crescente;Chuva;Múltipla;"Interseção de Vias;Reta";-23,004635;-44,297901
16/06/2026;11:12:00;RIO BRANCO;Demais falhas na via;Colisão com objeto;Sem Vítimas;Pleno dia;Não Informado;Nublado;Dupla;Reta;-10,012326;-67,7837284
16/06/2026;16:39:00;RIO NEGRINHO;Acesso irregular;Colisão transversal;Com Vítimas Feridas;Pleno dia;Crescente;Céu Claro;Simples;Reta;-26,2430347;-49,5131747
16/06/2026;16:10:00;PONTES E LACERDA;Ultrapassagem Indevida;Colisão transversal;Com Vítimas Feridas;Pleno dia;Crescente;Céu Claro;Simples;Reta;-15,24791998;-59,32179272
16/06/2026;17:40:00;TRES ARROIOS;Animais na Pista;Atropelamento de Animal;Com Vítimas Feridas;Anoitecer;Decrescente;Céu Claro;Simples;"Declive;Reta";-27,52593147;-52,15379477
16/06/2026;17:00:00;SAO JOSE DO CERRITO;Demais Fenômenos da natureza;Colisão traseira;Com Vítimas Feridas;Anoitecer;Crescente;Céu Claro;Simples;Aclive;-27,748617;-50,502328
16/06/2026;15:30:00;ARAPONGAS;Ultrapassagem Indevida;Atropelamento de Pedestre;Com Vítimas Feridas;Pleno dia;Crescente;Céu Claro;Simples;Reta;-23,42522226;-51,42349362
16/06/2026;19:15:00;SANTA VITORIA DO PALMAR;Animais na Pista;Atropelamento de Animal;Com Vítimas Feridas;Plena Noite;Crescente;Nublado;Simples;Reta;-33,49775993;-53,31440449
16/06/2026;16:00:00;PORTO VELHO;Acumulo de água sobre o pavimento;Saída de leito carroçável;Com Vítimas Feridas;Pleno dia;Crescente;Chuva;Simples;Reta;-9,19220893;-64,2566058
16/06/2026;19:45:00;FEIRA DE SANTANA;Deficiência do Sistema de Iluminação/Sinalização;Saída de leito carroçável;Com Vítimas Feridas;Plena Noite;Decrescente;Chuva;Dupla;Curva;-12,33697;-38,849802
16/06/2026;12:30:00;ANGRA DOS REIS;Pista Escorregadia;Colisão com objeto;Com Vítimas Feridas;Pleno dia;Crescente;Chuva;Simples;"Curva;Declive";-22,946254;-44,330247
16/06/2026;18:12:00;EUNAPOLIS;Curva acentuada;Colisão frontal;Com Vítimas Feridas;Plena Noite;Decrescente;Céu Claro;Simples;"Curva;Declive";-16,187024;-39,606403
16/06/2026;23:44:00;NOVA ERA;Velocidade Incompatível;Saída de leito carroçável;Com Vítimas Feridas;Plena Noite;Crescente;Céu Claro;Simples;"Curva;Declive";-19,772;-43,04691
16/06/2026;07:50:00;GUAPIMIRIM;Acesso irregular;Colisão transversal;Com Vítimas Feridas;Pleno dia;Crescente;Céu Claro;Simples;Reta;-22,66742695;-43,02589986
15/06/2026;01:50:00;MEDINA;Velocidade Incompatível;Tombamento;Com Vítimas Feridas;Plena Noite;Crescente;Céu Claro;Simples;Curva;-16,43926;-41,49919
15/06/2026;06:50:00;GUARAMIRIM;Velocidade Incompatível;Tombamento;Com Vítimas Feridas;Pleno dia;Decrescente;Garoa/Chuvisco;Simples;"Curva;Em Obras;Desvio Temporário";-26,4554175;-48,9076054
15/06/2026;07:20:00;SAO FRANCISCO DO GLORIA;Velocidade Incompatível;Tombamento;Com Vítimas Feridas;Pleno dia;Crescente;Céu Claro;Simples;Curva;-20,83441;-42,32217
15/06/2026;15:20:00;ITAJAI;Velocidade Incompatível;Colisão transversal;Com Vítimas Feridas;Pleno dia;Crescente;Nublado;Dupla;Reta;-26,933495;-48,701587
15/06/2026;14:30:00;BARRA DO PIRAI;Velocidade Incompatível;Tombamento;Com Vítimas Feridas;Pleno dia;Crescente;Céu Claro;Simples;"Aclive;Curva";-22,4666433;-43,857875
15/06/2026;13:30:00;ARIQUEMES;Velocidade Incompatível;Tombamento;Com Vítimas Feridas;Pleno dia;Crescente;Sol;Simples;Reta;-10,246572;-62,732065
15/06/2026;16:35:00;IRANI;Neblina;Colisão transversal;Com Vítimas Feridas;Plena Noite;Decrescente;Nevoeiro/Neblina;Simples;Curva;-27,01094633;-51,87651722
15/06/2026;19:00:00;ITAPEMIRIM;Acostamento em desnível;Colisão com objeto;Sem Vítimas;Plena Noite;Crescente;Nublado;Simples;Reta;-20,8899759;-40,995749
15/06/2026;20:20:00;CALIFORNIA;Velocidade Incompatível;Colisão com objeto;Com Vítimas Feridas;Plena Noite;Crescente;Nublado;Dupla;"Declive;Curva";-23,69957;-51,33493
15/06/2026;18:00:00;VITORIA DO MEARIM;Demais falhas na via;Colisão com objeto;Sem Vítimas;Anoitecer;Decrescente;Céu Claro;Simples;"Aclive;Reta";-3,570816;-44,9497642
15/06/2026;22:00:00;ENTRE RIOS;Chuva;Saída de leito carroçável;Com Vítimas Feridas;Plena Noite;Decrescente;Chuva;Dupla;"Reta;Declive";-11,93481051;-38,0524148
15/06/2026;07:30:00;TIBAGI;Acumulo de água sobre o pavimento;Tombamento;Sem Vítimas;Amanhecer;Decrescente;Chuva;Dupla;Curva;-24,78048;-50,51364
15/06/2026;17:20:00;TIANGUA;Velocidade Incompatível;Tombamento;Com Vítimas Feridas;Anoitecer;Decrescente;Céu Claro;Simples;Reta;-3,746462;-41,011442
15/06/2026;05:45:00;ITUMBIARA;Neblina;Colisão transversal;Com Vítimas Feridas;Amanhecer;Decrescente;Nevoeiro/Neblina;Simples;"Interseção de Vias;Rotatória;Reta";-18,24318375;-49,70414249
15/06/2026;01:00:00;GOIANIA;Acumulo de água sobre o pavimento;Colisão com objeto;Com Vítimas Feridas;Plena Noite;Crescente;Nublado;Dupla;Reta;-16,70163;-49,336034
15/06/2026;05:46:00;RECIFE;Ausência de sinalização;Colisão traseira;Com Vítimas Feridas;Pleno dia;Decrescente;Céu Claro;Dupla;"Reta;Aclive;Viaduto";-8,067253;-34,943185
15/06/2026;03:30:00;BETIM;Velocidade Incompatível;Saída de leito carroçável;Com Vítimas Fatais;Plena Noite;Decrescente;Céu Claro;Dupla;Reta;-19,9786987;-44,2224804
15/06/2026;07:00:00;MAIRIPORA;Chuva;Capotamento;Com Vítimas Feridas;Amanhecer;Crescente;Chuva;Múltipla;"Curva;Declive";-23,349749;-46,553272
15/06/2026;07:20:00;FLORIANO;Conversão proibida;Colisão lateral mesmo sentido;Com Vítimas Feridas;Pleno dia;Decrescente;Céu Claro;Simples;Reta;-6,785768;-42,994938
15/06/2026;10:40:00;TIJUCAS DO SUL;Velocidade Incompatível;Saída de leito carroçável;Com Vítimas Feridas;Pleno dia;Decrescente;Chuva;Simples;"Aclive;Curva";-25,84673867;-49,01208814
15/06/2026;07:40:00;SANTA MARIA;Acumulo de areia ou detritos sobre o pavimento;Queda de ocupante de veículo;Com Vítimas Feridas;Pleno dia;Crescente;Céu Claro;Dupla;Rotatória;-29,70036862;-53,84080617
15/06/2026;13:00:00;ANGRA DOS REIS;Pista Escorregadia;Colisão traseira;Com Vítimas Feridas;Pleno dia;Crescente;Chuva;Simples;"Declive;Reta";-22,98635691;-44,29802366
15/06/2026;13:26:00;ITAPEMA;Ultrapassagem Indevida;Colisão transversal;Com Vítimas Feridas;Pleno dia;Crescente;Nublado;Dupla;"Interseção de Vias;Reta";-27,129694;-48,610211
15/06/2026;14:51:00;MIRACATU;Chuva;Saída de leito carroçável;Com Vítimas Feridas;Pleno dia;Decrescente;Chuva;Dupla;"Curva;Declive";-24,00904945;-47,1607273
15/06/2026;14:25:00;TOLEDO;Velocidade Incompatível;Saída de leito carroçável;Sem Vítimas;Pleno dia;Crescente;Céu Claro;Múltipla;"Aclive;Reta";-24,7656826;-53,6897551
15/06/2026;15:00:00;SAPUCAIA DO SUL;Velocidade Incompatível;Tombamento;Com Vítimas Feridas;Pleno dia;Crescente;Céu Claro;Simples;"Curva;Retorno Regulamentado;Aclive";-29,82630604;-51,17132155