data_inversa;horario;municipio;causa_acidente;tipo_acidente;classificacao_acidente;fase_dia;sentido_via;condicao_metereologica;tipo_pista;tracado_via;latitude;longitude
15/06/2026;16:15:00;BALSAS;Acesso irregular;Colisão traseira;Com Vítimas Feridas;Pleno dia;Crescente;Céu Claro;Múltipla;Reta;-7,521393;-46,049598
15/06/2026;07:00:00;IVINHEMA;Pista esburacada;Tombamento;Com Vítimas Feridas;Pleno dia;Crescente;Nublado;Simples;Reta;-22,38544089;-53,58101109
15/06/2026;16:10:00;JUTI;Retorno proibido;Colisão transversal;Com Vítimas Feridas;Pleno dia;Decrescente;Céu Claro;Simples;"Em Obras;Reta";-22,826952;-54,688299
15/06/2026;17:45:00;NITEROI;Acumulo de água sobre o pavimento;Colisão transversal;Com Vítimas Feridas;Anoitecer;Decrescente;Chuva;Simples;Reta;-22,87951837;-43,11402348
15/06/2026;16:40:00;PORTO SEGURO;Acesso irregular;Colisão lateral mesmo sentido;Com Vítimas Feridas;Pleno dia;Crescente;Céu Claro;Simples;Reta;-16,43691307;-39,0786895
15/06/2026;18:55:00;GOVERNADOR VALADARES;Ultrapassagem Indevida;Tombamento;Com Vítimas Feridas;Plena Noite;Crescente;Céu Claro;Simples;"Reta;Ponte";-18,88320837;-41,95352051
15/06/2026;18:13:00;BALSAS;Conversão proibida;Colisão transversal;Com Vítimas Feridas;Anoitecer;Crescente;Céu Claro;Simples;Reta;-7,522335;-46,03987
15/06/2026;19:45:00;EXTREMA;Acumulo de água sobre o pavimento;Colisão traseira;Com Vítimas Feridas;Plena Noite;Crescente;Chuva;Dupla;Reta;-22,8179499;-46,293914
15/06/2026;15:50:00;POUSO ALEGRE;Velocidade Incompatível;Tombamento;Com Vítimas Feridas;Pleno dia;Crescente;Chuva;Dupla;"Reta;Declive;Interseção de Vias;Viaduto";-22,27651809;-45,89418411
15/06/2026;18:50:00;ITUMBIARA;Condutor usando celular;Saída de leito carroçável;Com Vítimas Feridas;Anoitecer;Decrescente;Céu Claro;Dupla;Reta;-18,40433;-49,201168
15/06/2026;19:00:00;CAPANEMA;Chuva;Colisão lateral sentido oposto;Sem Vítimas;Plena Noite;Decrescente;Chuva;Simples;Reta;-1,21099;-47,121615
15/06/2026;18:45:00;TARAUACA;Ausência de sinalização;Colisão frontal;Com Vítimas Feridas;Anoitecer;Decrescente;Céu Claro;Simples;"Reta;Aclive";-7,811944;-71,9832
15/06/2026;11:10:00;CORRENTINA;Acumulo de areia ou detritos sobre o pavimento;Saída de leito carroçável;Com Vítimas Feridas;Pleno dia;Crescente;Céu Claro;Simples;Curva;-13,37542458;-44,61940527
15/06/2026;07:30:00;SAO SEBASTIAO DO PASSE;Neblina;Colisão traseira;Com Vítimas Feridas;Pleno dia;Decrescente;Nevoeiro/Neblina;Simples;Aclive;-12,57082345;-38,53761917
14/06/2026;02:10:00;JARAGUA;Velocidade Incompatível;Saída de leito carroçável;Com Vítimas Feridas;Plena Noite;Decrescente;Céu Claro;Dupla;Reta;-15,7587248;-49,3142759
14/06/2026;04:10:00;CAMPO GRANDE DO PIAUI;Ultrapassagem Indevida;Colisão frontal;Com Vítimas Fatais;Amanhecer;Crescente;Céu Claro;Simples;Reta;-7,136038;-41,003902
14/06/2026;10:20:00;UPANEMA;Ultrapassagem Indevida;Colisão com objeto;Com Vítimas Feridas;Pleno dia;Decrescente;Céu Claro;Dupla;Reta;-5,64011611;-37,25925207
14/06/2026;16:00:00;LINDOESTE;Velocidade Incompatível;Tombamento;Sem Vítimas;Pleno dia;Decrescente;Sol;Dupla;"Curva;Declive";-25,317261;-53,591486
14/06/2026;13:05:00;VILHENA;Acumulo de água sobre o pavimento;Colisão frontal;Com Vítimas Feridas;Pleno dia;Crescente;Chuva;Dupla;Curva;-12,76132998;-60,0982073
14/06/2026;16:43:00;NOVA OLINDA DO MARANHAO;Pista esburacada;Tombamento;Com Vítimas Feridas;Pleno dia;Crescente;Céu Claro;Simples;"Reta;Aclive";-2,770937;-45,71409
14/06/2026;17:45:00;NOVA VICOSA;Velocidade Incompatível;Saída de leito carroçável;Com Vítimas Feridas;Anoitecer;Crescente;Céu Claro;Simples;Reta;-17,89772799;-40,02044678
14/06/2026;17:40:00;JATAI;Acostamento em desnível;Saída de leito carroçável;Com Vítimas Feridas;Anoitecer;Decrescente;Garoa/Chuvisco;Múltipla;Curva;-17,87902477;-51,87380982
14/06/2026;18:56:00;VARJAO DE MINAS;Ultrapassagem Indevida;Colisão lateral sentido oposto;Sem Vítimas;Plena Noite;Crescente;Céu Claro;Simples;Curva;-18,40078;-46,05545
14/06/2026;06:36:00;NOVO PROGRESSO;Ultrapassagem Indevida;Saída de leito carroçável;Sem Vítimas;Pleno dia;Decrescente;Ignorado;Simples;Curva;-7,4725854;-55,290265
14/06/2026;00:00:00;PELOTAS;Velocidade Incompatível;Colisão com objeto;Sem Vítimas;Plena Noite;Decrescente;Nublado;Múltipla;"Rotatória;Interseção de Vias;Viaduto";-31,7074751;-52,3672333
14/06/2026;01:00:00;FRANCISCO ALVES;Chuva;Saída de leito carroçável;Sem Vítimas;Plena Noite;Crescente;Chuva;Simples;Reta;-24,06554276;-53,84991344
14/06/2026;01:50:00;UBATUBA;Velocidade Incompatível;Capotamento;Com Vítimas Feridas;Plena Noite;Crescente;Ignorado;Simples;Curva;-23,4276633;-45,08013
14/06/2026;01:30:00;SANTA BARBARA DO LESTE;Velocidade Incompatível;Tombamento;Com Vítimas Feridas;Plena Noite;Crescente;Céu Claro;Simples;"Reta;Aclive";-19,96164809;-42,13409436
14/06/2026;04:00:00;JOAO PESSOA;Velocidade Incompatível;Colisão traseira;Com Vítimas Feridas;Plena Noite;Crescente;Céu Claro;Dupla;Reta;-7,17051981;-34,86939001
14/06/2026;05:25:00;JUPI;Ultrapassagem Indevida;Colisão frontal;Com Vítimas Fatais;Pleno dia;Decrescente;Céu Claro;Simples;Reta;-8,66853364;-36,37533734
14/06/2026;06:25:00;SAO MIGUEL DO OESTE;Retorno proibido;Colisão transversal;Com Vítimas Feridas;Plena Noite;Crescente;Nevoeiro/Neblina;Simples;"Reta;Aclive";-26,68266358;-53,51462348
14/06/2026;07:00:00;CONTAGEM;Pista Escorregadia;Tombamento;Com Vítimas Feridas;Pleno dia;Crescente;Chuva;Dupla;Reta;-19,87529405;-44,05389905
14/06/2026;07:10:00;BETIM;Pista Escorregadia;Colisão com objeto;Com Vítimas Feridas;Pleno dia;Crescente;Chuva;Dupla;"Curva;Declive";-19,95757693;-44,07918453
14/06/2026;07:15:00;FLORESTAL;Velocidade Incompatível;Saída de leito carroçável;Com Vítimas Feridas;Pleno dia;Crescente;Chuva;Dupla;Curva;-19,91433;-44,49844
14/06/2026;09:45:00;CORNELIO PROCOPIO;Curva acentuada;Queda de ocupante de veículo;Com Vítimas Feridas;Pleno dia;Decrescente;Chuva;Dupla;"Declive;Curva";-23,179935;-50,624805
14/06/2026;10:40:00;MAFRA;Velocidade Incompatível;Saída de leito carroçável;Com Vítimas Feridas;Pleno dia;Decrescente;Chuva;Simples;"Curva;Declive";-26,1743283;-49,9672867
14/06/2026;09:45:00;CURITIBA;Chuva;Tombamento;Com Vítimas Feridas;Pleno dia;Decrescente;Chuva;Dupla;"Curva;Interseção de Vias";-25,42963;-49,36592
14/06/2026;09:20:00;SANTA MARIA DA BOA VISTA;Acesso irregular;Colisão transversal;Com Vítimas Fatais;Pleno dia;Decrescente;Céu Claro;Simples;Reta;-8,812563;-39,915012
14/06/2026;11:30:00;NOVA XAVANTINA;Ultrapassagem Indevida;Colisão frontal;Com Vítimas Feridas;Pleno dia;Crescente;Céu Claro;Simples;Reta;-14,620478;-52,357339
14/06/2026;08:30:00;ARAGUARI;Chuva;Saída de leito carroçável;Com Vítimas Feridas;Pleno dia;Crescente;Chuva;Dupla;Curva;-18,425517;-48,063812
14/06/2026;13:30:00;ANAPOLIS;Acumulo de areia ou detritos sobre o pavimento;Tombamento;Com Vítimas Feridas;Pleno dia;Decrescente;Céu Claro;Dupla;"Viaduto;Reta";-16,302596;-48,925277
14/06/2026;14:15:00;SAO JOSE DOS CAMPOS;Velocidade Incompatível;Saída de leito carroçável;Com Vítimas Feridas;Pleno dia;Crescente;Nublado;Dupla;Curva;-23;-46
14/06/2026;14:35:00;DELTA;Velocidade Incompatível;Capotamento;Com Vítimas Feridas;Pleno dia;Crescente;Chuva;Simples;Curva;-19,96944;-47,77748
14/06/2026;15:00:00;MANGARATIBA;Acesso irregular;Colisão transversal;Com Vítimas Feridas;Pleno dia;Crescente;Céu Claro;Simples;"Interseção de Vias;Reta";-22,9539651;-44,0860488
14/06/2026;15:00:00;CAJATI;Chuva;Saída de leito carroçável;Sem Vítimas;Pleno dia;Decrescente;Chuva;Simples;"Curva;Declive";-24,81391956;-48,20827067
14/06/2026;13:54:00;TRES RIOS;Velocidade Incompatível;Queda de ocupante de veículo;Com Vítimas Feridas;Pleno dia;Decrescente;Céu Claro;Dupla;Curva;-22,06634;-43,19606
14/06/2026;16:30:00;NOSSA SENHORA DO SOCORRO;Velocidade Incompatível;Tombamento;Com Vítimas Feridas;Pleno dia;Não Informado;Céu Claro;Simples;Reta;-10,88407674;-37,14473097
14/06/2026;10:50:00;PORTO SEGURO;Velocidade Incompatível;Saída de leito carroçável;Com Vítimas Feridas;Pleno dia;Decrescente;Céu Claro;Simples;Curva;-16,4378553;-39,0907075
14/06/2026;18:00:00;TERESOPOLIS;Ultrapassagem Indevida;Colisão frontal;Com Vítimas Feridas;Plena Noite;Crescente;Céu Claro;Simples;Reta;-22,40126;-42,953798
14/06/2026;17:00:00;UBERABA;Velocidade Incompatível;Colisão traseira;Sem Vítimas;Pleno dia;Decrescente;Chuva;Dupla;"Declive;Reta";-19,77062558;-47,90521709
14/06/2026;17:50:00;JUATUBA;Animais na Pista;Atropelamento de Animal;Com Vítimas Feridas;Anoitecer;Decrescente;Céu Claro;Dupla;Reta;-19,9596;-44,3388
14/06/2026;17:50:00;PROFESSOR JAMIL;Velocidade Incompatível;Saída de leito carroçável;Com Vítimas Fatais;Pleno dia;Crescente;Céu Claro;Dupla;Reta;-17,176825;-49,209294
14/06/2026;17:00:00;XANXERE;Velocidade Incompatível;Colisão frontal;Com Vítimas Feridas;Anoitecer;Decrescente;Céu Claro;Múltipla;"Interseção de Vias;Retorno Regulamentado";-26,885504;-52,435944
14/06/2026;17:30:00;CARIRA;Ultrapassagem Indevida;Colisão com objeto;Com Vítimas Feridas;Anoitecer;Decrescente;Céu Claro;Simples;Reta;-10,35236776;-37,70467043
14/06/2026;20:30:00;AMELIA RODRIGUES;Demais falhas na via;Saída de leito carroçável;Com Vítimas Feridas;Plena Noite;Crescente;Céu Claro;Dupla;"Retorno Regulamentado;Curva";-12,3791282;-38,7990769
14/06/2026;19:15:00;CRISTAL;Velocidade Incompatível;Saída de leito carroçável;Com Vítimas Feridas;Plena Noite;Decrescente;Nublado;Dupla;"Em Obras;Reta";-30,9374432;-51,929485
14/06/2026;18:20:00;JOAO PINHEIRO;Ultrapassagem Indevida;Colisão frontal;Com Vítimas Fatais;Anoitecer;Decrescente;Céu Claro;Simples;Reta;-17,677861;-46,331185
14/06/2026;22:10:00;JACAREZINHO;Acesso irregular;Saída de leito carroçável;Sem Vítimas;Plena Noite;Crescente;Garoa/Chuvisco;Simples;"Rotatória;Retorno Regulamentado";-23,00719;-49,90641
14/06/2026;19:20:00;IMBAU;Chuva;Saída de leito carroçável;Com Vítimas Feridas;Plena Noite;Crescente;Chuva;Dupla;"Declive;Curva";-24,47259;-50,73913
14/06/2026;21:30:00;CHAPECO;Velocidade Incompatível;Tombamento;Com Vítimas Feridas;Plena Noite;Decrescente;Céu Claro;Múltipla;Reta;-27,012125;-52,638931
14/06/2026;21:00:00;ORIZANIA;Velocidade Incompatível;Saída de leito carroçável;Com Vítimas Feridas;Plena Noite;Decrescente;Céu Claro;Simples;Reta;-20,500422;-42,18997
14/06/2026;19:05:00;UBERABA;Chuva;Tombamento;Com Vítimas Feridas;Plena Noite;Crescente;Chuva;Dupla;"Reta;Aclive";-19,17839339;-48,15828888
14/06/2026;22:00:00;RIACHAO DO JACUIPE;Velocidade Incompatível;Saída de leito carroçável;Com Vítimas Feridas;Plena Noite;Decrescente;Céu Claro;Simples;Reta;-11,7038073;-39,5276647
14/06/2026;14:30:00;SAO GONCALO;Afundamento ou ondulação no pavimento;Queda de ocupante de veículo;Com Vítimas Feridas;Pleno dia;Decrescente;Céu Claro;Dupla;Reta;-22,8220738;-43,08460236
14/06/2026;21:20:00;LAJES;Demais falhas na via;Saída de leito carroçável;Com Vítimas Feridas;Plena Noite;Crescente;Céu Claro;Simples;Reta;-5,739319;-36,099871
13/06/2026;07:15:00;SANTA BARBARA;Ultrapassagem Indevida;Colisão frontal;Com Vítimas Fatais;Pleno dia;Crescente;Céu Claro;Simples;Curva;-12,033815;-39,01481
13/06/2026;07:50:00;SAO GONCALO DO ABAETE;Chuva;Saída de leito carroçável;Com Vítimas Feridas;Pleno dia;Decrescente;Chuva;Simples;Curva;-18,113958;-45,458367
13/06/2026;08:00:00;NOVA ERA;Velocidade Incompatível;Colisão traseira;Com Vítimas Fatais;Pleno dia;Decrescente;Nublado;Simples;Curva;-19,70104;-42,9959
13/06/2026;15:30:00;EXTREMA;Velocidade Incompatível;Tombamento;Com Vítimas Feridas;Pleno dia;Decrescente;Nublado;Múltipla;Curva;-22,8119394;-46,2873488
13/06/2026;16:00:00;GOVERNADOR VALADARES;Demais falhas na via;Queda de ocupante de veículo;Com Vítimas Feridas;Pleno dia;Crescente;Nublado;Simples;Reta;-18,915489;-42,011366
13/06/2026;19:35:00;ITAPEMA;Animais na Pista;Atropelamento de Animal;Com Vítimas Feridas;Plena Noite;Decrescente;Céu Claro;Dupla;Reta;-27,07868499;-48,59947857
13/06/2026;20:30:00;MANHUACU;Conversão proibida;Colisão traseira;Com Vítimas Feridas;Plena Noite;Decrescente;Nublado;Simples;Reta;-20,242783;-42,135285
13/06/2026;16:00:00;SAO RAIMUNDO DAS MANGABEIRAS;Ultrapassagem Indevida;Tombamento;Com Vítimas Feridas;Pleno dia;Decrescente;Céu Claro;Simples;Reta;-7,003897;-45,450188
13/06/2026;13:06:00;VITORIA DA CONQUISTA;Velocidade Incompatível;Saída de leito carroçável;Com Vítimas Feridas;Pleno dia;Decrescente;Céu Claro;Simples;"Reta;Aclive";-14,717305;-40,615247
13/06/2026;11:00:00;JAGUAQUARA;Velocidade Incompatível;Tombamento;Com Vítimas Feridas;Plena Noite;Decrescente;Céu Claro;Simples;Reta;-13,363626;-40,018154
13/06/2026;04:23:00;JOAO PESSOA;Velocidade Incompatível;Colisão traseira;Com Vítimas Feridas;Amanhecer;Crescente;Céu Claro;Múltipla;Viaduto;-7,168844;-34,86495
13/06/2026;02:00:00;CLAUDIA;Animais na Pista;Atropelamento de Animal;Com Vítimas Feridas;Plena Noite;Crescente;Céu Claro;Simples;Reta;-11,363193;-55,337289
13/06/2026;05:30:00;GUAIBA;Iluminação deficiente;Capotamento;Sem Vítimas;Amanhecer;Decrescente;Chuva;Simples;Reta;-30,146476;-51,364298
13/06/2026;05:20:00;ARACATI;Demais Fenômenos da natureza;Colisão traseira;Com Vítimas Feridas;Pleno dia;Crescente;Céu Claro;Simples;Curva;-4,5806493;-37,77323842
13/06/2026;06:40:00;CAMANDUCAIA;Velocidade Incompatível;Capotamento;Com Vítimas Feridas;Pleno dia;Decrescente;Chuva;Dupla;Curva;-22,71372943;-46,1221844
13/06/2026;05:50:00;CURITIBA;Velocidade Incompatível;Colisão com objeto;Sem Vítimas;Amanhecer;Decrescente;Nublado;Dupla;"Curva;Viaduto";-25,44380656;-49,23411068
13/06/2026;07:20:00;GUARULHOS;Pista Escorregadia;Tombamento;Com Vítimas Feridas;Pleno dia;Crescente;Chuva;Múltipla;Reta;-23,45344361;-46,47077322
13/06/2026;08:30:00;SAO JOSE DOS CAMPOS;Pista Escorregadia;Queda de ocupante de veículo;Com Vítimas Feridas;Pleno dia;Decrescente;Chuva;Dupla;Curva;-23,23686559;-45,9169272
13/06/2026;07:05:00;FLEXEIRAS;Pista Escorregadia;Saída de leito carroçável;Com Vítimas Feridas;Pleno dia;Decrescente;Chuva;Dupla;Curva;-9,170485;-35,7748067
13/06/2026;07:50:00;ITAPEVA;Chuva;Colisão frontal;Com Vítimas Feridas;Pleno dia;Decrescente;Garoa/Chuvisco;Dupla;Curva;-22,767501;-46,217648
13/06/2026;09:25:00;MATEUS LEME;Velocidade Incompatível;Saída de leito carroçável;Com Vítimas Feridas;Pleno dia;Decrescente;Garoa/Chuvisco;Dupla;Reta;-19,922714;-44,46556
13/06/2026;10:20:00;NOVA ANDRADINA;Pista esburacada;Tombamento;Com Vítimas Feridas;Pleno dia;Decrescente;Chuva;Simples;Reta;-22,313216;-53,411873
13/06/2026;11:05:00;TRES LAGOAS;Acumulo de água sobre o pavimento;Saída de leito carroçável;Sem Vítimas;Pleno dia;Crescente;Chuva;Simples;Curva;-21,11561829;-51,94496942
13/06/2026;09:26:00;RIO BRANCO;Pista esburacada;Tombamento;Com Vítimas Feridas;Pleno dia;Crescente;Céu Claro;Dupla;Reta;-10,013607;-67,803864
13/06/2026;13:00:00;CONTAGEM;Velocidade Incompatível;Colisão lateral mesmo sentido;Com Vítimas Feridas;Pleno dia;Crescente;Céu Claro;Dupla;"Curva;Declive";-19,84470043;-44,07427009
13/06/2026;13:58:00;JABOATAO DOS GUARARAPES;Demais falhas na via;Queda de ocupante de veículo;Com Vítimas Feridas;Pleno dia;Crescente;Sol;Dupla;Reta;-8,17191;-34,93976
13/06/2026;11:20:00;DUQUE DE CAXIAS;Conversão proibida;Colisão frontal;Com Vítimas Feridas;Pleno dia;Decrescente;Céu Claro;Múltipla;Reta;-22,6411;-43,2834
13/06/2026;15:20:00;TRINDADE;Acumulo de areia ou detritos sobre o pavimento;Colisão com objeto;Com Vítimas Feridas;Pleno dia;Crescente;Céu Claro;Simples;"Declive;Reta";-7,7453523;-40,27656555
13/06/2026;15:20:00;ANAPOLIS;Sinalização mal posicionada;Colisão traseira;Com Vítimas Feridas;Pleno dia;Decrescente;Nublado;Dupla;"Em Obras;Declive";-16,323742;-48,921436
13/06/2026;16:00:00;MORRETES;Velocidade Incompatível;Colisão com objeto;Com Vítimas Fatais;Pleno dia;Crescente;Céu Claro;Dupla;Curva;-25,567141;-48,81105
13/06/2026;15:40:00;VOLTA REDONDA;Conversão proibida;Colisão transversal;Com Vítimas Feridas;Pleno dia;Crescente;Céu Claro;Simples;Reta;-22,4940372;-44,066943
13/06/2026;12:40:00;NOVA IGUACU;Acesso irregular;Colisão transversal;Com Vítimas Feridas;Pleno dia;Crescente;Céu Claro;Simples;Reta;-22,85684085;-43,60183775
13/06/2026;19:20:00;LAGOA VERMELHA;Conversão proibida;Colisão transversal;Com Vítimas Feridas;Plena Noite;Decrescente;Nublado;Simples;Reta;-28,215902;-51,510018
13/06/2026;18:20:00;VALPARAISO DE GOIAS;Acesso irregular;Colisão transversal;Sem Vítimas;Plena Noite;Crescente;Chuva;Dupla;Reta;-16,12111;-47,96441
13/06/2026;19:05:00;MANHUACU;Ultrapassagem Indevida;Atropelamento de Pedestre;Com Vítimas Feridas;Plena Noite;Crescente;Céu Claro;Simples;"Interseção de Vias;Curva";-20,259432;-42,031852
13/06/2026;20:20:00;MATELANDIA;Velocidade Incompatível;Colisão com objeto;Sem Vítimas;Plena Noite;Crescente;Céu Claro;Dupla;Reta;-25,23879;-53,968315
13/06/2026;22:10:00;SANTA RITA DE CALDAS;Animais na Pista;Atropelamento de Animal;Com Vítimas Feridas;Plena Noite;Decrescente;Céu Claro;Simples;Reta;-22,022105;-46,307833
13/06/2026;22:50:00;SAPUCAIA DO SUL;Velocidade Incompatível;Colisão lateral mesmo sentido;Sem Vítimas;Plena Noite;Decrescente;Céu Claro;Múltipla;Reta;-29,82258438;-51,17131526
13/06/2026;22:40:00;SAO JOSE;Acesso irregular;Colisão lateral mesmo sentido;Com Vítimas Feridas;Plena Noite;Crescente;Nublado;Múltipla;Interseção de Vias;-27,59361904;-48,61895291
13/06/2026;18:00:00;RIO BONITO;Acesso irregular;Colisão frontal;Sem Vítimas;Anoitecer;Não Informado;Nublado;Simples;Reta;-22,71135213;-42,68476009
12/06/2026;06:30:00;SOLEDADE;Desvio temporário;Colisão lateral sentido oposto;Com Vítimas Feridas;Amanhecer;Crescente;Garoa/Chuvisco;Dupla;"Reta;Desvio Temporário;Em Obras";-28,85018;-52,4473
12/06/2026;07:45:00;APUCARANA;Chuva;Colisão traseira;Com Vítimas Feridas;Pleno dia;Decrescente;Chuva;Dupla;"Aclive;Curva";-23,5938797;-51,41017914
12/06/2026;09:30:00;UBERLANDIA;Velocidade Incompatível;Colisão traseira;Com Vítimas Feridas;Pleno dia;Decrescente;Nublado;Dupla;Aclive;-18,98588043;-48,21194395
12/06/2026;10:40:00;VALPARAISO DE GOIAS;Acumulo de água sobre o pavimento;Saída de leito carroçável;Sem Vítimas;Pleno dia;Crescente;Chuva;Dupla;Reta;-16,10532;-47,974372
12/06/2026;11:00:00;PATOS DE MINAS;Pista Escorregadia;Colisão lateral sentido oposto;Com Vítimas Feridas;Pleno dia;Crescente;Chuva;Simples;"Declive;Ponte";-18,74458;-46,63184
12/06/2026;10:30:00;DOIS IRMAOS DO BURITI;Velocidade Incompatível;Tombamento;Com Vítimas Feridas;Pleno dia;Crescente;Nublado;Simples;Rotatória;-20,526556;-55,400227
12/06/2026;13:00:00;CARIACICA;Demais falhas na via;Colisão transversal;Com Vítimas Feridas;Pleno dia;Crescente;Céu Claro;Dupla;"Reta;Interseção de Vias;Retorno Regulamentado";-20,29376351;-40,39300251
12/06/2026;12:15:00;NATAL;Ultrapassagem Indevida;Colisão lateral mesmo sentido;Sem Vítimas;Pleno dia;Crescente;Sol;Simples;Reta;-5,817693;-35,249993
12/06/2026;14:15:00;SARANDI;Conversão proibida;Colisão transversal;Sem Vítimas;Pleno dia;Crescente;Chuva;Simples;Reta;-27,931266;-52,961442
12/06/2026;17:35:00;BURITIZEIRO;Pista Escorregadia;Colisão frontal;Com Vítimas Fatais;Anoitecer;Decrescente;Nublado;Simples;Curva;-17,39999;-45,003333
12/06/2026;18:50:00;CARANDAI;Conversão proibida;Colisão traseira;Com Vítimas Feridas;Plena Noite;Crescente;Céu Claro;Dupla;Aclive;-20,9859127;-43,7813689
12/06/2026;22:00:00;CORREGO DANTA;Velocidade Incompatível;Tombamento;Com Vítimas Feridas;Plena Noite;Crescente;Nublado;Simples;"Aclive;Curva";-19,74190421;-45,94546795
12/06/2026;18:15:00;CANAPI;Deficiência do Sistema de Iluminação/Sinalização;Colisão traseira;Com Vítimas Feridas;Plena Noite;Decrescente;Céu Claro;Simples;Reta;-9,189298;-37,501898
12/06/2026;02:30:00;JOINVILLE;Velocidade Incompatível;Saída de leito carroçável;Com Vítimas Feridas;Plena Noite;Decrescente;Nublado;Dupla;Curva;-26,31000099;-48,87767879
12/06/2026;07:30:00;CURITIBA;Chuva;Queda de ocupante de veículo;Com Vítimas Feridas;Amanhecer;Crescente;Chuva;Dupla;Reta;-25,53758974;-49,31418769
12/06/2026;07:50:00;CUNHA PORA;Chuva;Saída de leito carroçável;Com Vítimas Feridas;Pleno dia;Crescente;Chuva;Simples;"Curva;Declive";-26,86689052;-53,16405706
12/06/2026;06:45:00;GOVERNADOR VALADARES;Retorno proibido;Colisão transversal;Com Vítimas Feridas;Pleno dia;Decrescente;Nevoeiro/Neblina;Dupla;"Ponte;Reta";-18,85493986;-41,97600363
12/06/2026;07:40:00;PANTANO GRANDE;Chuva;Colisão com objeto;Sem Vítimas;Pleno dia;Crescente;Chuva;Dupla;Reta;-30,20067137;-52,4305114
12/06/2026;08:15:00;UBERABA;Pista Escorregadia;Tombamento;Com Vítimas Feridas;Pleno dia;Crescente;Chuva;Dupla;"Declive;Reta";-19,746909;-47,983584
12/06/2026;08:00:00;MANGARATIBA;Velocidade Incompatível;Saída de leito carroçável;Com Vítimas Feridas;Pleno dia;Decrescente;Nublado;Simples;Curva;-22,991874;-44,095485
12/06/2026;08:30:00;ITABAIANA;Ultrapassagem Indevida;Colisão frontal;Com Vítimas Feridas;Pleno dia;Decrescente;Céu Claro;Simples;Aclive;-10,76208226;-37,38809936
12/06/2026;10:26:00;PARAISO DO TOCANTINS;Acesso irregular;Colisão transversal;Com Vítimas Feridas;Pleno dia;Decrescente;Céu Claro;Simples;"Aclive;Reta";-10,18378824;-48,88018548
12/06/2026;10:20:00;LINHARES;Conversão proibida;Atropelamento de Pedestre;Com Vítimas Feridas;Pleno dia;Decrescente;Céu Claro;Múltipla;"Interseção de Vias;Reta";-19,39966305;-40,06231665
12/06/2026;09:10:00;CRISTALINA;Velocidade Incompatível;Saída de leito carroçável;Com Vítimas Feridas;Pleno dia;Crescente;Nublado;Simples;"Retorno Regulamentado;Reta";-16,05544;-47,53565
12/06/2026;10:10:00;MOSSORO;Ultrapassagem Indevida;Saída de leito carroçável;Com Vítimas Fatais;Pleno dia;Decrescente;Céu Claro;Simples;Reta;-5,31411;-37,27459
12/06/2026;12:05:00;CIPO;Ultrapassagem Indevida;Saída de leito carroçável;Com Vítimas Feridas;Pleno dia;Decrescente;Céu Claro;Simples;Reta;-11,12322;-38,51833
12/06/2026;11:45:00;ANTONINA;Pista Escorregadia;Saída de leito carroçável;Com Vítimas Feridas;Pleno dia;Decrescente;Garoa/Chuvisco;Dupla;"Declive;Curva";-25,113634;-48,759121
12/06/2026;09:00:00;SANTO ANTONIO DO LEVERGER;Acesso irregular;Colisão transversal;Com Vítimas Feridas;Pleno dia;Decrescente;Céu Claro;Dupla;Reta;-15,70072212;-55,87268829
12/06/2026;14:25:00;CACAPAVA DO SUL;Demais Fenômenos da natureza;Eventos atípicos;Com Vítimas Feridas;Pleno dia;Decrescente;Chuva;Simples;"Declive;Curva";-30,409185;-53,498417
12/06/2026;14:30:00;PORTO SEGURO;Ultrapassagem Indevida;Colisão frontal;Com Vítimas Feridas;Pleno dia;Crescente;Céu Claro;Simples;Curva;-16,414311;-39,123
12/06/2026;15:10:00;ITATIAIUCU;Acumulo de água sobre o pavimento;Capotamento;Com Vítimas Feridas;Pleno dia;Crescente;Chuva;Dupla;Curva;-20,1641302;-44,3661283
12/06/2026;14:13:00;SANTA TEREZINHA DE ITAIPU;Animais na Pista;Atropelamento de Pedestre;Com Vítimas Feridas;Pleno dia;Crescente;Céu Claro;Dupla;Reta;-25,47559418;-54,47387982
12/06/2026;15:30:00;SIMAO PEREIRA;Velocidade Incompatível;Saída de leito carroçável;Com Vítimas Feridas;Pleno dia;Crescente;Nevoeiro/Neblina;Dupla;Curva;-21,99042526;-43,28466766
12/06/2026;16:00:00;GANDU;Demais falhas na via;Saída de leito carroçável;Sem Vítimas;Pleno dia;Decrescente;Céu Claro;Simples;Reta;-13,786237;-39,49379906
12/06/2026;18:00:00;VITORIA DA CONQUISTA;Velocidade Incompatível;Tombamento;Com Vítimas Fatais;Anoitecer;Crescente;Céu Claro;Simples;"Interseção de Vias;Reta";-15,1157483;-41,030015
12/06/2026;18:15:00;ABRE CAMPO;Iluminação deficiente;Colisão traseira;Com Vítimas Feridas;Plena Noite;Crescente;Chuva;Simples;"Reta;Aclive";-20,33913244;-42,42653243
12/06/2026;18:50:00;PALHOCA;Acumulo de areia ou detritos sobre o pavimento;Tombamento;Com Vítimas Feridas;Plena Noite;Crescente;Garoa/Chuvisco;Múltipla;"Curva;Viaduto";-27,675428;-48,670514
12/06/2026;18:35:00;NOVA SANTA RITA;Ausência de sinalização;Colisão com objeto;Com Vítimas Feridas;Plena Noite;Decrescente;Chuva;Simples;Reta;-29,83844482;-51,30386559
12/06/2026;19:10:00;BARAO;Chuva;Saída de leito carroçável;Com Vítimas Feridas;Plena Noite;Crescente;Chuva;Simples;Curva;-29,3890088;-51,4948937