data_inversa;horario;municipio;causa_acidente;tipo_acidente;classificacao_acidente;fase_dia;sentido_via;condicao_metereologica;tipo_pista;tracado_via;latitude;longitude
12/06/2026;18:30:00;ICO;Acesso irregular;Colisão frontal;Com Vítimas Feridas;Plena Noite;Crescente;Céu Claro;Simples;"Interseção de Vias;Reta";-6,3980759;-38,8352305
12/06/2026;17:50:00;DUQUE DE CAXIAS;Pista Escorregadia;Tombamento;Com Vítimas Feridas;Plena Noite;Crescente;Céu Claro;Dupla;"Declive;Curva";-22,569612;-43,277669
12/06/2026;18:30:00;SANTANA DO IPANEMA;Conversão proibida;Colisão transversal;Com Vítimas Feridas;Pleno dia;Crescente;Céu Claro;Simples;Declive;-9,37288735;-37,23637225
12/06/2026;18:40:00;SAO GONCALO DO AMARANTE;Conversão proibida;Colisão transversal;Com Vítimas Feridas;Plena Noite;Crescente;Céu Claro;Simples;Reta;-3,670772;-39,079059
12/06/2026;11:30:00;PICOS;Retorno proibido;Colisão frontal;Com Vítimas Feridas;Pleno dia;Decrescente;Céu Claro;Dupla;"Aclive;Reta";-7,07916;-41,504779
12/06/2026;17:45:00;SEROPEDICA;Acesso irregular;Colisão transversal;Com Vítimas Feridas;Plena Noite;Crescente;Nublado;Simples;Reta;-22,80958801;-43,63311259
12/06/2026;22:30:00;LEOPOLDINA;Animais na Pista;Saída de leito carroçável;Sem Vítimas;Plena Noite;Decrescente;Céu Claro;Simples;Reta;-21,403953;-42,499003
12/06/2026;22:20:00;SEROPEDICA;Iluminação deficiente;Saída de leito carroçável;Com Vítimas Feridas;Plena Noite;Crescente;Nublado;Múltipla;Reta;-22,71561223;-43,70575754
12/06/2026;21:25:00;IMPERATRIZ;Conversão proibida;Colisão frontal;Com Vítimas Feridas;Plena Noite;Crescente;Céu Claro;Simples;Reta;-5,544167;-47,463807
12/06/2026;23:20:00;CAXIAS;Velocidade Incompatível;Saída de leito carroçável;Com Vítimas Feridas;Plena Noite;Decrescente;Céu Claro;Simples;Reta;-4,971284;-43,110358
12/06/2026;00:30:00;NOVA XAVANTINA;Acesso irregular;Colisão traseira;Com Vítimas Fatais;Plena Noite;Crescente;Ignorado;Simples;Reta;-14,61736574;-52,35768691
11/06/2026;03:25:00;SANTA TERESINHA;Ultrapassagem Indevida;Colisão frontal;Com Vítimas Feridas;Plena Noite;Crescente;Céu Claro;Simples;Reta;-12,658561;-39,624992
11/06/2026;05:50:00;MUCURI;Neblina;Colisão traseira;Com Vítimas Feridas;Amanhecer;Crescente;Nevoeiro/Neblina;Simples;Reta;-18,05471;-39,872681
11/06/2026;09:52:00;SETE LAGOAS;Demais falhas na via;Saída de leito carroçável;Com Vítimas Feridas;Pleno dia;Crescente;Chuva;Dupla;"Aclive;Curva";-19,433;-44,33589
11/06/2026;08:55:00;SAO PEDRO DO SUL;Ultrapassagem Indevida;Colisão lateral sentido oposto;Com Vítimas Feridas;Pleno dia;Decrescente;Nevoeiro/Neblina;Simples;Reta;-29,645162;-54,377169
11/06/2026;09:30:00;CAJATI;Curva acentuada;Tombamento;Com Vítimas Feridas;Pleno dia;Crescente;Nublado;Dupla;Curva;-24,77866554;-48,21160063
11/06/2026;12:40:00;LEOPOLDINA;Chuva;Colisão frontal;Com Vítimas Feridas;Pleno dia;Crescente;Chuva;Simples;Curva;-21,54265771;-42,6558681
11/06/2026;09:25:00;FRUTAL;Velocidade Incompatível;Colisão lateral sentido oposto;Com Vítimas Feridas;Pleno dia;Crescente;Garoa/Chuvisco;Simples;"Curva;Declive";-19,867448;-48,969652
11/06/2026;13:30:00;PORTO SEGURO;Velocidade Incompatível;Colisão frontal;Com Vítimas Fatais;Pleno dia;Crescente;Nublado;Simples;Curva;-16,396007;-39,41549
11/06/2026;15:00:00;DUQUE DE CAXIAS;Ultrapassagem Indevida;Colisão lateral mesmo sentido;Com Vítimas Fatais;Pleno dia;Decrescente;Nublado;Simples;"Ponte;Retorno Regulamentado;Curva";-22,71615654;-43,28916756
11/06/2026;21:40:00;SALGUEIRO;Ultrapassagem Indevida;Colisão lateral mesmo sentido;Com Vítimas Feridas;Plena Noite;Decrescente;Céu Claro;Simples;Reta;-8,060902;-39,114502
11/06/2026;20:30:00;CORREGO DANTA;Curva acentuada;Saída de leito carroçável;Com Vítimas Feridas;Plena Noite;Crescente;Céu Claro;Simples;Curva;-19,67349283;-46,04345189
11/06/2026;22:10:00;UBERABA;Velocidade Incompatível;Colisão com objeto;Com Vítimas Feridas;Plena Noite;Decrescente;Céu Claro;Dupla;"Declive;Reta";-19,87157;-47,85909
11/06/2026;20:45:00;REDUTO;Pista Escorregadia;Colisão frontal;Com Vítimas Feridas;Plena Noite;Crescente;Chuva;Simples;"Curva;Declive";-20,24583659;-41,92468286
11/06/2026;11:10:00;SAO DESIDERIO;Ultrapassagem Indevida;Colisão frontal;Com Vítimas Feridas;Pleno dia;Crescente;Céu Claro;Simples;Reta;-13,14411;-46,02629
11/06/2026;09:45:00;BACABEIRA;Retorno proibido;Colisão transversal;Com Vítimas Feridas;Pleno dia;Crescente;Céu Claro;Dupla;"Aclive;Reta";-2,98226;-44,31327
11/06/2026;00:05:00;VALENCA DO PIAUI;Pista esburacada;Tombamento;Com Vítimas Feridas;Pleno dia;Crescente;Céu Claro;Simples;Reta;-6,3396306;-41,81687705
11/06/2026;06:21:00;NOVA LIMA;Conversão proibida;Colisão transversal;Com Vítimas Feridas;Pleno dia;Crescente;Nublado;Dupla;Reta;-20,06278431;-43,97866845
11/06/2026;06:15:00;CONTAGEM;Condutor usando celular;Colisão traseira;Com Vítimas Feridas;Pleno dia;Crescente;Céu Claro;Dupla;Curva;-19,92184634;-44,03478527
11/06/2026;07:00:00;CORNELIO PROCOPIO;Acumulo de água sobre o pavimento;Colisão com objeto;Com Vítimas Feridas;Amanhecer;Crescente;Chuva;Dupla;Reta;-23,24194904;-50,70508636
11/06/2026;05:43:00;TRINDADE;Ultrapassagem Indevida;Colisão frontal;Com Vítimas Feridas;Amanhecer;Crescente;Céu Claro;Simples;Reta;-7,77482509;-40,25382964
11/06/2026;07:20:00;SAO JOSE DO RIO PRETO;Chuva;Colisão lateral mesmo sentido;Com Vítimas Feridas;Pleno dia;Crescente;Chuva;Dupla;Reta;-20,77438651;-49,35181824
11/06/2026;05:40:00;CAMPO GRANDE;Animais na Pista;Atropelamento de Animal;Com Vítimas Feridas;Amanhecer;Decrescente;Céu Claro;Simples;Reta;-20,365839;-54,621832
11/06/2026;08:55:00;ESTIVA;Velocidade Incompatível;Capotamento;Com Vítimas Feridas;Pleno dia;Decrescente;Chuva;Dupla;Curva;-22,4399017;-45,9855318
11/06/2026;09:29:00;OLIVEIRA;Pista Escorregadia;Capotamento;Com Vítimas Feridas;Pleno dia;Crescente;Chuva;Dupla;Curva;-20,73542543;-44,77353573
11/06/2026;09:25:00;MANDIRITUBA;Conversão proibida;Colisão transversal;Com Vítimas Feridas;Pleno dia;Crescente;Nublado;Simples;"Declive;Reta";-25,786497;-49,326493
11/06/2026;10:20:00;MATEUS LEME;Velocidade Incompatível;Saída de leito carroçável;Com Vítimas Feridas;Pleno dia;Crescente;Chuva;Dupla;Curva;-19,920855;-44,470163
11/06/2026;10:00:00;SETE LAGOAS;Chuva;Colisão traseira;Com Vítimas Feridas;Pleno dia;Crescente;Garoa/Chuvisco;Múltipla;Declive;-19,47713587;-44,28888798
11/06/2026;10:15:00;PELOTAS;Velocidade Incompatível;Tombamento;Com Vítimas Feridas;Pleno dia;Decrescente;Céu Claro;Simples;Curva;-31,74511411;-52,40354765
11/06/2026;11:10:00;JUIZ DE FORA;Pista Escorregadia;Saída de leito carroçável;Com Vítimas Feridas;Pleno dia;Decrescente;Garoa/Chuvisco;Simples;Curva;-21,776532;-43,623426
11/06/2026;11:40:00;SENADOR JOSE BENTO;Acostamento em desnível;Queda de ocupante de veículo;Com Vítimas Feridas;Pleno dia;Decrescente;Nublado;Simples;Reta;-22,15870157;-46,11402869
11/06/2026;11:25:00;RECIFE;Velocidade Incompatível;Tombamento;Com Vítimas Feridas;Pleno dia;Decrescente;Céu Claro;Simples;"Retorno Regulamentado;Curva";-8,06934;-34,94436
11/06/2026;11:10:00;FAZENDA RIO GRANDE;Acumulo de areia ou detritos sobre o pavimento;Tombamento;Com Vítimas Feridas;Pleno dia;Crescente;Nublado;Dupla;Curva;-25,644019;-49,312703
11/06/2026;12:05:00;TRES RIOS;Velocidade Incompatível;Colisão com objeto;Com Vítimas Feridas;Pleno dia;Decrescente;Chuva;Dupla;"Curva;Declive";-22,0659502;-43,1959307
11/06/2026;10:30:00;PIANCO;Animais na Pista;Colisão com objeto;Com Vítimas Feridas;Pleno dia;Decrescente;Céu Claro;Simples;"Reta;Ponte";-7,185552;-37,875965
11/06/2026;13:40:00;CARMO DA CACHOEIRA;Velocidade Incompatível;Colisão com objeto;Com Vítimas Feridas;Pleno dia;Crescente;Chuva;Dupla;"Retorno Regulamentado;Curva";-21,37464131;-45,19217491
11/06/2026;14:23:00;RIO NEGRINHO;Retorno proibido;Colisão lateral mesmo sentido;Com Vítimas Feridas;Pleno dia;Decrescente;Céu Claro;Simples;Reta;-26,243547;-49,514365
11/06/2026;13:40:00;BRASILIA;Acostamento em desnível;Saída de leito carroçável;Com Vítimas Feridas;Pleno dia;Crescente;Garoa/Chuvisco;Dupla;"Reta;Em Obras";-15,640047;-47,752015
11/06/2026;14:45:00;BETIM;Velocidade Incompatível;Queda de ocupante de veículo;Com Vítimas Feridas;Pleno dia;Crescente;Nublado;Dupla;Reta;-19,98436417;-44,20685856
11/06/2026;13:30:00;CARMO DA CACHOEIRA;Velocidade Incompatível;Saída de leito carroçável;Sem Vítimas;Pleno dia;Decrescente;Chuva;Dupla;"Curva;Aclive";-21,478328;-45,201242
11/06/2026;16:00:00;PETROPOLIS;Velocidade Incompatível;Tombamento;Com Vítimas Feridas;Pleno dia;Crescente;Chuva;Dupla;Retorno Regulamentado;-22,40239914;-43,1380105
11/06/2026;15:00:00;GUAMIRANGA;Chuva;Saída de leito carroçável;Com Vítimas Feridas;Pleno dia;Decrescente;Chuva;Simples;Curva;-25,18620271;-50,80819957
11/06/2026;17:20:00;COLATINA;Ultrapassagem Indevida;Colisão transversal;Com Vítimas Feridas;Anoitecer;Crescente;Céu Claro;Simples;"Reta;Interseção de Vias;Rotatória;Retorno Regulamentado";-19,511235;-40,60521
11/06/2026;15:10:00;GARIBALDI;Conversão proibida;Colisão lateral mesmo sentido;Com Vítimas Feridas;Pleno dia;Decrescente;Céu Claro;Simples;Curva;-29,26384299;-51,50222652
11/06/2026;17:20:00;FEIRA DE SANTANA;Acesso irregular;Colisão lateral mesmo sentido;Sem Vítimas;Pleno dia;Decrescente;Céu Claro;Dupla;Reta;-12,27743833;-38,92846333
11/06/2026;15:39:00;ITAGUARA;Chuva;Saída de leito carroçável;Com Vítimas Feridas;Pleno dia;Decrescente;Chuva;Dupla;Curva;-20,38584147;-44,48456955
11/06/2026;18:35:00;PONTES E LACERDA;Animais na Pista;Atropelamento de Animal;Com Vítimas Feridas;Plena Noite;Decrescente;Céu Claro;Simples;Reta;-15,201852;-59,400141
11/06/2026;21:00:00;BRASILIA;Pista Escorregadia;Eventos atípicos;Com Vítimas Feridas;Plena Noite;Crescente;Garoa/Chuvisco;Dupla;Reta;-15,600902;-47,679908
11/06/2026;18:10:00;NOVA SOURE;Ultrapassagem Indevida;Colisão frontal;Com Vítimas Feridas;Plena Noite;Decrescente;Céu Claro;Simples;"Reta;Interseção de Vias";-11,24306681;-38,47622244
11/06/2026;19:43:00;ANGRA DOS REIS;Ultrapassagem Indevida;Queda de ocupante de veículo;Com Vítimas Fatais;Plena Noite;Decrescente;Nublado;Simples;"Reta;Declive";-22,95523201;-44,31816101
11/06/2026;19:00:00;CONQUISTA DOESTE;Animais na Pista;Atropelamento de Animal;Com Vítimas Feridas;Plena Noite;Crescente;Céu Claro;Simples;Reta;-14,80741322;-59,32308197
11/06/2026;20:49:00;CAARAPO;Chuva;Saída de leito carroçável;Com Vítimas Feridas;Plena Noite;Crescente;Chuva;Simples;"Declive;Reta";-22,48259641;-54,86647954
11/06/2026;18:00:00;VARGEM BONITA;Ultrapassagem Indevida;Colisão frontal;Com Vítimas Feridas;Anoitecer;Decrescente;Nublado;Simples;Curva;-26,9791572;-51,8006619
11/06/2026;15:04:00;BRASILIA;Velocidade Incompatível;Saída de leito carroçável;Com Vítimas Feridas;Pleno dia;Crescente;Chuva;Dupla;"Reta;Declive";-15,578033;-47,383287
11/06/2026;09:40:00;PARACATU;Ultrapassagem Indevida;Tombamento;Com Vítimas Feridas;Pleno dia;Crescente;Ignorado;Simples;Reta;-17,489471;-46,606248
10/06/2026;01:00:00;SAO SEBASTIAO DO PASSE;Fumaça;Incêndio;Sem Vítimas;Plena Noite;Crescente;Céu Claro;Múltipla;Reta;-12,5065733;-38,634725
10/06/2026;03:40:00;BANDEIRANTES;Velocidade Incompatível;Atropelamento de Animal;Com Vítimas Feridas;Plena Noite;Decrescente;Nublado;Simples;"Aclive;Reta";-19,735838;-54,35267
10/06/2026;03:00:00;CATU;Curva acentuada;Colisão transversal;Com Vítimas Fatais;Plena Noite;Crescente;Céu Claro;Simples;Aclive;-12,4125997;-38,4393338
10/06/2026;07:00:00;JANDAIA DO SUL;Acumulo de água sobre o pavimento;Colisão lateral sentido oposto;Com Vítimas Fatais;Amanhecer;Crescente;Chuva;Simples;"Curva;Declive";-23,6055;-51,665248
10/06/2026;02:26:00;SAO JOSE DA VITORIA;Curva acentuada;Incêndio;Sem Vítimas;Plena Noite;Crescente;Céu Claro;Simples;Curva;-15,05488421;-39,33517456
10/06/2026;13:50:00;BIGUACU;Velocidade Incompatível;Tombamento;Com Vítimas Feridas;Pleno dia;Crescente;Nublado;Múltipla;Curva;-27,490465;-48,6564117
10/06/2026;15:00:00;MONTES CLAROS;Velocidade Incompatível;Colisão com objeto;Com Vítimas Feridas;Pleno dia;Crescente;Céu Claro;Simples;Declive;-16,7313408;-43,8697984
10/06/2026;10:00:00;CORUPA;Velocidade Incompatível;Tombamento;Com Vítimas Feridas;Pleno dia;Decrescente;Garoa/Chuvisco;Simples;"Declive;Curva";-26,39677969;-49,29442819
10/06/2026;18:00:00;NOVA LIMA;Velocidade Incompatível;Colisão traseira;Com Vítimas Feridas;Pleno dia;Crescente;Céu Claro;Dupla;"Aclive;Reta";-20,027917;-43,969153
10/06/2026;18:06:00;SAO MATEUS;Iluminação deficiente;Colisão frontal;Com Vítimas Fatais;Anoitecer;Crescente;Céu Claro;Simples;"Reta;Interseção de Vias";-18,71846713;-39,87046838
10/06/2026;18:40:00;CACHOEIRA DE PAJEU;Ausência de sinalização;Colisão lateral sentido oposto;Com Vítimas Feridas;Plena Noite;Crescente;Nublado;Simples;Curva;-15,84771937;-41,41111851
10/06/2026;18:00:00;SANTO ESTEVAO;Animais na Pista;Atropelamento de Animal;Com Vítimas Feridas;Plena Noite;Decrescente;Céu Claro;Dupla;Reta;-12,413927;-39,18843
10/06/2026;06:45:00;GUARAPARI;Retorno proibido;Colisão transversal;Com Vítimas Feridas;Amanhecer;Crescente;Céu Claro;Dupla;"Curva;Interseção de Vias;Rotatória";-20,62826;-40,52756
10/06/2026;00:05:00;CURITIBA;Iluminação deficiente;Saída de leito carroçável;Com Vítimas Feridas;Plena Noite;Decrescente;Nublado;Dupla;"Reta;Em Obras";-25,46789964;-49,21432972
10/06/2026;06:40:00;ARUJA;Velocidade Incompatível;Colisão com objeto;Com Vítimas Feridas;Amanhecer;Crescente;Sol;Dupla;Reta;-23,4128976;-46,36118746
10/06/2026;08:00:00;IBIPORA;Chuva;Queda de ocupante de veículo;Com Vítimas Feridas;Pleno dia;Decrescente;Chuva;Simples;Reta;-23,277552;-51,064299
10/06/2026;08:20:00;MERCEDES;Acumulo de água sobre o pavimento;Saída de leito carroçável;Com Vítimas Feridas;Pleno dia;Decrescente;Chuva;Simples;"Aclive;Reta";-24,43238;-54,16794
10/06/2026;08:50:00;BALNEARIO CAMBORIU;Ultrapassagem Indevida;Colisão lateral mesmo sentido;Com Vítimas Feridas;Pleno dia;Crescente;Nevoeiro/Neblina;Múltipla;"Interseção de Vias;Viaduto";-26,99959978;-48,64608614
10/06/2026;10:25:00;MAUA DA SERRA;Chuva;Colisão com objeto;Sem Vítimas;Pleno dia;Decrescente;Chuva;Dupla;"Curva;Retorno Regulamentado";-23,90718684;-51,19366972
10/06/2026;13:45:00;CARUARU;Acesso irregular;Colisão transversal;Com Vítimas Feridas;Pleno dia;Decrescente;Sol;Dupla;Curva;-8,23581;-35,97597
10/06/2026;13:15:00;JOAO PINHEIRO;Conversão proibida;Colisão frontal;Com Vítimas Feridas;Pleno dia;Crescente;Céu Claro;Simples;"Declive;Curva";-17,75053087;-46,16927508
10/06/2026;17:00:00;ROLANDIA;Chuva;Colisão com objeto;Com Vítimas Feridas;Anoitecer;Crescente;Chuva;Dupla;"Viaduto;Declive";-23,349835;-51,38686
10/06/2026;16:50:00;CARATINGA;Conversão proibida;Colisão transversal;Com Vítimas Feridas;Pleno dia;Decrescente;Céu Claro;Simples;Reta;-19,801206;-42,137503
10/06/2026;17:40:00;ARAQUARI;Condutor usando celular;Colisão traseira;Com Vítimas Feridas;Pleno dia;Crescente;Chuva;Simples;Reta;-26,39485764;-48,73899635
10/06/2026;18:30:00;SAO GONCALO DO AMARANTE;Conversão proibida;Engavetamento;Com Vítimas Feridas;Plena Noite;Crescente;Céu Claro;Dupla;"Reta;Interseção de Vias;Declive";-5,776422;-35,252162
10/06/2026;19:00:00;RIO GRANDE;Animais na Pista;Atropelamento de Animal;Sem Vítimas;Plena Noite;Decrescente;Céu Claro;Dupla;Reta;-32,085876;-52,237913
10/06/2026;19:06:00;IBIPORA;Chuva;Queda de ocupante de veículo;Com Vítimas Feridas;Anoitecer;Decrescente;Chuva;Dupla;Declive;-23,259993;-51,003542
10/06/2026;20:10:00;MAIRIPORA;Velocidade Incompatível;Saída de leito carroçável;Com Vítimas Feridas;Plena Noite;Decrescente;Chuva;Múltipla;"Curva;Declive";-23,34730106;-46,56154823
10/06/2026;19:30:00;ARAGUARI;Velocidade Incompatível;Colisão com objeto;Com Vítimas Feridas;Plena Noite;Crescente;Céu Claro;Dupla;"Aclive;Curva";-18,452936;-48,04859
10/06/2026;22:00:00;PATOS;Animais na Pista;Atropelamento de Animal;Sem Vítimas;Plena Noite;Crescente;Céu Claro;Simples;"Declive;Reta";-7,006852;-37,293413
10/06/2026;23:45:00;ARAPORA;Chuva;Queda de ocupante de veículo;Com Vítimas Feridas;Plena Noite;Crescente;Céu Claro;Dupla;Aclive;-18,425448;-49,194047
10/06/2026;15:00:00;FLORIANOPOLIS;Acumulo de areia ou detritos sobre o pavimento;Tombamento;Sem Vítimas;Pleno dia;Não Informado;Nublado;Simples;Curva;-27,43755;-48,45573
09/06/2026;01:10:00;ANTONIO DIAS;Velocidade Incompatível;Saída de leito carroçável;Com Vítimas Feridas;Plena Noite;Decrescente;Céu Claro;Simples;Desvio Temporário;-19,64452759;-42,92169571
09/06/2026;03:00:00;CODO;Sinalização mal posicionada;Colisão traseira;Com Vítimas Feridas;Plena Noite;Crescente;Céu Claro;Simples;Reta;-4,547522;-44,007365
09/06/2026;12:00:00;ITAGUARA;Velocidade Incompatível;Tombamento;Com Vítimas Feridas;Pleno dia;Crescente;Sol;Dupla;Reta;-20,431507;-44,551334
09/06/2026;11:56:00;GUARAMIRIM;Velocidade Incompatível;Tombamento;Sem Vítimas;Pleno dia;Crescente;Céu Claro;Dupla;Rotatória;-26,47404964;-49,02043819
09/06/2026;16:40:00;RAFAEL JAMBEIRO;Demais falhas na via;Colisão traseira;Com Vítimas Feridas;Pleno dia;Crescente;Sol;Dupla;Reta;-12,57375756;-39,50000938
09/06/2026;15:50:00;ALEGRETE;Ultrapassagem Indevida;Colisão lateral mesmo sentido;Sem Vítimas;Pleno dia;Crescente;Nublado;Simples;Curva;-29,991767;-56,17728
09/06/2026;14:10:00;OURO PRETO DO OESTE;Ultrapassagem Indevida;Colisão com objeto;Sem Vítimas;Pleno dia;Decrescente;Céu Claro;Simples;Curva;-10,74208948;-62,2125784
09/06/2026;18:30:00;RIO CASCA;Pista Escorregadia;Queda de ocupante de veículo;Com Vítimas Feridas;Plena Noite;Crescente;Céu Claro;Simples;Curva;-20,228954;-42,639011
09/06/2026;18:45:00;CASEIROS;Ultrapassagem Indevida;Colisão frontal;Com Vítimas Feridas;Plena Noite;Decrescente;Céu Claro;Simples;Reta;-28,2485;-51,7665
09/06/2026;21:15:00;VACARIA;Ultrapassagem Indevida;Colisão frontal;Com Vítimas Feridas;Plena Noite;Decrescente;Céu Claro;Simples;"Curva;Aclive";-28,3410719;-50,8119363
09/06/2026;01:00:00;NOVA IGUACU;Iluminação deficiente;Colisão traseira;Com Vítimas Feridas;Plena Noite;Decrescente;Céu Claro;Múltipla;"Reta;Desvio Temporário;Em Obras;Aclive";-22,746039;-43,446774
09/06/2026;07:58:00;NOSSA SENHORA DO SOCORRO;Acumulo de água sobre o pavimento;Queda de ocupante de veículo;Com Vítimas Feridas;Pleno dia;Decrescente;Nublado;Múltipla;Reta;-10,90043;-37,143105
09/06/2026;08:00:00;CONTAGEM;Ultrapassagem Indevida;Atropelamento de Pedestre;Com Vítimas Feridas;Pleno dia;Crescente;Céu Claro;Dupla;Reta;-19,84815728;-44,07284115
09/06/2026;07:00:00;SAO MIGUEL DO IGUACU;Acesso irregular;Colisão traseira;Sem Vítimas;Amanhecer;Crescente;Nublado;Dupla;Reta;-25,40908959;-54,33318615
09/06/2026;10:15:00;CHAPECO;Velocidade Incompatível;Capotamento;Com Vítimas Feridas;Pleno dia;Decrescente;Céu Claro;Simples;Reta;-27,0373931;-52,6366032
09/06/2026;12:40:00;ITABUNA;Acesso irregular;Colisão traseira;Com Vítimas Feridas;Pleno dia;Decrescente;Céu Claro;Simples;"Reta;Declive";-14,775473;-39,288155
09/06/2026;09:10:00;SANTA LUZIA;Velocidade Incompatível;Tombamento;Com Vítimas Feridas;Pleno dia;Crescente;Céu Claro;Simples;"Curva;Aclive";-19,82439211;-43,81948861
09/06/2026;13:30:00;VILHENA;Velocidade Incompatível;Colisão transversal;Com Vítimas Feridas;Pleno dia;Crescente;Céu Claro;Dupla;Reta;-12,73358543;-60,1300215
09/06/2026;13:10:00;VACARIA;Velocidade Incompatível;Colisão traseira;Com Vítimas Feridas;Pleno dia;Decrescente;Céu Claro;Simples;"Interseção de Vias;Reta";-28,50934;-50,92911
09/06/2026;18:10:00;VITORIA DA CONQUISTA;Conversão proibida;Colisão frontal;Com Vítimas Feridas;Anoitecer;Decrescente;Céu Claro;Simples;Aclive;-14,8509;-40,8829
09/06/2026;18:08:00;SOBRADO;Acesso irregular;Colisão traseira;Com Vítimas Feridas;Plena Noite;Decrescente;Céu Claro;Dupla;Reta;-7,18697737;-35,28740499
09/06/2026;15:50:00;COMODORO;Ultrapassagem Indevida;Colisão lateral mesmo sentido;Com Vítimas Feridas;Pleno dia;Decrescente;Céu Claro;Simples;Reta;-13,038105;-59,908361
09/06/2026;12:50:00;MORADA NOVA;Pista esburacada;Colisão traseira;Sem Vítimas;Pleno dia;Não Informado;Céu Claro;Simples;Reta;-5,2070846;-38,4627619
09/06/2026;17:00:00;PALHOCA;Velocidade Incompatível;Atropelamento de Pedestre;Com Vítimas Feridas;Anoitecer;Crescente;Céu Claro;Dupla;Reta;-27,62580395;-48,65483634
09/06/2026;17:42:00;AMARANTE;Velocidade Incompatível;Colisão com objeto;Com Vítimas Feridas;Anoitecer;Crescente;Céu Claro;Simples;"Reta;Aclive";-6,60898;-42,81575
09/06/2026;17:45:00;EMBU DAS ARTES;Velocidade Incompatível;Colisão traseira;Com Vítimas Feridas;Plena Noite;Decrescente;Nublado;Múltipla;Reta;-23,62042332;-46,81137085
09/06/2026;20:50:00;RIO NEGRINHO;Ultrapassagem Indevida;Colisão lateral mesmo sentido;Com Vítimas Feridas;Pleno dia;Crescente;Céu Claro;Simples;Interseção de Vias;-26,24243814;-49,51179592
09/06/2026;20:30:00;ITAPERUNA;Retorno proibido;Colisão transversal;Com Vítimas Feridas;Plena Noite;Decrescente;Céu Claro;Simples;Reta;-21,185436;-41,918784
09/06/2026;19:20:00;PATROCINIO;Velocidade Incompatível;Saída de leito carroçável;Com Vítimas Feridas;Plena Noite;Crescente;Céu Claro;Simples;Reta;-18,892597;-47,067859
09/06/2026;19:00:00;BOM JESUS DO AMPARO;Animais na Pista;Atropelamento de Animal;Com Vítimas Feridas;Plena Noite;Decrescente;Céu Claro;Dupla;"Declive;Reta";-19,78679276;-43,43088023
09/06/2026;22:00:00;PONTA GROSSA;Velocidade Incompatível;Colisão traseira;Com Vítimas Feridas;Plena Noite;Crescente;Céu Claro;Múltipla;"Reta;Retorno Regulamentado";-25,073987;-50,210897
09/06/2026;18:00:00;SENA MADUREIRA;Acumulo de água sobre o pavimento;Colisão traseira;Com Vítimas Feridas;Anoitecer;Crescente;Garoa/Chuvisco;Simples;Reta;-9,08645424;-68,63304941
09/06/2026;21:00:00;FORMOSA;Iluminação deficiente;Atropelamento de Pedestre;Com Vítimas Feridas;Plena Noite;Crescente;Céu Claro;Simples;Reta;-15,569633;-47,322949
09/06/2026;20:45:00;ANAURILANDIA;Animais na Pista;Atropelamento de Animal;Sem Vítimas;Plena Noite;Não Informado;Céu Claro;Simples;Reta;-22,18486176;-52,69729614
09/06/2026;09:50:00;SAO JOSE DAS MISSOES;Acumulo de areia ou detritos sobre o pavimento;Saída de leito carroçável;Com Vítimas Feridas;Pleno dia;Decrescente;Céu Claro;Simples;Curva;-27,756031;-53,127777
08/06/2026;06:00:00;PLANALTO;Neblina;Colisão lateral mesmo sentido;Com Vítimas Feridas;Anoitecer;Decrescente;Nevoeiro/Neblina;Simples;"Declive;Reta";-14,6892529;-40,561348
08/06/2026;09:31:00;CANUDOS;Acostamento em desnível;Colisão frontal;Com Vítimas Fatais;Pleno dia;Decrescente;Céu Claro;Simples;Reta;-10,244469;-39,084627
08/06/2026;10:00:00;PEDRA PRETA;Ultrapassagem Indevida;Colisão frontal;Com Vítimas Fatais;Pleno dia;Crescente;Céu Claro;Simples;Curva;-16,82996;-53,99957
08/06/2026;12:08:00;ACU;Ultrapassagem Indevida;Colisão lateral mesmo sentido;Sem Vítimas;Pleno dia;Decrescente;Céu Claro;Simples;Reta;-5,56712427;-37,04486847
08/06/2026;15:30:00;MANHUACU;Conversão proibida;Colisão transversal;Com Vítimas Feridas;Pleno dia;Crescente;Céu Claro;Simples;Reta;-20,061379;-42,171556
08/06/2026;12:00:00;PIRAI;Velocidade Incompatível;Tombamento;Com Vítimas Feridas;Pleno dia;Decrescente;Céu Claro;Dupla;Curva;-22,64420952;-43,89745076
08/06/2026;19:20:00;BENTO GONCALVES;Ultrapassagem Indevida;Colisão frontal;Com Vítimas Feridas;Plena Noite;Crescente;Nublado;Simples;Curva;-29,053267;-51,596158
08/06/2026;19:40:00;VASSOURAS;Velocidade Incompatível;Saída de leito carroçável;Com Vítimas Feridas;Plena Noite;Decrescente;Céu Claro;Simples;"Curva;Declive";-22,3148916;-43,5228883
08/06/2026;18:50:00;NOSSA SENHORA DO LIVRAMENTO;Ultrapassagem Indevida;Colisão lateral mesmo sentido;Com Vítimas Fatais;Plena Noite;Decrescente;Céu Claro;Simples;Reta;-15,675;-56,348
08/06/2026;05:35:00;FOZ DO IGUACU;Chuva;Tombamento;Com Vítimas Feridas;Plena Noite;Decrescente;Chuva;Múltipla;"Reta;Ponte";-25,5095652;-54,60003631
08/06/2026;06:30:00;ARAGARCAS;Animais na Pista;Atropelamento de Animal;Com Vítimas Feridas;Amanhecer;Decrescente;Céu Claro;Simples;Reta;-15,905675;-52,160573