data_inversa;horario;municipio;causa_acidente;tipo_acidente;classificacao_acidente;fase_dia;sentido_via;condicao_metereologica;tipo_pista;tracado_via;latitude;longitude
08/06/2026;08:10:00;POUSO NOVO;Pista Escorregadia;Colisão frontal;Com Vítimas Feridas;Pleno dia;Decrescente;Chuva;Simples;"Aclive;Curva";-29,20077;-52,1829
08/06/2026;08:25:00;ESTRELA;Chuva;Colisão com objeto;Sem Vítimas;Pleno dia;Crescente;Chuva;Dupla;"Curva;Interseção de Vias";-29,52671;-51,93244
08/06/2026;08:50:00;CAMPINA GRANDE;Velocidade Incompatível;Saída de leito carroçável;Com Vítimas Feridas;Pleno dia;Crescente;Nublado;Dupla;"Aclive;Curva";-7,273345;-35,753335
08/06/2026;12:38:00;JOAO MONLEVADE;Velocidade Incompatível;Tombamento;Com Vítimas Feridas;Pleno dia;Crescente;Sol;Simples;Rotatória;-19,83879415;-43,18150369
08/06/2026;12:10:00;FEIRA DE SANTANA;Ultrapassagem Indevida;Colisão transversal;Com Vítimas Feridas;Pleno dia;Crescente;Nublado;Simples;Reta;-12,25916495;-38,9322087
08/06/2026;12:15:00;INGA;Velocidade Incompatível;Colisão com objeto;Com Vítimas Feridas;Pleno dia;Crescente;Nublado;Dupla;Curva;-7,217896;-35,595837
08/06/2026;13:50:00;SANTANA DO LIVRAMENTO;Velocidade Incompatível;Colisão transversal;Com Vítimas Feridas;Pleno dia;Decrescente;Garoa/Chuvisco;Simples;"Interseção de Vias;Reta";-30,85413479;-55,54664819
08/06/2026;14:22:00;SINOP;Ultrapassagem Indevida;Colisão frontal;Com Vítimas Feridas;Pleno dia;Crescente;Céu Claro;Simples;Reta;-11,7932992;-55,4776165
08/06/2026;17:50:00;ANAPOLIS;Acostamento em desnível;Tombamento;Com Vítimas Feridas;Anoitecer;Crescente;Céu Claro;Dupla;"Aclive;Reta";-16,25857;-48,987873
08/06/2026;16:20:00;MANHUACU;Conversão proibida;Colisão transversal;Com Vítimas Feridas;Pleno dia;Decrescente;Céu Claro;Simples;"Reta;Aclive";-20,256478;-42,027201
08/06/2026;18:45:00;ITAPEMIRIM;Conversão proibida;Colisão transversal;Com Vítimas Feridas;Plena Noite;Crescente;Céu Claro;Simples;Reta;-20,89647079;-41,04882105
08/06/2026;18:12:00;COREAU;Deficiência do Sistema de Iluminação/Sinalização;Colisão traseira;Com Vítimas Fatais;Plena Noite;Crescente;Céu Claro;Simples;Reta;-3,7502447;-40,71179152
08/06/2026;20:20:00;GUARAPARI;Pista esburacada;Tombamento;Com Vítimas Feridas;Plena Noite;Decrescente;Céu Claro;Dupla;Reta;-20,641;-40,55
08/06/2026;18:30:00;VARZEA GRANDE;Pista Escorregadia;Tombamento;Com Vítimas Feridas;Plena Noite;Crescente;Céu Claro;Dupla;Em Obras;-15,70493;-56,12189
08/06/2026;23:00:00;BRASILIA;Velocidade Incompatível;Saída de leito carroçável;Com Vítimas Feridas;Plena Noite;Decrescente;Céu Claro;Dupla;"Aclive;Reta";-15,6573438;-47,7885151
08/06/2026;21:50:00;SINOP;Conversão proibida;Colisão transversal;Com Vítimas Feridas;Plena Noite;Crescente;Céu Claro;Simples;Reta;-11,84889;-55,49197
08/06/2026;20:40:00;ITUIUTABA;Acumulo de areia ou detritos sobre o pavimento;Queda de ocupante de veículo;Com Vítimas Feridas;Plena Noite;Crescente;Céu Claro;Dupla;Reta;-18,96549079;-49,49011225
08/06/2026;23:00:00;RIBEIRAO DAS NEVES;Animais na Pista;Atropelamento de Animal;Com Vítimas Feridas;Plena Noite;Decrescente;Céu Claro;Dupla;Reta;-19,781105;-44,1177733
08/06/2026;20:40:00;JARU;Velocidade Incompatível;Queda de ocupante de veículo;Com Vítimas Feridas;Plena Noite;Crescente;Céu Claro;Simples;Reta;-10,45417;-62,45945
08/06/2026;23:15:00;ARCOVERDE;Animais na Pista;Atropelamento de Animal;Com Vítimas Feridas;Plena Noite;Crescente;Garoa/Chuvisco;Simples;Reta;-8,446807;-37,05397
07/06/2026;11:30:00;FELIXLANDIA;Ultrapassagem Indevida;Colisão lateral mesmo sentido;Com Vítimas Feridas;Pleno dia;Crescente;Céu Claro;Simples;Reta;-18,814337;-44,791642
07/06/2026;11:10:00;PALMEIRA;Acesso irregular;Colisão traseira;Com Vítimas Feridas;Pleno dia;Crescente;Céu Claro;Simples;Reta;-25,434315;-50,055779
07/06/2026;12:30:00;CAMPO MOURAO;Ultrapassagem Indevida;Colisão lateral sentido oposto;Com Vítimas Feridas;Pleno dia;Decrescente;Céu Claro;Simples;"Reta;Declive";-24,089459;-52,390452
07/06/2026;12:50:00;ENCRUZILHADA;Curva acentuada;Tombamento;Com Vítimas Feridas;Pleno dia;Decrescente;Céu Claro;Dupla;Declive;-15,68249168;-41,33712005
07/06/2026;17:58:00;BELO JARDIM;Ultrapassagem Indevida;Colisão lateral mesmo sentido;Com Vítimas Fatais;Plena Noite;Crescente;Chuva;Simples;Reta;-8,345979;-36,414953
07/06/2026;18:23:00;ITAUBA;Conversão proibida;Colisão traseira;Com Vítimas Feridas;Plena Noite;Decrescente;Céu Claro;Simples;Reta;-11,03968759;-55,2695775
07/06/2026;14:00:00;MUQUEM DE SAO FRANCISCO;Velocidade Incompatível;Tombamento;Com Vítimas Fatais;Pleno dia;Crescente;Céu Claro;Múltipla;"Curva;Declive";-12,22892;-43,833591
07/06/2026;21:00:00;LUZ;Velocidade Incompatível;Engavetamento;Com Vítimas Feridas;Plena Noite;Decrescente;Céu Claro;Simples;"Curva;Declive";-19,717512;-45,881657
07/06/2026;20:50:00;ADRIANOPOLIS;Curva acentuada;Tombamento;Com Vítimas Feridas;Plena Noite;Decrescente;Nublado;Simples;Curva;-24,6834608;-48,9915579
07/06/2026;00:30:00;SANGAO;Animais na Pista;Atropelamento de Animal;Com Vítimas Feridas;Plena Noite;Crescente;Céu Claro;Múltipla;Reta;-28,666405;-49,116414
07/06/2026;00:48:00;SORRISO;Ausência de sinalização;Colisão traseira;Com Vítimas Feridas;Plena Noite;Decrescente;Céu Claro;Simples;"Reta;Aclive";-12,97796638;-55,87804091
07/06/2026;08:40:00;RIO DE JANEIRO;Velocidade Incompatível;Colisão lateral mesmo sentido;Com Vítimas Feridas;Pleno dia;Decrescente;Céu Claro;Múltipla;Curva;-22,86773764;-43,19655625
07/06/2026;08:15:00;UBERLANDIA;Acumulo de areia ou detritos sobre o pavimento;Tombamento;Com Vítimas Feridas;Pleno dia;Crescente;Céu Claro;Dupla;Reta;-18,86783002;-48,56693968
07/06/2026;09:40:00;CATALAO;Acumulo de água sobre o pavimento;Queda de ocupante de veículo;Com Vítimas Feridas;Pleno dia;Decrescente;Céu Claro;Dupla;"Rotatória;Curva;Viaduto";-18,170213;-47,919752
07/06/2026;08:36:00;BOM RETIRO;Ultrapassagem Indevida;Colisão frontal;Com Vítimas Feridas;Amanhecer;Crescente;Nevoeiro/Neblina;Simples;Reta;-27,80407;-49,46459
07/06/2026;09:30:00;HUMBERTO DE CAMPOS;Pista esburacada;Colisão traseira;Com Vítimas Feridas;Pleno dia;Decrescente;Céu Claro;Simples;Reta;-2,743782;-43,555832
07/06/2026;10:30:00;CAPINZAL DO NORTE;Pista esburacada;Queda de ocupante de veículo;Com Vítimas Feridas;Pleno dia;Decrescente;Sol;Simples;Reta;-4,58942949;-44,34768677
07/06/2026;10:55:00;SAO PAULO;Demais falhas na via;Colisão com objeto;Com Vítimas Feridas;Pleno dia;Crescente;Céu Claro;Múltipla;Curva;-23,45969526;-46,57141473
07/06/2026;10:00:00;BOCAIUVA DO SUL;Velocidade Incompatível;Colisão frontal;Com Vítimas Fatais;Pleno dia;Crescente;Nublado;Simples;"Curva;Declive";-25,2411;-49,1295
07/06/2026;11:15:00;DOM ELISEU;Velocidade Incompatível;Saída de leito carroçável;Com Vítimas Feridas;Pleno dia;Crescente;Sol;Simples;Reta;-4,345468;-47,536573
07/06/2026;10:30:00;BRUNOPOLIS;Ultrapassagem Indevida;Colisão frontal;Com Vítimas Feridas;Pleno dia;Decrescente;Céu Claro;Simples;Curva;-27,330167;-50,916508
07/06/2026;15:30:00;SOLEDADE;Demais falhas na via;Eventos atípicos;Com Vítimas Feridas;Pleno dia;Decrescente;Nublado;Simples;"Reta;Em Obras;Aclive";-28,84385;-52,449563
07/06/2026;16:40:00;FOZ DO IGUACU;Acesso irregular;Colisão transversal;Com Vítimas Feridas;Pleno dia;Crescente;Céu Claro;Simples;Reta;-25,53699922;-54,52831618
07/06/2026;16:00:00;ARAXA;Demais falhas na via;Tombamento;Com Vítimas Feridas;Pleno dia;Crescente;Céu Claro;Simples;"Rotatória;Curva;Retorno Regulamentado";-19,553578;-46,8904639
07/06/2026;16:35:00;FOZ DO IGUACU;Acesso irregular;Colisão transversal;Com Vítimas Feridas;Pleno dia;Decrescente;Céu Claro;Simples;Reta;-25,5048;-54,5218317
07/06/2026;16:30:00;PINHALZINHO;Velocidade Incompatível;Atropelamento de Pedestre;Com Vítimas Feridas;Pleno dia;Decrescente;Céu Claro;Simples;Curva;-26,859432;-52,979334
07/06/2026;15:20:00;TERESOPOLIS;Ultrapassagem Indevida;Colisão lateral mesmo sentido;Com Vítimas Feridas;Pleno dia;Crescente;Céu Claro;Simples;Reta;-22,396652;-42,984368
07/06/2026;18:20:00;SAO GONCALO DO ABAETE;Animais na Pista;Atropelamento de Animal;Com Vítimas Feridas;Plena Noite;Crescente;Céu Claro;Simples;Declive;-18,187003;-45,255971
07/06/2026;18:00:00;SANTA LUZIA;Velocidade Incompatível;Tombamento;Com Vítimas Feridas;Plena Noite;Crescente;Céu Claro;Simples;"Curva;Declive";-19,815711;-43,801806
07/06/2026;19:00:00;SILVA JARDIM;Animais na Pista;Atropelamento de Animal;Com Vítimas Feridas;Plena Noite;Crescente;Céu Claro;Dupla;Reta;-22,6646665;-42,50480399
07/06/2026;14:45:00;PEDRA BRANCA DO AMAPARI;Afundamento ou ondulação no pavimento;Saída de leito carroçável;Com Vítimas Feridas;Pleno dia;Crescente;Nublado;Simples;Reta;1,086103;-52,56158
07/06/2026;21:00:00;ANDIRA;Pista Escorregadia;Queda de ocupante de veículo;Com Vítimas Feridas;Plena Noite;Crescente;Céu Claro;Simples;Reta;-23,05302555;-50,24111688
07/06/2026;18:20:00;COCALZINHO DE GOIAS;Ultrapassagem Indevida;Colisão lateral mesmo sentido;Com Vítimas Fatais;Anoitecer;Crescente;Nublado;Simples;"Ponte;Reta";-15,78003111;-48,47190428
07/06/2026;16:50:00;BOM DESPACHO;Condutor usando celular;Colisão traseira;Sem Vítimas;Anoitecer;Decrescente;Céu Claro;Simples;"Aclive;Reta";-19,786081;-45,238068
07/06/2026;17:50:00;JANGADA;Retorno proibido;Colisão transversal;Com Vítimas Feridas;Anoitecer;Decrescente;Céu Claro;Simples;Reta;-15,249823;-56,469793
07/06/2026;18:00:00;IGARATINGA;Acesso irregular;Colisão transversal;Sem Vítimas;Plena Noite;Decrescente;Céu Claro;Múltipla;Retorno Regulamentado;-19,899427;-44,69668
07/06/2026;20:40:00;ARACATI;Demais Fenômenos da natureza;Queda de ocupante de veículo;Com Vítimas Feridas;Plena Noite;Decrescente;Céu Claro;Simples;Interseção de Vias;-4,579885;-37,84972251
07/06/2026;19:30:00;DIONISIO CERQUEIRA;Acesso irregular;Colisão frontal;Com Vítimas Fatais;Plena Noite;Crescente;Céu Claro;Simples;"Reta;Interseção de Vias";-26,3815474;-53,52429628
07/06/2026;23:00:00;PORTO VELHO;Condutor usando celular;Saída de leito carroçável;Sem Vítimas;Plena Noite;Crescente;Céu Claro;Dupla;Retorno Regulamentado;-8,8003;-63,7652
07/06/2026;01:30:00;COLOMBO;Velocidade Incompatível;Saída de leito carroçável;Com Vítimas Feridas;Plena Noite;Crescente;Ignorado;Simples;Curva;-25,312;-49,145
07/06/2026;19:00:00;ANAPOLIS;Deficiência do Sistema de Iluminação/Sinalização;Colisão traseira;Com Vítimas Feridas;Plena Noite;Crescente;Céu Claro;Dupla;Reta;-16,2111079;-49,0181061
07/06/2026;23:30:00;UBERLANDIA;Animais na Pista;Colisão com objeto;Com Vítimas Feridas;Plena Noite;Crescente;Nublado;Dupla;Reta;-18,90917719;-48,29901123
07/06/2026;03:45:00;PESQUEIRA;Ultrapassagem Indevida;Colisão frontal;Com Vítimas Feridas;Amanhecer;Crescente;Céu Claro;Simples;Declive;-8,37209306;-36,6381135
07/06/2026;04:00:00;CATU;Ausência de sinalização;Queda de ocupante de veículo;Com Vítimas Feridas;Plena Noite;Decrescente;Ignorado;Simples;Reta;-12,328104;-38,381221
06/06/2026;04:15:00;BRUMADINHO;Velocidade Incompatível;Saída de leito carroçável;Com Vítimas Feridas;Plena Noite;Crescente;Céu Claro;Dupla;Curva;-20,14758052;-44,32426421
06/06/2026;06:40:00;SANTANA DO PARAISO;Velocidade Incompatível;Tombamento;Com Vítimas Feridas;Amanhecer;Decrescente;Céu Claro;Simples;Curva;-19,38527586;-42,47495234
06/06/2026;09:58:00;SARANDI;Velocidade Incompatível;Saída de leito carroçável;Sem Vítimas;Pleno dia;Decrescente;Céu Claro;Simples;"Declive;Curva";-27,79634;-53,050412
06/06/2026;11:45:00;CRUZEIRO DO OESTE;Conversão proibida;Colisão traseira;Com Vítimas Feridas;Pleno dia;Decrescente;Céu Claro;Simples;"Reta;Aclive";-23,80808;-53,010577
06/06/2026;13:30:00;SAO LEOPOLDO;Afundamento ou ondulação no pavimento;Derramamento de carga;Sem Vítimas;Pleno dia;Decrescente;Nublado;Múltipla;Reta;-29,72150273;-51,14835111
06/06/2026;14:55:00;MURIAE;Animais na Pista;Saída de leito carroçável;Com Vítimas Feridas;Pleno dia;Crescente;Céu Claro;Simples;Reta;-21,25;-42,397
06/06/2026;15:30:00;JUTI;Ultrapassagem Indevida;Colisão transversal;Com Vítimas Fatais;Pleno dia;Crescente;Céu Claro;Simples;Reta;-22,848406;-54,658788
06/06/2026;01:25:00;SAO LEOPOLDO;Velocidade Incompatível;Colisão com objeto;Com Vítimas Feridas;Plena Noite;Decrescente;Céu Claro;Múltipla;Reta;-29,7274525;-51,1487108
06/06/2026;00:48:00;MORRINHOS;Animais na Pista;Atropelamento de Animal;Com Vítimas Feridas;Pleno dia;Decrescente;Céu Claro;Dupla;Reta;-17,77454347;-49,17495489
06/06/2026;00:30:00;CUIABA;Animais na Pista;Atropelamento de Animal;Com Vítimas Feridas;Plena Noite;Crescente;Céu Claro;Dupla;Reta;-15,66651586;-55,95889533
06/06/2026;07:35:00;PIMENTA BUENO;Conversão proibida;Colisão lateral mesmo sentido;Com Vítimas Feridas;Pleno dia;Decrescente;Céu Claro;Simples;"Declive;Reta";-11,677307;-61,188542
06/06/2026;09:12:00;CEU AZUL;Acesso irregular;Colisão lateral mesmo sentido;Sem Vítimas;Pleno dia;Decrescente;Céu Claro;Simples;Reta;-25,17622161;-53,8781058
06/06/2026;08:30:00;BRASILIA;Ultrapassagem Indevida;Colisão transversal;Com Vítimas Feridas;Pleno dia;Crescente;Céu Claro;Simples;"Reta;Em Obras";-15,655577;-48,202518
06/06/2026;11:20:00;RANCHO QUEIMADO;Velocidade Incompatível;Colisão frontal;Com Vítimas Feridas;Pleno dia;Crescente;Céu Claro;Simples;Curva;-27,696385;-49,0531033
06/06/2026;10:30:00;RIO DE JANEIRO;Acumulo de areia ou detritos sobre o pavimento;Queda de ocupante de veículo;Com Vítimas Feridas;Pleno dia;Crescente;Céu Claro;Múltipla;Curva;-22,8954617;-43,6808983
06/06/2026;12:20:00;RECIFE;Acostamento em desnível;Tombamento;Com Vítimas Feridas;Pleno dia;Decrescente;Nublado;Dupla;Reta;-7,97242;-34,92121
06/06/2026;09:30:00;CALDAS;Velocidade Incompatível;Tombamento;Com Vítimas Feridas;Pleno dia;Crescente;Céu Claro;Dupla;"Rotatória;Interseção de Vias";-21,91302836;-46,38138056
06/06/2026;10:15:00;CORREGO DANTA;Ultrapassagem Indevida;Colisão frontal;Com Vítimas Feridas;Pleno dia;Decrescente;Sol;Simples;Curva;-19,68428;-46,03932
06/06/2026;13:05:00;ARAQUARI;Ultrapassagem Indevida;Colisão transversal;Com Vítimas Feridas;Pleno dia;Crescente;Sol;Simples;Reta;-26,40891766;-48,75063479
06/06/2026;14:00:00;COLATINA;Acumulo de areia ou detritos sobre o pavimento;Tombamento;Com Vítimas Feridas;Pleno dia;Crescente;Céu Claro;Simples;Rotatória;-19,50365;-40,61403
06/06/2026;13:30:00;PETROPOLIS;Demais falhas na via;Saída de leito carroçável;Com Vítimas Feridas;Pleno dia;Decrescente;Céu Claro;Dupla;"Aclive;Reta";-22,55438746;-43,22543767
06/06/2026;15:50:00;ARAGUARI;Velocidade Incompatível;Saída de leito carroçável;Com Vítimas Feridas;Pleno dia;Crescente;Céu Claro;Dupla;Curva;-18,6161017;-48,1164833
06/06/2026;18:40:00;PARATY;Ultrapassagem Indevida;Colisão transversal;Com Vítimas Feridas;Plena Noite;Decrescente;Céu Claro;Simples;Reta;-23,260278;-44,693179
06/06/2026;19:20:00;JOAO PESSOA;Chuva;Tombamento;Com Vítimas Feridas;Plena Noite;Crescente;Chuva;Dupla;Curva;-7,165143;-34,898393
06/06/2026;20:00:00;PIRENOPOLIS;Animais na Pista;Atropelamento de Animal;Sem Vítimas;Plena Noite;Decrescente;Céu Claro;Simples;"Reta;Declive";-16,04676672;-49,07533614
06/06/2026;20:15:00;PONTE SERRADA;Animais na Pista;Atropelamento de Animal;Com Vítimas Feridas;Plena Noite;Crescente;Céu Claro;Simples;Reta;-26,8846836;-52,0089133
06/06/2026;20:30:00;ITAPECERICA DA SERRA;Demais Fenômenos da natureza;Tombamento;Com Vítimas Feridas;Plena Noite;Crescente;Nevoeiro/Neblina;Dupla;Curva;-23,7000988;-46,8688963
06/06/2026;19:00:00;BONFIM;Ausência de sinalização;Colisão lateral sentido oposto;Com Vítimas Feridas;Plena Noite;Decrescente;Céu Claro;Simples;Curva;2,87015927;-60,55195682
06/06/2026;20:00:00;ANGRA DOS REIS;Conversão proibida;Colisão transversal;Com Vítimas Feridas;Plena Noite;Crescente;Céu Claro;Dupla;"Reta;Interseção de Vias;Declive";-22,96280446;-44,2976405
06/06/2026;22:47:00;UBERABA;Demais Fenômenos da natureza;Colisão com objeto;Com Vítimas Feridas;Plena Noite;Decrescente;Céu Claro;Dupla;"Declive;Reta";-19,77792;-47,93563
06/06/2026;23:15:00;JOAO PESSOA;Pista Escorregadia;Tombamento;Com Vítimas Feridas;Plena Noite;Decrescente;Chuva;Dupla;Reta;-7,10440602;-34,84517813
06/06/2026;21:20:00;CARACARAI;Ultrapassagem Indevida;Colisão frontal;Com Vítimas Feridas;Plena Noite;Crescente;Nevoeiro/Neblina;Simples;Ponte;1,74054972;-61,14280736
06/06/2026;13:15:00;ADRIANOPOLIS;Velocidade Incompatível;Saída de leito carroçável;Sem Vítimas;Pleno dia;Decrescente;Ignorado;Simples;Curva;-24,767;-49,019
05/06/2026;00:50:00;JANDAIA;Deficiência do Sistema de Iluminação/Sinalização;Colisão traseira;Com Vítimas Feridas;Plena Noite;Decrescente;Céu Claro;Dupla;Reta;-17,211497;-50,154607
05/06/2026;07:48:00;IRAUCUBA;Velocidade Incompatível;Colisão frontal;Com Vítimas Feridas;Pleno dia;Crescente;Céu Claro;Simples;Reta;-3,755003;-39,715971
05/06/2026;11:00:00;REALEZA;Ultrapassagem Indevida;Colisão lateral sentido oposto;Com Vítimas Feridas;Pleno dia;Crescente;Céu Claro;Simples;Declive;-25,598872;-53,588705
05/06/2026;13:30:00;PONTE ALTA;Velocidade Incompatível;Tombamento;Com Vítimas Feridas;Pleno dia;Decrescente;Sol;Simples;Curva;-27,3016383;-50,0816117
05/06/2026;14:15:00;IMBAU;Velocidade Incompatível;Tombamento;Com Vítimas Feridas;Pleno dia;Decrescente;Céu Claro;Dupla;"Curva;Declive";-24,48352778;-50,73427778
05/06/2026;14:40:00;PINHALZINHO;Ultrapassagem Indevida;Colisão lateral sentido oposto;Com Vítimas Feridas;Pleno dia;Decrescente;Céu Claro;Simples;Reta;-26,8321665;-53,0224998
05/06/2026;19:30:00;CONCEICAO DO JACUIPE;Velocidade Incompatível;Colisão lateral sentido oposto;Com Vítimas Feridas;Plena Noite;Decrescente;Chuva;Dupla;Aclive;-12,3495267;-38,8351283
05/06/2026;18:30:00;CONCEICAO DO ALMEIDA;Ultrapassagem Indevida;Colisão transversal;Com Vítimas Feridas;Plena Noite;Decrescente;Garoa/Chuvisco;Simples;Reta;-12,89472037;-39,23266858
05/06/2026;23:15:00;NAZARE DA MATA;Ultrapassagem Indevida;Colisão frontal;Com Vítimas Fatais;Plena Noite;Crescente;Céu Claro;Simples;Reta;-7,77138;-35,23552
05/06/2026;09:20:00;MURICI;Velocidade Incompatível;Saída de leito carroçável;Com Vítimas Feridas;Pleno dia;Decrescente;Chuva;Simples;Curva;-9,34849458;-35,87572273
05/06/2026;00:05:00;ALTO PARANA;Animais na Pista;Atropelamento de Animal;Com Vítimas Feridas;Plena Noite;Crescente;Céu Claro;Dupla;"Aclive;Reta";-23,14864687;-52,27621078
05/06/2026;00:50:00;GUARAMIRIM;Acesso irregular;Colisão com objeto;Sem Vítimas;Plena Noite;Crescente;Chuva;Dupla;"Reta;Em Obras";-26,479392;-49,00407
05/06/2026;06:33:00;SERRA;Desvio temporário;Queda de ocupante de veículo;Com Vítimas Feridas;Pleno dia;Decrescente;Sol;Dupla;Reta;-20,04007795;-40,39273658
05/06/2026;07:48:00;BAYEUX;Acumulo de areia ou detritos sobre o pavimento;Tombamento;Com Vítimas Feridas;Pleno dia;Decrescente;Céu Claro;Dupla;Retorno Regulamentado;-7,15033955;-34,91070986
05/06/2026;06:00:00;PRESIDENTE MEDICI;Animais na Pista;Atropelamento de Animal;Sem Vítimas;Amanhecer;Decrescente;Céu Claro;Simples;Reta;-11,38198498;-61,80105211
05/06/2026;08:05:00;MANDAGUACU;Animais na Pista;Tombamento;Com Vítimas Feridas;Pleno dia;Decrescente;Sol;Dupla;Curva;-23,33059206;-52,11156607
05/06/2026;08:03:00;JOAO PESSOA;Velocidade Incompatível;Tombamento;Com Vítimas Feridas;Pleno dia;Decrescente;Céu Claro;Simples;"Curva;Viaduto";-7,16573312;-34,89815402
05/06/2026;08:10:00;CAJATI;Chuva;Colisão com objeto;Sem Vítimas;Pleno dia;Crescente;Chuva;Múltipla;"Aclive;Curva";-24,77998667;-48,21038693
05/06/2026;05:16:00;DUQUE DE CAXIAS;Ultrapassagem Indevida;Colisão frontal;Com Vítimas Feridas;Amanhecer;Decrescente;Céu Claro;Simples;"Curva;Declive";-22,79867;-43,28978
05/06/2026;08:50:00;PICOS;Retorno proibido;Colisão lateral mesmo sentido;Com Vítimas Feridas;Pleno dia;Crescente;Céu Claro;Simples;Reta;-7,079923;-41,460015
05/06/2026;12:34:00;OCARA;Conversão proibida;Colisão traseira;Com Vítimas Feridas;Pleno dia;Decrescente;Nublado;Simples;Reta;-4,51744648;-38,56790034
05/06/2026;13:30:00;BELFORD ROXO;Ultrapassagem Indevida;Colisão traseira;Com Vítimas Feridas;Pleno dia;Crescente;Céu Claro;Dupla;Reta;-22,77346915;-43,40284243
05/06/2026;13:20:00;CRUZ ALTA;Condutor usando celular;Capotamento;Com Vítimas Feridas;Pleno dia;Decrescente;Céu Claro;Simples;Reta;-28,63300341;-53,57171506
05/06/2026;13:20:00;ESPLANADA;Velocidade Incompatível;Saída de leito carroçável;Com Vítimas Feridas;Pleno dia;Decrescente;Garoa/Chuvisco;Dupla;"Curva;Declive";-11,74406;-37,93972
05/06/2026;11:00:00;SANTANA DO IPANEMA;Acesso irregular;Colisão transversal;Com Vítimas Feridas;Pleno dia;Decrescente;Nublado;Simples;"Reta;Declive";-9,366698;-37,255613
05/06/2026;14:50:00;SAO CRISTOVAO;Acumulo de água sobre o pavimento;Saída de leito carroçável;Sem Vítimas;Pleno dia;Crescente;Chuva;Dupla;Reta;-10,918419;-37,168675
05/06/2026;17:00:00;SAO MATEUS;Ultrapassagem Indevida;Colisão lateral mesmo sentido;Com Vítimas Feridas;Plena Noite;Crescente;Céu Claro;Simples;Reta;-18,760025;-39,8634567
05/06/2026;17:30:00;VITORIA DA CONQUISTA;Acesso irregular;Colisão transversal;Com Vítimas Feridas;Anoitecer;Crescente;Nublado;Simples;Reta;-14,8843305;-40,8706077
05/06/2026;17:30:00;SABARA;Ultrapassagem Indevida;Colisão lateral mesmo sentido;Com Vítimas Feridas;Pleno dia;Crescente;Nublado;Simples;Curva;-19,8335744;-43,84808628
05/06/2026;16:30:00;MAFRA;Sinalização mal posicionada;Colisão transversal;Com Vítimas Feridas;Pleno dia;Crescente;Céu Claro;Simples;Interseção de Vias;-26,14519097;-49,82169986
05/06/2026;17:50:00;DUQUE DE CAXIAS;Acesso irregular;Colisão frontal;Com Vítimas Feridas;Plena Noite;Decrescente;Céu Claro;Dupla;Reta;-22,640955;-43,283363
05/06/2026;18:45:00;LAJEADO;Conversão proibida;Colisão transversal;Com Vítimas Feridas;Plena Noite;Crescente;Céu Claro;Dupla;"Declive;Reta";-29,437195;-51,996454
05/06/2026;19:00:00;DOM ELISEU;Conversão proibida;Colisão frontal;Com Vítimas Feridas;Plena Noite;Decrescente;Céu Claro;Simples;Curva;-4,44056;-47,535727
05/06/2026;20:00:00;CANOAS;Demais falhas na via;Saída de leito carroçável;Com Vítimas Feridas;Plena Noite;Crescente;Céu Claro;Dupla;Reta;-29,8932004;-51,19491431
05/06/2026;14:40:00;GENERAL CARNEIRO;Velocidade Incompatível;Saída de leito carroçável;Sem Vítimas;Pleno dia;Crescente;Sol;Simples;Curva;-15,71957532;-53,73050362
05/06/2026;17:50:00;ANGRA DOS REIS;Ultrapassagem Indevida;Colisão lateral mesmo sentido;Com Vítimas Feridas;Plena Noite;Crescente;Nublado;Simples;Interseção de Vias;-23,00084;-44,29762
05/06/2026;20:05:00;ARACATI;Animais na Pista;Colisão lateral mesmo sentido;Com Vítimas Feridas;Plena Noite;Decrescente;Céu Claro;Simples;Reta;-4,6622699;-37,61197027
05/06/2026;19:45:00;VILHENA;Velocidade Incompatível;Colisão transversal;Com Vítimas Feridas;Plena Noite;Crescente;Ignorado;Simples;Reta;-12,75216294;-60,10613358
05/06/2026;20:30:00;CANOINHAS;Condutor usando celular;Colisão com objeto;Sem Vítimas;Plena Noite;Decrescente;Nublado;Simples;Reta;-26,18993704;-50,37838396
05/06/2026;23:40:00;PARANAVAI;Velocidade Incompatível;Colisão traseira;Com Vítimas Fatais;Plena Noite;Decrescente;Céu Claro;Simples;"Interseção de Vias;Reta";-22,99123696;-52,59406328
05/06/2026;22:51:00;DOURADOS;Velocidade Incompatível;Saída de leito carroçável;Sem Vítimas;Plena Noite;Crescente;Céu Claro;Simples;"Retorno Regulamentado;Reta";-22,3204141;-54,8192929
05/06/2026;20:15:00;SAO BENTO DO SUL;Ausência de sinalização;Colisão frontal;Com Vítimas Feridas;Plena Noite;Crescente;Nevoeiro/Neblina;Múltipla;"Curva;Aclive";-26,34407;-49,37568
04/06/2026;01:26:00;NOVA IGUACU;Ausência de sinalização;Engavetamento;Com Vítimas Feridas;Plena Noite;Crescente;Céu Claro;Dupla;Reta;-22,7425739;-43,45154679
04/06/2026;05:31:00;ITATIAIUCU;Velocidade Incompatível;Saída de leito carroçável;Com Vítimas Fatais;Pleno dia;Crescente;Céu Claro;Dupla;Curva;-20,16409369;-44,36631203
04/06/2026;04:15:00;ANTONINA;Chuva;Colisão com objeto;Com Vítimas Feridas;Plena Noite;Crescente;Chuva;Dupla;Reta;-25,10922624;-48,74659689
04/06/2026;07:40:00;POUSO ALEGRE;Velocidade Incompatível;Engavetamento;Com Vítimas Feridas;Pleno dia;Decrescente;Céu Claro;Dupla;"Reta;Aclive";-22,269893;-45,892292