data_inversa;horario;municipio;causa_acidente;tipo_acidente;classificacao_acidente;fase_dia;sentido_via;condicao_metereologica;tipo_pista;tracado_via;latitude;longitude
23/05/2026;07:10:00;COCALZINHO DE GOIAS;Velocidade Incompatível;Saída de leito carroçável;Com Vítimas Feridas;Pleno dia;Crescente;Céu Claro;Dupla;Retorno Regulamentado;-15,756317;-48,752216
23/05/2026;08:00:00;MANGARATIBA;Conversão proibida;Colisão traseira;Com Vítimas Feridas;Pleno dia;Crescente;Céu Claro;Simples;Reta;-22,97695906;-44,08521879
23/05/2026;07:10:00;MARABA;Ultrapassagem Indevida;Colisão frontal;Com Vítimas Feridas;Pleno dia;Crescente;Céu Claro;Simples;"Reta;Aclive";-5,374747;-49,158752
23/05/2026;08:30:00;PETROPOLIS;Demais falhas na via;Queda de ocupante de veículo;Com Vítimas Feridas;Pleno dia;Crescente;Chuva;Dupla;Curva;-22,29854905;-43,13021746
23/05/2026;09:40:00;CAMPOS DOS GOYTACAZES;Acumulo de água sobre o pavimento;Colisão com objeto;Com Vítimas Feridas;Pleno dia;Decrescente;Chuva;Dupla;Reta;-21,9090917;-41,60987
23/05/2026;09:40:00;LINHARES;Chuva;Saída de leito carroçável;Com Vítimas Feridas;Pleno dia;Crescente;Chuva;Simples;"Interseção de Vias;Declive;Curva";-19,40713393;-40,06403494
23/05/2026;08:30:00;XAXIM;Acumulo de água sobre o pavimento;Saída de leito carroçável;Com Vítimas Feridas;Pleno dia;Decrescente;Nevoeiro/Neblina;Múltipla;"Curva;Declive";-26,928387;-52,499141
23/05/2026;06:20:00;IRACEMINHA;Neblina;Saída de leito carroçável;Com Vítimas Feridas;Amanhecer;Crescente;Nevoeiro/Neblina;Simples;"Curva;Ponte";-26,82104;-53,38267414
23/05/2026;12:20:00;BRASILIA;Ultrapassagem Indevida;Colisão lateral mesmo sentido;Com Vítimas Feridas;Pleno dia;Crescente;Nublado;Dupla;Reta;-16,04701885;-47,981047
23/05/2026;11:30:00;GUARAPARI;Velocidade Incompatível;Saída de leito carroçável;Com Vítimas Feridas;Pleno dia;Decrescente;Chuva;Dupla;"Curva;Aclive";-20,66343532;-40,59314132
23/05/2026;11:20:00;CONGONHAS;Velocidade Incompatível;Colisão com objeto;Com Vítimas Feridas;Pleno dia;Crescente;Sol;Simples;Curva;-20,5075119;-43,8381478
23/05/2026;12:15:00;NOVO HAMBURGO;Animais na Pista;Colisão traseira;Com Vítimas Feridas;Pleno dia;Decrescente;Nublado;Dupla;"Em Obras;Reta;Declive";-29,69266412;-51,14352249
23/05/2026;15:00:00;UBERABA;Pista Escorregadia;Queda de ocupante de veículo;Com Vítimas Feridas;Pleno dia;Decrescente;Céu Claro;Dupla;Reta;-19,770772;-47,905986
23/05/2026;20:10:00;CURITIBA;Animais na Pista;Atropelamento de Animal;Com Vítimas Feridas;Plena Noite;Crescente;Garoa/Chuvisco;Múltipla;Reta;-25,55205797;-49,30481521
23/05/2026;18:30:00;FOZ DO IGUACU;Animais na Pista;Atropelamento de Animal;Com Vítimas Feridas;Plena Noite;Crescente;Ignorado;Simples;Reta;-25,563735;-54,543761
23/05/2026;16:50:00;GUARANIACU;Ultrapassagem Indevida;Colisão frontal;Com Vítimas Feridas;Anoitecer;Decrescente;Nublado;Simples;Reta;-25,1639507;-52,6943923
23/05/2026;20:20:00;GUAPIMIRIM;Velocidade Incompatível;Colisão traseira;Com Vítimas Feridas;Plena Noite;Decrescente;Céu Claro;Dupla;Reta;-22,581826;-43,01321
23/05/2026;21:00:00;SAO PAULO;Pista Escorregadia;Colisão com objeto;Com Vítimas Feridas;Plena Noite;Crescente;Chuva;Dupla;"Curva;Declive";-23,38247041;-46,56409153
23/05/2026;20:10:00;PILAR;Velocidade Incompatível;Colisão com objeto;Com Vítimas Feridas;Plena Noite;Decrescente;Céu Claro;Simples;Reta;-9,59041931;-35,9568339
23/05/2026;21:30:00;JUQUITIBA;Pista Escorregadia;Saída de leito carroçável;Com Vítimas Feridas;Plena Noite;Crescente;Garoa/Chuvisco;Dupla;Curva;-23,99566249;-47,14988708
23/05/2026;21:00:00;NOVA SERRANA;Animais na Pista;Atropelamento de Animal;Com Vítimas Feridas;Plena Noite;Decrescente;Céu Claro;Simples;Reta;-19,84830618;-45,03244221
23/05/2026;19:20:00;SAO BENTO DO SUL;Ausência de sinalização;Colisão frontal;Com Vítimas Feridas;Plena Noite;Crescente;Nublado;Simples;Curva;-26,382233;-49,324578
23/05/2026;22:20:00;JOSE BONIFACIO;Animais na Pista;Atropelamento de Animal;Com Vítimas Feridas;Plena Noite;Crescente;Nublado;Simples;"Reta;Aclive";-21,085291;-49,673153
23/05/2026;22:20:00;BARRA DO PIRAI;Pista esburacada;Queda de ocupante de veículo;Com Vítimas Feridas;Plena Noite;Decrescente;Céu Claro;Simples;Reta;-22,47929;-43,88948
23/05/2026;23:50:00;CAMPOS NOVOS;Velocidade Incompatível;Colisão com objeto;Com Vítimas Feridas;Plena Noite;Crescente;Céu Claro;Simples;"Reta;Ponte";-27,387224;-51,113983
23/05/2026;15:05:00;SANTA TEREZA DO OESTE;Velocidade Incompatível;Colisão com objeto;Com Vítimas Feridas;Pleno dia;Decrescente;Nevoeiro/Neblina;Simples;Viaduto;-25,08307891;-53,58478995
23/05/2026;09:45:00;CHOPINZINHO;Velocidade Incompatível;Colisão traseira;Com Vítimas Feridas;Pleno dia;Decrescente;Garoa/Chuvisco;Simples;Reta;-25,85658256;-52,33101217
23/05/2026;01:05:00;RONDON DO PARA;Ultrapassagem Indevida;Saída de leito carroçável;Sem Vítimas;Plena Noite;Crescente;Céu Claro;Simples;"Reta;Declive";-4,877203;-48,258498
22/05/2026;00:40:00;POUSO REDONDO;Acesso irregular;Colisão transversal;Com Vítimas Feridas;Plena Noite;Decrescente;Nublado;Simples;Reta;-27,25708507;-49,93435113
22/05/2026;06:37:00;JABOATAO DOS GUARARAPES;Acesso irregular;Atropelamento de Pedestre;Com Vítimas Feridas;Pleno dia;Crescente;Céu Claro;Múltipla;Reta;-8,15315;-34,94261
22/05/2026;04:30:00;RIBEIRA DO POMBAL;Fumaça;Incêndio;Sem Vítimas;Plena Noite;Crescente;Céu Claro;Simples;Reta;-10,811711;-38,528569
22/05/2026;20:00:00;VITORIA DA CONQUISTA;Neblina;Atropelamento de Pedestre;Com Vítimas Feridas;Plena Noite;Crescente;Chuva;Simples;Reta;-14,81624;-40,80404
22/05/2026;20:00:00;PAULA FREITAS;Acesso irregular;Colisão transversal;Com Vítimas Feridas;Plena Noite;Crescente;Chuva;Simples;Reta;-26,13800982;-50,86400843
22/05/2026;20:20:00;ARAQUARI;Acesso irregular;Colisão frontal;Com Vítimas Feridas;Plena Noite;Crescente;Garoa/Chuvisco;Simples;Reta;-26,42646272;-48,78839493
22/05/2026;04:00:00;SEROPEDICA;Conversão proibida;Colisão frontal;Sem Vítimas;Plena Noite;Decrescente;Garoa/Chuvisco;Simples;Reta;-22,751484;-43,69561
22/05/2026;06:30:00;NOVA ALVORADA DO SUL;Afundamento ou ondulação no pavimento;Colisão com objeto;Sem Vítimas;Pleno dia;Decrescente;Céu Claro;Simples;Reta;-21,33086502;-54,42170685
22/05/2026;13:35:00;TERESINA;Deficiência do Sistema de Iluminação/Sinalização;Colisão transversal;Com Vítimas Feridas;Pleno dia;Crescente;Céu Claro;Múltipla;Interseção de Vias;-5,08082881;-42,77803509
22/05/2026;16:43:00;LINDOESTE;Acumulo de água sobre o pavimento;Saída de leito carroçável;Com Vítimas Feridas;Pleno dia;Decrescente;Chuva;Dupla;Curva;-25,1832513;-53,6018755
22/05/2026;17:00:00;CONGONHAS;Conversão proibida;Colisão transversal;Com Vítimas Feridas;Pleno dia;Crescente;Céu Claro;Simples;Reta;-20,55811;-43,8138
22/05/2026;13:00:00;ALTAMIRA;Acesso irregular;Colisão lateral mesmo sentido;Com Vítimas Feridas;Pleno dia;Crescente;Céu Claro;Simples;Interseção de Vias;-3,20164;-52,237856
22/05/2026;17:50:00;PETROPOLIS;Pista Escorregadia;Saída de leito carroçável;Com Vítimas Feridas;Anoitecer;Crescente;Garoa/Chuvisco;Dupla;"Curva;Declive;Túnel";-22,53193829;-43,23510915
22/05/2026;12:25:00;PRIMEIRA CRUZ;Pista esburacada;Saída de leito carroçável;Sem Vítimas;Pleno dia;Crescente;Céu Claro;Simples;"Reta;Declive";-2,74748;-43,34849
22/05/2026;18:20:00;NOSSA SENHORA DO SOCORRO;Conversão proibida;Colisão transversal;Com Vítimas Feridas;Plena Noite;Decrescente;Chuva;Simples;Reta;-10,88022636;-37,14539766
22/05/2026;17:45:00;AGUA DOCE;Acumulo de água sobre o pavimento;Colisão frontal;Com Vítimas Feridas;Anoitecer;Decrescente;Chuva;Simples;Curva;-26,613501;-51,497547
22/05/2026;18:10:00;TARUMIRIM;Conversão proibida;Colisão transversal;Com Vítimas Feridas;Plena Noite;Decrescente;Céu Claro;Simples;"Reta;Declive";-19,26766833;-42,06538166
22/05/2026;20:20:00;FEIRA DE SANTANA;Animais na Pista;Queda de ocupante de veículo;Com Vítimas Feridas;Plena Noite;Decrescente;Céu Claro;Dupla;Reta;-12,25357316;-38,98907214
22/05/2026;20:55:00;CAMPESTRE DA SERRA;Ultrapassagem Indevida;Colisão lateral sentido oposto;Com Vítimas Feridas;Plena Noite;Decrescente;Nublado;Simples;"Reta;Aclive";-28,638605;-51,044226
22/05/2026;21:40:00;BRASILIA;Velocidade Incompatível;Colisão lateral mesmo sentido;Com Vítimas Fatais;Plena Noite;Crescente;Céu Claro;Simples;Reta;-15,884587;-48,068452
22/05/2026;23:00:00;INDIARA;Acesso irregular;Colisão com objeto;Sem Vítimas;Plena Noite;Decrescente;Céu Claro;Dupla;"Curva;Declive";-17,205971;-50,099335
22/05/2026;20:00:00;GOVERNADOR VALADARES;Ultrapassagem Indevida;Colisão frontal;Com Vítimas Feridas;Plena Noite;Decrescente;Céu Claro;Simples;Reta;-18,87387;-41,96658
22/05/2026;23:50:00;GUARATUBA;Velocidade Incompatível;Saída de leito carroçável;Com Vítimas Feridas;Plena Noite;Crescente;Chuva;Dupla;"Curva;Declive";-25,872;-48,936
22/05/2026;20:10:00;CAMPANHA;Velocidade Incompatível;Tombamento;Com Vítimas Feridas;Plena Noite;Decrescente;Céu Claro;Dupla;Reta;-21,82325762;-45,49438477
22/05/2026;17:00:00;MARAVILHA;Velocidade Incompatível;Colisão frontal;Com Vítimas Fatais;Pleno dia;Crescente;Chuva;Simples;Reta;-26,764303;-53,25412
21/05/2026;06:01:00;RIO VERDE;Deficiência do Sistema de Iluminação/Sinalização;Colisão traseira;Com Vítimas Feridas;Plena Noite;Crescente;Nublado;Múltipla;"Reta;Declive";-17,801995;-50,875428
21/05/2026;07:30:00;IRINEOPOLIS;Ultrapassagem Indevida;Colisão frontal;Com Vítimas Feridas;Pleno dia;Decrescente;Céu Claro;Simples;Curva;-26,29162409;-50,79129092
21/05/2026;09:50:00;IBIA;Afundamento ou ondulação no pavimento;Saída de leito carroçável;Com Vítimas Feridas;Pleno dia;Decrescente;Céu Claro;Simples;Reta;-19,548158;-46,833488
21/05/2026;12:25:00;IRINEOPOLIS;Ultrapassagem Indevida;Colisão lateral mesmo sentido;Com Vítimas Feridas;Pleno dia;Decrescente;Céu Claro;Simples;"Reta;Declive";-26,2943433;-50,85584
21/05/2026;11:00:00;MONTE CASTELO;Ultrapassagem Indevida;Colisão lateral sentido oposto;Com Vítimas Feridas;Pleno dia;Decrescente;Sol;Simples;"Curva;Declive";-26,75784376;-50,34205612
21/05/2026;13:50:00;SAO LOURENCO DA SERRA;Acesso irregular;Colisão transversal;Com Vítimas Feridas;Pleno dia;Crescente;Nublado;Dupla;Reta;-23,8403538;-46,9315596
21/05/2026;17:30:00;ORTIGUEIRA;Ultrapassagem Indevida;Colisão lateral mesmo sentido;Com Vítimas Fatais;Pleno dia;Crescente;Céu Claro;Simples;Reta;-24,186205;-50,960598
21/05/2026;14:00:00;IRAJUBA;Ultrapassagem Indevida;Saída de leito carroçável;Com Vítimas Feridas;Pleno dia;Crescente;Céu Claro;Simples;Reta;-13,274651;-40,014807
21/05/2026;23:30:00;NOVA SERRANA;Ultrapassagem Indevida;Colisão lateral mesmo sentido;Com Vítimas Fatais;Plena Noite;Crescente;Céu Claro;Dupla;"Reta;Declive";-19,8769;-44,94418
21/05/2026;05:30:00;CURITIBA;Ausência de sinalização;Tombamento;Sem Vítimas;Amanhecer;Decrescente;Nublado;Dupla;Reta;-25,43042988;-49,31752405
21/05/2026;06:50:00;BARRA DO GARCAS;Pista Escorregadia;Queda de ocupante de veículo;Com Vítimas Feridas;Pleno dia;Decrescente;Céu Claro;Simples;"Curva;Declive";-15,8780317;-52,31293
21/05/2026;06:20:00;SANTA MARIANA;Ultrapassagem Indevida;Saída de leito carroçável;Com Vítimas Feridas;Amanhecer;Crescente;Nublado;Simples;Reta;-23,14262167;-50,49023375
21/05/2026;07:50:00;SAO LUIZ GONZAGA;Conversão proibida;Colisão frontal;Com Vítimas Feridas;Pleno dia;Decrescente;Céu Claro;Simples;Reta;-28,41529422;-54,97347987
21/05/2026;07:30:00;MIRACATU;Acesso irregular;Colisão transversal;Com Vítimas Feridas;Pleno dia;Decrescente;Céu Claro;Simples;Retorno Regulamentado;-24,25127316;-47,37280933
21/05/2026;07:20:00;ILHEUS;Velocidade Incompatível;Capotamento;Com Vítimas Feridas;Pleno dia;Crescente;Chuva;Dupla;Curva;-14,80402;-39,146543
21/05/2026;08:35:00;VOLTA REDONDA;Retorno proibido;Colisão transversal;Com Vítimas Feridas;Pleno dia;Crescente;Nublado;Simples;"Reta;Aclive";-22,50718991;-44,05713916
21/05/2026;10:30:00;PETROPOLIS;Pista Escorregadia;Colisão com objeto;Com Vítimas Feridas;Pleno dia;Decrescente;Garoa/Chuvisco;Dupla;Curva;-22,57296273;-43,25471878
21/05/2026;10:15:00;DUQUE DE CAXIAS;Pista Escorregadia;Tombamento;Com Vítimas Feridas;Pleno dia;Crescente;Nublado;Dupla;Curva;-22,557014;-43,2658674
21/05/2026;11:43:00;CIPO;Conversão proibida;Colisão lateral mesmo sentido;Com Vítimas Feridas;Pleno dia;Decrescente;Nublado;Simples;Reta;-11,07846811;-38,509655
21/05/2026;13:50:00;GOVERNADOR VALADARES;Ultrapassagem Indevida;Colisão transversal;Com Vítimas Feridas;Pleno dia;Decrescente;Sol;Simples;Retorno Regulamentado;-18,90297756;-41,94653034
21/05/2026;13:00:00;ANGRA DOS REIS;Chuva;Saída de leito carroçável;Sem Vítimas;Pleno dia;Crescente;Chuva;Simples;Reta;-23,00443;-44,2301
21/05/2026;15:50:00;ATILIO VIVACQUA;Velocidade Incompatível;Colisão com objeto;Sem Vítimas;Pleno dia;Crescente;Céu Claro;Simples;Curva;-20,9897473;-41,1187477
21/05/2026;10:30:00;CEREJEIRAS;Conversão proibida;Colisão lateral mesmo sentido;Com Vítimas Feridas;Pleno dia;Crescente;Nublado;Simples;Reta;-13,1889934;-60,83743215
21/05/2026;18:20:00;ITAPISSUMA;Animais na Pista;Atropelamento de Animal;Com Vítimas Feridas;Plena Noite;Crescente;Nublado;Dupla;"Reta;Declive";-7,70767;-34,9276
21/05/2026;23:30:00;JOINVILLE;Velocidade Incompatível;Saída de leito carroçável;Com Vítimas Feridas;Plena Noite;Decrescente;Nublado;Dupla;Reta;-26,28055831;-48,89030663
21/05/2026;22:40:00;SANTA VITORIA DO PALMAR;Animais na Pista;Atropelamento de Animal;Com Vítimas Feridas;Plena Noite;Decrescente;Nublado;Simples;Reta;-33,5552167;-53,3673917
21/05/2026;22:43:00;BALNEARIO CAMBORIU;Acesso irregular;Colisão transversal;Com Vítimas Feridas;Plena Noite;Crescente;Nublado;Dupla;Reta;-27,02432;-48,60774
21/05/2026;10:40:00;BONFIM;Acumulo de água sobre o pavimento;Saída de leito carroçável;Com Vítimas Feridas;Pleno dia;Decrescente;Chuva;Simples;Curva;3,121294;-60,296092
20/05/2026;04:30:00;PRESIDENTE FIGUEIREDO;Afundamento ou ondulação no pavimento;Saída de leito carroçável;Com Vítimas Feridas;Plena Noite;Crescente;Céu Claro;Simples;Reta;-2,00013532;-60,02620697
20/05/2026;05:30:00;GUARANTA DO NORTE;Declive acentuado;Tombamento;Sem Vítimas;Amanhecer;Decrescente;Nublado;Simples;"Curva;Declive";-9,64864629;-54,87224579
20/05/2026;19:00:00;SAO GONCALO DO RIO ABAIXO;Chuva;Colisão frontal;Com Vítimas Feridas;Plena Noite;Crescente;Chuva;Dupla;Curva;-19,85437231;-43,24699044
20/05/2026;19:40:00;ATALAIA;Velocidade Incompatível;Tombamento;Com Vítimas Feridas;Plena Noite;Crescente;Céu Claro;Simples;Reta;-9,505395;-36,044688
20/05/2026;15:12:00;ITAPAJE;Velocidade Incompatível;Colisão com objeto;Com Vítimas Feridas;Pleno dia;Crescente;Céu Claro;Simples;Curva;-3,70705;-39,622986
20/05/2026;15:30:00;GOVERNADOR VALADARES;Conversão proibida;Colisão lateral mesmo sentido;Sem Vítimas;Pleno dia;Crescente;Céu Claro;Simples;Reta;-18,89264432;-41,94717407
20/05/2026;02:05:00;ICO;Afundamento ou ondulação no pavimento;Eventos atípicos;Com Vítimas Fatais;Plena Noite;Crescente;Céu Claro;Simples;Reta;-6,40685;-38,8478
20/05/2026;07:30:00;ITATIAIA;Acumulo de água sobre o pavimento;Saída de leito carroçável;Com Vítimas Feridas;Pleno dia;Decrescente;Chuva;Dupla;Reta;-22,4802024;-44,53342128
20/05/2026;07:45:00;SATUBA;Ultrapassagem Indevida;Atropelamento de Pedestre;Com Vítimas Feridas;Pleno dia;Decrescente;Céu Claro;Simples;Reta;-9,57161906;-35,82527787
20/05/2026;06:40:00;PETROPOLIS;Pista Escorregadia;Saída de leito carroçável;Com Vítimas Feridas;Amanhecer;Crescente;Chuva;Dupla;Reta;-22,28264367;-43,119699
20/05/2026;08:00:00;ARACRUZ;Velocidade Incompatível;Saída de leito carroçável;Com Vítimas Feridas;Pleno dia;Crescente;Céu Claro;Simples;Curva;-19,650809;-40,232143
20/05/2026;06:30:00;NAVEGANTES;Conversão proibida;Colisão traseira;Com Vítimas Feridas;Pleno dia;Decrescente;Céu Claro;Dupla;Em Obras;-26,86928969;-48,67464558
20/05/2026;08:30:00;BARRA MANSA;Velocidade Incompatível;Colisão com objeto;Com Vítimas Feridas;Pleno dia;Crescente;Chuva;Dupla;Reta;-22,45541298;-44,29394469
20/05/2026;05:00:00;ICO;Animais na Pista;Atropelamento de Animal;Com Vítimas Feridas;Pleno dia;Decrescente;Céu Claro;Simples;"Reta;Declive";-6,436683;-38,857498
20/05/2026;08:00:00;VITORIA DA CONQUISTA;Acesso irregular;Colisão frontal;Com Vítimas Feridas;Pleno dia;Crescente;Céu Claro;Simples;Reta;-14,848055;-40,811275
20/05/2026;08:25:00;VASSOURAS;Velocidade Incompatível;Saída de leito carroçável;Com Vítimas Feridas;Pleno dia;Decrescente;Chuva;Simples;"Curva;Declive";-22,42882517;-43,70543611
20/05/2026;08:30:00;ITABUNA;Acesso irregular;Colisão transversal;Com Vítimas Feridas;Pleno dia;Decrescente;Sol;Simples;Reta;-14,808402;-39,296778
20/05/2026;12:00:00;SINOP;Retorno proibido;Colisão lateral mesmo sentido;Sem Vítimas;Pleno dia;Decrescente;Céu Claro;Dupla;Reta;-11,971358;-55,516872
20/05/2026;11:00:00;PATOS DE MINAS;Afundamento ou ondulação no pavimento;Queda de ocupante de veículo;Com Vítimas Feridas;Pleno dia;Decrescente;Céu Claro;Múltipla;Reta;-18,64143115;-46,49551241
20/05/2026;13:50:00;NOVA LIMA;Velocidade Incompatível;Saída de leito carroçável;Com Vítimas Fatais;Pleno dia;Crescente;Céu Claro;Dupla;Curva;-20,081758;-43,979095
20/05/2026;14:50:00;IGARAPE-ACU;Velocidade Incompatível;Capotamento;Com Vítimas Feridas;Pleno dia;Decrescente;Céu Claro;Simples;Reta;-1,33165;-47,62312
20/05/2026;15:50:00;RONDONOPOLIS;Acesso irregular;Colisão lateral mesmo sentido;Com Vítimas Feridas;Pleno dia;Crescente;Céu Claro;Dupla;"Reta;Interseção de Vias";-16,447844;-54,666178
20/05/2026;17:05:00;CASCAVEL;Velocidade Incompatível;Tombamento;Com Vítimas Feridas;Pleno dia;Decrescente;Céu Claro;Dupla;Reta;-24,9884;-53,3262
20/05/2026;17:20:00;CAMPOS ALTOS;Chuva;Colisão transversal;Com Vítimas Feridas;Pleno dia;Decrescente;Chuva;Simples;Reta;-19,617813;-46,275903
20/05/2026;16:00:00;PEIXE-BOI;Afundamento ou ondulação no pavimento;Capotamento;Com Vítimas Feridas;Pleno dia;Crescente;Céu Claro;Simples;Reta;-1,236477;-47,225068
20/05/2026;18:20:00;PALHOCA;Sinalização mal posicionada;Colisão transversal;Com Vítimas Feridas;Plena Noite;Decrescente;Céu Claro;Simples;Interseção de Vias;-27,69492159;-48,66261386
20/05/2026;19:40:00;SOORETAMA;Acumulo de água sobre o pavimento;Queda de ocupante de veículo;Com Vítimas Feridas;Plena Noite;Crescente;Garoa/Chuvisco;Simples;Declive;-19,222965;-40,093453
20/05/2026;20:45:00;TOLEDO;Velocidade Incompatível;Tombamento;Com Vítimas Feridas;Plena Noite;Decrescente;Nublado;Dupla;Reta;-24,7818;-53,678
20/05/2026;21:30:00;TRES MARIAS;Acesso irregular;Colisão transversal;Com Vítimas Feridas;Plena Noite;Crescente;Céu Claro;Simples;Curva;-18,25140653;-45,19642923
20/05/2026;21:40:00;RIO DE JANEIRO;Chuva;Colisão com objeto;Com Vítimas Feridas;Plena Noite;Crescente;Céu Claro;Múltipla;Reta;-22,879658;-43,626873
20/05/2026;21:15:00;CARATINGA;Velocidade Incompatível;Colisão com objeto;Com Vítimas Feridas;Plena Noite;Decrescente;Céu Claro;Simples;Curva;-19,797666;-42,138083
20/05/2026;22:30:00;COLOMBO;Velocidade Incompatível;Colisão traseira;Sem Vítimas;Plena Noite;Decrescente;Nublado;Dupla;Reta;-25,37278959;-49,14021206
20/05/2026;23:00:00;ACAILANDIA;Iluminação deficiente;Colisão com objeto;Com Vítimas Feridas;Plena Noite;Crescente;Céu Claro;Simples;Reta;-4,92683;-47,441242
20/05/2026;07:15:00;DUQUE DE CAXIAS;Acumulo de água sobre o pavimento;Tombamento;Com Vítimas Feridas;Pleno dia;Crescente;Chuva;Simples;Curva;-22,80619721;-43,28975272
20/05/2026;09:50:00;SAPUCAIA;Pista Escorregadia;Saída de leito carroçável;Sem Vítimas;Pleno dia;Crescente;Chuva;Simples;Curva;-21,946935;-42,8373122
20/05/2026;19:40:00;MINEIROS;Ultrapassagem Indevida;Colisão lateral mesmo sentido;Com Vítimas Feridas;Anoitecer;Crescente;Garoa/Chuvisco;Simples;Reta;-17,44875;-52,59529
19/05/2026;00:47:00;BRUNOPOLIS;Velocidade Incompatível;Tombamento;Com Vítimas Feridas;Plena Noite;Decrescente;Nublado;Simples;"Declive;Curva";-27,3250833;-50,7776147
19/05/2026;01:30:00;PATOS DE MINAS;Velocidade Incompatível;Saída de leito carroçável;Com Vítimas Feridas;Plena Noite;Crescente;Chuva;Simples;Reta;-18,63682;-46,45991
19/05/2026;14:12:00;ALAGOINHAS;Ultrapassagem Indevida;Colisão frontal;Com Vítimas Feridas;Pleno dia;Crescente;Sol;Simples;Reta;-12,153289;-38,514126
19/05/2026;16:34:00;ARAQUARI;Ultrapassagem Indevida;Colisão frontal;Com Vítimas Fatais;Pleno dia;Crescente;Céu Claro;Simples;"Reta;Em Obras";-26,371013;-48,704315
19/05/2026;04:30:00;JACAREI;Animais na Pista;Atropelamento de Animal;Com Vítimas Feridas;Plena Noite;Decrescente;Garoa/Chuvisco;Simples;Reta;-23,30131161;-46,02138088
19/05/2026;06:00:00;SAO GONCALO DO RIO ABAIXO;Ultrapassagem Indevida;Colisão lateral mesmo sentido;Com Vítimas Feridas;Amanhecer;Decrescente;Nublado;Simples;Curva;-19,833449;-43,351267
19/05/2026;07:30:00;PALHOCA;Animais na Pista;Atropelamento de Animal;Com Vítimas Feridas;Pleno dia;Crescente;Céu Claro;Simples;Reta;-27,66607989;-48,68770346
19/05/2026;06:00:00;ALEM PARAIBA;Pista Escorregadia;Colisão frontal;Com Vítimas Feridas;Amanhecer;Crescente;Chuva;Simples;Declive;-21,82914866;-42,67852664
19/05/2026;10:10:00;ALTAMIRA;Pista esburacada;Colisão lateral mesmo sentido;Com Vítimas Feridas;Pleno dia;Crescente;Céu Claro;Dupla;Rotatória;-3,18117063;-52,1850303
19/05/2026;09:55:00;JOACABA;Acesso irregular;Colisão transversal;Com Vítimas Feridas;Pleno dia;Crescente;Céu Claro;Simples;Interseção de Vias;-27,16775731;-51,56005111
19/05/2026;09:50:00;BRAGANCA PAULISTA;Animais na Pista;Atropelamento de Animal;Sem Vítimas;Pleno dia;Crescente;Nublado;Dupla;"Reta;Declive";-22,93213973;-46,46877515
19/05/2026;11:30:00;PARNAMIRIM;Pista Escorregadia;Queda de ocupante de veículo;Com Vítimas Feridas;Pleno dia;Crescente;Céu Claro;Múltipla;Reta;-5,89098354;-35,25299418
19/05/2026;12:20:00;VARGEM;Velocidade Incompatível;Colisão com objeto;Com Vítimas Feridas;Pleno dia;Crescente;Nublado;Dupla;Reta;-22,90875651;-46,4248538
19/05/2026;15:00:00;PATOS;Acesso irregular;Colisão transversal;Com Vítimas Feridas;Pleno dia;Decrescente;Céu Claro;Simples;Reta;-7,008287;-37,296035
19/05/2026;17:03:00;TIANGUA;Velocidade Incompatível;Saída de leito carroçável;Sem Vítimas;Pleno dia;Crescente;Nublado;Dupla;Curva;-3,74186682;-41,00743029
19/05/2026;19:38:00;GUARAPUAVA;Acesso irregular;Capotamento;Com Vítimas Feridas;Plena Noite;Decrescente;Céu Claro;Simples;"Reta;Aclive";-25,347759;-51,449417
18/05/2026;06:45:00;ITAPEMIRIM;Ultrapassagem Indevida;Colisão frontal;Com Vítimas Fatais;Pleno dia;Crescente;Céu Claro;Dupla;Reta;-20,94156;-41,08642
18/05/2026;07:30:00;BELEM DO SAO FRANCISCO;Ultrapassagem Indevida;Colisão com objeto;Sem Vítimas;Pleno dia;Crescente;Céu Claro;Simples;Curva;-8,6232299;-39,2418815
18/05/2026;10:30:00;VIANA;Ultrapassagem Indevida;Colisão lateral sentido oposto;Sem Vítimas;Pleno dia;Crescente;Sol;Simples;Curva;-20,3751305;-40,5213111
18/05/2026;07:00:00;BARRA DO CORDA;Retorno proibido;Colisão transversal;Com Vítimas Feridas;Pleno dia;Crescente;Céu Claro;Simples;Reta;-5,491435;-45,273443
18/05/2026;12:50:00;TUPANCIRETA;Ultrapassagem Indevida;Colisão lateral mesmo sentido;Com Vítimas Feridas;Pleno dia;Decrescente;Sol;Simples;Reta;-28,94189549;-53,64636254
18/05/2026;13:15:00;JACAREZINHO;Velocidade Incompatível;Tombamento;Com Vítimas Feridas;Pleno dia;Decrescente;Nublado;Simples;"Curva;Declive";-23,12632845;-49,94388454
18/05/2026;15:00:00;WENCESLAU GUIMARAES;Afundamento ou ondulação no pavimento;Colisão frontal;Com Vítimas Feridas;Pleno dia;Decrescente;Céu Claro;Simples;Reta;-13,6828533;-39,4780707
18/05/2026;16:04:00;OURO PRETO;Acumulo de areia ou detritos sobre o pavimento;Colisão frontal;Com Vítimas Feridas;Pleno dia;Decrescente;Chuva;Simples;Reta;-20,4230766;-43,8678834
18/05/2026;18:00:00;PATOS DE MINAS;Chuva;Tombamento;Com Vítimas Feridas;Plena Noite;Crescente;Chuva;Simples;Reta;-18,74667;-46,63603
18/05/2026;17:30:00;JUIZ DE FORA;Chuva;Saída de leito carroçável;Com Vítimas Feridas;Anoitecer;Decrescente;Chuva;Dupla;"Curva;Declive";-21,72417867;-43,43999126
18/05/2026;19:13:00;RIO DOS BOIS;Ultrapassagem Indevida;Colisão frontal;Com Vítimas Feridas;Plena Noite;Crescente;Céu Claro;Simples;Reta;-9,3048187;-48,5496999