data_inversa;horario;municipio;causa_acidente;tipo_acidente;classificacao_acidente;fase_dia;sentido_via;condicao_metereologica;tipo_pista;tracado_via;latitude;longitude
18/05/2026;19:00:00;JAGUAQUARA;Ultrapassagem Indevida;Colisão frontal;Com Vítimas Fatais;Plena Noite;Crescente;Céu Claro;Simples;Reta;-13,5046;-40,05578
18/05/2026;18:30:00;SERRINHA;Ultrapassagem Indevida;Colisão lateral sentido oposto;Com Vítimas Feridas;Plena Noite;Crescente;Céu Claro;Simples;Curva;-11,6638367;-39,00028467
18/05/2026;19:30:00;PRESIDENTE FIGUEIREDO;Pista esburacada;Incêndio;Sem Vítimas;Plena Noite;Crescente;Céu Claro;Simples;"Aclive;Reta";-1,7375;-60,0388
18/05/2026;20:57:00;SETE LAGOAS;Velocidade Incompatível;Tombamento;Com Vítimas Feridas;Plena Noite;Crescente;Nublado;Dupla;Curva;-19,485137;-44,281088
18/05/2026;13:03:00;ITAITUBA;Pista esburacada;Tombamento;Com Vítimas Feridas;Pleno dia;Crescente;Céu Claro;Simples;Reta;-6,04999;-55,684519
18/05/2026;15:30:00;TRES RIOS;Condutor usando celular;Colisão frontal;Com Vítimas Fatais;Pleno dia;Crescente;Nublado;Dupla;Reta;-22,12298;-43,203783
18/05/2026;17:40:00;GARANHUNS;Demais falhas na via;Colisão lateral sentido oposto;Com Vítimas Feridas;Anoitecer;Crescente;Céu Claro;Simples;Aclive;-8,866432;-36,509022
18/05/2026;15:00:00;CORDILHEIRA ALTA;Velocidade Incompatível;Colisão traseira;Sem Vítimas;Pleno dia;Crescente;Nublado;Simples;Reta;-26,99246294;-52,61001773
18/05/2026;15:00:00;CHOROZINHO;Conversão proibida;Colisão lateral mesmo sentido;Com Vítimas Feridas;Pleno dia;Decrescente;Céu Claro;Simples;Reta;-4,33352451;-38,48010904
18/05/2026;00:00:00;PIRAI;Chuva;Tombamento;Com Vítimas Feridas;Plena Noite;Decrescente;Chuva;Dupla;"Declive;Curva";-22,66787787;-43,83909702
18/05/2026;00:20:00;BANDEIRA DO SUL;Velocidade Incompatível;Capotamento;Sem Vítimas;Plena Noite;Decrescente;Garoa/Chuvisco;Simples;Curva;-21,713771;-46,421676
18/05/2026;02:30:00;NOSSA SENHORA DO SOCORRO;Animais na Pista;Colisão com objeto;Com Vítimas Feridas;Plena Noite;Crescente;Nublado;Dupla;"Rotatória;Curva";-10,9047231;-37,1490123
18/05/2026;05:30:00;UBERABA;Animais na Pista;Atropelamento de Animal;Com Vítimas Feridas;Amanhecer;Decrescente;Céu Claro;Dupla;"Reta;Declive";-19,75958;-48,02994
18/05/2026;06:30:00;SOBRAL;Animais na Pista;Atropelamento de Animal;Com Vítimas Feridas;Pleno dia;Crescente;Céu Claro;Simples;Curva;-3,720009;-40,33107
18/05/2026;06:40:00;SANTA MARIA;Demais falhas na via;Tombamento;Com Vítimas Feridas;Pleno dia;Crescente;Céu Claro;Simples;"Reta;Em Obras";-29,814886;-53,770686
18/05/2026;08:10:00;LINHARES;Ultrapassagem Indevida;Colisão frontal;Com Vítimas Fatais;Pleno dia;Crescente;Céu Claro;Simples;Reta;-19,4622314;-40,1057862
18/05/2026;08:45:00;BARRA DO TURVO;Chuva;Colisão com objeto;Com Vítimas Feridas;Pleno dia;Crescente;Garoa/Chuvisco;Dupla;Curva;-24,971976;-48,3514443
18/05/2026;09:30:00;CAMPINA GRANDE DO SUL;Chuva;Colisão com objeto;Sem Vítimas;Pleno dia;Crescente;Chuva;Múltipla;Curva;-25,346445;-49,046547
18/05/2026;12:30:00;SAO PAULO;Pista Escorregadia;Saída de leito carroçável;Com Vítimas Feridas;Pleno dia;Crescente;Chuva;Múltipla;"Curva;Declive";-23,3830385;-46,56513895
18/05/2026;12:30:00;CONCEICAO DO CASTELO;Conversão proibida;Colisão transversal;Com Vítimas Feridas;Pleno dia;Crescente;Sol;Simples;"Interseção de Vias;Curva";-20,293452;-41,241082
18/05/2026;14:35:00;CURITIBA;Pista Escorregadia;Queda de ocupante de veículo;Com Vítimas Feridas;Pleno dia;Decrescente;Chuva;Dupla;Declive;-25,446375;-49,231405
18/05/2026;14:30:00;CAJATI;Chuva;Capotamento;Com Vítimas Feridas;Pleno dia;Crescente;Chuva;Simples;Curva;-24,89406661;-48,24388504
18/05/2026;15:30:00;PETROPOLIS;Pista Escorregadia;Colisão com objeto;Com Vítimas Feridas;Pleno dia;Decrescente;Garoa/Chuvisco;Simples;"Aclive;Curva";-22,5115949;-43,23028374
18/05/2026;14:50:00;SORRISO;Velocidade Incompatível;Saída de leito carroçável;Com Vítimas Feridas;Pleno dia;Crescente;Céu Claro;Simples;"Declive;Em Obras;Curva";-12,70359342;-55,81616879
18/05/2026;16:30:00;BALNEARIO CAMBORIU;Acesso irregular;Colisão frontal;Com Vítimas Feridas;Pleno dia;Crescente;Céu Claro;Múltipla;Viaduto;-27,033103;-48,604479
18/05/2026;16:20:00;JATAI;Chuva;Saída de leito carroçável;Sem Vítimas;Anoitecer;Crescente;Chuva;Dupla;Curva;-17,856558;-51,553562
18/05/2026;17:40:00;BELO HORIZONTE;Conversão proibida;Colisão transversal;Com Vítimas Feridas;Plena Noite;Crescente;Céu Claro;Simples;Reta;-19,84019032;-43,87630463
18/05/2026;17:30:00;ANTONINA;Chuva;Capotamento;Com Vítimas Feridas;Anoitecer;Decrescente;Chuva;Dupla;Reta;-25,1053099;-48,71622741
18/05/2026;19:17:00;CARUARU;Ausência de sinalização;Atropelamento de Pedestre;Com Vítimas Fatais;Plena Noite;Crescente;Nublado;Dupla;Reta;-8,30267087;-35,97749233
18/05/2026;19:39:00;GOIANIA;Chuva;Tombamento;Com Vítimas Feridas;Anoitecer;Crescente;Chuva;Dupla;Reta;-16,71496431;-49,23507426
18/05/2026;19:45:00;SAO MIGUEL DO OESTE;Iluminação deficiente;Colisão com objeto;Com Vítimas Feridas;Plena Noite;Decrescente;Céu Claro;Simples;"Aclive;Curva";-26,67800597;-53,51569176
18/05/2026;20:07:00;RIO BRANCO;Animais na Pista;Atropelamento de Animal;Com Vítimas Feridas;Plena Noite;Crescente;Céu Claro;Dupla;Reta;-10,000081;-67,849693
18/05/2026;22:30:00;ITUMBIARA;Velocidade Incompatível;Colisão com objeto;Com Vítimas Feridas;Plena Noite;Crescente;Céu Claro;Dupla;Retorno Regulamentado;-18,32840931;-49,22638273
18/05/2026;23:00:00;QUATRO BARRAS;Chuva;Saída de leito carroçável;Com Vítimas Feridas;Plena Noite;Decrescente;Chuva;Dupla;Reta;-25,36664;-49,097615
18/05/2026;13:00:00;REDUTO;Retorno proibido;Colisão transversal;Com Vítimas Feridas;Pleno dia;Crescente;Céu Claro;Simples;"Reta;Declive";-20,25340224;-41,9918257
18/05/2026;15:00:00;GARUVA;Velocidade Incompatível;Saída de leito carroçável;Sem Vítimas;Pleno dia;Decrescente;Chuva;Dupla;Curva;-26,00480139;-48,8716507
17/05/2026;04:30:00;JACAREI;Chuva;Tombamento;Com Vítimas Fatais;Plena Noite;Crescente;Chuva;Dupla;"Declive;Curva";-23,30786972;-46,05429411
17/05/2026;09:12:00;BACABAL;Pista esburacada;Colisão traseira;Com Vítimas Feridas;Pleno dia;Crescente;Céu Claro;Simples;Reta;-4,135727;-44,993098
17/05/2026;20:55:00;JUIZ DE FORA;Velocidade Incompatível;Saída de leito carroçável;Com Vítimas Fatais;Plena Noite;Decrescente;Céu Claro;Simples;Curva;-21,5817;-43,4662
17/05/2026;22:40:00;JABOATAO DOS GUARARAPES;Curva acentuada;Colisão com objeto;Sem Vítimas;Plena Noite;Crescente;Céu Claro;Dupla;Curva;-8,15394;-34,9415
17/05/2026;22:10:00;RUSSAS;Velocidade Incompatível;Saída de leito carroçável;Com Vítimas Feridas;Plena Noite;Decrescente;Céu Claro;Simples;Curva;-4,88546628;-38,01827967
17/05/2026;16:30:00;PORTO VITORIA;Velocidade Incompatível;Colisão frontal;Com Vítimas Feridas;Pleno dia;Crescente;Chuva;Simples;Curva;-26,2269108;-51,13792419
17/05/2026;15:30:00;CENTRALINA;Velocidade Incompatível;Saída de leito carroçável;Com Vítimas Feridas;Pleno dia;Decrescente;Céu Claro;Dupla;Aclive;-18,63359475;-49,18225989
17/05/2026;00:20:00;SAO PEDRO;Animais na Pista;Atropelamento de Animal;Com Vítimas Feridas;Plena Noite;Crescente;Céu Claro;Simples;Reta;-5,8655441;-35,5977547
17/05/2026;02:36:00;AQUIRAZ;Pista Escorregadia;Queda de ocupante de veículo;Com Vítimas Feridas;Plena Noite;Decrescente;Chuva;Dupla;Reta;-3,952266;-38,512155
17/05/2026;07:00:00;BARAO;Velocidade Incompatível;Saída de leito carroçável;Com Vítimas Feridas;Amanhecer;Crescente;Nevoeiro/Neblina;Simples;"Declive;Reta";-29,40046637;-51,5039055
17/05/2026;11:35:00;BARRA DO TURVO;Acumulo de água sobre o pavimento;Colisão com objeto;Com Vítimas Feridas;Pleno dia;Crescente;Nublado;Dupla;Curva;-24,97174679;-48,37158887
17/05/2026;12:30:00;JACIARA;Chuva;Saída de leito carroçável;Com Vítimas Feridas;Pleno dia;Decrescente;Chuva;Dupla;Reta;-15,91626717;-55,03034592
17/05/2026;14:30:00;PORTO REAL DO COLEGIO;Acesso irregular;Colisão transversal;Sem Vítimas;Pleno dia;Decrescente;Nublado;Dupla;"Curva;Declive";-10,150175;-36,808067
17/05/2026;14:14:00;AGUA CLARA;Velocidade Incompatível;Saída de leito carroçável;Sem Vítimas;Pleno dia;Crescente;Chuva;Simples;Curva;-20,53677396;-52,56925535
17/05/2026;16:43:00;CONDE;Demais falhas na via;Tombamento;Com Vítimas Feridas;Pleno dia;Decrescente;Chuva;Dupla;Interseção de Vias;-7,259145;-34,9354
17/05/2026;16:00:00;CONSELHEIRO LAFAIETE;Curva acentuada;Queda de ocupante de veículo;Com Vítimas Feridas;Pleno dia;Decrescente;Céu Claro;Simples;Curva;-20,7050278;-43,7925434
17/05/2026;16:50:00;CONDE;Demais falhas na via;Tombamento;Com Vítimas Feridas;Pleno dia;Decrescente;Garoa/Chuvisco;Dupla;Reta;-7,259145;-34,9354
17/05/2026;17:45:00;JUATUBA;Velocidade Incompatível;Colisão com objeto;Com Vítimas Feridas;Pleno dia;Crescente;Céu Claro;Dupla;Reta;-19,958985;-44,339878
17/05/2026;17:20:00;SANTO ANTONIO DA PATRULHA;Velocidade Incompatível;Colisão traseira;Com Vítimas Feridas;Anoitecer;Decrescente;Chuva;Dupla;Reta;-29,870967;-50,417551
17/05/2026;17:40:00;SANTA LUZIA DO ITANHY;Velocidade Incompatível;Queda de ocupante de veículo;Com Vítimas Feridas;Anoitecer;Crescente;Céu Claro;Simples;Reta;-11,3573337;-37,6181194
17/05/2026;17:30:00;CRISTIANO OTONI;Conversão proibida;Colisão transversal;Com Vítimas Feridas;Anoitecer;Decrescente;Nublado;Simples;Reta;-20,84935227;-43,79882634
17/05/2026;17:30:00;BRASILIA;Afundamento ou ondulação no pavimento;Queda de ocupante de veículo;Com Vítimas Feridas;Plena Noite;Decrescente;Céu Claro;Dupla;Declive;-15,961469;-48,178488
17/05/2026;17:20:00;SAO SEBASTIAO DA BELA VISTA;Acumulo de água sobre o pavimento;Saída de leito carroçável;Com Vítimas Feridas;Plena Noite;Crescente;Chuva;Dupla;Curva;-22,20147343;-45,85975729
17/05/2026;16:00:00;CACERES;Ultrapassagem Indevida;Colisão frontal;Com Vítimas Feridas;Anoitecer;Decrescente;Nublado;Simples;Reta;-16,16571309;-57,6109314
17/05/2026;18:50:00;RIO DO SUL;Chuva;Colisão com objeto;Sem Vítimas;Plena Noite;Crescente;Chuva;Simples;"Reta;Ponte";-27,19011681;-49,61951494
17/05/2026;17:10:00;RIO DE JANEIRO;Acesso irregular;Colisão com objeto;Sem Vítimas;Anoitecer;Não Informado;Céu Claro;Simples;Reta;-22,8339;-43,3237
17/05/2026;18:17:00;MONSENHOR GIL;Animais na Pista;Atropelamento de Animal;Com Vítimas Feridas;Plena Noite;Crescente;Céu Claro;Simples;Curva;-5,52335436;-42,63973475
17/05/2026;20:50:00;PARANAGUA;Animais na Pista;Atropelamento de Animal;Com Vítimas Feridas;Plena Noite;Crescente;Nublado;Simples;Reta;-25,513404;-48,535293
17/05/2026;20:00:00;AIURUOCA;Velocidade Incompatível;Colisão frontal;Com Vítimas Fatais;Plena Noite;Decrescente;Chuva;Simples;Curva;-21,924653;-44,732753
17/05/2026;20:15:00;BARRA VELHA;Animais na Pista;Atropelamento de Animal;Com Vítimas Feridas;Plena Noite;Crescente;Nublado;Dupla;Reta;-26,673114;-48,690617
17/05/2026;20:10:00;SAO LEOPOLDO;Pista Escorregadia;Colisão lateral mesmo sentido;Com Vítimas Feridas;Plena Noite;Decrescente;Chuva;Múltipla;Curva;-29,77678631;-51,15529267
17/05/2026;21:33:00;ARES;Animais na Pista;Atropelamento de Animal;Com Vítimas Feridas;Plena Noite;Crescente;Céu Claro;Dupla;Declive;-6,1827783;-35,2161683
17/05/2026;20:20:00;LAGOA GRANDE;Animais na Pista;Atropelamento de Animal;Com Vítimas Feridas;Plena Noite;Crescente;Céu Claro;Simples;Reta;-17,61915494;-46,46518231
17/05/2026;22:00:00;SAO JOSE;Pista Escorregadia;Queda de ocupante de veículo;Com Vítimas Feridas;Plena Noite;Crescente;Céu Claro;Simples;Interseção de Vias;-27,58651;-48,69548
17/05/2026;22:30:00;RECIFE;Chuva;Queda de ocupante de veículo;Com Vítimas Feridas;Plena Noite;Decrescente;Chuva;Dupla;Reta;-8,07489;-34,9662
17/05/2026;21:24:00;IMBITUBA;Velocidade Incompatível;Colisão com objeto;Sem Vítimas;Plena Noite;Crescente;Nublado;Múltipla;Reta;-28,1512947;-48,6947479
17/05/2026;16:20:00;MAIRIPORA;Velocidade Incompatível;Colisão traseira;Com Vítimas Feridas;Pleno dia;Decrescente;Ignorado;Múltipla;Curva;-23,35484119;-46,5493412
17/05/2026;09:00:00;BARRA DO TURVO;Afundamento ou ondulação no pavimento;Colisão com objeto;Com Vítimas Feridas;Pleno dia;Crescente;Garoa/Chuvisco;Dupla;Curva;-24,97167339;-48,37212749
16/05/2026;05:45:00;SAO JOSE DOS PINHAIS;Velocidade Incompatível;Colisão traseira;Com Vítimas Fatais;Amanhecer;Crescente;Garoa/Chuvisco;Dupla;Reta;-25,50793217;-49,12511635
16/05/2026;03:40:00;ITABELA;Velocidade Incompatível;Capotamento;Com Vítimas Fatais;Plena Noite;Decrescente;Nevoeiro/Neblina;Simples;"Declive;Curva";-16,618368;-39,541589
16/05/2026;10:05:00;TUCANO;Demais falhas na via;Colisão lateral mesmo sentido;Com Vítimas Feridas;Pleno dia;Crescente;Céu Claro;Simples;"Aclive;Reta";-10,911774;-38,836378
16/05/2026;14:17:00;CRUZ ALTA;Velocidade Incompatível;Colisão traseira;Com Vítimas Fatais;Pleno dia;Crescente;Céu Claro;Simples;Reta;-28,733662;-53,597239
16/05/2026;13:30:00;ELDORADO DO CARAJAS;Ultrapassagem Indevida;Colisão lateral mesmo sentido;Sem Vítimas;Pleno dia;Decrescente;Céu Claro;Simples;Declive;-5,815623;-49,190375
16/05/2026;12:40:00;JOAO PINHEIRO;Ultrapassagem Indevida;Colisão lateral sentido oposto;Com Vítimas Feridas;Pleno dia;Decrescente;Céu Claro;Simples;"Reta;Declive";-18,28294649;-45,91072208
16/05/2026;22:20:00;SETE LAGOAS;Condutor usando celular;Colisão com objeto;Com Vítimas Fatais;Plena Noite;Decrescente;Céu Claro;Dupla;"Reta;Aclive";-19,419592;-44,339132
16/05/2026;08:40:00;ATIBAIA;Velocidade Incompatível;Colisão com objeto;Sem Vítimas;Pleno dia;Decrescente;Céu Claro;Dupla;Reta;-23,21505616;-46,59399239
16/05/2026;05:00:00;JARU;Animais na Pista;Atropelamento de Animal;Com Vítimas Feridas;Amanhecer;Decrescente;Céu Claro;Simples;Reta;-10,41967;-62,49801
16/05/2026;05:40:00;MORRETES;Velocidade Incompatível;Colisão transversal;Com Vítimas Feridas;Amanhecer;Decrescente;Nublado;Múltipla;Reta;-25,53333109;-48,75579771
16/05/2026;06:43:00;JOAO PESSOA;Acumulo de água sobre o pavimento;Colisão com objeto;Com Vítimas Feridas;Pleno dia;Decrescente;Chuva;Múltipla;Reta;-7,16947741;-34,87835169
16/05/2026;06:48:00;JOAO PESSOA;Velocidade Incompatível;Colisão traseira;Com Vítimas Feridas;Pleno dia;Decrescente;Chuva;Dupla;"Declive;Curva";-7,10082264;-34,84746027
16/05/2026;04:41:00;CONSELHEIRO MAIRINCK;Neblina;Saída de leito carroçável;Com Vítimas Feridas;Plena Noite;Decrescente;Nevoeiro/Neblina;Simples;Curva;-23,59677617;-50,14459276
16/05/2026;09:00:00;JUSSARA;Ultrapassagem Indevida;Colisão lateral mesmo sentido;Com Vítimas Feridas;Pleno dia;Crescente;Céu Claro;Dupla;Reta;-15,873632;-50,857573
16/05/2026;09:05:00;CAUCAIA;Pista esburacada;Engavetamento;Com Vítimas Feridas;Pleno dia;Crescente;Chuva;Simples;Reta;-3,772957;-38,675933
16/05/2026;10:00:00;ANAPOLIS;Ultrapassagem Indevida;Colisão lateral mesmo sentido;Com Vítimas Feridas;Pleno dia;Decrescente;Céu Claro;Simples;"Declive;Reta";-16,349441;-48,927043
16/05/2026;10:00:00;CURITIBA;Velocidade Incompatível;Colisão com objeto;Com Vítimas Feridas;Pleno dia;Decrescente;Chuva;Dupla;Reta;-25,430485;-49,321959
16/05/2026;07:00:00;ITAMARAJU;Neblina;Engavetamento;Com Vítimas Feridas;Pleno dia;Decrescente;Nevoeiro/Neblina;Simples;Curva;-17,07402;-39,56336
16/05/2026;09:40:00;BAIXO GUANDU;Acesso irregular;Colisão transversal;Com Vítimas Feridas;Pleno dia;Crescente;Céu Claro;Simples;Reta;-19,51107424;-41,03318453
16/05/2026;13:30:00;FOZ DO IGUACU;Pista Escorregadia;Tombamento;Com Vítimas Feridas;Pleno dia;Crescente;Céu Claro;Dupla;Curva;-25,51041086;-54,55808328
16/05/2026;12:30:00;ELESBAO VELOSO;Pista esburacada;Saída de leito carroçável;Com Vítimas Feridas;Pleno dia;Decrescente;Céu Claro;Simples;Reta;-6,19559;-42,114652
16/05/2026;12:35:00;CORBELIA;Velocidade Incompatível;Saída de leito carroçável;Com Vítimas Feridas;Pleno dia;Decrescente;Chuva;Simples;Declive;-24,703877;-53,239366
16/05/2026;17:45:00;PARNAMIRIM;Acesso irregular;Colisão lateral mesmo sentido;Sem Vítimas;Plena Noite;Crescente;Céu Claro;Dupla;"Viaduto;Curva;Declive";-5,89189659;-35,25869966
16/05/2026;17:24:00;CACERES;Velocidade Incompatível;Colisão traseira;Com Vítimas Feridas;Anoitecer;Decrescente;Céu Claro;Simples;Ponte;-16,07453376;-57,70333797
16/05/2026;18:25:00;DOURADOS;Acesso irregular;Colisão transversal;Com Vítimas Fatais;Plena Noite;Decrescente;Nublado;Dupla;Reta;-22,235628;-54,757457
16/05/2026;18:20:00;SANTA RITA;Conversão proibida;Colisão transversal;Com Vítimas Feridas;Plena Noite;Decrescente;Chuva;Simples;Reta;-3,13461;-44,32495
16/05/2026;20:23:00;CEU AZUL;Velocidade Incompatível;Colisão traseira;Com Vítimas Feridas;Plena Noite;Decrescente;Céu Claro;Simples;Reta;-25,111762;-53,776462
16/05/2026;19:25:00;JI-PARANA;Velocidade Incompatível;Queda de ocupante de veículo;Com Vítimas Feridas;Plena Noite;Crescente;Céu Claro;Dupla;Reta;-10,8824;-61,93972
16/05/2026;20:00:00;MANGARATIBA;Conversão proibida;Colisão lateral sentido oposto;Com Vítimas Feridas;Plena Noite;Decrescente;Céu Claro;Simples;Reta;-22,92827;-43,97388
16/05/2026;20:30:00;JARDIM;Acesso irregular;Colisão transversal;Com Vítimas Feridas;Plena Noite;Decrescente;Nublado;Simples;Reta;-21,48141736;-56,14076679
16/05/2026;20:55:00;RIBAS DO RIO PARDO;Conversão proibida;Colisão traseira;Com Vítimas Feridas;Plena Noite;Crescente;Céu Claro;Simples;Reta;-20,44352;-53,82128
16/05/2026;21:30:00;GUARATUBA;Velocidade Incompatível;Colisão com objeto;Sem Vítimas;Plena Noite;Crescente;Nevoeiro/Neblina;Dupla;Declive;-25,877045;-48,935523
16/05/2026;22:55:00;CARATINGA;Velocidade Incompatível;Colisão traseira;Com Vítimas Feridas;Plena Noite;Decrescente;Céu Claro;Simples;Reta;-19,7457499;-42,132596
16/05/2026;22:30:00;PARATY;Conversão proibida;Colisão transversal;Com Vítimas Feridas;Plena Noite;Decrescente;Céu Claro;Simples;Curva;-23,23428205;-44,69832508
16/05/2026;22:35:00;MANHUACU;Conversão proibida;Colisão transversal;Com Vítimas Feridas;Plena Noite;Decrescente;Céu Claro;Simples;Reta;-20,270607;-42,039511
16/05/2026;13:50:00;NOVA UNIAO;Condutor usando celular;Colisão traseira;Com Vítimas Feridas;Pleno dia;Decrescente;Céu Claro;Dupla;Reta;-19,72469289;-43,58337371
16/05/2026;00:20:00;SEROPEDICA;Acesso irregular;Colisão lateral sentido oposto;Com Vítimas Feridas;Plena Noite;Crescente;Céu Claro;Simples;Reta;-22,79523658;-43,65329936
16/05/2026;19:00:00;PORTO MURTINHO;Animais na Pista;Atropelamento de Animal;Com Vítimas Feridas;Plena Noite;Crescente;Chuva;Simples;Curva;-21,70554828;-57,79363366
15/05/2026;01:00:00;GUAPIMIRIM;Ultrapassagem Indevida;Tombamento;Com Vítimas Fatais;Plena Noite;Crescente;Nublado;Simples;"Ponte;Reta";-22,693054;-42,957138
15/05/2026;07:54:00;FORTALEZA DO TABOCAO;Ultrapassagem Indevida;Colisão lateral mesmo sentido;Sem Vítimas;Pleno dia;Crescente;Céu Claro;Simples;Reta;-9,15291;-48,53602
15/05/2026;08:00:00;CAMPINA GRANDE;Conversão proibida;Tombamento;Com Vítimas Feridas;Pleno dia;Crescente;Nublado;Dupla;"Reta;Aclive;Em Obras";-7,26397926;-35,91985345
15/05/2026;09:37:00;JOINVILLE;Chuva;Colisão com objeto;Com Vítimas Feridas;Pleno dia;Crescente;Chuva;Dupla;Reta;-26,31671812;-48,87340017
15/05/2026;13:29:00;LAPA;Acumulo de água sobre o pavimento;Colisão lateral sentido oposto;Com Vítimas Feridas;Pleno dia;Crescente;Chuva;Simples;Reta;-25,75008662;-49,72117066
15/05/2026;14:10:00;LAMARAO;Ultrapassagem Indevida;Saída de leito carroçável;Com Vítimas Feridas;Pleno dia;Decrescente;Céu Claro;Simples;"Reta;Em Obras";-11,77203;-38,98566
15/05/2026;10:50:00;MARTINS SOARES;Ultrapassagem Indevida;Colisão lateral mesmo sentido;Com Vítimas Feridas;Pleno dia;Crescente;Nublado;Simples;Reta;-20,252962;-41,853527
15/05/2026;15:41:00;JURANDA;Acumulo de água sobre o pavimento;Colisão frontal;Com Vítimas Fatais;Pleno dia;Decrescente;Chuva;Simples;Reta;-24,373208;-52,775765
15/05/2026;23:00:00;NOVA IGUACU;Ausência de sinalização;Colisão com objeto;Com Vítimas Feridas;Plena Noite;Decrescente;Garoa/Chuvisco;Dupla;Reta;-22,73902417;-43,47444401
15/05/2026;20:30:00;SAO JOSE DOS PINHAIS;Velocidade Incompatível;Colisão com objeto;Com Vítimas Feridas;Plena Noite;Decrescente;Céu Claro;Dupla;"Reta;Aclive";-25,52125555;-49,13513884
15/05/2026;16:00:00;FRANCISCO SA;Chuva;Colisão com objeto;Sem Vítimas;Pleno dia;Crescente;Chuva;Simples;"Ponte;Reta";-16,64752497;-43,70425165
15/05/2026;20:00:00;WENCESLAU GUIMARAES;Velocidade Incompatível;Tombamento;Com Vítimas Feridas;Plena Noite;Decrescente;Céu Claro;Simples;Curva;-13,619938;-39,496296
15/05/2026;11:40:00;CAMPINORTE;Ultrapassagem Indevida;Atropelamento de Pedestre;Com Vítimas Feridas;Pleno dia;Crescente;Céu Claro;Simples;Reta;-14,31067047;-49,14905548
15/05/2026;03:40:00;BOA VISTA DO TUPIM;Pista esburacada;Saída de leito carroçável;Com Vítimas Feridas;Amanhecer;Crescente;Nevoeiro/Neblina;Simples;Reta;-12,4487;-40,66249
15/05/2026;07:30:00;CAJATI;Chuva;Saída de leito carroçável;Sem Vítimas;Pleno dia;Crescente;Chuva;Simples;"Curva;Aclive";-24,7790281;-48,2136884
15/05/2026;07:50:00;BLUMENAU;Chuva;Colisão com objeto;Com Vítimas Feridas;Pleno dia;Crescente;Chuva;Dupla;Reta;-26,86316;-49,048767
15/05/2026;07:30:00;PALHOCA;Ultrapassagem Indevida;Colisão lateral mesmo sentido;Com Vítimas Feridas;Amanhecer;Crescente;Nublado;Simples;Reta;-27,66913;-48,69127
15/05/2026;07:25:00;JOINVILLE;Chuva;Colisão com objeto;Com Vítimas Feridas;Pleno dia;Crescente;Chuva;Dupla;Curva;-26,27588492;-48,89327852
15/05/2026;07:30:00;EXTREMA;Curva acentuada;Colisão com objeto;Com Vítimas Feridas;Pleno dia;Decrescente;Nublado;Dupla;Curva;-22,81238562;-46,28538609
15/05/2026;09:35:00;JOINVILLE;Velocidade Incompatível;Colisão com objeto;Com Vítimas Feridas;Pleno dia;Decrescente;Chuva;Dupla;Curva;-26,37822614;-48,8519725
15/05/2026;08:15:00;TIJUCAS DO SUL;Velocidade Incompatível;Saída de leito carroçável;Com Vítimas Feridas;Pleno dia;Decrescente;Chuva;Dupla;"Curva;Declive";-25,85279346;-48,99245739
15/05/2026;11:30:00;ARAGUARI;Condutor usando celular;Saída de leito carroçável;Com Vítimas Feridas;Pleno dia;Decrescente;Céu Claro;Dupla;Reta;-18,7646137;-48,24371338
15/05/2026;11:07:00;CAMPO GRANDE;Acesso irregular;Colisão transversal;Com Vítimas Feridas;Pleno dia;Crescente;Nublado;Dupla;"Interseção de Vias;Reta;Retorno Regulamentado";-20,468885;-54,534329
15/05/2026;12:25:00;SAO JOSE DOS PINHAIS;Velocidade Incompatível;Saída de leito carroçável;Com Vítimas Feridas;Pleno dia;Crescente;Chuva;Dupla;"Curva;Declive";-25,57487474;-48,98535188
15/05/2026;12:00:00;CAMPINA GRANDE DO SUL;Velocidade Incompatível;Saída de leito carroçável;Com Vítimas Feridas;Pleno dia;Crescente;Chuva;Dupla;"Curva;Declive";-25,060417;-48,562988
15/05/2026;11:20:00;PETROPOLIS;Retorno proibido;Colisão transversal;Com Vítimas Feridas;Pleno dia;Decrescente;Nublado;Dupla;Reta;-22,409138;-43,145641
15/05/2026;12:10:00;JOINVILLE;Chuva;Queda de ocupante de veículo;Com Vítimas Feridas;Pleno dia;Crescente;Chuva;Dupla;Reta;-26,30538453;-48,88112275
15/05/2026;12:40:00;SEROPEDICA;Retorno proibido;Colisão transversal;Com Vítimas Feridas;Pleno dia;Decrescente;Nublado;Simples;Reta;-22,75431;-43,69288
15/05/2026;08:30:00;BOM JESUS DE GOIAS;Afundamento ou ondulação no pavimento;Queda de ocupante de veículo;Com Vítimas Feridas;Pleno dia;Crescente;Sol;Simples;Reta;-18,116785;-50,03323
15/05/2026;14:01:00;GASPAR;Chuva;Capotamento;Com Vítimas Feridas;Pleno dia;Crescente;Chuva;Dupla;Reta;-26,87134134;-49,01782497
15/05/2026;15:30:00;MAIRIPORA;Pista Escorregadia;Colisão com objeto;Sem Vítimas;Pleno dia;Decrescente;Chuva;Dupla;"Declive;Curva";-23,34894165;-46,55417924
15/05/2026;04:55:00;PORTO VELHO;Acumulo de água sobre o pavimento;Colisão com objeto;Sem Vítimas;Amanhecer;Decrescente;Nublado;Dupla;Reta;-8,80051;-63,79914
15/05/2026;08:30:00;ITAPERUNA;Ultrapassagem Indevida;Colisão lateral mesmo sentido;Com Vítimas Feridas;Pleno dia;Decrescente;Céu Claro;Simples;Reta;-21,25825;-41,76883164
15/05/2026;16:20:00;BLUMENAU;Ultrapassagem Indevida;Colisão lateral mesmo sentido;Com Vítimas Feridas;Pleno dia;Crescente;Garoa/Chuvisco;Simples;Reta;-26,87177417;-49,11217896