data_inversa;horario;municipio;causa_acidente;tipo_acidente;classificacao_acidente;fase_dia;sentido_via;condicao_metereologica;tipo_pista;tracado_via;latitude;longitude
15/05/2026;15:10:00;MALLET;Velocidade Incompatível;Saída de leito carroçável;Com Vítimas Feridas;Pleno dia;Crescente;Chuva;Simples;Curva;-25,90493861;-50,83648682
15/05/2026;17:35:00;SANTO ANTONIO DO AMPARO;Acumulo de areia ou detritos sobre o pavimento;Tombamento;Com Vítimas Feridas;Anoitecer;Decrescente;Céu Claro;Dupla;"Interseção de Vias;Reta";-20,95520733;-44,91341352
15/05/2026;19:00:00;BRASILIA;Velocidade Incompatível;Colisão traseira;Com Vítimas Feridas;Anoitecer;Crescente;Céu Claro;Dupla;"Declive;Reta";-15,61128223;-47,69867786
15/05/2026;17:25:00;NOVA IGUACU;Conversão proibida;Colisão traseira;Com Vítimas Feridas;Plena Noite;Decrescente;Céu Claro;Simples;Reta;-22,841665;-43,608875
15/05/2026;20:01:00;CRISTALINA;Velocidade Incompatível;Saída de leito carroçável;Com Vítimas Feridas;Plena Noite;Crescente;Céu Claro;Dupla;Curva;-16,91188;-47,6862
15/05/2026;17:20:00;TAUA;Ultrapassagem Indevida;Colisão lateral sentido oposto;Com Vítimas Feridas;Pleno dia;Decrescente;Sol;Simples;Reta;-5,674712;-40,126018
15/05/2026;20:40:00;CAMBIRA;Conversão proibida;Saída de leito carroçável;Sem Vítimas;Plena Noite;Decrescente;Céu Claro;Dupla;Reta;-23,59467838;-51,579301
15/05/2026;19:15:00;MAIRIPORA;Pista Escorregadia;Colisão com objeto;Com Vítimas Feridas;Plena Noite;Decrescente;Chuva;Dupla;"Aclive;Curva";-23,28918889;-46,58106246
15/05/2026;19:15:00;CACOAL;Ultrapassagem Indevida;Colisão lateral mesmo sentido;Com Vítimas Fatais;Plena Noite;Decrescente;Céu Claro;Simples;Reta;-11,43898476;-61,47575855
15/05/2026;19:30:00;ALTO ARAGUAIA;Sinalização mal posicionada;Saída de leito carroçável;Com Vítimas Feridas;Pleno dia;Decrescente;Céu Claro;Simples;Rotatória;-17,23344801;-53,32231522
15/05/2026;23:50:00;SAO LEOPOLDO;Velocidade Incompatível;Colisão com objeto;Com Vítimas Feridas;Plena Noite;Crescente;Nublado;Dupla;Curva;-29,77016507;-51,15358679
15/05/2026;19:20:00;MONTE ALEGRE DE MINAS;Acumulo de água sobre o pavimento;Tombamento;Com Vítimas Feridas;Plena Noite;Decrescente;Chuva;Dupla;Curva;-18,849299;-48,823006
15/05/2026;05:30:00;CAMPO MOURAO;Acumulo de água sobre o pavimento;Saída de leito carroçável;Sem Vítimas;Pleno dia;Decrescente;Chuva;Simples;Reta;-24,12821;-52,43542
15/05/2026;18:30:00;JARU;Conversão proibida;Colisão lateral mesmo sentido;Com Vítimas Feridas;Anoitecer;Crescente;Céu Claro;Simples;Reta;-10,46135423;-62,45483413
15/05/2026;16:30:00;CORUPA;Pista Escorregadia;Saída de leito carroçável;Com Vítimas Feridas;Pleno dia;Crescente;Chuva;Simples;"Declive;Curva";-26,40321;-49,28802
15/05/2026;18:45:00;ABADIANIA;Velocidade Incompatível;Saída de leito carroçável;Sem Vítimas;Plena Noite;Crescente;Ignorado;Simples;"Declive;Reta";-16,17829;-48,901852
15/05/2026;19:50:00;SERRA TALHADA;Velocidade Incompatível;Colisão com objeto;Com Vítimas Feridas;Plena Noite;Decrescente;Céu Claro;Simples;"Ponte;Reta";-7,98295022;-38,31915379
15/05/2026;23:00:00;PARAIBA DO SUL;Animais na Pista;Atropelamento de Animal;Com Vítimas Feridas;Plena Noite;Decrescente;Céu Claro;Simples;"Aclive;Reta";-22,1431633;-43,2762383
14/05/2026;02:50:00;CAETANOPOLIS;Chuva;Saída de leito carroçável;Com Vítimas Feridas;Plena Noite;Crescente;Nublado;Dupla;Reta;-19,331981;-44,36216
14/05/2026;06:20:00;RIBEIRA DO POMBAL;Velocidade Incompatível;Tombamento;Com Vítimas Fatais;Pleno dia;Crescente;Céu Claro;Simples;"Declive;Reta;Interseção de Vias";-10,6358;-38,4014
14/05/2026;10:39:00;HIDROLANDIA;Velocidade Incompatível;Colisão traseira;Com Vítimas Feridas;Pleno dia;Crescente;Céu Claro;Dupla;Retorno Regulamentado;-16,88874192;-49,25480962
14/05/2026;13:00:00;CACOAL;Ultrapassagem Indevida;Colisão frontal;Com Vítimas Feridas;Pleno dia;Crescente;Sol;Simples;Reta;-11,47631;-61,39384
14/05/2026;12:00:00;SANTA RITA DO ARAGUAIA;Acostamento em desnível;Tombamento;Com Vítimas Feridas;Pleno dia;Decrescente;Céu Claro;Simples;Reta;-17,374743;-53,141748
14/05/2026;17:15:00;CORRENTINA;Ultrapassagem Indevida;Queda de ocupante de veículo;Com Vítimas Feridas;Anoitecer;Decrescente;Céu Claro;Simples;Reta;-13,34870228;-44,62861061
14/05/2026;11:00:00;VITORIA DAS MISSOES;Ultrapassagem Indevida;Colisão lateral mesmo sentido;Com Vítimas Feridas;Pleno dia;Decrescente;Sol;Simples;Reta;-28,4014804;-54,417699
14/05/2026;13:13:00;ITAITUBA;Ultrapassagem Indevida;Colisão lateral sentido oposto;Com Vítimas Fatais;Pleno dia;Crescente;Garoa/Chuvisco;Simples;"Declive;Curva";-6,1076;-55,6187
14/05/2026;00:25:00;SABARA;Velocidade Incompatível;Saída de leito carroçável;Com Vítimas Feridas;Plena Noite;Crescente;Chuva;Simples;Curva;-19,78678;-43,72308
14/05/2026;06:30:00;RIO GRANDE;Retorno proibido;Colisão traseira;Com Vítimas Feridas;Amanhecer;Decrescente;Céu Claro;Dupla;"Retorno Regulamentado;Reta";-32,091152;-52,17278
14/05/2026;09:50:00;ARAGUATINS;Acumulo de água sobre o pavimento;Colisão com objeto;Com Vítimas Feridas;Pleno dia;Crescente;Céu Claro;Simples;Reta;-5,759979;-48,051853
14/05/2026;02:33:00;BARRA DO GARCAS;Declive acentuado;Colisão frontal;Sem Vítimas;Plena Noite;Não Informado;Céu Claro;Simples;"Curva;Declive";-15,556012;-52,454916
14/05/2026;10:40:00;SOBRADO;Velocidade Incompatível;Saída de leito carroçável;Com Vítimas Feridas;Pleno dia;Crescente;Chuva;Dupla;Curva;-7,188227;-35,213973
14/05/2026;15:30:00;CARIACICA;Velocidade Incompatível;Tombamento;Com Vítimas Feridas;Pleno dia;Crescente;Sol;Dupla;Reta;-20,27133233;-40,39086906
14/05/2026;16:00:00;MATO CASTELHANO;Ultrapassagem Indevida;Colisão lateral mesmo sentido;Com Vítimas Feridas;Pleno dia;Decrescente;Céu Claro;Simples;Reta;-28,26066693;-52,22547278
14/05/2026;14:35:00;ITABUNA;Retorno proibido;Colisão transversal;Com Vítimas Feridas;Pleno dia;Crescente;Sol;Simples;Reta;-14,7921938;-39,29052025
14/05/2026;18:55:00;GUAIRA;Animais na Pista;Queda de ocupante de veículo;Com Vítimas Feridas;Plena Noite;Crescente;Nublado;Simples;Reta;-24,10620113;-54,26077573
14/05/2026;16:20:00;FOZ DO IGUACU;Conversão proibida;Colisão transversal;Com Vítimas Feridas;Pleno dia;Crescente;Nublado;Simples;Reta;-25,53379139;-54,52844946
14/05/2026;19:48:00;TAUA;Animais na Pista;Tombamento;Com Vítimas Feridas;Plena Noite;Crescente;Céu Claro;Simples;Aclive;-6,009177;-40,288402
14/05/2026;21:00:00;JOINVILLE;Velocidade Incompatível;Colisão lateral mesmo sentido;Sem Vítimas;Plena Noite;Crescente;Nublado;Dupla;Reta;-26,18686677;-48,91147614
14/05/2026;22:15:00;BRASILIA;Velocidade Incompatível;Colisão transversal;Sem Vítimas;Pleno dia;Decrescente;Céu Claro;Múltipla;Reta;-15,63932121;-47,75092632
14/05/2026;08:30:00;CORONEL BARROS;Ultrapassagem Indevida;Colisão lateral mesmo sentido;Com Vítimas Feridas;Pleno dia;Decrescente;Céu Claro;Dupla;Reta;-28,37389659;-54,10187576
13/05/2026;05:45:00;ALTOS;Velocidade Incompatível;Colisão lateral sentido oposto;Sem Vítimas;Plena Noite;Crescente;Céu Claro;Dupla;Reta;-4,950744;-42,349724
13/05/2026;11:20:00;BICAS;Ultrapassagem Indevida;Colisão lateral sentido oposto;Com Vítimas Feridas;Pleno dia;Crescente;Céu Claro;Simples;Reta;-21,739967;-43,102994
13/05/2026;09:00:00;JAMPRUCA;Velocidade Incompatível;Colisão lateral sentido oposto;Com Vítimas Feridas;Pleno dia;Decrescente;Nublado;Simples;"Declive;Curva";-18,40764;-41,818253
13/05/2026;13:30:00;JOINVILLE;Condutor usando celular;Colisão traseira;Com Vítimas Feridas;Pleno dia;Decrescente;Céu Claro;Múltipla;"Reta;Declive";-26,35132315;-48,85799758
13/05/2026;15:40:00;CARIDADE;Chuva;Colisão com objeto;Com Vítimas Feridas;Pleno dia;Decrescente;Chuva;Simples;"Declive;Reta";-4,031253;-38,991957
13/05/2026;15:56:00;JOINVILLE;Velocidade Incompatível;Capotamento;Com Vítimas Feridas;Pleno dia;Decrescente;Céu Claro;Dupla;Reta;-26,27892097;-48,89095053
13/05/2026;19:20:00;CRISTIANO OTONI;Velocidade Incompatível;Saída de leito carroçável;Com Vítimas Feridas;Plena Noite;Crescente;Garoa/Chuvisco;Simples;Curva;-20,874336;-43,801264
13/05/2026;13:15:00;CORONEL VIVIDA;Velocidade Incompatível;Tombamento;Com Vítimas Feridas;Pleno dia;Crescente;Céu Claro;Simples;Curva;-25,96288596;-52,51934998
13/05/2026;20:06:00;RONDONOPOLIS;Demais falhas na via;Saída de leito carroçável;Com Vítimas Fatais;Plena Noite;Crescente;Céu Claro;Dupla;"Reta;Em Obras";-16,250476;-54,779608
13/05/2026;22:00:00;BANDEIRANTES;Velocidade Incompatível;Tombamento;Com Vítimas Feridas;Plena Noite;Decrescente;Céu Claro;Simples;Curva;-23,11079925;-50,33454895
13/05/2026;10:30:00;PARAMBU;Velocidade Incompatível;Colisão traseira;Com Vítimas Feridas;Pleno dia;Decrescente;Céu Claro;Simples;Reta;-6,4693983;-40,7464683
13/05/2026;09:00:00;MEDIANEIRA;Velocidade Incompatível;Colisão traseira;Sem Vítimas;Pleno dia;Decrescente;Céu Claro;Dupla;Reta;-25,25362013;-54,03099624
13/05/2026;11:30:00;GUARANI DAS MISSOES;Condutor usando celular;Colisão frontal;Com Vítimas Feridas;Pleno dia;Crescente;Céu Claro;Simples;Reta;-28,15563921;-54,55631945
13/05/2026;07:40:00;VIANA;Acesso irregular;Colisão lateral mesmo sentido;Com Vítimas Feridas;Pleno dia;Crescente;Céu Claro;Simples;"Reta;Interseção de Vias";-20,386972;-40,474107
13/05/2026;06:00:00;ALTAMIRA;Animais na Pista;Atropelamento de Animal;Com Vítimas Feridas;Amanhecer;Decrescente;Nublado;Simples;Reta;-3,17247;-52,1481
13/05/2026;13:20:00;BRASILIA;Velocidade Incompatível;Colisão transversal;Com Vítimas Feridas;Pleno dia;Decrescente;Céu Claro;Dupla;Curva;-15,80197843;-48,08432579
13/05/2026;17:00:00;UBATUBA;Retorno proibido;Colisão transversal;Com Vítimas Feridas;Pleno dia;Crescente;Céu Claro;Simples;Reta;-23,45105094;-45,07675108
13/05/2026;17:00:00;COLINAS DO TOCANTINS;Animais na Pista;Queda de ocupante de veículo;Com Vítimas Feridas;Anoitecer;Decrescente;Nublado;Dupla;Curva;-8,059615;-48,466438
13/05/2026;18:30:00;VITORIA DA CONQUISTA;Conversão proibida;Colisão transversal;Com Vítimas Feridas;Plena Noite;Decrescente;Céu Claro;Simples;"Reta;Declive;Interseção de Vias;Rotatória";-14,82314778;-40,81769586
13/05/2026;18:15:00;NATAL;Animais na Pista;Atropelamento de Animal;Com Vítimas Feridas;Plena Noite;Decrescente;Nublado;Simples;Curva;-5,821854;-35,279575
13/05/2026;18:28:00;ESTANCIA;Acesso irregular;Colisão frontal;Com Vítimas Fatais;Plena Noite;Decrescente;Nublado;Simples;Reta;-11,285;-37,453147
13/05/2026;16:30:00;BELO HORIZONTE;Condutor usando celular;Colisão traseira;Sem Vítimas;Pleno dia;Crescente;Céu Claro;Dupla;"Declive;Reta";-19,924762;-44,014324
13/05/2026;19:00:00;LIBERDADE;Ultrapassagem Indevida;Colisão frontal;Com Vítimas Feridas;Plena Noite;Decrescente;Céu Claro;Simples;Reta;-21,9411033;-44,3122783
13/05/2026;21:58:00;TERESINA;Animais na Pista;Atropelamento de Animal;Com Vítimas Feridas;Plena Noite;Decrescente;Céu Claro;Simples;Reta;-5,05940127;-42,66196847
13/05/2026;20:30:00;CEREJEIRAS;Demais falhas na via;Queda de ocupante de veículo;Com Vítimas Feridas;Plena Noite;Decrescente;Céu Claro;Simples;Reta;-13,24230227;-60,95024586
13/05/2026;22:40:00;MURIAE;Animais na Pista;Atropelamento de Animal;Com Vítimas Feridas;Plena Noite;Crescente;Céu Claro;Simples;Reta;-21,161;-42,382
13/05/2026;06:30:00;FEIRA DE SANTANA;Acesso irregular;Colisão transversal;Com Vítimas Feridas;Pleno dia;Decrescente;Ignorado;Simples;"Desvio Temporário;Em Obras";-12,25677084;-38,93218553
13/05/2026;21:30:00;NOVA IGUACU;Conversão proibida;Colisão frontal;Com Vítimas Feridas;Plena Noite;Crescente;Céu Claro;Simples;Reta;-22,83929;-43,61009
12/05/2026;06:30:00;TIO HUGO;Velocidade Incompatível;Colisão com objeto;Com Vítimas Feridas;Amanhecer;Crescente;Céu Claro;Simples;"Ponte;Declive;Em Obras";-28,63687554;-52,61489717
12/05/2026;09:00:00;COCALZINHO DE GOIAS;Ultrapassagem Indevida;Colisão lateral mesmo sentido;Com Vítimas Feridas;Pleno dia;Crescente;Céu Claro;Simples;Reta;-15,750657;-48,61534
12/05/2026;09:15:00;ITAPERUNA;Velocidade Incompatível;Tombamento;Com Vítimas Feridas;Pleno dia;Crescente;Céu Claro;Simples;"Curva;Aclive";-21,27097391;-41,77727242
12/05/2026;08:50:00;CASCAVEL;Condutor usando celular;Colisão traseira;Com Vítimas Feridas;Pleno dia;Crescente;Céu Claro;Dupla;"Aclive;Reta";-25,0213;-53,5473
12/05/2026;10:40:00;CANAS;Demais falhas na via;Colisão traseira;Com Vítimas Fatais;Pleno dia;Crescente;Céu Claro;Múltipla;Reta;-22,71062;-45,048817
12/05/2026;13:35:00;LARANJEIRAS DO SUL;Falta de acostamento;Saída de leito carroçável;Com Vítimas Feridas;Pleno dia;Crescente;Céu Claro;Simples;Reta;-25,3714;-52,31208
12/05/2026;15:10:00;TRES MARIAS;Pista Escorregadia;Colisão frontal;Com Vítimas Feridas;Pleno dia;Crescente;Nublado;Simples;Aclive;-18,24337273;-45,20633698
12/05/2026;19:00:00;LEOPOLDINA;Animais na Pista;Atropelamento de Animal;Com Vítimas Feridas;Plena Noite;Crescente;Nublado;Simples;Reta;-21,548623;-42,665719
12/05/2026;18:00:00;REALEZA;Velocidade Incompatível;Tombamento;Com Vítimas Feridas;Anoitecer;Crescente;Céu Claro;Dupla;"Curva;Declive;Em Obras";-25,603162;-53,563002
12/05/2026;19:00:00;JEQUIE;Ultrapassagem Indevida;Colisão lateral sentido oposto;Sem Vítimas;Plena Noite;Decrescente;Nublado;Simples;Reta;-13,92632403;-40,15948892
12/05/2026;18:30:00;CAMPOS ALTOS;Velocidade Incompatível;Tombamento;Com Vítimas Feridas;Anoitecer;Crescente;Céu Claro;Simples;Interseção de Vias;-19,64884115;-46,07082065
12/05/2026;17:00:00;PEIXOTO DE AZEVEDO;Ultrapassagem Indevida;Colisão transversal;Com Vítimas Feridas;Pleno dia;Decrescente;Céu Claro;Simples;Reta;-10,303243;-55,0328983
12/05/2026;13:05:00;ITAITUBA;Velocidade Incompatível;Tombamento;Com Vítimas Feridas;Pleno dia;Crescente;Nublado;Simples;"Declive;Reta";-6,0730491;-55,6613866
12/05/2026;13:50:00;ITATIM;Ultrapassagem Indevida;Colisão lateral sentido oposto;Sem Vítimas;Pleno dia;Crescente;Céu Claro;Simples;Reta;-12,68643481;-39,68294844
12/05/2026;21:00:00;MONTE CASTELO;Velocidade Incompatível;Saída de leito carroçável;Com Vítimas Fatais;Plena Noite;Decrescente;Nublado;Simples;"Curva;Declive";-26,756555;-50,3291
12/05/2026;01:15:00;CACOAL;Animais na Pista;Atropelamento de Animal;Com Vítimas Feridas;Plena Noite;Crescente;Céu Claro;Simples;"Reta;Declive";-11,44085;-61,479915
12/05/2026;04:20:00;SAO GABRIEL;Animais na Pista;Atropelamento de Animal;Com Vítimas Feridas;Plena Noite;Decrescente;Céu Claro;Simples;Reta;-30,35738932;-54,32109402
12/05/2026;05:10:00;GOVERNADOR VALADARES;Animais na Pista;Atropelamento de Animal;Com Vítimas Feridas;Plena Noite;Decrescente;Céu Claro;Simples;Reta;-18,91135358;-41,9414406
12/05/2026;05:00:00;ITABERABA;Demais falhas na via;Tombamento;Com Vítimas Feridas;Amanhecer;Decrescente;Céu Claro;Simples;"Declive;Reta";-12,511213;-40,29874
12/05/2026;05:35:00;JARU;Velocidade Incompatível;Tombamento;Com Vítimas Feridas;Amanhecer;Decrescente;Nublado;Simples;Reta;-10,46323513;-62,45366899
12/05/2026;07:35:00;GUARARA;Ausência de sinalização;Colisão frontal;Com Vítimas Feridas;Pleno dia;Decrescente;Céu Claro;Simples;Reta;-21,72155034;-43,01456451
12/05/2026;07:00:00;MESQUITA;Velocidade Incompatível;Queda de ocupante de veículo;Com Vítimas Feridas;Amanhecer;Decrescente;Céu Claro;Dupla;Reta;-22,77531098;-43,40080261
12/05/2026;07:02:00;PETROPOLIS;Velocidade Incompatível;Colisão lateral mesmo sentido;Com Vítimas Feridas;Pleno dia;Decrescente;Céu Claro;Dupla;Curva;-22,287315;-43,121906
12/05/2026;07:30:00;NOVA IGUACU;Velocidade Incompatível;Colisão lateral mesmo sentido;Com Vítimas Feridas;Pleno dia;Decrescente;Céu Claro;Múltipla;Reta;-22,73797725;-43,48763913
12/05/2026;10:30:00;JOAO NEIVA;Retorno proibido;Colisão transversal;Com Vítimas Feridas;Pleno dia;Crescente;Nublado;Simples;Reta;-19,78039404;-40,3717804
12/05/2026;07:30:00;UBATUBA;Acesso irregular;Colisão com objeto;Sem Vítimas;Pleno dia;Crescente;Céu Claro;Simples;Curva;-23,40851892;-45,06150305
12/05/2026;12:00:00;CABO DE SANTO AGOSTINHO;Acumulo de água sobre o pavimento;Saída de leito carroçável;Sem Vítimas;Pleno dia;Decrescente;Chuva;Dupla;Curva;-8,25133021;-35,02398491
12/05/2026;08:00:00;PACAJUS;Retorno proibido;Colisão transversal;Com Vítimas Feridas;Pleno dia;Decrescente;Céu Claro;Múltipla;Reta;-4,17209;-38,492961
12/05/2026;16:00:00;PILAR;Conversão proibida;Colisão frontal;Com Vítimas Fatais;Pleno dia;Decrescente;Céu Claro;Simples;"Rotatória;Viaduto";-9,566258;-35,969563
12/05/2026;14:30:00;MARINGA;Velocidade Incompatível;Colisão traseira;Com Vítimas Feridas;Pleno dia;Decrescente;Céu Claro;Múltipla;Viaduto;-23,38029052;-51,91270936
12/05/2026;14:10:00;SANTA ISABEL;Acumulo de areia ou detritos sobre o pavimento;Tombamento;Com Vítimas Feridas;Pleno dia;Decrescente;Céu Claro;Dupla;"Curva;Aclive;Retorno Regulamentado";-23,3522;-46,1991
12/05/2026;19:30:00;BETIM;Ultrapassagem Indevida;Colisão lateral mesmo sentido;Com Vítimas Feridas;Plena Noite;Crescente;Céu Claro;Múltipla;Reta;-19,96403185;-44,17137659
12/05/2026;19:58:00;DOURADOS;Iluminação deficiente;Colisão traseira;Com Vítimas Fatais;Plena Noite;Crescente;Céu Claro;Simples;Declive;-22,25903413;-54,81044447
12/05/2026;19:50:00;IBATIBA;Ultrapassagem Indevida;Colisão lateral sentido oposto;Com Vítimas Feridas;Plena Noite;Decrescente;Nublado;Simples;Curva;-20,2371571;-41,5328452
12/05/2026;18:10:00;ITATIM;Animais na Pista;Atropelamento de Animal;Sem Vítimas;Anoitecer;Decrescente;Céu Claro;Simples;Reta;-12,7011017;-39,7140133
12/05/2026;17:43:00;RIO BRANCO;Pista esburacada;Tombamento;Com Vítimas Feridas;Anoitecer;Decrescente;Céu Claro;Dupla;Reta;-10,01184;-67,78229
12/05/2026;22:20:00;TEOFILO OTONI;Velocidade Incompatível;Saída de leito carroçável;Com Vítimas Feridas;Plena Noite;Crescente;Nublado;Simples;Reta;-17,823798;-41,504038
12/05/2026;23:30:00;RIO GRANDE;Animais na Pista;Queda de ocupante de veículo;Com Vítimas Feridas;Plena Noite;Crescente;Céu Claro;Dupla;Reta;-31,87315707;-52,32229114
12/05/2026;22:30:00;PORTO REAL DO COLEGIO;Animais na Pista;Saída de leito carroçável;Sem Vítimas;Plena Noite;Crescente;Ignorado;Dupla;Reta;-10,193842;-36,824053
12/05/2026;06:20:00;PARACATU;Velocidade Incompatível;Saída de leito carroçável;Com Vítimas Feridas;Pleno dia;Decrescente;Céu Claro;Simples;Reta;-17,037917;-47,153178
12/05/2026;13:00:00;SAO JOSE;Velocidade Incompatível;Colisão lateral mesmo sentido;Com Vítimas Feridas;Pleno dia;Decrescente;Sol;Múltipla;Reta;-27,58970857;-48,61015463
11/05/2026;01:45:00;CENTRALINA;Velocidade Incompatível;Saída de leito carroçável;Com Vítimas Feridas;Plena Noite;Decrescente;Céu Claro;Dupla;Reta;-18,659017;-49,167838
11/05/2026;06:50:00;URAI;Neblina;Colisão traseira;Com Vítimas Feridas;Amanhecer;Decrescente;Nevoeiro/Neblina;Dupla;Reta;-23,27965;-50,851044
11/05/2026;07:30:00;ITAPUA DO OESTE;Ultrapassagem Indevida;Colisão lateral mesmo sentido;Com Vítimas Feridas;Pleno dia;Decrescente;Céu Claro;Simples;Reta;-9,23471446;-63
11/05/2026;12:20:00;CASCAVEL;Velocidade Incompatível;Tombamento;Com Vítimas Feridas;Pleno dia;Decrescente;Céu Claro;Múltipla;"Curva;Viaduto";-24,96536646;-53,40466473
11/05/2026;01:32:00;ULIANOPOLIS;Pista Escorregadia;Colisão frontal;Com Vítimas Fatais;Plena Noite;Crescente;Chuva;Simples;Declive;-3,907283;-47,528288
11/05/2026;12:00:00;SAO JOSE DO CERRITO;Ultrapassagem Indevida;Colisão lateral mesmo sentido;Com Vítimas Feridas;Pleno dia;Decrescente;Céu Claro;Simples;Reta;-27,622769;-50,634933
11/05/2026;12:00:00;CONGONHAS;Sinalização mal posicionada;Colisão frontal;Com Vítimas Feridas;Pleno dia;Decrescente;Nublado;Simples;Curva;-20,457794;-43,837865
11/05/2026;13:30:00;JARU;Curva acentuada;Colisão lateral sentido oposto;Com Vítimas Fatais;Pleno dia;Crescente;Céu Claro;Simples;"Curva;Declive";-10,41456556;-62,50651233
11/05/2026;16:20:00;BAGE;Pista esburacada;Saída de leito carroçável;Com Vítimas Feridas;Pleno dia;Decrescente;Céu Claro;Simples;Curva;-31,101384;-53,743864
11/05/2026;17:00:00;INHAMBUPE;Ultrapassagem Indevida;Colisão lateral sentido oposto;Com Vítimas Fatais;Anoitecer;Crescente;Garoa/Chuvisco;Simples;Reta;-11,9507614;-38,3687796
11/05/2026;20:40:00;CANDEAL;Animais na Pista;Atropelamento de Animal;Sem Vítimas;Plena Noite;Crescente;Nublado;Simples;"Reta;Interseção de Vias";-11,95192;-39,183718
11/05/2026;21:20:00;RIO BRILHANTE;Demais falhas na via;Colisão com objeto;Com Vítimas Fatais;Plena Noite;Crescente;Céu Claro;Simples;"Reta;Ponte";-21,64192082;-54,42349143
11/05/2026;12:50:00;CLARO DOS POCOES;Velocidade Incompatível;Colisão frontal;Com Vítimas Feridas;Pleno dia;Crescente;Céu Claro;Simples;Curva;-17,034058;-44,318537
11/05/2026;00:10:00;CHAPECO;Velocidade Incompatível;Saída de leito carroçável;Com Vítimas Fatais;Plena Noite;Decrescente;Céu Claro;Múltipla;"Reta;Aclive";-27,02338164;-52,63479614
11/05/2026;06:15:00;CAPAO DO LEAO;Animais na Pista;Atropelamento de Animal;Sem Vítimas;Amanhecer;Decrescente;Céu Claro;Simples;Reta;-31,75345599;-52,45867476
11/05/2026;06:30:00;ANGRA DOS REIS;Pista Escorregadia;Colisão com objeto;Com Vítimas Feridas;Amanhecer;Decrescente;Chuva;Simples;Curva;-23,0310831;-44,17362213
11/05/2026;07:00:00;UBERABA;Animais na Pista;Atropelamento de Animal;Com Vítimas Feridas;Amanhecer;Crescente;Nevoeiro/Neblina;Dupla;Reta;-19,76880364;-47,89343834
11/05/2026;07:10:00;ITABAIANA;Acesso irregular;Colisão transversal;Com Vítimas Feridas;Pleno dia;Crescente;Céu Claro;Simples;Reta;-10,72768408;-37,41457913
11/05/2026;04:00:00;BRASILIA;Neblina;Saída de leito carroçável;Com Vítimas Feridas;Plena Noite;Crescente;Nevoeiro/Neblina;Simples;Rotatória;-15,96968;-47,58732
11/05/2026;08:30:00;RIO BONITO;Chuva;Queda de ocupante de veículo;Com Vítimas Feridas;Pleno dia;Crescente;Chuva;Dupla;Reta;-22,70670726;-42,65515157
11/05/2026;06:30:00;CAMPO GRANDE;Acumulo de areia ou detritos sobre o pavimento;Tombamento;Com Vítimas Feridas;Amanhecer;Crescente;Céu Claro;Simples;Reta;-20,49297874;-54,55901591
11/05/2026;09:00:00;ITABORAI;Velocidade Incompatível;Colisão traseira;Com Vítimas Feridas;Pleno dia;Crescente;Garoa/Chuvisco;Dupla;Reta;-22,73819;-42,774748
11/05/2026;08:20:00;MACAE;Acumulo de água sobre o pavimento;Saída de leito carroçável;Com Vítimas Feridas;Pleno dia;Crescente;Chuva;Dupla;Curva;-22,210028;-41,754611
11/05/2026;10:15:00;PARA DE MINAS;Velocidade Incompatível;Saída de leito carroçável;Com Vítimas Feridas;Pleno dia;Crescente;Céu Claro;Dupla;Curva;-19,88460574;-44,61718083
11/05/2026;12:55:00;CAMPOS DOS GOYTACAZES;Pista Escorregadia;Colisão frontal;Com Vítimas Feridas;Pleno dia;Crescente;Garoa/Chuvisco;Simples;Curva;-21,830708;-41,452892
11/05/2026;12:20:00;SANTO ANTONIO DO AMPARO;Velocidade Incompatível;Queda de ocupante de veículo;Com Vítimas Feridas;Pleno dia;Crescente;Chuva;Dupla;"Curva;Declive";-20,98758456;-44,94871013
11/05/2026;14:03:00;JOAO PESSOA;Acostamento em desnível;Tombamento;Com Vítimas Feridas;Pleno dia;Crescente;Céu Claro;Dupla;Reta;-7,14150645;-34,85194869
11/05/2026;15:50:00;RESENDE;Velocidade Incompatível;Colisão traseira;Com Vítimas Feridas;Pleno dia;Decrescente;Garoa/Chuvisco;Dupla;Reta;-22,45430246;-44,37359557
11/05/2026;16:05:00;BRAGANCA PAULISTA;Pista esburacada;Tombamento;Com Vítimas Feridas;Pleno dia;Crescente;Nublado;Dupla;Reta;-23,01495712;-46,52472925
11/05/2026;15:30:00;CHAPECO;Demais falhas na via;Saída de leito carroçável;Com Vítimas Feridas;Pleno dia;Crescente;Céu Claro;Simples;Curva;-26,991309;-52,686318
11/05/2026;11:30:00;SINOP;Afundamento ou ondulação no pavimento;Colisão com objeto;Sem Vítimas;Pleno dia;Não Informado;Céu Claro;Dupla;Reta;-11,982845;-55,5174095
11/05/2026;13:20:00;COXIM;Animais na Pista;Tombamento;Com Vítimas Feridas;Pleno dia;Crescente;Céu Claro;Simples;"Declive;Reta";-18,47339991;-54,57007281
11/05/2026;04:30:00;TERRA ROXA;Declive acentuado;Saída de leito carroçável;Sem Vítimas;Plena Noite;Decrescente;Nublado;Simples;"Declive;Curva";-24,35135465;-54,14868101
11/05/2026;17:00:00;NOVA SERRANA;Ultrapassagem Indevida;Tombamento;Com Vítimas Feridas;Pleno dia;Crescente;Sol;Simples;Reta;-19,85628625;-45,0157392