data_inversa;horario;municipio;causa_acidente;tipo_acidente;classificacao_acidente;fase_dia;sentido_via;condicao_metereologica;tipo_pista;tracado_via;latitude;longitude
08/05/2026;19:00:00;BARRA DO GARCAS;Animais na Pista;Atropelamento de Animal;Com Vítimas Feridas;Plena Noite;Decrescente;Céu Claro;Dupla;Reta;-15,87821252;-52,29318046
08/05/2026;14:40:00;UBERLANDIA;Velocidade Incompatível;Engavetamento;Com Vítimas Feridas;Pleno dia;Crescente;Céu Claro;Dupla;Reta;-18,919778;-48,222451
08/05/2026;14:40:00;DOIS IRMAOS;Velocidade Incompatível;Tombamento;Com Vítimas Feridas;Pleno dia;Decrescente;Céu Claro;Simples;Curva;-29,58830603;-51,09921305
08/05/2026;20:00:00;SAO MIGUEL DO OESTE;Pista esburacada;Colisão com objeto;Com Vítimas Feridas;Plena Noite;Crescente;Céu Claro;Dupla;"Declive;Reta";-26,7060972;-53,5137008
08/05/2026;15:45:00;BANDEIRANTES;Conversão proibida;Colisão transversal;Com Vítimas Feridas;Pleno dia;Decrescente;Chuva;Simples;"Reta;Rotatória";-19,91823276;-54,36870933
08/05/2026;19:00:00;TIBAGI;Chuva;Colisão com objeto;Sem Vítimas;Plena Noite;Decrescente;Chuva;Dupla;Curva;-24,801543;-50,493973
08/05/2026;16:05:00;CORNELIO PROCOPIO;Velocidade Incompatível;Saída de leito carroçável;Com Vítimas Feridas;Pleno dia;Decrescente;Chuva;Simples;Reta;-23,16853331;-50,61238289
08/05/2026;18:00:00;MANDAGUARI;Ultrapassagem Indevida;Colisão lateral mesmo sentido;Com Vítimas Feridas;Plena Noite;Crescente;Nublado;Simples;Interseção de Vias;-23,52236665;-51,67903153
08/05/2026;22:20:00;NOVA MAMORE;Ultrapassagem Indevida;Colisão lateral sentido oposto;Com Vítimas Feridas;Plena Noite;Crescente;Céu Claro;Simples;"Aclive;Reta";-10,38179;-65,32209
08/05/2026;13:00:00;MIRACATU;Acostamento em desnível;Tombamento;Com Vítimas Feridas;Pleno dia;Crescente;Céu Claro;Dupla;Declive;-24,059373;-47,221258
08/05/2026;16:34:00;CONDE;Chuva;Tombamento;Com Vítimas Feridas;Pleno dia;Decrescente;Chuva;Dupla;Reta;-7,259069;-34,935478
08/05/2026;08:22:00;VARGEM BONITA;Deficiência do Sistema de Iluminação/Sinalização;Colisão traseira;Com Vítimas Feridas;Pleno dia;Decrescente;Nevoeiro/Neblina;Simples;Curva;-26,981468;-51,786348
08/05/2026;16:30:00;BRASILEIA;Pista esburacada;Saída de leito carroçável;Com Vítimas Feridas;Pleno dia;Crescente;Céu Claro;Simples;Reta;-10,95333042;-68,81763654
08/05/2026;19:12:00;EMBU DAS ARTES;Velocidade Incompatível;Colisão traseira;Com Vítimas Feridas;Plena Noite;Decrescente;Céu Claro;Dupla;Reta;-23,632952;-46,822602
07/05/2026;00:10:00;TIBAGI;Velocidade Incompatível;Tombamento;Com Vítimas Feridas;Plena Noite;Decrescente;Ignorado;Dupla;Curva;-24,80417059;-50,48936367
07/05/2026;11:46:00;ITAPECERICA DA SERRA;Condutor usando celular;Colisão traseira;Com Vítimas Feridas;Pleno dia;Decrescente;Céu Claro;Dupla;Reta;-23,70060059;-46,86863132
07/05/2026;13:10:00;JACIARA;Deficiência do Sistema de Iluminação/Sinalização;Incêndio;Sem Vítimas;Pleno dia;Crescente;Céu Claro;Dupla;Reta;-15,81220367;-55,25713054
07/05/2026;15:30:00;SAO FRANCISCO DO GLORIA;Velocidade Incompatível;Tombamento;Com Vítimas Feridas;Pleno dia;Crescente;Céu Claro;Simples;Curva;-20,83395515;-42,32210834
07/05/2026;20:40:00;SAO GONCALO DO SAPUCAI;Velocidade Incompatível;Tombamento;Com Vítimas Feridas;Plena Noite;Crescente;Céu Claro;Dupla;Curva;-21,920135;-45,609373
07/05/2026;19:00:00;SINOP;Acostamento em desnível;Saída de leito carroçável;Com Vítimas Feridas;Plena Noite;Decrescente;Céu Claro;Simples;Reta;-11,567661;-55,4096
07/05/2026;00:42:00;PRESIDENTE FIGUEIREDO;Conversão proibida;Colisão transversal;Com Vítimas Fatais;Plena Noite;Crescente;Céu Claro;Dupla;Reta;-2,05334118;-60,02360375
07/05/2026;08:15:00;CANINDE;Acumulo de areia ou detritos sobre o pavimento;Tombamento;Sem Vítimas;Pleno dia;Crescente;Céu Claro;Simples;Em Obras;-4,309792;-39,264889
07/05/2026;10:15:00;BOM DESPACHO;Velocidade Incompatível;Colisão traseira;Com Vítimas Feridas;Pleno dia;Decrescente;Sol;Simples;"Reta;Aclive";-19,78409649;-45,27115693
07/05/2026;17:30:00;SAO JOSE DOS PINHAIS;Acesso irregular;Queda de ocupante de veículo;Com Vítimas Feridas;Anoitecer;Decrescente;Garoa/Chuvisco;Dupla;"Aclive;Em Obras";-25,49984849;-49,15285873
07/05/2026;17:00:00;CARIACICA;Afundamento ou ondulação no pavimento;Colisão com objeto;Com Vítimas Feridas;Pleno dia;Crescente;Céu Claro;Dupla;Curva;-20,26036754;-40,37803507
07/05/2026;17:40:00;RIO VERDE;Animais na Pista;Atropelamento de Animal;Com Vítimas Feridas;Anoitecer;Decrescente;Céu Claro;Múltipla;"Aclive;Reta";-17,810713;-50,927347
07/05/2026;17:10:00;ROSARIO DO SUL;Chuva;Colisão traseira;Com Vítimas Feridas;Pleno dia;Crescente;Chuva;Simples;"Declive;Curva";-30,22979483;-54,69119593
07/05/2026;18:15:00;CACHOEIRO DE ITAPEMIRIM;Animais na Pista;Atropelamento de Animal;Com Vítimas Feridas;Plena Noite;Decrescente;Céu Claro;Simples;Reta;-20,8236;-41,198
07/05/2026;19:00:00;TRES RIOS;Animais na Pista;Atropelamento de Animal;Com Vítimas Feridas;Plena Noite;Decrescente;Céu Claro;Dupla;"Curva;Aclive";-22,073011;-43,184597
07/05/2026;20:00:00;VACARIA;Conversão proibida;Colisão transversal;Com Vítimas Feridas;Plena Noite;Crescente;Céu Claro;Simples;Reta;-28,50517024;-50,94471781
07/05/2026;18:00:00;EXTREMOZ;Animais na Pista;Tombamento;Com Vítimas Feridas;Anoitecer;Crescente;Céu Claro;Simples;Reta;-5,698323;-35,263149
07/05/2026;20:45:00;EMBU DAS ARTES;Ultrapassagem Indevida;Colisão lateral mesmo sentido;Com Vítimas Feridas;Plena Noite;Decrescente;Nublado;Dupla;Reta;-23,67494129;-46,85651115
07/05/2026;22:50:00;SANTO AMARO DA IMPERATRIZ;Velocidade Incompatível;Saída de leito carroçável;Com Vítimas Feridas;Plena Noite;Decrescente;Nublado;Simples;Curva;-27,695463;-48,793202
07/05/2026;23:40:00;PETROPOLIS;Acumulo de água sobre o pavimento;Saída de leito carroçável;Com Vítimas Feridas;Plena Noite;Decrescente;Céu Claro;Simples;Curva;-22,551111;-43,225731
07/05/2026;21:53:00;FEIRA DE SANTANA;Conversão proibida;Colisão transversal;Com Vítimas Feridas;Plena Noite;Crescente;Céu Claro;Simples;Reta;-12,25745;-38,93255
07/05/2026;03:00:00;BATAGUASSU;Animais na Pista;Atropelamento de Animal;Sem Vítimas;Plena Noite;Decrescente;Céu Claro;Simples;Reta;-21,80405355;-52,52700806
07/05/2026;17:36:00;IPIAU;Pista esburacada;Colisão lateral mesmo sentido;Com Vítimas Feridas;Anoitecer;Crescente;Ignorado;Simples;Reta;-14,16720275;-39,68742371
07/05/2026;17:55:00;GUARARA;Sinalização mal posicionada;Engavetamento;Com Vítimas Feridas;Anoitecer;Crescente;Céu Claro;Simples;Curva;-21,72318118;-43,01077589
07/05/2026;07:50:00;EUNAPOLIS;Acesso irregular;Colisão transversal;Com Vítimas Feridas;Pleno dia;Decrescente;Céu Claro;Simples;Reta;-16,3636675;-39,5806781
06/05/2026;07:20:00;NOVO HAMBURGO;Acumulo de areia ou detritos sobre o pavimento;Tombamento;Com Vítimas Feridas;Pleno dia;Crescente;Céu Claro;Dupla;"Reta;Declive";-29,70343697;-51,14680616
06/05/2026;07:40:00;ROMARIA;Velocidade Incompatível;Tombamento;Com Vítimas Feridas;Pleno dia;Crescente;Sol;Simples;Reta;-18,92289;-47,498697
06/05/2026;07:15:00;BRASILANDIA DO TOCANTINS;Ultrapassagem Indevida;Tombamento;Com Vítimas Feridas;Pleno dia;Crescente;Nublado;Simples;Reta;-8,333937;-48,477622
06/05/2026;10:50:00;BARREIRAS;Ultrapassagem Indevida;Colisão frontal;Com Vítimas Feridas;Pleno dia;Crescente;Céu Claro;Simples;Reta;-12,06688613;-45,57166518
06/05/2026;14:15:00;PASSO FUNDO;Ultrapassagem Indevida;Colisão frontal;Com Vítimas Feridas;Pleno dia;Decrescente;Céu Claro;Simples;Curva;-28,22636505;-52,51009941
06/05/2026;14:15:00;SANTO ANTONIO DO AMPARO;Velocidade Incompatível;Tombamento;Com Vítimas Feridas;Pleno dia;Crescente;Céu Claro;Dupla;"Declive;Curva";-20,85997577;-44,83734441
06/05/2026;14:05:00;PONTA GROSSA;Ultrapassagem Indevida;Colisão lateral mesmo sentido;Com Vítimas Feridas;Pleno dia;Decrescente;Céu Claro;Dupla;"Reta;Declive";-25,13009;-50,17247
06/05/2026;10:30:00;GRAO MOGOL;Demais falhas na via;Colisão transversal;Com Vítimas Feridas;Pleno dia;Decrescente;Céu Claro;Simples;"Curva;Interseção de Vias";-16,252247;-42,629255
06/05/2026;01:20:00;CACOAL;Animais na Pista;Atropelamento de Animal;Com Vítimas Feridas;Plena Noite;Crescente;Céu Claro;Simples;Reta;-11,512318;-61,357493
06/05/2026;03:20:00;CASCAVEL;Iluminação deficiente;Colisão transversal;Com Vítimas Feridas;Amanhecer;Decrescente;Céu Claro;Simples;"Reta;Interseção de Vias";-24,983702;-53,37317188
06/05/2026;07:08:00;CONDE;Acumulo de areia ou detritos sobre o pavimento;Tombamento;Com Vítimas Feridas;Pleno dia;Decrescente;Nublado;Múltipla;Interseção de Vias;-7,259155;-34,935508
06/05/2026;06:50:00;BRASILIA;Demais Fenômenos da natureza;Colisão lateral sentido oposto;Com Vítimas Feridas;Amanhecer;Crescente;Sol;Múltipla;"Reta;Aclive";-15,6487;-47,77031
06/05/2026;07:45:00;SANTA LUZIA;Acesso irregular;Colisão lateral mesmo sentido;Com Vítimas Feridas;Pleno dia;Crescente;Céu Claro;Simples;"Reta;Declive";-19,82622237;-43,83557796
06/05/2026;06:50:00;JUIZ DE FORA;Neblina;Colisão traseira;Com Vítimas Feridas;Pleno dia;Crescente;Nevoeiro/Neblina;Dupla;Reta;-21,7988519;-43,4074845
06/05/2026;08:25:00;GUARAPARI;Velocidade Incompatível;Colisão com objeto;Com Vítimas Feridas;Pleno dia;Crescente;Nublado;Dupla;Curva;-20,61205;-40,511422
06/05/2026;08:57:00;CONDE;Velocidade Incompatível;Colisão com objeto;Sem Vítimas;Pleno dia;Decrescente;Nublado;Simples;"Curva;Declive";-7,22308704;-34,91424736
06/05/2026;08:30:00;TEIXEIRA DE FREITAS;Ausência de sinalização;Colisão traseira;Com Vítimas Feridas;Pleno dia;Crescente;Nublado;Simples;"Aclive;Interseção de Vias;Reta";-17,539782;-39,71533863
06/05/2026;10:20:00;VALPARAISO DE GOIAS;Velocidade Incompatível;Colisão traseira;Com Vítimas Feridas;Pleno dia;Decrescente;Céu Claro;Dupla;Reta;-16,08843502;-47,98496515
06/05/2026;09:15:00;ILHEUS;Velocidade Incompatível;Colisão com objeto;Com Vítimas Feridas;Pleno dia;Decrescente;Sol;Dupla;Curva;-14,7822979;-39,23480735
06/05/2026;12:14:00;VARZEA GRANDE;Conversão proibida;Colisão frontal;Com Vítimas Feridas;Pleno dia;Crescente;Céu Claro;Simples;Reta;-15,65216646;-56,20129019
06/05/2026;13:21:00;SANTA RITA DO TOCANTINS;Pista esburacada;Saída de leito carroçável;Com Vítimas Feridas;Pleno dia;Crescente;Céu Claro;Simples;Reta;-10,945965;-48,9095
06/05/2026;20:20:00;NOVA IGUACU;Ausência de sinalização;Colisão traseira;Com Vítimas Feridas;Plena Noite;Decrescente;Céu Claro;Dupla;Reta;-22,73989192;-43,46157074
06/05/2026;14:20:00;BICAS;Ultrapassagem Indevida;Colisão transversal;Com Vítimas Feridas;Pleno dia;Crescente;Céu Claro;Simples;"Reta;Declive;Interseção de Vias";-21,740204;-43,103295
06/05/2026;15:39:00;IBIRACU;Conversão proibida;Colisão transversal;Com Vítimas Feridas;Pleno dia;Crescente;Céu Claro;Simples;Reta;-19,86488;-40,39443
06/05/2026;11:30:00;SAO LUIZ GONZAGA;Acesso irregular;Colisão transversal;Com Vítimas Feridas;Pleno dia;Decrescente;Céu Claro;Simples;Reta;-28,41495077;-54,97439889
06/05/2026;16:05:00;ANGRA DOS REIS;Retorno proibido;Colisão transversal;Com Vítimas Feridas;Pleno dia;Decrescente;Céu Claro;Simples;"Aclive;Reta";-22,99000238;-44,30408478
06/05/2026;14:30:00;PATOS DE MINAS;Afundamento ou ondulação no pavimento;Queda de ocupante de veículo;Com Vítimas Feridas;Pleno dia;Decrescente;Sol;Simples;"Aclive;Reta";-18,753473;-46,649863
06/05/2026;18:40:00;CAETANOPOLIS;Animais na Pista;Atropelamento de Animal;Com Vítimas Feridas;Plena Noite;Decrescente;Céu Claro;Dupla;"Reta;Aclive";-19,301678;-44,377453
06/05/2026;18:05:00;FORQUILHA;Acesso irregular;Colisão transversal;Sem Vítimas;Plena Noite;Crescente;Céu Claro;Simples;"Aclive;Reta";-3,79870343;-40,26410171
06/05/2026;17:45:00;UBATUBA;Ultrapassagem Indevida;Colisão frontal;Com Vítimas Feridas;Plena Noite;Decrescente;Nublado;Simples;Reta;-23,44795586;-45,07983176
06/05/2026;20:05:00;CARATINGA;Animais na Pista;Atropelamento de Animal;Com Vítimas Feridas;Plena Noite;Crescente;Céu Claro;Simples;Reta;-19,8154764;-42,1360167
06/05/2026;22:00:00;LONDRINA;Deficiência do Sistema de Iluminação/Sinalização;Colisão traseira;Com Vítimas Feridas;Plena Noite;Decrescente;Céu Claro;Dupla;Reta;-23,29368102;-51,10779159
06/05/2026;12:10:00;REGISTRO;Conversão proibida;Colisão lateral mesmo sentido;Com Vítimas Feridas;Pleno dia;Crescente;Sol;Dupla;Interseção de Vias;-24,49706822;-47,84181118
06/05/2026;07:50:00;SANTO ANTONIO DE JESUS;Acesso irregular;Colisão transversal;Com Vítimas Feridas;Pleno dia;Crescente;Garoa/Chuvisco;Simples;"Aclive;Interseção de Vias;Curva";-12,96464114;-39,27218355
06/05/2026;17:36:00;LAGES;Retorno proibido;Tombamento;Com Vítimas Feridas;Pleno dia;Crescente;Céu Claro;Simples;"Declive;Reta";-27,797069;-50,314542
05/05/2026;06:40:00;UMUARAMA;Ultrapassagem Indevida;Colisão lateral mesmo sentido;Com Vítimas Feridas;Amanhecer;Crescente;Céu Claro;Simples;Viaduto;-23,539933;-53,460141
05/05/2026;08:30:00;MAGE;Velocidade Incompatível;Colisão traseira;Com Vítimas Feridas;Pleno dia;Crescente;Céu Claro;Dupla;Reta;-22,65703;-43,13458
05/05/2026;11:30:00;UBERLANDIA;Velocidade Incompatível;Saída de leito carroçável;Com Vítimas Feridas;Pleno dia;Decrescente;Céu Claro;Dupla;Interseção de Vias;-18,910579;-48,173979
05/05/2026;12:20:00;SABARA;Acesso irregular;Colisão transversal;Com Vítimas Feridas;Pleno dia;Decrescente;Céu Claro;Simples;Reta;-19,82722242;-43,83758924
05/05/2026;12:30:00;FOZ DO IGUACU;Velocidade Incompatível;Colisão traseira;Com Vítimas Feridas;Pleno dia;Decrescente;Céu Claro;Simples;"Declive;Reta";-25,487437;-54,502359
05/05/2026;17:50:00;REDUTO;Conversão proibida;Colisão transversal;Com Vítimas Feridas;Anoitecer;Decrescente;Céu Claro;Simples;"Reta;Interseção de Vias;Rotatória";-20,247337;-41,982082
05/05/2026;07:30:00;PRESIDENTE FIGUEIREDO;Chuva;Saída de leito carroçável;Com Vítimas Feridas;Pleno dia;Crescente;Chuva;Simples;Reta;-1,44554;-60,29655
05/05/2026;17:30:00;BAGE;Demais falhas na via;Tombamento;Com Vítimas Feridas;Anoitecer;Decrescente;Nublado;Simples;Reta;-31,10669621;-53,75989851
05/05/2026;19:40:00;CAMBUI;Velocidade Incompatível;Tombamento;Com Vítimas Fatais;Plena Noite;Decrescente;Céu Claro;Dupla;"Curva;Declive";-22,65933384;-46,08826876
05/05/2026;13:20:00;ITAITUBA;Ultrapassagem Indevida;Colisão frontal;Com Vítimas Feridas;Pleno dia;Crescente;Garoa/Chuvisco;Simples;"Curva;Aclive";-4,316747;-55,957386
05/05/2026;16:00:00;ITATIAIA;Ausência de sinalização;Colisão traseira;Com Vítimas Feridas;Pleno dia;Decrescente;Céu Claro;Dupla;Reta;-22,466863;-44,497036
05/05/2026;12:17:00;BOM JESUS DE GOIAS;Ultrapassagem Indevida;Colisão transversal;Com Vítimas Feridas;Pleno dia;Decrescente;Céu Claro;Simples;Reta;-18,115879;-50,035284
05/05/2026;05:04:00;VARZEA GRANDE;Ultrapassagem Indevida;Colisão frontal;Com Vítimas Feridas;Plena Noite;Crescente;Céu Claro;Simples;Reta;-15,701838;-56,157357
05/05/2026;08:15:00;ALEM PARAIBA;Restrição de visibilidade em curvas horizontais;Colisão traseira;Com Vítimas Feridas;Pleno dia;Crescente;Céu Claro;Simples;Reta;-21,85818582;-42,6617986
05/05/2026;06:50:00;PRESIDENTE MEDICI;Ultrapassagem Indevida;Tombamento;Com Vítimas Feridas;Pleno dia;Crescente;Céu Claro;Simples;Reta;-11,299955;-61,89235
05/05/2026;09:21:00;CARIACICA;Velocidade Incompatível;Tombamento;Com Vítimas Feridas;Pleno dia;Crescente;Céu Claro;Dupla;"Curva;Retorno Regulamentado";-20,343855;-40,407473
05/05/2026;08:30:00;PATOS;Ultrapassagem Indevida;Colisão lateral sentido oposto;Sem Vítimas;Pleno dia;Decrescente;Céu Claro;Simples;Reta;-6,99084;-37,32152
05/05/2026;12:20:00;CANOAS;Acumulo de areia ou detritos sobre o pavimento;Colisão com objeto;Com Vítimas Feridas;Pleno dia;Crescente;Céu Claro;Múltipla;Reta;-29,94484506;-51,17679704
05/05/2026;13:50:00;ITAPAJE;Acesso irregular;Colisão transversal;Com Vítimas Feridas;Pleno dia;Crescente;Sol;Dupla;Reta;-3,68894056;-39,58832026
05/05/2026;15:30:00;CARMO DA CACHOEIRA;Velocidade Incompatível;Capotamento;Com Vítimas Feridas;Pleno dia;Decrescente;Céu Claro;Dupla;"Aclive;Curva";-21,43215846;-45,21087956
05/05/2026;15:30:00;ANAPOLIS;Animais na Pista;Atropelamento de Animal;Com Vítimas Feridas;Pleno dia;Decrescente;Céu Claro;Simples;Reta;-16,256412;-48,936501
05/05/2026;17:35:00;PALHOCA;Conversão proibida;Colisão traseira;Com Vítimas Feridas;Anoitecer;Decrescente;Céu Claro;Simples;Reta;-27,66454233;-48,68715419
05/05/2026;17:30:00;CONTAGEM;Velocidade Incompatível;Colisão traseira;Com Vítimas Feridas;Anoitecer;Decrescente;Céu Claro;Dupla;Reta;-19,87464572;-44,05382107
05/05/2026;17:55:00;PORTO ALEGRE;Ausência de sinalização;Colisão transversal;Sem Vítimas;Anoitecer;Não Informado;Céu Claro;Simples;Interseção de Vias;-29,99795485;-51,20285511
05/05/2026;16:40:00;CANINDE;Velocidade Incompatível;Tombamento;Com Vítimas Feridas;Pleno dia;Não Informado;Céu Claro;Simples;Reta;-4,389975;-39,311942
05/05/2026;18:30:00;PARATY;Animais na Pista;Atropelamento de Animal;Com Vítimas Feridas;Plena Noite;Crescente;Céu Claro;Simples;Reta;-23,0429131;-44,6163187
05/05/2026;19:00:00;BRASILIA;Velocidade Incompatível;Saída de leito carroçável;Com Vítimas Feridas;Plena Noite;Crescente;Céu Claro;Dupla;Reta;-16,01013085;-47,98274785
05/05/2026;20:30:00;CONGONHAL;Animais na Pista;Atropelamento de Animal;Com Vítimas Feridas;Plena Noite;Decrescente;Céu Claro;Simples;"Declive;Reta";-22,1534364;-46,064266
05/05/2026;20:45:00;BELO HORIZONTE;Velocidade Incompatível;Tombamento;Com Vítimas Feridas;Plena Noite;Decrescente;Céu Claro;Dupla;Reta;-19,926112;-44,00842
05/05/2026;21:15:00;ITABAIANA;Animais na Pista;Atropelamento de Animal;Com Vítimas Feridas;Plena Noite;Crescente;Céu Claro;Simples;Reta;-10,6811;-37,4239
05/05/2026;20:54:00;GUARAMIRIM;Demais Fenômenos da natureza;Saída de leito carroçável;Com Vítimas Feridas;Plena Noite;Decrescente;Nevoeiro/Neblina;Simples;"Desvio Temporário;Em Obras";-26,45154245;-48,88092973
05/05/2026;21:30:00;IBIA;Velocidade Incompatível;Atropelamento de Animal;Com Vítimas Feridas;Plena Noite;Decrescente;Céu Claro;Simples;"Reta;Ponte";-19,55081;-46,85126
05/05/2026;17:30:00;SAO DOMINGOS DO PRATA;Demais falhas na via;Saída de leito carroçável;Com Vítimas Feridas;Pleno dia;Decrescente;Ignorado;Simples;Reta;-19,90078753;-43,03721175
05/05/2026;20:05:00;CUMARI;Animais na Pista;Capotamento;Com Vítimas Feridas;Plena Noite;Crescente;Céu Claro;Dupla;Reta;-18,36440787;-48,05057019
04/05/2026;01:15:00;LUZ;Velocidade Incompatível;Tombamento;Com Vítimas Feridas;Plena Noite;Decrescente;Céu Claro;Simples;"Curva;Aclive";-19,74746824;-45,82306266
04/05/2026;11:40:00;MARINGA;Sinalização mal posicionada;Colisão traseira;Com Vítimas Feridas;Pleno dia;Decrescente;Nublado;Dupla;Reta;-23,42200751;-51,90477697
04/05/2026;12:05:00;CAMPO GRANDE;Velocidade Incompatível;Tombamento;Com Vítimas Feridas;Pleno dia;Crescente;Céu Claro;Simples;Rotatória;-20,551629;-54,668214
04/05/2026;10:30:00;RIO BONITO;Ultrapassagem Indevida;Atropelamento de Pedestre;Com Vítimas Fatais;Pleno dia;Decrescente;Céu Claro;Dupla;Reta;-22,71614988;-42,68063767
04/05/2026;13:00:00;AREAL;Velocidade Incompatível;Tombamento;Com Vítimas Feridas;Pleno dia;Crescente;Nublado;Dupla;Curva;-22,197506;-43,158948
04/05/2026;10:50:00;CURITIBANOS;Curva acentuada;Colisão lateral sentido oposto;Com Vítimas Feridas;Pleno dia;Crescente;Nublado;Simples;Aclive;-27,30067248;-50,67733375
04/05/2026;12:35:00;BARRA DO PIRAI;Velocidade Incompatível;Tombamento;Com Vítimas Feridas;Pleno dia;Crescente;Céu Claro;Simples;"Aclive;Curva";-22,4747294;-43,9933682
04/05/2026;18:00:00;FUNDAO;Acesso irregular;Colisão transversal;Com Vítimas Feridas;Plena Noite;Decrescente;Céu Claro;Simples;Reta;-20,00305575;-40,41300843
04/05/2026;15:30:00;CUIABA;Curva acentuada;Tombamento;Sem Vítimas;Pleno dia;Crescente;Céu Claro;Dupla;"Desvio Temporário;Curva;Em Obras";-15,66123286;-56,00697792
04/05/2026;22:00:00;TAUA;Pista esburacada;Tombamento;Com Vítimas Feridas;Plena Noite;Crescente;Céu Claro;Simples;Reta;-5,560333;-40,076875
04/05/2026;00:46:00;TIBAU;Velocidade Incompatível;Colisão traseira;Com Vítimas Fatais;Plena Noite;Crescente;Céu Claro;Simples;Reta;-4,894264;-37,438069
04/05/2026;04:30:00;SANTA BARBARA;Acostamento em desnível;Saída de leito carroçável;Com Vítimas Feridas;Plena Noite;Crescente;Nevoeiro/Neblina;Simples;Reta;-11,890418;-38,980918
04/05/2026;00:10:00;TRES MARIAS;Animais na Pista;Atropelamento de Animal;Com Vítimas Feridas;Plena Noite;Crescente;Céu Claro;Simples;Declive;-18,20978472;-45,23002625
04/05/2026;06:24:00;ARUJA;Curva acentuada;Queda de ocupante de veículo;Com Vítimas Feridas;Amanhecer;Decrescente;Céu Claro;Dupla;Curva;-23,40470368;-46,332733
04/05/2026;06:45:00;TEOFILO OTONI;Velocidade Incompatível;Capotamento;Com Vítimas Feridas;Pleno dia;Decrescente;Céu Claro;Simples;Curva;-17,886139;-41,522293
04/05/2026;06:20:00;FERNANDES PINHEIRO;Acesso irregular;Saída de leito carroçável;Sem Vítimas;Pleno dia;Crescente;Garoa/Chuvisco;Simples;Reta;-25,46559429;-50,5796814
04/05/2026;07:00:00;JOAO MONLEVADE;Conversão proibida;Colisão transversal;Com Vítimas Feridas;Pleno dia;Crescente;Céu Claro;Simples;Reta;-19,8417954;-43,1763267
04/05/2026;07:15:00;SOBRAL;Ultrapassagem Indevida;Colisão lateral mesmo sentido;Com Vítimas Feridas;Pleno dia;Crescente;Céu Claro;Simples;Reta;-3,70122;-40,36827
04/05/2026;08:15:00;GUARULHOS;Velocidade Incompatível;Colisão traseira;Com Vítimas Feridas;Pleno dia;Decrescente;Céu Claro;Múltipla;Reta;-23,46405151;-46,49718158
04/05/2026;08:00:00;JARAGUA;Conversão proibida;Colisão lateral mesmo sentido;Com Vítimas Feridas;Pleno dia;Decrescente;Céu Claro;Simples;"Aclive;Reta";-15,77068685;-49,30832356
04/05/2026;08:15:00;IBIRACU;Acesso irregular;Colisão transversal;Com Vítimas Feridas;Pleno dia;Crescente;Céu Claro;Simples;Reta;-19,82623172;-40,36905187
04/05/2026;08:10:00;FOZ DO IGUACU;Velocidade Incompatível;Colisão traseira;Sem Vítimas;Pleno dia;Crescente;Céu Claro;Múltipla;"Em Obras;Desvio Temporário;Reta";-25,59452681;-54,51268413
04/05/2026;07:25:00;JI-PARANA;Faixas de trânsito com largura insuficiente;Queda de ocupante de veículo;Com Vítimas Feridas;Pleno dia;Crescente;Céu Claro;Simples;"Reta;Em Obras";-10,838943;-62,008418
04/05/2026;07:40:00;SIDROLANDIA;Velocidade Incompatível;Colisão transversal;Com Vítimas Feridas;Pleno dia;Crescente;Céu Claro;Simples;Reta;-21,03708256;-54,50265884
04/05/2026;06:40:00;CACAPAVA DO SUL;Retorno proibido;Colisão lateral mesmo sentido;Com Vítimas Feridas;Pleno dia;Decrescente;Céu Claro;Simples;"Aclive;Interseção de Vias;Reta";-30,580868;-53,395295
04/05/2026;09:50:00;MATEUS LEME;Pista Escorregadia;Capotamento;Com Vítimas Feridas;Pleno dia;Crescente;Chuva;Dupla;Reta;-19,920915;-44,470127
04/05/2026;09:00:00;CARATINGA;Conversão proibida;Colisão transversal;Com Vítimas Feridas;Pleno dia;Crescente;Céu Claro;Simples;Reta;-19,8160766;-42,1360899
04/05/2026;10:00:00;LINHARES;Acesso irregular;Colisão transversal;Com Vítimas Feridas;Pleno dia;Decrescente;Nublado;Dupla;Interseção de Vias;-19,385774;-40,06709
04/05/2026;10:40:00;FUNDAO;Faixas de trânsito com largura insuficiente;Colisão lateral sentido oposto;Com Vítimas Feridas;Pleno dia;Decrescente;Céu Claro;Dupla;Interseção de Vias;-20,00129646;-40,41318512
04/05/2026;08:50:00;ARATACA;Animais na Pista;Atropelamento de Animal;Com Vítimas Feridas;Pleno dia;Crescente;Céu Claro;Simples;Reta;-15,19208;-39,441698
04/05/2026;10:53:00;PALMEIRAS;Acumulo de areia ou detritos sobre o pavimento;Tombamento;Sem Vítimas;Pleno dia;Decrescente;Sol;Simples;Curva;-12,43119;-41,50551
04/05/2026;15:00:00;BARRA DO TURVO;Chuva;Capotamento;Com Vítimas Feridas;Pleno dia;Crescente;Chuva;Dupla;Curva;-24,97294474;-48,40059981
04/05/2026;16:20:00;FEIRA DE SANTANA;Pista Escorregadia;Queda de ocupante de veículo;Com Vítimas Feridas;Pleno dia;Crescente;Garoa/Chuvisco;Simples;Reta;-12,3592427;-38,8632942
04/05/2026;17:15:00;SERRA;Velocidade Incompatível;Tombamento;Com Vítimas Feridas;Pleno dia;Crescente;Nublado;Dupla;Reta;-20,22217598;-40,35814583