data_inversa;horario;municipio;causa_acidente;tipo_acidente;classificacao_acidente;fase_dia;sentido_via;condicao_metereologica;tipo_pista;tracado_via;latitude;longitude
04/05/2026;16:00:00;CORREIA PINTO;Ultrapassagem Indevida;Saída de leito carroçável;Com Vítimas Feridas;Pleno dia;Decrescente;Chuva;Simples;Reta;-27,62858998;-50,34113344
04/05/2026;15:45:00;HUMAITA;Animais na Pista;Saída de leito carroçável;Com Vítimas Feridas;Pleno dia;Decrescente;Céu Claro;Simples;Reta;-7,761235;-63,144873
04/05/2026;17:30:00;NOVA SERRANA;Ultrapassagem Indevida;Colisão lateral mesmo sentido;Com Vítimas Feridas;Plena Noite;Decrescente;Céu Claro;Dupla;Reta;-19,786768;-44,9296672
04/05/2026;18:30:00;CURITIBA;Velocidade Incompatível;Engavetamento;Com Vítimas Feridas;Plena Noite;Decrescente;Nublado;Dupla;Reta;-25,4599029;-49,22068873
04/05/2026;18:30:00;TANGUA;Animais na Pista;Atropelamento de Animal;Com Vítimas Feridas;Plena Noite;Crescente;Céu Claro;Dupla;Reta;-22,73894201;-42,74537802
04/05/2026;19:30:00;JI-PARANA;Acesso irregular;Eventos atípicos;Com Vítimas Feridas;Plena Noite;Crescente;Céu Claro;Simples;Reta;-10,862851;-62,003137
04/05/2026;16:00:00;UBATA;Ausência de sinalização;Colisão traseira;Com Vítimas Feridas;Pleno dia;Crescente;Sol;Simples;Reta;-14,196224;-39,54336
04/05/2026;19:45:00;SAO JOAO DO MANHUACU;Animais na Pista;Atropelamento de Animal;Com Vítimas Feridas;Plena Noite;Decrescente;Nublado;Simples;"Declive;Reta";-20,357707;-42,151497
04/05/2026;22:10:00;GUAMIRANGA;Animais na Pista;Queda de ocupante de veículo;Com Vítimas Feridas;Plena Noite;Decrescente;Ignorado;Simples;Reta;-25,196019;-50,776664
04/05/2026;21:50:00;AGUAS MORNAS;Velocidade Incompatível;Saída de leito carroçável;Com Vítimas Feridas;Plena Noite;Decrescente;Chuva;Simples;Curva;-27,71268;-48,8597
04/05/2026;22:25:00;LAGES;Velocidade Incompatível;Colisão com objeto;Com Vítimas Feridas;Plena Noite;Crescente;Garoa/Chuvisco;Dupla;Reta;-27,79773956;-50,31019298
04/05/2026;23:00:00;CHAPECO;Velocidade Incompatível;Saída de leito carroçável;Com Vítimas Feridas;Plena Noite;Crescente;Céu Claro;Simples;"Interseção de Vias;Rotatória";-26,9743497;-52,7449745
04/05/2026;22:00:00;CAMPO GRANDE;Acumulo de areia ou detritos sobre o pavimento;Tombamento;Com Vítimas Feridas;Plena Noite;Crescente;Céu Claro;Simples;Reta;-20,449119;-54,54066
04/05/2026;23:55:00;SAO JOSE;Chuva;Queda de ocupante de veículo;Com Vítimas Feridas;Plena Noite;Crescente;Chuva;Dupla;Reta;-27,58608375;-48,61626148
04/05/2026;12:00:00;VERA;Acumulo de areia ou detritos sobre o pavimento;Colisão com objeto;Sem Vítimas;Pleno dia;Decrescente;Céu Claro;Simples;"Aclive;Reta";-12,253993;-55,5522366
04/05/2026;05:30:00;SAO GONCALO;Neblina;Eventos atípicos;Com Vítimas Feridas;Amanhecer;Decrescente;Nevoeiro/Neblina;Dupla;Reta;-22,7921;-43,0262
04/05/2026;03:04:00;MOSSORO;Pista esburacada;Tombamento;Com Vítimas Feridas;Plena Noite;Decrescente;Ignorado;Simples;Reta;-5,23420965;-37,33184187
03/05/2026;03:50:00;MARTINS SOARES;Velocidade Incompatível;Colisão frontal;Com Vítimas Feridas;Plena Noite;Crescente;Céu Claro;Simples;"Curva;Declive";-20,255222;-41,855725
03/05/2026;11:00:00;CAMPINA GRANDE DO SUL;Velocidade Incompatível;Saída de leito carroçável;Com Vítimas Feridas;Pleno dia;Crescente;Garoa/Chuvisco;Dupla;"Curva;Ponte";-25,17768796;-48,87911477
03/05/2026;10:10:00;CAMPINA GRANDE DO SUL;Chuva;Colisão com objeto;Com Vítimas Feridas;Pleno dia;Decrescente;Chuva;Dupla;Curva;-25,10324341;-48,70067596
03/05/2026;16:00:00;CENTRALINA;Velocidade Incompatível;Colisão traseira;Com Vítimas Fatais;Pleno dia;Crescente;Céu Claro;Dupla;Reta;-18,658538;-49,168174
03/05/2026;19:50:00;SANTA TERESINHA;Ultrapassagem Indevida;Colisão lateral mesmo sentido;Com Vítimas Feridas;Plena Noite;Decrescente;Céu Claro;Simples;Aclive;-12,661437;-39,631077
03/05/2026;18:45:00;BARRACAO;Curva acentuada;Tombamento;Com Vítimas Fatais;Plena Noite;Crescente;Céu Claro;Simples;"Declive;Curva";-27,619433;-51,487603
03/05/2026;13:00:00;FLEXEIRAS;Demais falhas na via;Tombamento;Com Vítimas Feridas;Pleno dia;Decrescente;Céu Claro;Dupla;Curva;-9,171585;-35,774786
03/05/2026;00:10:00;COCALZINHO DE GOIAS;Velocidade Incompatível;Colisão com objeto;Com Vítimas Feridas;Plena Noite;Crescente;Céu Claro;Simples;Curva;-15,5743351;-48,6227568
03/05/2026;00:00:00;CAMANDUCAIA;Velocidade Incompatível;Colisão com objeto;Sem Vítimas;Plena Noite;Crescente;Céu Claro;Dupla;"Declive;Reta";-22,7598695;-46,1596794
03/05/2026;00:45:00;BARRA DO GARCAS;Ultrapassagem Indevida;Colisão com objeto;Com Vítimas Feridas;Plena Noite;Crescente;Céu Claro;Simples;"Ponte;Reta";-15,8946137;-52,25726735
03/05/2026;00:35:00;TIJUCAS;Animais na Pista;Atropelamento de Animal;Com Vítimas Feridas;Plena Noite;Crescente;Céu Claro;Dupla;Reta;-27,29534192;-48,63130074
03/05/2026;01:00:00;RIBEIRAO DAS NEVES;Retorno proibido;Colisão frontal;Sem Vítimas;Plena Noite;Decrescente;Céu Claro;Dupla;Retorno Regulamentado;-19,8289652;-44,0831056
03/05/2026;02:40:00;BARRA VELHA;Velocidade Incompatível;Capotamento;Com Vítimas Feridas;Plena Noite;Crescente;Nublado;Dupla;Reta;-26,65088201;-48,68709326
03/05/2026;03:31:00;EMBU DAS ARTES;Velocidade Incompatível;Colisão com objeto;Sem Vítimas;Plena Noite;Crescente;Chuva;Dupla;Reta;-23,67850514;-46,85821462
03/05/2026;03:00:00;DUQUE DE CAXIAS;Velocidade Incompatível;Capotamento;Com Vítimas Feridas;Plena Noite;Crescente;Nublado;Múltipla;Reta;-22,72101137;-43,28965663
03/05/2026;05:20:00;UBERABA;Velocidade Incompatível;Saída de leito carroçável;Com Vítimas Feridas;Pleno dia;Decrescente;Céu Claro;Dupla;Reta;-19,872221;-48
03/05/2026;05:05:00;BOA VIAGEM;Velocidade Incompatível;Colisão traseira;Com Vítimas Feridas;Amanhecer;Decrescente;Nublado;Simples;Reta;-5,10530669;-39,71694946
03/05/2026;07:40:00;CAMPINA GRANDE DO SUL;Chuva;Colisão com objeto;Com Vítimas Feridas;Pleno dia;Decrescente;Chuva;Dupla;"Aclive;Curva";-25,166555;-48,864197
03/05/2026;08:40:00;FEIRA DE SANTANA;Conversão proibida;Colisão transversal;Com Vítimas Feridas;Pleno dia;Crescente;Sol;Simples;Reta;-12,23203047;-38,95425646
03/05/2026;07:05:00;PETROPOLIS;Pista Escorregadia;Queda de ocupante de veículo;Com Vítimas Feridas;Pleno dia;Crescente;Chuva;Simples;Curva;-22,5284263;-43,2227975
03/05/2026;07:20:00;PETROPOLIS;Pista Escorregadia;Queda de ocupante de veículo;Sem Vítimas;Pleno dia;Decrescente;Chuva;Simples;Curva;-22,56495594;-43,2361641
03/05/2026;08:30:00;MAIRIPORA;Pista Escorregadia;Colisão com objeto;Com Vítimas Feridas;Pleno dia;Crescente;Garoa/Chuvisco;Múltipla;"Curva;Aclive";-23,35566627;-46,54909587
03/05/2026;09:30:00;NOSSA SENHORA DO SOCORRO;Velocidade Incompatível;Colisão traseira;Com Vítimas Feridas;Pleno dia;Crescente;Céu Claro;Dupla;"Aclive;Reta";-10,867247;-37,134738
03/05/2026;10:30:00;PALMAS;Velocidade Incompatível;Colisão traseira;Com Vítimas Feridas;Pleno dia;Crescente;Sol;Múltipla;"Reta;Retorno Regulamentado";-10,268175;-48,306639
03/05/2026;11:40:00;SAO PAULO;Pista Escorregadia;Saída de leito carroçável;Com Vítimas Feridas;Pleno dia;Decrescente;Garoa/Chuvisco;Dupla;"Curva;Aclive";-23,37790543;-46,56471062
03/05/2026;11:45:00;SANTA MARIA DO PARA;Retorno proibido;Colisão lateral mesmo sentido;Sem Vítimas;Pleno dia;Decrescente;Nublado;Simples;Reta;-1,38224;-47,565101
03/05/2026;09:30:00;MAGE;Chuva;Colisão traseira;Com Vítimas Feridas;Pleno dia;Decrescente;Chuva;Dupla;Curva;-22,66450098;-43,1118935
03/05/2026;11:07:00;CARMO DA CACHOEIRA;Velocidade Incompatível;Queda de ocupante de veículo;Com Vítimas Feridas;Pleno dia;Decrescente;Céu Claro;Dupla;Curva;-21,49145694;-45,20991739
03/05/2026;09:30:00;CAREIRO;Chuva;Saída de leito carroçável;Sem Vítimas;Pleno dia;Crescente;Chuva;Simples;Reta;-3,41733795;-59,91662264
03/05/2026;14:30:00;MORRETES;Velocidade Incompatível;Colisão com objeto;Com Vítimas Feridas;Pleno dia;Decrescente;Nublado;Dupla;"Declive;Curva";-25,59176633;-48,87860147
03/05/2026;14:50:00;SAO PAULO;Velocidade Incompatível;Colisão com objeto;Com Vítimas Feridas;Pleno dia;Decrescente;Garoa/Chuvisco;Dupla;"Aclive;Curva";-23,38148979;-46,56275153
03/05/2026;15:30:00;PROMISSAO;Pista esburacada;Queda de ocupante de veículo;Com Vítimas Feridas;Pleno dia;Crescente;Céu Claro;Simples;Reta;-21,4914;-49,77985
03/05/2026;16:20:00;ANCHIETA;Velocidade Incompatível;Colisão traseira;Com Vítimas Feridas;Pleno dia;Crescente;Chuva;Simples;Reta;-20,68578973;-40,67481995
03/05/2026;15:20:00;MAMANGUAPE;Velocidade Incompatível;Queda de ocupante de veículo;Com Vítimas Fatais;Pleno dia;Decrescente;Sol;Dupla;Curva;-6,566868;-35,1421435
03/05/2026;16:19:00;NATAL;Acesso irregular;Colisão lateral mesmo sentido;Sem Vítimas;Pleno dia;Decrescente;Céu Claro;Dupla;Interseção de Vias;-5,83945588;-35,21069038
03/05/2026;16:30:00;ITAJAI;Condutor usando celular;Colisão com objeto;Com Vítimas Feridas;Pleno dia;Crescente;Nublado;Múltipla;Reta;-26,90149574;-48,71693585
03/05/2026;17:00:00;CAMPINA GRANDE DO SUL;Velocidade Incompatível;Saída de leito carroçável;Com Vítimas Feridas;Anoitecer;Crescente;Garoa/Chuvisco;Dupla;Curva;-25,09988385;-48,67655827
03/05/2026;16:00:00;SANTA IZABEL DO PARA;Acumulo de água sobre o pavimento;Capotamento;Com Vítimas Feridas;Anoitecer;Crescente;Chuva;Dupla;Curva;-1,30030779;-48,19360256
03/05/2026;17:30:00;NOVA VICOSA;Pista esburacada;Tombamento;Com Vítimas Feridas;Anoitecer;Crescente;Céu Claro;Simples;Reta;-17,89907;-40,011138
03/05/2026;18:00:00;CAMPINA GRANDE DO SUL;Chuva;Saída de leito carroçável;Com Vítimas Feridas;Anoitecer;Crescente;Chuva;Dupla;Curva;-25,0997458;-48,69194269
03/05/2026;20:25:00;FEIRA DE SANTANA;Conversão proibida;Colisão frontal;Com Vítimas Feridas;Plena Noite;Decrescente;Céu Claro;Simples;Reta;-12,24883782;-38,93382875
03/05/2026;18:15:00;MATUPA;Deficiência do Sistema de Iluminação/Sinalização;Colisão traseira;Com Vítimas Feridas;Anoitecer;Decrescente;Nublado;Simples;Reta;-10,095695;-54,92045
03/05/2026;19:00:00;SAPUCAIA;Animais na Pista;Tombamento;Com Vítimas Feridas;Plena Noite;Crescente;Nublado;Simples;Reta;-22,00742;-42,762918
03/05/2026;21:00:00;SANTA TEREZINHA DE ITAIPU;Pista Escorregadia;Tombamento;Com Vítimas Feridas;Plena Noite;Crescente;Chuva;Dupla;Reta;-25,4483745;-54,4082146
03/05/2026;19:40:00;MIRANORTE;Ultrapassagem Indevida;Colisão lateral sentido oposto;Com Vítimas Feridas;Plena Noite;Crescente;Céu Claro;Simples;"Declive;Reta";-9,453285;-48,577929
03/05/2026;20:00:00;NOVA ANDRADINA;Velocidade Incompatível;Saída de leito carroçável;Com Vítimas Feridas;Plena Noite;Crescente;Céu Claro;Simples;Curva;-22,307591;-53,39624
03/05/2026;18:55:00;MURIAE;Pista Escorregadia;Colisão frontal;Com Vítimas Feridas;Plena Noite;Crescente;Chuva;Simples;Curva;-21,18441176;-42,37014771
03/05/2026;22:14:00;CANDEIAS DO JAMARI;Velocidade Incompatível;Capotamento;Com Vítimas Feridas;Plena Noite;Crescente;Céu Claro;Dupla;Reta;-8,784811;-63,60091
03/05/2026;21:30:00;CAMPOS DOS GOYTACAZES;Animais na Pista;Atropelamento de Animal;Sem Vítimas;Plena Noite;Decrescente;Nublado;Dupla;Reta;-22,018613;-41,682997
03/05/2026;21:25:00;COXIM;Acesso irregular;Saída de leito carroçável;Sem Vítimas;Plena Noite;Crescente;Céu Claro;Simples;Reta;-18,528749;-54,740761
03/05/2026;21:15:00;NAVEGANTES;Sinalização mal posicionada;Colisão transversal;Com Vítimas Feridas;Plena Noite;Crescente;Céu Claro;Simples;Interseção de Vias;-26,88992331;-48,66222382
03/05/2026;23:28:00;ANGRA DOS REIS;Chuva;Tombamento;Sem Vítimas;Plena Noite;Crescente;Chuva;Simples;"Curva;Declive";-23,007527;-44,275289
03/05/2026;13:30:00;PETROPOLIS;Chuva;Capotamento;Com Vítimas Feridas;Pleno dia;Decrescente;Chuva;Simples;Reta;-22,474644;-43,218554
03/05/2026;22:40:00;SAO JOAO DO RIO DO PEIXE;Velocidade Incompatível;Colisão traseira;Com Vítimas Feridas;Plena Noite;Crescente;Céu Claro;Simples;Reta;-6,721519;-38,449272
03/05/2026;22:00:00;DUQUE DE CAXIAS;Chuva;Saída de leito carroçável;Com Vítimas Feridas;Plena Noite;Crescente;Chuva;Simples;Reta;-22,521681;-43,237428
03/05/2026;23:20:00;SANTO ANTONIO DA PLATINA;Animais na Pista;Atropelamento de Animal;Com Vítimas Feridas;Plena Noite;Crescente;Céu Claro;Simples;"Curva;Declive";-23,27029557;-50,06186184
03/05/2026;13:40:00;ANTONINA;Velocidade Incompatível;Saída de leito carroçável;Com Vítimas Feridas;Pleno dia;Crescente;Garoa/Chuvisco;Dupla;Curva;-25,111029;-48,75035998
02/05/2026;12:40:00;PORTO VELHO;Ultrapassagem Indevida;Colisão lateral mesmo sentido;Com Vítimas Feridas;Pleno dia;Decrescente;Céu Claro;Múltipla;Reta;-8,78506;-63,85986
02/05/2026;15:20:00;ANCHIETA;Velocidade Incompatível;Colisão transversal;Com Vítimas Feridas;Pleno dia;Decrescente;Céu Claro;Simples;"Reta;Em Obras";-20,69032245;-40,68108559
02/05/2026;17:00:00;AGUAS BELAS;Acesso irregular;Colisão transversal;Com Vítimas Feridas;Anoitecer;Crescente;Céu Claro;Simples;Reta;-9,094011;-36,9820017
02/05/2026;23:11:00;VITORIA DE SANTO ANTAO;Acesso irregular;Saída de leito carroçável;Sem Vítimas;Plena Noite;Crescente;Céu Claro;Dupla;Curva;-8,1173833;-35,2614083
02/05/2026;00:15:00;ABADIA DE GOIAS;Velocidade Incompatível;Colisão traseira;Com Vítimas Feridas;Plena Noite;Crescente;Ignorado;Dupla;Reta;-16,750543;-49,429313
02/05/2026;01:30:00;URUCUCA;Velocidade Incompatível;Colisão com objeto;Com Vítimas Feridas;Plena Noite;Decrescente;Chuva;Simples;Reta;-14,506008;-39,33226
02/05/2026;03:30:00;NOVA SERRANA;Velocidade Incompatível;Colisão com objeto;Com Vítimas Feridas;Plena Noite;Decrescente;Céu Claro;Dupla;"Viaduto;Retorno Regulamentado;Interseção de Vias";-19,8822583;-44,92769837
02/05/2026;05:15:00;CONTAGEM;Acumulo de água sobre o pavimento;Saída de leito carroçável;Com Vítimas Feridas;Amanhecer;Crescente;Céu Claro;Simples;"Curva;Viaduto";-19,957965;-44,057063
02/05/2026;08:16:00;JOAO PESSOA;Acumulo de água sobre o pavimento;Capotamento;Com Vítimas Feridas;Pleno dia;Crescente;Chuva;Dupla;"Aclive;Reta";-7,100395;-34,847777
02/05/2026;07:35:00;PINDAMONHANGABA;Velocidade Incompatível;Saída de leito carroçável;Com Vítimas Feridas;Pleno dia;Decrescente;Sol;Dupla;Reta;-22,96484081;-45,42922495
02/05/2026;09:21:00;SAO GONCALO DO AMARANTE;Velocidade Incompatível;Saída de leito carroçável;Com Vítimas Feridas;Pleno dia;Crescente;Garoa/Chuvisco;Dupla;"Curva;Aclive;Interseção de Vias";-5,7462923;-35,3328404
02/05/2026;08:55:00;RIO LARGO;Velocidade Incompatível;Colisão com objeto;Com Vítimas Feridas;Pleno dia;Decrescente;Nublado;Dupla;Reta;-9,5084866;-35,8079754
02/05/2026;09:40:00;AGUAS MORNAS;Velocidade Incompatível;Colisão frontal;Com Vítimas Feridas;Pleno dia;Crescente;Chuva;Simples;"Curva;Aclive";-27,7091907;-48,95051686
02/05/2026;09:45:00;PATOS DE MINAS;Afundamento ou ondulação no pavimento;Queda de ocupante de veículo;Com Vítimas Feridas;Pleno dia;Decrescente;Céu Claro;Simples;Reta;-18,66572254;-46,52949125
02/05/2026;10:30:00;ITAPEMA;Velocidade Incompatível;Colisão lateral mesmo sentido;Com Vítimas Feridas;Pleno dia;Crescente;Chuva;Dupla;"Declive;Curva";-27,062601;-48,594247
02/05/2026;11:00:00;ANAPOLIS;Velocidade Incompatível;Saída de leito carroçável;Com Vítimas Feridas;Pleno dia;Crescente;Céu Claro;Simples;"Aclive;Reta";-16,171921;-49,043397
02/05/2026;11:40:00;BOM JESUS DO AMPARO;Velocidade Incompatível;Colisão com objeto;Com Vítimas Feridas;Pleno dia;Decrescente;Sol;Dupla;Curva;-19,747858;-43,492339
02/05/2026;08:40:00;PORTO SEGURO;Velocidade Incompatível;Atropelamento de Animal;Com Vítimas Feridas;Pleno dia;Decrescente;Céu Claro;Simples;Reta;-16,414397;-39,161682
02/05/2026;08:30:00;MANAUS;Demais falhas na via;Saída de leito carroçável;Com Vítimas Feridas;Pleno dia;Decrescente;Céu Claro;Simples;Reta;-2,342585;-60,045631
02/05/2026;13:40:00;TROMBUDO CENTRAL;Ultrapassagem Indevida;Colisão frontal;Com Vítimas Feridas;Pleno dia;Crescente;Nublado;Simples;Curva;-27,28657;-49,79703
02/05/2026;13:00:00;PETROPOLIS;Retorno proibido;Colisão traseira;Com Vítimas Feridas;Pleno dia;Decrescente;Céu Claro;Simples;"Curva;Declive";-22,40979273;-43,14503152
02/05/2026;08:12:00;MIRASSOL DOESTE;Acostamento em desnível;Tombamento;Com Vítimas Feridas;Pleno dia;Crescente;Céu Claro;Simples;Reta;-15,81362;-57,97341
02/05/2026;14:15:00;COCALZINHO DE GOIAS;Velocidade Incompatível;Saída de leito carroçável;Com Vítimas Feridas;Pleno dia;Crescente;Céu Claro;Simples;Reta;-15,703675;-48,6921933
02/05/2026;14:30:00;AREAL;Velocidade Incompatível;Tombamento;Com Vítimas Feridas;Pleno dia;Decrescente;Céu Claro;Dupla;"Curva;Declive";-22,252318;-43,1058343
02/05/2026;15:15:00;IMBAU;Chuva;Saída de leito carroçável;Com Vítimas Feridas;Pleno dia;Crescente;Chuva;Dupla;"Curva;Declive";-24,47185;-50,73942
02/05/2026;14:06:00;ITINGA DO MARANHAO;Ultrapassagem Indevida;Colisão transversal;Com Vítimas Feridas;Pleno dia;Decrescente;Garoa/Chuvisco;Simples;"Interseção de Vias;Reta";-4,450107;-47,526835
02/05/2026;16:00:00;GOVERNADOR VALADARES;Ultrapassagem Indevida;Colisão lateral mesmo sentido;Com Vítimas Feridas;Pleno dia;Crescente;Céu Claro;Simples;Reta;-18,89208063;-41,94715804
02/05/2026;17:00:00;DOM PEDRO DE ALCANTARA;Velocidade Incompatível;Saída de leito carroçável;Com Vítimas Feridas;Pleno dia;Crescente;Céu Claro;Dupla;Reta;-29,3844587;-49,8342992
02/05/2026;16:00:00;CAMPINA GRANDE DO SUL;Chuva;Saída de leito carroçável;Com Vítimas Feridas;Pleno dia;Crescente;Chuva;Dupla;"Curva;Aclive";-25,18557;-48,88602
02/05/2026;16:30:00;CAMPINA GRANDE DO SUL;Chuva;Saída de leito carroçável;Com Vítimas Feridas;Pleno dia;Crescente;Chuva;Dupla;Reta;-25,199364;-48,895149
02/05/2026;18:30:00;BETIM;Velocidade Incompatível;Saída de leito carroçável;Sem Vítimas;Plena Noite;Decrescente;Céu Claro;Dupla;Reta;-20,032272;-44,238857
02/05/2026;14:10:00;RIALMA;Ultrapassagem Indevida;Saída de leito carroçável;Com Vítimas Fatais;Pleno dia;Decrescente;Céu Claro;Simples;"Declive;Reta";-15,236898;-49,55583
02/05/2026;19:10:00;UBATUBA;Conversão proibida;Colisão lateral mesmo sentido;Com Vítimas Feridas;Plena Noite;Crescente;Céu Claro;Simples;"Interseção de Vias;Rotatória";-23,42205971;-45,07239509
02/05/2026;19:15:00;SAO LUIZ DO NORTE;Animais na Pista;Atropelamento de Animal;Com Vítimas Feridas;Plena Noite;Crescente;Céu Claro;Simples;Reta;-14,959193;-49,382538
02/05/2026;22:10:00;ANAPOLIS;Animais na Pista;Tombamento;Com Vítimas Feridas;Plena Noite;Crescente;Céu Claro;Dupla;Reta;-16,40223963;-48,97362292
02/05/2026;20:00:00;CAMPINA GRANDE DO SUL;Chuva;Saída de leito carroçável;Com Vítimas Feridas;Plena Noite;Crescente;Chuva;Dupla;"Reta;Declive";-25,081888;-48,626454
02/05/2026;22:30:00;TERENOS;Animais na Pista;Atropelamento de Animal;Com Vítimas Feridas;Plena Noite;Crescente;Céu Claro;Simples;Reta;-20,440808;-55,117608
02/05/2026;22:50:00;ITABORAI;Conversão proibida;Colisão transversal;Com Vítimas Feridas;Plena Noite;Decrescente;Céu Claro;Dupla;Reta;-22,77019115;-42,91995613
02/05/2026;22:45:00;RIO DO SUL;Neblina;Saída de leito carroçável;Com Vítimas Feridas;Plena Noite;Decrescente;Nevoeiro/Neblina;Simples;"Interseção de Vias;Curva";-27,17471024;-49,58942056
02/05/2026;22:45:00;VILHENA;Velocidade Incompatível;Capotamento;Com Vítimas Feridas;Plena Noite;Decrescente;Céu Claro;Simples;"Reta;Declive";-12,559807;-60,354159
02/05/2026;09:40:00;IRACEMINHA;Chuva;Saída de leito carroçável;Com Vítimas Feridas;Pleno dia;Decrescente;Chuva;Simples;Curva;-26,78265455;-53,28575749
01/05/2026;09:10:00;ESTANCIA;Velocidade Incompatível;Colisão com objeto;Sem Vítimas;Pleno dia;Crescente;Chuva;Simples;Curva;-11,28677758;-37,46637695
01/05/2026;12:20:00;BREJETUBA;Ultrapassagem Indevida;Saída de leito carroçável;Com Vítimas Feridas;Pleno dia;Crescente;Céu Claro;Simples;"Reta;Declive";-20,244435;-41,316067
01/05/2026;13:40:00;CAXIAS;Ultrapassagem Indevida;Colisão lateral sentido oposto;Com Vítimas Feridas;Pleno dia;Decrescente;Céu Claro;Simples;Reta;-4,90340337;-43,24410369
01/05/2026;12:30:00;SAO FRANCISCO DO PARA;Ultrapassagem Indevida;Colisão transversal;Com Vítimas Feridas;Pleno dia;Decrescente;Chuva;Simples;Reta;-1,303755;-47,794227
01/05/2026;06:33:00;NOVO PROGRESSO;Ultrapassagem Indevida;Capotamento;Sem Vítimas;Pleno dia;Decrescente;Céu Claro;Simples;Curva;-6,529947;-55,5306519
01/05/2026;01:00:00;PINDAMONHANGABA;Chuva;Colisão com objeto;Com Vítimas Feridas;Plena Noite;Decrescente;Chuva;Dupla;Reta;-22,9484232;-45,39664641
01/05/2026;04:30:00;ANAPOLIS;Velocidade Incompatível;Colisão traseira;Com Vítimas Feridas;Plena Noite;Crescente;Ignorado;Dupla;Reta;-16,20025;-49,023857
01/05/2026;04:45:00;CAMAQUA;Neblina;Saída de leito carroçável;Com Vítimas Feridas;Plena Noite;Crescente;Nevoeiro/Neblina;Dupla;Desvio Temporário;-30,9375883;-51,9303367
01/05/2026;06:20:00;GOIANA;Chuva;Colisão com objeto;Com Vítimas Feridas;Amanhecer;Crescente;Chuva;Dupla;"Curva;Declive";-7,52359075;-34,9934027
01/05/2026;05:50:00;ARIQUEMES;Chuva;Tombamento;Com Vítimas Feridas;Amanhecer;Decrescente;Nublado;Simples;Reta;-10,255985;-62,712697
01/05/2026;07:00:00;NOVA ERA;Conversão proibida;Colisão transversal;Com Vítimas Feridas;Pleno dia;Crescente;Céu Claro;Simples;"Aclive;Curva";-19,68558653;-42,98404634
01/05/2026;08:15:00;NOVA LIMA;Velocidade Incompatível;Colisão lateral mesmo sentido;Com Vítimas Feridas;Pleno dia;Crescente;Céu Claro;Dupla;Reta;-20,13679631;-43,96248735
01/05/2026;09:02:00;PORTO NACIONAL;Acesso irregular;Colisão frontal;Com Vítimas Feridas;Pleno dia;Crescente;Céu Claro;Simples;Reta;-10,412745;-48,31145
01/05/2026;09:25:00;RIBEIRAO;Acumulo de água sobre o pavimento;Colisão com objeto;Com Vítimas Feridas;Pleno dia;Crescente;Chuva;Dupla;Reta;-8,51564;-35,38891
01/05/2026;10:00:00;MEDIANEIRA;Velocidade Incompatível;Saída de leito carroçável;Com Vítimas Fatais;Pleno dia;Crescente;Céu Claro;Dupla;Reta;-25,284833;-54,087513
01/05/2026;10:00:00;SAO FRANCISCO;Velocidade Incompatível;Saída de leito carroçável;Com Vítimas Feridas;Pleno dia;Decrescente;Céu Claro;Dupla;"Retorno Regulamentado;Aclive;Curva";-10,35664119;-36,90551933
01/05/2026;11:40:00;CARUARU;Acumulo de água sobre o pavimento;Capotamento;Com Vítimas Feridas;Pleno dia;Decrescente;Chuva;Dupla;Curva;-8;-36,005935
01/05/2026;11:30:00;UBERABA;Velocidade Incompatível;Colisão com objeto;Com Vítimas Feridas;Pleno dia;Decrescente;Céu Claro;Dupla;"Reta;Interseção de Vias";-19,77893;-47,95636
01/05/2026;13:05:00;HULHA NEGRA;Acumulo de água sobre o pavimento;Saída de leito carroçável;Com Vítimas Feridas;Pleno dia;Crescente;Chuva;Simples;Curva;-31,307869;-53,92758
01/05/2026;15:00:00;GARANHUNS;Conversão proibida;Colisão frontal;Com Vítimas Feridas;Pleno dia;Crescente;Nublado;Simples;Declive;-8,86979;-36,50822
01/05/2026;17:00:00;SAO LOURENCO DA MATA;Acumulo de água sobre o pavimento;Queda de ocupante de veículo;Com Vítimas Feridas;Anoitecer;Crescente;Chuva;Dupla;Reta;-8,04412842;-35,01493612
01/05/2026;16:05:00;JUIZ DE FORA;Velocidade Incompatível;Saída de leito carroçável;Com Vítimas Feridas;Pleno dia;Crescente;Céu Claro;Dupla;Curva;-21,5995836;-43,4580413
01/05/2026;16:10:00;RIO BRANCO;Acesso irregular;Colisão frontal;Com Vítimas Feridas;Pleno dia;Crescente;Céu Claro;Dupla;Reta;-9,98639111;-67,84503937
01/05/2026;19:40:00;LINHARES;Ultrapassagem Indevida;Colisão lateral sentido oposto;Com Vítimas Feridas;Plena Noite;Crescente;Céu Claro;Simples;Reta;-19,49024652;-40,12561798
01/05/2026;18:20:00;ITAMBACURI;Animais na Pista;Atropelamento de Animal;Com Vítimas Feridas;Anoitecer;Decrescente;Céu Claro;Simples;Reta;-18,138343;-41,696144
01/05/2026;18:00:00;GRAVATAI;Acumulo de água sobre o pavimento;Colisão com objeto;Com Vítimas Feridas;Plena Noite;Decrescente;Chuva;Múltipla;Reta;-29,95534562;-51,02714823
01/05/2026;11:20:00;DUQUE DE CAXIAS;Conversão proibida;Colisão lateral mesmo sentido;Com Vítimas Feridas;Amanhecer;Crescente;Céu Claro;Dupla;Reta;-22,67091072;-43,28595791
01/05/2026;20:45:00;CAMPINA GRANDE;Pista esburacada;Queda de ocupante de veículo;Com Vítimas Feridas;Plena Noite;Decrescente;Céu Claro;Dupla;Reta;-7,237311;-35,868112
01/05/2026;19:10:00;ANGRA DOS REIS;Demais falhas na via;Colisão lateral sentido oposto;Com Vítimas Feridas;Plena Noite;Decrescente;Nublado;Simples;Reta;-22,92191148;-44,35625777