data_inversa;horario;municipio;causa_acidente;tipo_acidente;classificacao_acidente;fase_dia;sentido_via;condicao_metereologica;tipo_pista;tracado_via;latitude;longitude
26/04/2026;16:10:00;GUARANTA DO NORTE;Velocidade Incompatível;Tombamento;Sem Vítimas;Pleno dia;Decrescente;Céu Claro;Simples;"Ponte;Reta;Declive";-9,817428;-54,88634
26/04/2026;17:30:00;SANTO ANTONIO DO AMPARO;Acesso irregular;Tombamento;Com Vítimas Fatais;Plena Noite;Crescente;Céu Claro;Dupla;Reta;-20,867585;-44,842132
26/04/2026;19:33:00;PATU;Ausência de sinalização;Colisão lateral sentido oposto;Com Vítimas Feridas;Plena Noite;Crescente;Céu Claro;Simples;Reta;-6,095212;-37,642745
26/04/2026;22:40:00;VITORIA DA CONQUISTA;Pista esburacada;Queda de ocupante de veículo;Com Vítimas Feridas;Plena Noite;Decrescente;Céu Claro;Simples;Reta;-14,75644861;-40,68991801
26/04/2026;22:30:00;CAMPINA GRANDE DO SUL;Velocidade Incompatível;Saída de leito carroçável;Com Vítimas Fatais;Plena Noite;Decrescente;Chuva;Dupla;Curva;-25,18185446;-48,87934017
26/04/2026;18:20:00;CORUPA;Pista Escorregadia;Colisão lateral sentido oposto;Com Vítimas Feridas;Plena Noite;Crescente;Chuva;Múltipla;"Curva;Declive";-26,39677969;-49,29442819
26/04/2026;07:20:00;IRAJUBA;Ultrapassagem Indevida;Colisão traseira;Sem Vítimas;Pleno dia;Crescente;Céu Claro;Simples;Curva;-13,173921;-39,999693
26/04/2026;00:30:00;VASSOURAS;Velocidade Incompatível;Queda de ocupante de veículo;Com Vítimas Feridas;Plena Noite;Crescente;Céu Claro;Simples;"Declive;Curva";-22,23736429;-43,41753356
26/04/2026;07:15:00;ARAQUARI;Velocidade Incompatível;Colisão com objeto;Com Vítimas Feridas;Pleno dia;Crescente;Chuva;Dupla;Reta;-26,43656437;-48,81105272
26/04/2026;08:45:00;BOM DESPACHO;Ultrapassagem Indevida;Colisão traseira;Com Vítimas Feridas;Pleno dia;Crescente;Céu Claro;Simples;Reta;-19,78841;-45,21361
26/04/2026;08:30:00;BRASILIA;Chuva;Atropelamento de Pedestre;Com Vítimas Fatais;Pleno dia;Crescente;Chuva;Dupla;"Desvio Temporário;Curva;Em Obras";-15,59806177;-47,67477393
26/04/2026;08:00:00;CORONEL VIVIDA;Ultrapassagem Indevida;Colisão frontal;Com Vítimas Fatais;Amanhecer;Crescente;Garoa/Chuvisco;Simples;Curva;-25,96151;-52,42434
26/04/2026;08:45:00;ILHOTA;Velocidade Incompatível;Colisão com objeto;Com Vítimas Feridas;Pleno dia;Decrescente;Chuva;Dupla;Curva;-26,88074556;-48,83924659
26/04/2026;07:50:00;SINOP;Afundamento ou ondulação no pavimento;Queda de ocupante de veículo;Com Vítimas Feridas;Pleno dia;Decrescente;Céu Claro;Simples;Reta;-12,12076895;-55,51614258
26/04/2026;10:06:00;SAO JOSE;Velocidade Incompatível;Colisão lateral mesmo sentido;Com Vítimas Feridas;Pleno dia;Decrescente;Chuva;Múltipla;Reta;-27,55224977;-48,61926019
26/04/2026;01:30:00;LARANJEIRAS DO SUL;Velocidade Incompatível;Saída de leito carroçável;Com Vítimas Fatais;Plena Noite;Crescente;Céu Claro;Simples;"Reta;Declive";-25,33601;-52,35921
26/04/2026;09:50:00;MOSSORO;Acesso irregular;Colisão transversal;Com Vítimas Fatais;Pleno dia;Crescente;Céu Claro;Múltipla;"Reta;Rotatória";-5,23093279;-37,32089996
26/04/2026;11:15:00;PRUDENTOPOLIS;Chuva;Saída de leito carroçável;Com Vítimas Feridas;Pleno dia;Crescente;Chuva;Simples;Curva;-25,19975;-50,927182
26/04/2026;12:25:00;DUQUE DE CAXIAS;Afundamento ou ondulação no pavimento;Tombamento;Com Vítimas Feridas;Pleno dia;Decrescente;Céu Claro;Dupla;Reta;-22,6550397;-43,2840493
26/04/2026;11:30:00;LINDOESTE;Chuva;Colisão com objeto;Com Vítimas Feridas;Pleno dia;Decrescente;Chuva;Dupla;Curva;-25,21719121;-53,5955143
26/04/2026;14:00:00;MESQUITA;Ultrapassagem Indevida;Colisão lateral mesmo sentido;Com Vítimas Feridas;Pleno dia;Decrescente;Céu Claro;Dupla;"Viaduto;Declive;Reta";-22,76822203;-43,41079887
26/04/2026;14:00:00;MASSARANDUBA;Demais falhas na via;Colisão traseira;Com Vítimas Feridas;Pleno dia;Crescente;Céu Claro;Dupla;"Reta;Em Obras";-7,269229;-35,791407
26/04/2026;13:35:00;BELO HORIZONTE;Retorno proibido;Colisão transversal;Com Vítimas Feridas;Pleno dia;Decrescente;Céu Claro;Simples;Reta;-19,83958937;-43,877376
26/04/2026;14:50:00;UBATUBA;Conversão proibida;Colisão transversal;Com Vítimas Feridas;Pleno dia;Crescente;Céu Claro;Simples;Reta;-23,44481277;-45,08312629
26/04/2026;13:20:00;PROFESSOR JAMIL;Condutor usando celular;Saída de leito carroçável;Sem Vítimas;Pleno dia;Decrescente;Céu Claro;Dupla;Reta;-17,35063838;-49,25170898
26/04/2026;11:40:00;MAGE;Velocidade Incompatível;Colisão traseira;Com Vítimas Feridas;Pleno dia;Crescente;Céu Claro;Dupla;Reta;-22,58562495;-43,01683688
26/04/2026;16:00:00;UBAPORANGA;Curva acentuada;Colisão com objeto;Com Vítimas Feridas;Pleno dia;Decrescente;Céu Claro;Simples;Curva;-19,690808;-42,117133
26/04/2026;17:40:00;BALSA NOVA;Chuva;Queda de ocupante de veículo;Com Vítimas Feridas;Anoitecer;Decrescente;Chuva;Dupla;Curva;-25,478436;-49,6424
26/04/2026;15:20:00;CAPITAO LEONIDAS MARQUES;Chuva;Saída de leito carroçável;Sem Vítimas;Pleno dia;Decrescente;Chuva;Simples;Curva;-25,482152;-53,591492
26/04/2026;08:00:00;BARAO DE COCAIS;Neblina;Saída de leito carroçável;Sem Vítimas;Pleno dia;Crescente;Céu Claro;Simples;Curva;-19,79753389;-43,42401378
26/04/2026;15:30:00;NAQUE;Animais na Pista;Atropelamento de Animal;Com Vítimas Feridas;Pleno dia;Crescente;Céu Claro;Simples;Curva;-19,22220892;-42,31431182
26/04/2026;18:24:00;SENADOR ELOI DE SOUZA;Demais falhas na via;Colisão traseira;Sem Vítimas;Plena Noite;Decrescente;Céu Claro;Simples;Reta;-6,05003;-35,674627
26/04/2026;17:25:00;LAPA;Velocidade Incompatível;Saída de leito carroçável;Com Vítimas Feridas;Anoitecer;Crescente;Garoa/Chuvisco;Simples;"Aclive;Reta";-25,773088;-49,748028
26/04/2026;19:10:00;VIANA;Velocidade Incompatível;Colisão traseira;Com Vítimas Feridas;Plena Noite;Crescente;Nublado;Dupla;Reta;-20,416613;-40,459518
26/04/2026;18:00:00;SINOP;Desvio temporário;Saída de leito carroçável;Com Vítimas Feridas;Plena Noite;Decrescente;Nublado;Simples;"Aclive;Em Obras";-12,01615134;-55,51803589
26/04/2026;19:30:00;APARECIDA;Ultrapassagem Indevida;Queda de ocupante de veículo;Com Vítimas Feridas;Plena Noite;Crescente;Céu Claro;Dupla;Reta;-22,85223001;-45,23910029
26/04/2026;19:40:00;BRASILIA;Deficiência do Sistema de Iluminação/Sinalização;Colisão lateral mesmo sentido;Com Vítimas Feridas;Plena Noite;Crescente;Céu Claro;Simples;Reta;-15,9558015;-47,8668972
26/04/2026;19:50:00;GUAPIMIRIM;Demais falhas na via;Tombamento;Com Vítimas Feridas;Plena Noite;Decrescente;Céu Claro;Simples;Reta;-22,66719925;-42,98851339
26/04/2026;09:50:00;SAO JOSE;Pista Escorregadia;Colisão com objeto;Sem Vítimas;Pleno dia;Decrescente;Chuva;Múltipla;Reta;-27,60084;-48,62336
26/04/2026;20:28:00;NOVA ALVORADA DO SUL;Velocidade Incompatível;Saída de leito carroçável;Sem Vítimas;Plena Noite;Crescente;Céu Claro;Dupla;Reta;-21,33188411;-54,42067981
26/04/2026;22:00:00;MARINGA;Acesso irregular;Colisão com objeto;Com Vítimas Feridas;Plena Noite;Decrescente;Chuva;Múltipla;Viaduto;-23,4251106;-51,89878334
26/04/2026;21:45:00;ARIQUEMES;Acostamento em desnível;Saída de leito carroçável;Com Vítimas Feridas;Plena Noite;Crescente;Nublado;Simples;"Aclive;Reta";-9,955283;-63,050643
26/04/2026;12:10:00;PORTO BELO;Velocidade Incompatível;Saída de leito carroçável;Com Vítimas Feridas;Pleno dia;Crescente;Garoa/Chuvisco;Dupla;Reta;-27,13830225;-48,61029021
25/04/2026;05:20:00;SIMAO PEREIRA;Restrição de visibilidade em curvas horizontais;Colisão lateral mesmo sentido;Com Vítimas Feridas;Amanhecer;Decrescente;Céu Claro;Dupla;"Curva;Aclive";-21,964919;-43,295935
25/04/2026;07:30:00;SAO GONCALO DO ABAETE;Restrição de visibilidade em curvas horizontais;Colisão traseira;Com Vítimas Feridas;Pleno dia;Crescente;Céu Claro;Simples;Curva;-18,00581;-45,5635783
25/04/2026;06:20:00;ITAITUBA;Afundamento ou ondulação no pavimento;Saída de leito carroçável;Com Vítimas Feridas;Amanhecer;Crescente;Nevoeiro/Neblina;Simples;Reta;-4,51459;-55,866111
25/04/2026;08:55:00;JUNQUEIRO;Demais falhas na via;Tombamento;Sem Vítimas;Pleno dia;Decrescente;Garoa/Chuvisco;Dupla;Curva;-9,893597;-36,404832
25/04/2026;15:34:00;BARRA DO TURVO;Velocidade Incompatível;Tombamento;Com Vítimas Feridas;Pleno dia;Decrescente;Céu Claro;Dupla;"Curva;Aclive";-25,055805;-48,5503943
25/04/2026;14:35:00;MURIAE;Velocidade Incompatível;Tombamento;Com Vítimas Feridas;Pleno dia;Decrescente;Sol;Simples;Curva;-21,211981;-42,389138
25/04/2026;10:05:00;VITORIA DO MEARIM;Pista esburacada;Colisão lateral sentido oposto;Sem Vítimas;Pleno dia;Decrescente;Chuva;Simples;Curva;-3,448425;-44,836477
25/04/2026;13:30:00;DOURADOS;Pista esburacada;Saída de leito carroçável;Com Vítimas Feridas;Pleno dia;Decrescente;Céu Claro;Simples;Reta;-22,2569466;-54,85962264
25/04/2026;16:10:00;TIBAGI;Velocidade Incompatível;Tombamento;Com Vítimas Feridas;Pleno dia;Crescente;Céu Claro;Dupla;"Ponte;Declive;Curva";-24,94773916;-50,39496784
25/04/2026;22:10:00;SABARA;Iluminação deficiente;Atropelamento de Pedestre;Com Vítimas Fatais;Plena Noite;Decrescente;Céu Claro;Simples;"Aclive;Reta";-19,833952;-43,848386
25/04/2026;18:30:00;VITORIA DO XINGU;Curva acentuada;Tombamento;Com Vítimas Fatais;Anoitecer;Decrescente;Céu Claro;Simples;"Curva;Declive";-3,0947941;-51,85192734
25/04/2026;19:45:00;TIANGUA;Pista Escorregadia;Colisão lateral sentido oposto;Com Vítimas Feridas;Plena Noite;Crescente;Chuva;Simples;"Declive;Curva";-3,64888548;-40,9298199
25/04/2026;16:50:00;JAGUARARI;Animais na Pista;Atropelamento de Animal;Sem Vítimas;Pleno dia;Decrescente;Céu Claro;Simples;Reta;-10,00044925;-40,23634851
25/04/2026;04:20:00;GUAPO;Ausência de sinalização;Colisão traseira;Com Vítimas Feridas;Plena Noite;Decrescente;Céu Claro;Dupla;"Aclive;Reta";-16,946557;-49,67368
25/04/2026;00:20:00;GILBUES;Animais na Pista;Atropelamento de Animal;Com Vítimas Fatais;Plena Noite;Decrescente;Céu Claro;Simples;Reta;-9,80977;-45,328646
25/04/2026;05:24:00;ALTOS;Chuva;Colisão frontal;Com Vítimas Feridas;Plena Noite;Crescente;Chuva;Simples;Curva;-5,04496061;-42,55557871
25/04/2026;05:00:00;LARANJEIRAS;Velocidade Incompatível;Colisão com objeto;Sem Vítimas;Pleno dia;Decrescente;Céu Claro;Simples;Ponte;-10,8457678;-37,20997258
25/04/2026;08:10:00;BANDEIRANTES;Conversão proibida;Colisão transversal;Com Vítimas Feridas;Pleno dia;Crescente;Céu Claro;Simples;Curva;-23,11398634;-50,37267292
25/04/2026;09:00:00;ITAJAI;Velocidade Incompatível;Tombamento;Com Vítimas Feridas;Pleno dia;Crescente;Céu Claro;Simples;"Curva;Interseção de Vias";-26,93911015;-48,69752739
25/04/2026;02:00:00;PETROLINA;Velocidade Incompatível;Colisão com objeto;Com Vítimas Feridas;Plena Noite;Decrescente;Céu Claro;Dupla;"Rotatória;Interseção de Vias";-9,38729918;-40,52524614
25/04/2026;14:00:00;MARABA;Pista Escorregadia;Queda de ocupante de veículo;Com Vítimas Feridas;Pleno dia;Crescente;Sol;Simples;"Aclive;Reta";-5,36578;-49,07821
25/04/2026;16:00:00;CURITIBA;Acostamento em desnível;Tombamento;Com Vítimas Feridas;Pleno dia;Crescente;Nublado;Dupla;"Aclive;Reta";-25,43268;-49,36947
25/04/2026;17:40:00;JOAO PESSOA;Acesso irregular;Colisão transversal;Com Vítimas Feridas;Plena Noite;Crescente;Céu Claro;Simples;Reta;-7,1635;-34,861
25/04/2026;17:00:00;CAMPINA GRANDE DO SUL;Velocidade Incompatível;Capotamento;Sem Vítimas;Anoitecer;Decrescente;Céu Claro;Dupla;Reta;-25,23704697;-48,90725317
25/04/2026;18:50:00;FORMOSA;Ausência de sinalização;Capotamento;Com Vítimas Feridas;Plena Noite;Crescente;Céu Claro;Dupla;"Retorno Regulamentado;Reta";-15,4972301;-47,1098452
25/04/2026;17:55:00;FOZ DO IGUACU;Velocidade Incompatível;Saída de leito carroçável;Com Vítimas Feridas;Pleno dia;Crescente;Nublado;Dupla;Reta;-25,50583577;-54,54350446
25/04/2026;19:20:00;UBERLANDIA;Animais na Pista;Atropelamento de Animal;Com Vítimas Feridas;Plena Noite;Crescente;Céu Claro;Dupla;"Aclive;Viaduto";-18,85930184;-48,25408682
25/04/2026;18:40:00;PARNAIBA;Animais na Pista;Atropelamento de Animal;Com Vítimas Feridas;Plena Noite;Crescente;Nublado;Simples;Reta;-2,901921;-41,740649
25/04/2026;19:20:00;IGARASSU;Animais na Pista;Atropelamento de Animal;Com Vítimas Feridas;Plena Noite;Decrescente;Céu Claro;Múltipla;Reta;-7,81981982;-34,91931509
25/04/2026;19:20:00;PALHOCA;Acesso irregular;Colisão transversal;Com Vítimas Feridas;Pleno dia;Crescente;Céu Claro;Simples;Reta;-27,76762652;-48,63095731
25/04/2026;21:00:00;BRASILIA;Iluminação deficiente;Colisão traseira;Com Vítimas Feridas;Plena Noite;Decrescente;Céu Claro;Simples;Reta;-15,73124;-48,14836
25/04/2026;21:00:00;PETROLINA;Animais na Pista;Atropelamento de Animal;Com Vítimas Feridas;Plena Noite;Crescente;Céu Claro;Simples;Reta;-9,31129;-40,57543
25/04/2026;20:00:00;CAMPO GRANDE DO PIAUI;Animais na Pista;Saída de leito carroçável;Sem Vítimas;Plena Noite;Crescente;Céu Claro;Simples;Reta;-7,13297442;-41,03295067
25/04/2026;18:10:00;CAMPOS DOS GOYTACAZES;Conversão proibida;Colisão transversal;Com Vítimas Feridas;Plena Noite;Decrescente;Céu Claro;Simples;Reta;-21,660472;-41,311298
25/04/2026;20:20:00;VALE DE SAO DOMINGOS;Falta de acostamento;Colisão lateral sentido oposto;Com Vítimas Feridas;Plena Noite;Decrescente;Céu Claro;Simples;"Reta;Declive";-15,37364655;-59,18646097
25/04/2026;02:00:00;IBIRAMA;Velocidade Incompatível;Colisão com objeto;Sem Vítimas;Plena Noite;Decrescente;Céu Claro;Simples;Curva;-27,08310305;-49,51065414
25/04/2026;20:30:00;DUQUE DE CAXIAS;Iluminação deficiente;Tombamento;Com Vítimas Feridas;Plena Noite;Crescente;Céu Claro;Simples;"Reta;Interseção de Vias";-22,68290839;-43,28569646
24/04/2026;01:00:00;FEIRA DE SANTANA;Velocidade Incompatível;Colisão lateral mesmo sentido;Com Vítimas Feridas;Plena Noite;Crescente;Nublado;Dupla;Reta;-12,336615;-38,850598
24/04/2026;11:00:00;CEU AZUL;Ultrapassagem Indevida;Colisão lateral mesmo sentido;Sem Vítimas;Pleno dia;Crescente;Céu Claro;Simples;"Aclive;Curva";-25,1740078;-53,8814532
24/04/2026;08:40:00;EXTREMA;Velocidade Incompatível;Tombamento;Com Vítimas Feridas;Pleno dia;Crescente;Céu Claro;Dupla;"Curva;Declive";-22,80834829;-46,27769065
24/04/2026;09:30:00;MAUA DA SERRA;Velocidade Incompatível;Tombamento;Com Vítimas Feridas;Pleno dia;Decrescente;Céu Claro;Dupla;Curva;-23,9504192;-51,11899551
24/04/2026;13:20:00;CASCAVEL;Ultrapassagem Indevida;Colisão frontal;Com Vítimas Feridas;Pleno dia;Decrescente;Céu Claro;Simples;"Curva;Aclive";-24,85642459;-53,3339213
24/04/2026;17:27:00;NOVA SANTA RITA;Acumulo de água sobre o pavimento;Colisão frontal;Com Vítimas Feridas;Pleno dia;Crescente;Chuva;Simples;"Reta;Declive";-29,840078;-51,29473
24/04/2026;19:00:00;FORMOSA DO RIO PRETO;Acostamento em desnível;Tombamento;Com Vítimas Feridas;Plena Noite;Decrescente;Céu Claro;Simples;Reta;-11,239906;-45,036891
24/04/2026;22:00:00;TRES RIOS;Acesso irregular;Colisão frontal;Com Vítimas Feridas;Plena Noite;Crescente;Céu Claro;Simples;Interseção de Vias;-22,125037;-43,1743439
24/04/2026;11:47:00;NOVO PROGRESSO;Afundamento ou ondulação no pavimento;Colisão frontal;Sem Vítimas;Pleno dia;Crescente;Céu Claro;Simples;Aclive;-7,725897;-55,207319
24/04/2026;05:40:00;TAQUARI;Chuva;Tombamento;Com Vítimas Feridas;Amanhecer;Decrescente;Chuva;Dupla;Reta;-29,61577;-51,7875172
24/04/2026;08:40:00;RIO BRANCO;Animais na Pista;Atropelamento de Animal;Com Vítimas Feridas;Pleno dia;Decrescente;Céu Claro;Dupla;Reta;-9,953781;-67,86117901
24/04/2026;04:00:00;LAGOA GRANDE;Ausência de sinalização;Colisão com objeto;Com Vítimas Fatais;Plena Noite;Decrescente;Céu Claro;Simples;Reta;-17,662651;-46,362259
24/04/2026;12:20:00;SANTA LUZIA;Velocidade Incompatível;Tombamento;Com Vítimas Feridas;Pleno dia;Decrescente;Sol;Simples;"Curva;Declive";-19,81595;-43,80182
24/04/2026;12:46:00;CANGUARETAMA;Acumulo de água sobre o pavimento;Colisão com objeto;Com Vítimas Feridas;Pleno dia;Decrescente;Chuva;Dupla;Reta;-6,45962251;-35,11127472
24/04/2026;13:58:00;FOZ DO IGUACU;Conversão proibida;Colisão transversal;Com Vítimas Feridas;Pleno dia;Decrescente;Céu Claro;Simples;"Reta;Declive";-25,53403871;-54,528687
24/04/2026;17:45:00;MORENO;Animais na Pista;Atropelamento de Animal;Sem Vítimas;Anoitecer;Decrescente;Céu Claro;Dupla;Reta;-8,099076;-35,095783
24/04/2026;18:15:00;JURANDA;Animais na Pista;Colisão traseira;Com Vítimas Feridas;Anoitecer;Crescente;Céu Claro;Simples;Reta;-24,439127;-52,837866
24/04/2026;19:25:00;CURRAIS NOVOS;Animais na Pista;Atropelamento de Animal;Com Vítimas Feridas;Plena Noite;Crescente;Céu Claro;Simples;Reta;-6,25599015;-36,48660555
24/04/2026;21:10:00;NATAL;Acesso irregular;Colisão transversal;Com Vítimas Feridas;Plena Noite;Crescente;Nublado;Dupla;Reta;-5,769195;-35,271267
24/04/2026;19:00:00;GUARANTA DO NORTE;Ultrapassagem Indevida;Colisão frontal;Com Vítimas Feridas;Plena Noite;Crescente;Céu Claro;Simples;"Declive;Reta";-10,01408746;-54,90841337
24/04/2026;22:30:00;ELDORADO DO SUL;Chuva;Colisão com objeto;Sem Vítimas;Plena Noite;Decrescente;Céu Claro;Dupla;Reta;-30,00573585;-51,31237356
24/04/2026;17:50:00;PIRACURUCA;Acumulo de água sobre o pavimento;Saída de leito carroçável;Com Vítimas Feridas;Anoitecer;Crescente;Chuva;Simples;Curva;-3,95106051;-41,72392845
24/04/2026;20:20:00;MAUA DA SERRA;Animais na Pista;Atropelamento de Animal;Sem Vítimas;Plena Noite;Não Informado;Céu Claro;Dupla;Reta;-23,88704677;-51,18047208
23/04/2026;08:45:00;CENTRALINA;Velocidade Incompatível;Atropelamento de Pedestre;Com Vítimas Feridas;Pleno dia;Crescente;Céu Claro;Dupla;"Reta;Em Obras;Declive";-18,63348446;-49,18256761
23/04/2026;11:10:00;CAMPINA GRANDE DO SUL;Velocidade Incompatível;Colisão lateral mesmo sentido;Com Vítimas Fatais;Pleno dia;Decrescente;Sol;Dupla;Curva;-25,06303431;-48,56944084
23/04/2026;09:10:00;FRUTAL;Velocidade Incompatível;Tombamento;Com Vítimas Feridas;Pleno dia;Crescente;Céu Claro;Dupla;Retorno Regulamentado;-19,816667;-48,968
23/04/2026;13:30:00;VITORIA DA CONQUISTA;Conversão proibida;Colisão transversal;Com Vítimas Fatais;Pleno dia;Crescente;Sol;Dupla;Reta;-14,88918989;-40,86142508
23/04/2026;17:00:00;JEQUIE;Velocidade Incompatível;Saída de leito carroçável;Com Vítimas Feridas;Pleno dia;Decrescente;Céu Claro;Simples;Curva;-14,0860034;-40,2145519
23/04/2026;16:00:00;URUACU;Conversão proibida;Colisão transversal;Com Vítimas Feridas;Pleno dia;Decrescente;Céu Claro;Simples;Reta;-14,47034069;-49,15587545
23/04/2026;20:50:00;RECIFE;Velocidade Incompatível;Colisão traseira;Com Vítimas Feridas;Plena Noite;Decrescente;Chuva;Dupla;Reta;-8,134409;-34,947276
23/04/2026;20:00:00;BOM JESUS DAS SELVAS;Velocidade Incompatível;Saída de leito carroçável;Com Vítimas Feridas;Plena Noite;Crescente;Céu Claro;Simples;"Curva;Declive";-4,32698;-46,5958
23/04/2026;09:50:00;SIMOES FILHO;Chuva;Tombamento;Com Vítimas Feridas;Pleno dia;Decrescente;Chuva;Dupla;Reta;-12,7591591;-38,42629192
23/04/2026;07:30:00;PARANAGUA;Velocidade Incompatível;Colisão traseira;Com Vítimas Feridas;Pleno dia;Crescente;Céu Claro;Dupla;Reta;-25,56007;-48,579253
23/04/2026;07:29:00;RONDONOPOLIS;Pista Escorregadia;Queda de ocupante de veículo;Com Vítimas Feridas;Pleno dia;Decrescente;Céu Claro;Dupla;"Declive;Reta";-16,47147068;-54,65549111
23/04/2026;10:00:00;COLATINA;Velocidade Incompatível;Colisão com objeto;Com Vítimas Feridas;Pleno dia;Crescente;Céu Claro;Simples;"Curva;Declive";-19,49806;-40,6491
23/04/2026;10:00:00;CAARAPO;Animais na Pista;Atropelamento de Animal;Com Vítimas Feridas;Pleno dia;Crescente;Sol;Simples;"Curva;Aclive";-22,592417;-54,817579
23/04/2026;13:35:00;MAIRIPORA;Velocidade Incompatível;Tombamento;Com Vítimas Feridas;Pleno dia;Decrescente;Céu Claro;Múltipla;"Curva;Declive";-23,3473372;-46,5627643
23/04/2026;14:48:00;TRES LAGOAS;Ultrapassagem Indevida;Colisão lateral sentido oposto;Sem Vítimas;Pleno dia;Decrescente;Céu Claro;Simples;Reta;-20,79797623;-51,88452512
23/04/2026;16:00:00;TEIXEIRA DE FREITAS;Demais falhas na via;Saída de leito carroçável;Sem Vítimas;Pleno dia;Crescente;Céu Claro;Simples;Reta;-17,40232042;-39,67158508
23/04/2026;18:15:00;CARANDAI;Conversão proibida;Colisão transversal;Com Vítimas Feridas;Plena Noite;Crescente;Céu Claro;Simples;Curva;-20,957072;-43,791403
23/04/2026;17:25:00;ANTONIO DIAS;Velocidade Incompatível;Tombamento;Com Vítimas Feridas;Pleno dia;Crescente;Céu Claro;Dupla;"Curva;Aclive";-19,63715122;-42,89071083
23/04/2026;17:30:00;ITAMONTE;Falta de acostamento;Colisão lateral mesmo sentido;Com Vítimas Feridas;Anoitecer;Decrescente;Céu Claro;Simples;Curva;-22,30651485;-44,85293733
23/04/2026;16:55:00;HUMAITA;Acesso irregular;Colisão transversal;Com Vítimas Feridas;Pleno dia;Crescente;Céu Claro;Simples;Reta;-7,53769;-63,05974
23/04/2026;19:35:00;SAO JOSE DE MIPIBU;Pista Escorregadia;Queda de ocupante de veículo;Com Vítimas Feridas;Plena Noite;Crescente;Chuva;Dupla;Reta;-6,0081433;-35,2568267
23/04/2026;18:00:00;PORTO REAL DO COLEGIO;Velocidade Incompatível;Colisão lateral sentido oposto;Com Vítimas Feridas;Anoitecer;Decrescente;Céu Claro;Simples;Reta;-10,1996;-36,8202
23/04/2026;17:25:00;BARRA DO QUARAI;Acumulo de areia ou detritos sobre o pavimento;Saída de leito carroçável;Com Vítimas Feridas;Anoitecer;Decrescente;Garoa/Chuvisco;Simples;"Reta;Em Obras";-30,105437;-57,329283
23/04/2026;19:45:00;TRES RIOS;Animais na Pista;Atropelamento de Animal;Sem Vítimas;Plena Noite;Decrescente;Céu Claro;Dupla;Curva;-22,100542;-43,172506
23/04/2026;08:20:00;VACARIA;Demais falhas na via;Colisão com objeto;Com Vítimas Feridas;Pleno dia;Não Informado;Céu Claro;Simples;"Interseção de Vias;Ponte";-28,49734;-50,940191
23/04/2026;23:09:00;NOVA SERRANA;Velocidade Incompatível;Tombamento;Com Vítimas Feridas;Plena Noite;Decrescente;Céu Claro;Dupla;Reta;-19,8651738;-44,9947023
23/04/2026;22:10:00;CACAPAVA DO SUL;Animais na Pista;Atropelamento de Animal;Com Vítimas Feridas;Plena Noite;Crescente;Chuva;Simples;"Curva;Declive";-30,5404067;-53,42850494
23/04/2026;22:57:00;SAO JOAO DO SUL;Velocidade Incompatível;Colisão com objeto;Com Vítimas Fatais;Plena Noite;Decrescente;Chuva;Múltipla;Reta;-29,24378846;-49,75413397
23/04/2026;21:15:00;GUAJARA-MIRIM;Iluminação deficiente;Colisão traseira;Com Vítimas Feridas;Plena Noite;Crescente;Chuva;Simples;Curva;-10,7220168;-65,27491808
23/04/2026;09:00:00;ANGRA DOS REIS;Conversão proibida;Colisão transversal;Com Vítimas Feridas;Pleno dia;Decrescente;Céu Claro;Simples;Reta;-22,928637;-44,3787089
22/04/2026;06:40:00;ITAPEVA;Velocidade Incompatível;Tombamento;Com Vítimas Feridas;Amanhecer;Crescente;Nublado;Dupla;Curva;-22,76751562;-46,21399999
22/04/2026;10:20:00;TRES RIOS;Velocidade Incompatível;Tombamento;Com Vítimas Feridas;Pleno dia;Decrescente;Céu Claro;Dupla;Curva;-22,11805476;-43,15733448
22/04/2026;16:40:00;MONTE ALEGRE DE MINAS;Velocidade Incompatível;Colisão com objeto;Com Vítimas Feridas;Pleno dia;Decrescente;Sol;Dupla;Curva;-18,88274696;-49,05415893
22/04/2026;17:20:00;CARAZINHO;Acesso irregular;Colisão lateral mesmo sentido;Com Vítimas Feridas;Anoitecer;Crescente;Céu Claro;Simples;Reta;-28,31442378;-52,78493464
22/04/2026;12:25:00;ITABERABA;Pista esburacada;Colisão transversal;Com Vítimas Feridas;Pleno dia;Crescente;Nublado;Simples;"Reta;Declive";-12,468;-40,548
22/04/2026;19:45:00;CAPAO DO LEAO;Deficiência do Sistema de Iluminação/Sinalização;Colisão traseira;Com Vítimas Feridas;Plena Noite;Crescente;Nublado;Simples;Curva;-31,7567993;-52,4352631
22/04/2026;21:30:00;CARIACICA;Chuva;Colisão traseira;Com Vítimas Feridas;Plena Noite;Decrescente;Chuva;Dupla;Reta;-20,2848237;-40,39273739
22/04/2026;20:00:00;RIBAS DO RIO PARDO;Ultrapassagem Indevida;Colisão lateral sentido oposto;Com Vítimas Feridas;Plena Noite;Crescente;Céu Claro;Simples;Reta;-20,461926;-52,98337
22/04/2026;19:14:00;ITABERABA;Pista esburacada;Colisão frontal;Com Vítimas Feridas;Plena Noite;Decrescente;Céu Claro;Simples;"Reta;Declive";-12,47608;-40,53886
22/04/2026;10:15:00;AREAL;Curva acentuada;Tombamento;Com Vítimas Feridas;Pleno dia;Decrescente;Céu Claro;Dupla;"Curva;Declive";-22,21106856;-43,13488207