data_inversa;horario;municipio;causa_acidente;tipo_acidente;classificacao_acidente;fase_dia;sentido_via;condicao_metereologica;tipo_pista;tracado_via;latitude;longitude
22/04/2026;21:50:00;SAPUCAIA;Ultrapassagem Indevida;Colisão frontal;Com Vítimas Fatais;Plena Noite;Decrescente;Céu Claro;Simples;Reta;-21,99094443;-42,90661097
22/04/2026;00:16:00;MARABA;Restrição de visibilidade em curvas horizontais;Colisão com objeto;Com Vítimas Feridas;Plena Noite;Não Informado;Nublado;Simples;Curva;-5,364585;-49,12276
22/04/2026;01:45:00;ANTONIO DIAS;Sinalização mal posicionada;Saída de leito carroçável;Com Vítimas Feridas;Plena Noite;Decrescente;Céu Claro;Dupla;Curva;-19,64433;-42,92209
22/04/2026;01:40:00;ARIQUEMES;Chuva;Colisão com objeto;Com Vítimas Feridas;Plena Noite;Crescente;Chuva;Simples;Curva;-9,8156719;-63,0744649
22/04/2026;04:45:00;COXIM;Iluminação deficiente;Colisão traseira;Com Vítimas Feridas;Amanhecer;Decrescente;Céu Claro;Simples;Declive;-18,507666;-54,735652
22/04/2026;03:00:00;RIO PARDO;Animais na Pista;Tombamento;Com Vítimas Feridas;Plena Noite;Decrescente;Céu Claro;Simples;Retorno Regulamentado;-30,0235475;-52,3735734
22/04/2026;07:00:00;EXTREMOZ;Condutor usando celular;Engavetamento;Com Vítimas Feridas;Pleno dia;Crescente;Céu Claro;Simples;Reta;-5,69347667;-35,26290167
22/04/2026;07:15:00;ALPERCATA;Animais na Pista;Atropelamento de Animal;Com Vítimas Feridas;Pleno dia;Decrescente;Céu Claro;Simples;Reta;-18,93178139;-41,94185257
22/04/2026;08:50:00;IBIRACU;Conversão proibida;Colisão transversal;Com Vítimas Feridas;Pleno dia;Crescente;Céu Claro;Simples;Reta;-19,82885994;-40,37052157
22/04/2026;11:50:00;LAJEADO;Sinalização mal posicionada;Tombamento;Com Vítimas Feridas;Pleno dia;Decrescente;Céu Claro;Múltipla;"Reta;Declive";-29,43129001;-52,01311525
22/04/2026;13:40:00;SANTA MARIA;Pista Escorregadia;Queda de ocupante de veículo;Com Vítimas Feridas;Pleno dia;Decrescente;Céu Claro;Simples;"Curva;Viaduto;Rotatória;Interseção de Vias";-29,700785;-53,840786
22/04/2026;13:00:00;CANDEIAS;Chuva;Saída de leito carroçável;Sem Vítimas;Pleno dia;Decrescente;Chuva;Dupla;Curva;-12,6155258;-38,4877847
22/04/2026;15:37:00;CARIACICA;Demais falhas na via;Queda de ocupante de veículo;Com Vítimas Feridas;Pleno dia;Crescente;Céu Claro;Dupla;"Aclive;Reta";-20,262283;-40,3787901
22/04/2026;17:02:00;ARACATI;Animais na Pista;Atropelamento de Animal;Com Vítimas Feridas;Pleno dia;Decrescente;Céu Claro;Dupla;Reta;-4,57630145;-37,78799979
22/04/2026;17:30:00;FOZ DO IGUACU;Ausência de sinalização;Eventos atípicos;Com Vítimas Feridas;Anoitecer;Decrescente;Céu Claro;Dupla;"Reta;Retorno Regulamentado";-25,491156;-54,511753
22/04/2026;18:00:00;SEROPEDICA;Retorno proibido;Colisão lateral mesmo sentido;Com Vítimas Feridas;Plena Noite;Decrescente;Céu Claro;Simples;Reta;-22,80924233;-43,63387048
22/04/2026;20:00:00;UBATUBA;Conversão proibida;Colisão lateral mesmo sentido;Com Vítimas Feridas;Plena Noite;Crescente;Céu Claro;Simples;Reta;-23,329668;-44,916533
22/04/2026;21:00:00;IBIRACU;Velocidade Incompatível;Tombamento;Com Vítimas Feridas;Plena Noite;Decrescente;Ignorado;Simples;Reta;-19,80936172;-40,36692202
22/04/2026;19:40:00;FERREIRA GOMES;Chuva;Colisão traseira;Sem Vítimas;Plena Noite;Decrescente;Céu Claro;Simples;Reta;0,631255;-51,275564
22/04/2026;18:00:00;ITABAIANA;Chuva;Saída de leito carroçável;Sem Vítimas;Plena Noite;Crescente;Chuva;Simples;Curva;-10,596698;-37,479285
22/04/2026;21:00:00;GOIANA;Animais na Pista;Atropelamento de Animal;Com Vítimas Feridas;Plena Noite;Crescente;Garoa/Chuvisco;Dupla;Reta;-7,55532334;-34,9914635
22/04/2026;21:23:00;PARNAMIRIM;Acesso irregular;Saída de leito carroçável;Sem Vítimas;Plena Noite;Crescente;Céu Claro;Dupla;Reta;-5,88859341;-35,26971582
22/04/2026;17:08:00;PAULO LOPES;Ultrapassagem Indevida;Colisão lateral mesmo sentido;Com Vítimas Feridas;Pleno dia;Crescente;Céu Claro;Simples;Reta;-28,07719249;-48,71222103
22/04/2026;23:45:00;ITAPUA DO OESTE;Chuva;Colisão com objeto;Com Vítimas Feridas;Plena Noite;Crescente;Garoa/Chuvisco;Simples;"Retorno Regulamentado;Declive";-9,21949533;-63,17203874
22/04/2026;06:21:00;FEIRA DE SANTANA;Acumulo de água sobre o pavimento;Tombamento;Com Vítimas Feridas;Pleno dia;Decrescente;Chuva;Dupla;Reta;-12,336778;-38,850117
22/04/2026;05:00:00;JATEI;Animais na Pista;Atropelamento de Animal;Com Vítimas Feridas;Amanhecer;Crescente;Céu Claro;Simples;Aclive;-22,46790204;-54,29097623
22/04/2026;18:28:00;CRUZEIRO DO SUL;Animais na Pista;Atropelamento de Animal;Com Vítimas Feridas;Plena Noite;Decrescente;Céu Claro;Simples;Curva;-7,64458493;-72,65820477
21/04/2026;02:25:00;MORRINHOS;Velocidade Incompatível;Colisão traseira;Com Vítimas Fatais;Plena Noite;Decrescente;Céu Claro;Dupla;Reta;-17,685442;-49,159052
21/04/2026;08:30:00;ITAITINGA;Velocidade Incompatível;Colisão com objeto;Com Vítimas Feridas;Pleno dia;Crescente;Chuva;Dupla;Aclive;-3,99017225;-38,51634979
21/04/2026;10:25:00;CONGONHAS;Conversão proibida;Colisão transversal;Com Vítimas Fatais;Pleno dia;Crescente;Céu Claro;Simples;"Declive;Reta;Em Obras";-20,47340825;-43,8438002
21/04/2026;17:00:00;BARREIRAS;Ultrapassagem Indevida;Colisão frontal;Com Vítimas Feridas;Pleno dia;Crescente;Céu Claro;Simples;Reta;-12,09564494;-45,38170242
21/04/2026;13:38:00;CAPITAO LEONIDAS MARQUES;Velocidade Incompatível;Tombamento;Com Vítimas Feridas;Pleno dia;Decrescente;Céu Claro;Simples;"Curva;Em Obras;Viaduto";-25,47251107;-53,58399061
21/04/2026;21:30:00;ITAPERUNA;Velocidade Incompatível;Saída de leito carroçável;Com Vítimas Feridas;Pleno dia;Crescente;Céu Claro;Simples;Curva;-21,25874858;-41,76939848
21/04/2026;07:00:00;CONDE;Pista esburacada;Colisão lateral mesmo sentido;Com Vítimas Feridas;Pleno dia;Crescente;Chuva;Dupla;Reta;-7,26118132;-34,93588954
21/04/2026;08:29:00;ABADIANIA;Acumulo de areia ou detritos sobre o pavimento;Tombamento;Com Vítimas Feridas;Pleno dia;Crescente;Sol;Dupla;Reta;-16,1852;-48,688302
21/04/2026;08:20:00;MURIBECA;Chuva;Colisão com objeto;Com Vítimas Feridas;Pleno dia;Crescente;Chuva;Dupla;Reta;-10,40819244;-36,9194638
21/04/2026;07:15:00;CAMPOS DOS GOYTACAZES;Curva acentuada;Queda de ocupante de veículo;Com Vítimas Feridas;Pleno dia;Crescente;Céu Claro;Simples;Curva;-21,869615;-41,54739
21/04/2026;07:00:00;ANGRA DOS REIS;Curva acentuada;Colisão lateral mesmo sentido;Com Vítimas Feridas;Pleno dia;Decrescente;Céu Claro;Simples;Curva;-22,996211;-44,301718
21/04/2026;06:50:00;FELIXLANDIA;Ultrapassagem Indevida;Colisão frontal;Com Vítimas Feridas;Amanhecer;Crescente;Céu Claro;Simples;"Declive;Curva";-18,60051183;-45,01095213
21/04/2026;13:10:00;ALFREDO WAGNER;Conversão proibida;Colisão frontal;Com Vítimas Feridas;Pleno dia;Decrescente;Céu Claro;Simples;Reta;-27,7103685;-49,26755397
21/04/2026;11:40:00;VITORIA DA CONQUISTA;Pista esburacada;Queda de ocupante de veículo;Com Vítimas Feridas;Pleno dia;Decrescente;Céu Claro;Simples;Reta;-14,75674;-40,69045
21/04/2026;14:30:00;SABARA;Conversão proibida;Colisão frontal;Com Vítimas Feridas;Pleno dia;Crescente;Céu Claro;Simples;Curva;-19,83369093;-43,84810925
21/04/2026;14:15:00;GUARATUBA;Velocidade Incompatível;Saída de leito carroçável;Com Vítimas Feridas;Pleno dia;Crescente;Céu Claro;Dupla;"Reta;Retorno Regulamentado;Declive";-25,931663;-48,911991
21/04/2026;13:20:00;PIRACANJUBA;Pista esburacada;Saída de leito carroçável;Com Vítimas Feridas;Pleno dia;Crescente;Céu Claro;Dupla;Reta;-17,48986;-49,21177
21/04/2026;14:40:00;NOVA VICOSA;Conversão proibida;Colisão transversal;Com Vítimas Feridas;Pleno dia;Crescente;Céu Claro;Simples;"Aclive;Reta";-17,90262854;-39,99298096
21/04/2026;17:36:00;ITAPISSUMA;Animais na Pista;Atropelamento de Animal;Com Vítimas Fatais;Plena Noite;Crescente;Céu Claro;Dupla;Reta;-7,748171;-34,937116
21/04/2026;17:45:00;LIMOEIRO DO NORTE;Animais na Pista;Atropelamento de Animal;Com Vítimas Feridas;Plena Noite;Decrescente;Céu Claro;Simples;Reta;-5,08775666;-38,12009557
21/04/2026;18:45:00;CABEDELO;Demais falhas na via;Tombamento;Com Vítimas Feridas;Plena Noite;Crescente;Céu Claro;Múltipla;"Reta;Em Obras";-7,0599881;-34,8505974
21/04/2026;19:20:00;RECIFE;Ausência de sinalização;Colisão traseira;Com Vítimas Feridas;Plena Noite;Crescente;Céu Claro;Dupla;Reta;-8,071455;-34,95556
21/04/2026;20:55:00;GUAIBA;Animais na Pista;Atropelamento de Animal;Com Vítimas Feridas;Plena Noite;Crescente;Nublado;Dupla;Reta;-30,075685;-51,341222
21/04/2026;19:00:00;SOUSA;Animais na Pista;Atropelamento de Animal;Com Vítimas Feridas;Plena Noite;Decrescente;Céu Claro;Simples;Reta;-6,781628;-38,26776
21/04/2026;22:30:00;CAMPOS DOS GOYTACAZES;Ultrapassagem Indevida;Colisão frontal;Com Vítimas Feridas;Plena Noite;Crescente;Céu Claro;Simples;Reta;-21,810851;-41,397045
21/04/2026;23:55:00;FEIRA DE SANTANA;Conversão proibida;Colisão transversal;Com Vítimas Feridas;Plena Noite;Crescente;Nublado;Simples;Reta;-12,244382;-38,935918
21/04/2026;22:15:00;PIRAI;Iluminação deficiente;Atropelamento de Pedestre;Com Vítimas Feridas;Plena Noite;Crescente;Ignorado;Múltipla;"Curva;Em Obras;Aclive";-22,67081134;-43,81814146
21/04/2026;18:10:00;QUEIMADAS;Deficiência do Sistema de Iluminação/Sinalização;Colisão traseira;Com Vítimas Feridas;Plena Noite;Crescente;Céu Claro;Simples;Reta;-7,322272;-35,895952
21/04/2026;11:45:00;TEOTONIO VILELA;Acumulo de água sobre o pavimento;Capotamento;Com Vítimas Feridas;Pleno dia;Crescente;Nublado;Dupla;Reta;-9,903572;-36,311067
20/04/2026;00:20:00;MIRACATU;Velocidade Incompatível;Colisão traseira;Com Vítimas Feridas;Plena Noite;Crescente;Nublado;Dupla;"Reta;Declive";-24,115919;-47,268964
20/04/2026;00:50:00;TRES RIOS;Velocidade Incompatível;Colisão com objeto;Com Vítimas Feridas;Plena Noite;Crescente;Vento;Dupla;Curva;-22,14639879;-43,15811332
20/04/2026;11:35:00;MIRACATU;Velocidade Incompatível;Colisão lateral mesmo sentido;Com Vítimas Feridas;Pleno dia;Crescente;Céu Claro;Dupla;"Túnel;Reta;Declive";-24,10390703;-47,26115799
20/04/2026;15:00:00;CUIABA;Velocidade Incompatível;Tombamento;Com Vítimas Feridas;Pleno dia;Crescente;Nublado;Dupla;Curva;-15,661075;-56,0068667
20/04/2026;17:59:00;MACAIBA;Acesso irregular;Colisão transversal;Com Vítimas Feridas;Anoitecer;Decrescente;Céu Claro;Dupla;Reta;-5,88811;-35,496789
20/04/2026;19:44:00;ARUJA;Acumulo de areia ou detritos sobre o pavimento;Tombamento;Com Vítimas Feridas;Plena Noite;Decrescente;Céu Claro;Dupla;Reta;-23,40325183;-46,32896869
20/04/2026;21:25:00;PALHOCA;Velocidade Incompatível;Colisão traseira;Com Vítimas Fatais;Plena Noite;Crescente;Céu Claro;Dupla;"Aclive;Reta";-27,711772;-48,651763
20/04/2026;00:10:00;LUZIANIA;Velocidade Incompatível;Colisão com objeto;Sem Vítimas;Plena Noite;Crescente;Céu Claro;Dupla;Reta;-16,14667857;-47,94356044
20/04/2026;04:20:00;MACAIBA;Acumulo de areia ou detritos sobre o pavimento;Saída de leito carroçável;Sem Vítimas;Amanhecer;Decrescente;Nublado;Múltipla;"Curva;Viaduto;Interseção de Vias";-5,888612;-35,489293
20/04/2026;03:45:00;CAMAPUA;Animais na Pista;Atropelamento de Animal;Com Vítimas Feridas;Plena Noite;Decrescente;Céu Claro;Simples;"Aclive;Reta";-19,61453499;-54,05754089
20/04/2026;07:40:00;ARAQUARI;Conversão proibida;Colisão transversal;Com Vítimas Feridas;Pleno dia;Decrescente;Céu Claro;Simples;Reta;-26,404018;-48,74496863
20/04/2026;07:30:00;ESTEIO;Afundamento ou ondulação no pavimento;Tombamento;Com Vítimas Feridas;Pleno dia;Crescente;Céu Claro;Dupla;Reta;-29,8609465;-51,22610919
20/04/2026;06:35:00;PORTO VELHO;Demais falhas na via;Queda de ocupante de veículo;Com Vítimas Feridas;Pleno dia;Decrescente;Céu Claro;Dupla;Reta;-8,79614006;-63,8400906
20/04/2026;09:30:00;PRATA;Demais falhas na via;Tombamento;Com Vítimas Feridas;Pleno dia;Crescente;Céu Claro;Simples;Reta;-19,48214;-48,8629
20/04/2026;09:00:00;IBATIBA;Ultrapassagem Indevida;Colisão frontal;Com Vítimas Feridas;Pleno dia;Decrescente;Sol;Simples;"Declive;Curva";-20,25565291;-41,56731024
20/04/2026;10:40:00;CAETE;Velocidade Incompatível;Tombamento;Com Vítimas Feridas;Pleno dia;Crescente;Sol;Dupla;"Curva;Aclive";-19,755657;-43,631059
20/04/2026;11:00:00;PARANATAMA;Acesso irregular;Colisão transversal;Com Vítimas Feridas;Pleno dia;Crescente;Nublado;Simples;Reta;-8,9043466;-36,6624623
20/04/2026;11:08:00;CEARA-MIRIM;Acesso irregular;Colisão transversal;Com Vítimas Feridas;Pleno dia;Decrescente;Chuva;Simples;Reta;-5,651108;-35,422667
20/04/2026;11:50:00;INDIARA;Velocidade Incompatível;Colisão com objeto;Com Vítimas Feridas;Pleno dia;Decrescente;Céu Claro;Dupla;Curva;-17,10762882;-49,89672368
20/04/2026;15:10:00;BANDEIRANTES;Ultrapassagem Indevida;Colisão lateral mesmo sentido;Com Vítimas Feridas;Pleno dia;Decrescente;Céu Claro;Simples;"Reta;Declive";-23,110067;-50,372174
20/04/2026;14:30:00;SAO GONCALO;Conversão proibida;Colisão lateral mesmo sentido;Com Vítimas Feridas;Pleno dia;Crescente;Sol;Dupla;Reta;-22,79511833;-43,03619238
20/04/2026;15:49:00;VILHENA;Velocidade Incompatível;Queda de ocupante de veículo;Com Vítimas Feridas;Pleno dia;Decrescente;Chuva;Simples;Interseção de Vias;-12,74609992;-60,1154784
20/04/2026;16:50:00;SANTA LUZIA;Ultrapassagem Indevida;Colisão lateral mesmo sentido;Com Vítimas Feridas;Pleno dia;Decrescente;Sol;Simples;Reta;-19,81604;-43,804712
20/04/2026;17:50:00;SERRA;Afundamento ou ondulação no pavimento;Tombamento;Com Vítimas Feridas;Anoitecer;Decrescente;Céu Claro;Dupla;Reta;-20,177837;-40,341385
20/04/2026;14:00:00;COMODORO;Acumulo de água sobre o pavimento;Saída de leito carroçável;Com Vítimas Feridas;Pleno dia;Decrescente;Chuva;Simples;Reta;-13,2725367;-59,8658583
20/04/2026;18:45:00;DOURADOS;Acumulo de areia ou detritos sobre o pavimento;Tombamento;Com Vítimas Feridas;Plena Noite;Crescente;Céu Claro;Dupla;Rotatória;-22,15823906;-54,64521138
20/04/2026;22:08:00;SAO GONCALO DO AMARANTE;Chuva;Colisão traseira;Com Vítimas Feridas;Plena Noite;Crescente;Chuva;Dupla;Reta;-5,74851548;-35,32653041
20/04/2026;20:20:00;PORTO VELHO;Animais na Pista;Atropelamento de Animal;Com Vítimas Feridas;Plena Noite;Decrescente;Céu Claro;Simples;Curva;-9,6882456;-65,37727743
20/04/2026;20:40:00;ITABORAI;Ausência de sinalização;Colisão traseira;Com Vítimas Feridas;Plena Noite;Crescente;Céu Claro;Simples;"Em Obras;Retorno Regulamentado;Aclive;Desvio Temporário;Reta";-22,74956956;-42,94652077
19/04/2026;00:45:00;TIANGUA;Neblina;Colisão lateral sentido oposto;Com Vítimas Fatais;Plena Noite;Crescente;Nevoeiro/Neblina;Simples;Curva;-3,665656;-40,907078
19/04/2026;07:00:00;PIMENTA BUENO;Velocidade Incompatível;Colisão traseira;Com Vítimas Feridas;Pleno dia;Crescente;Chuva;Simples;"Declive;Reta";-11,896068;-60,979973
19/04/2026;08:45:00;IPIAU;Velocidade Incompatível;Tombamento;Com Vítimas Feridas;Pleno dia;Crescente;Sol;Simples;"Aclive;Curva";-14,0962744;-39,7806189
19/04/2026;11:55:00;RIALMA;Ultrapassagem Indevida;Colisão lateral sentido oposto;Com Vítimas Feridas;Pleno dia;Crescente;Céu Claro;Simples;"Declive;Reta";-15,38186026;-49,55383301
19/04/2026;11:40:00;POCOES;Velocidade Incompatível;Colisão traseira;Com Vítimas Feridas;Pleno dia;Crescente;Céu Claro;Simples;Reta;-14,5856082;-40,4324304
19/04/2026;14:50:00;SANTA VITORIA DO PALMAR;Acostamento em desnível;Tombamento;Com Vítimas Feridas;Pleno dia;Decrescente;Sol;Simples;"Reta;Interseção de Vias";-33,54266971;-53,3559823
19/04/2026;13:50:00;JUSCIMEIRA;Curva acentuada;Colisão transversal;Sem Vítimas;Pleno dia;Crescente;Sol;Dupla;Curva;-16,114743;-54,85888
19/04/2026;18:40:00;LAJEADO;Velocidade Incompatível;Tombamento;Com Vítimas Feridas;Plena Noite;Crescente;Céu Claro;Dupla;"Curva;Aclive;Viaduto;Retorno Regulamentado";-29,431504;-52,012915
19/04/2026;19:30:00;SAO JOSE DO JACUIPE;Ultrapassagem Indevida;Colisão lateral sentido oposto;Com Vítimas Feridas;Plena Noite;Crescente;Céu Claro;Simples;Reta;-11,442905;-39,83756
19/04/2026;08:55:00;NOVA ITARANA;Ultrapassagem Indevida;Colisão transversal;Com Vítimas Feridas;Pleno dia;Crescente;Céu Claro;Simples;"Aclive;Curva";-13,135526;-39,995634
19/04/2026;04:10:00;ESCADA;Deficiência do Sistema de Iluminação/Sinalização;Colisão traseira;Com Vítimas Feridas;Plena Noite;Decrescente;Nublado;Dupla;Reta;-8,369917;-35,229762
19/04/2026;00:45:00;PORTO ALEGRE;Afundamento ou ondulação no pavimento;Queda de ocupante de veículo;Com Vítimas Feridas;Plena Noite;Crescente;Céu Claro;Múltipla;Reta;-29,9677059;-51,1492283
19/04/2026;01:00:00;CAPAO DO LEAO;Animais na Pista;Saída de leito carroçável;Com Vítimas Feridas;Plena Noite;Crescente;Céu Claro;Simples;Reta;-31,8789574;-52,6314133
19/04/2026;01:00:00;WENCESLAU GUIMARAES;Velocidade Incompatível;Colisão traseira;Com Vítimas Fatais;Plena Noite;Decrescente;Céu Claro;Simples;Reta;-13,689541;-39,4806335
19/04/2026;02:55:00;SAPUCAIA DO SUL;Velocidade Incompatível;Colisão traseira;Com Vítimas Fatais;Plena Noite;Crescente;Céu Claro;Múltipla;Reta;-29,79644492;-51,16500227
19/04/2026;03:55:00;CHAPECO;Velocidade Incompatível;Colisão com objeto;Com Vítimas Feridas;Plena Noite;Crescente;Céu Claro;Dupla;"Curva;Aclive";-27,052198;-52,635777
19/04/2026;02:30:00;FLORESTA;Animais na Pista;Atropelamento de Animal;Com Vítimas Fatais;Plena Noite;Crescente;Céu Claro;Simples;"Reta;Ponte";-8,709347;-38,509346
19/04/2026;05:15:00;SANTA RITA;Velocidade Incompatível;Saída de leito carroçável;Sem Vítimas;Amanhecer;Crescente;Chuva;Dupla;"Aclive;Curva";-7,1251089;-34,94372416
19/04/2026;07:00:00;POMBAL;Velocidade Incompatível;Colisão traseira;Com Vítimas Feridas;Pleno dia;Crescente;Céu Claro;Simples;"Reta;Interseção de Vias";-6,78731281;-37,79460445
19/04/2026;06:40:00;TERESINA;Ultrapassagem Indevida;Colisão com objeto;Com Vítimas Feridas;Pleno dia;Crescente;Nublado;Dupla;Curva;-5,008189;-42,75015
19/04/2026;05:50:00;ALTO ALEGRE DO MARANHAO;Animais na Pista;Atropelamento de Animal;Sem Vítimas;Amanhecer;Crescente;Ignorado;Simples;Reta;-4,233648;-44,441679
19/04/2026;06:50:00;PROMISSAO;Animais na Pista;Atropelamento de Animal;Com Vítimas Feridas;Pleno dia;Decrescente;Nevoeiro/Neblina;Simples;Reta;-21,376725;-49,7912933
19/04/2026;09:20:00;IGARAPE;Velocidade Incompatível;Tombamento;Com Vítimas Feridas;Pleno dia;Crescente;Céu Claro;Dupla;"Aclive;Reta";-20,1048;-44,32
19/04/2026;08:30:00;AGUAS MORNAS;Conversão proibida;Colisão traseira;Com Vítimas Feridas;Pleno dia;Crescente;Céu Claro;Simples;Curva;-27,71523674;-48,87449384
19/04/2026;11:00:00;SOORETAMA;Conversão proibida;Colisão frontal;Com Vítimas Feridas;Pleno dia;Crescente;Céu Claro;Simples;Reta;-19,2128433;-40,09456007
19/04/2026;09:30:00;MAGE;Velocidade Incompatível;Colisão traseira;Com Vítimas Feridas;Pleno dia;Decrescente;Sol;Dupla;Reta;-22,655786;-43,138671
19/04/2026;10:50:00;MONSENHOR GIL;Pista esburacada;Saída de leito carroçável;Com Vítimas Feridas;Pleno dia;Crescente;Sol;Simples;Curva;-5,54828868;-42,61515051
19/04/2026;13:50:00;UBERABA;Velocidade Incompatível;Colisão traseira;Com Vítimas Feridas;Pleno dia;Crescente;Céu Claro;Dupla;Reta;-19,79090248;-47,91340537
19/04/2026;13:00:00;GLORINHA;Afundamento ou ondulação no pavimento;Tombamento;Com Vítimas Feridas;Pleno dia;Decrescente;Sol;Dupla;Reta;-29,913516;-50,806812
19/04/2026;14:20:00;APIUNA;Retorno proibido;Colisão traseira;Com Vítimas Feridas;Pleno dia;Decrescente;Céu Claro;Simples;Curva;-27,0791;-49,43525
19/04/2026;13:28:00;CAMPINA GRANDE DO SUL;Acumulo de areia ou detritos sobre o pavimento;Colisão com objeto;Com Vítimas Feridas;Pleno dia;Crescente;Céu Claro;Múltipla;Curva;-25,06180975;-48,56390476
19/04/2026;09:45:00;JOSE DA PENHA;Ultrapassagem Indevida;Colisão traseira;Com Vítimas Feridas;Pleno dia;Crescente;Céu Claro;Simples;Reta;-6,33317064;-38,29297543
19/04/2026;16:20:00;ORTIGUEIRA;Afundamento ou ondulação no pavimento;Queda de ocupante de veículo;Com Vítimas Feridas;Pleno dia;Crescente;Céu Claro;Simples;Curva;-24,13365296;-51,00777679
19/04/2026;17:15:00;BOM JESUS DO AMPARO;Pista Escorregadia;Capotamento;Com Vítimas Feridas;Pleno dia;Decrescente;Chuva;Dupla;"Reta;Declive";-19,76767283;-43,45745087
19/04/2026;18:30:00;ARAGUARI;Chuva;Saída de leito carroçável;Com Vítimas Feridas;Plena Noite;Decrescente;Chuva;Dupla;Curva;-18,648042;-48,132142
19/04/2026;09:10:00;JULIO DE CASTILHOS;Afundamento ou ondulação no pavimento;Saída de leito carroçável;Com Vítimas Feridas;Pleno dia;Crescente;Céu Claro;Simples;Reta;-29,135855;-53,651565
19/04/2026;16:00:00;VOLTA REDONDA;Ultrapassagem Indevida;Colisão frontal;Com Vítimas Feridas;Pleno dia;Crescente;Céu Claro;Dupla;Reta;-22,53385415;-44,11653829
19/04/2026;19:50:00;SAPUCAIA;Acesso irregular;Colisão transversal;Com Vítimas Feridas;Plena Noite;Crescente;Céu Claro;Simples;Reta;-21,88745348;-42,69780326
19/04/2026;18:22:00;SAO MIGUEL DO OESTE;Velocidade Incompatível;Colisão com objeto;Sem Vítimas;Anoitecer;Decrescente;Céu Claro;Dupla;"Aclive;Reta;Interseção de Vias";-26,74351898;-53,50095242
19/04/2026;17:00:00;PORTO VELHO;Acumulo de água sobre o pavimento;Saída de leito carroçável;Com Vítimas Feridas;Pleno dia;Crescente;Chuva;Simples;Reta;-9,76295258;-66,28257036
19/04/2026;20:45:00;PINHALZINHO;Ultrapassagem Indevida;Colisão frontal;Com Vítimas Feridas;Plena Noite;Crescente;Céu Claro;Simples;Reta;-26,861764;-52,9787675
19/04/2026;02:40:00;SANTOS DUMONT;Animais na Pista;Atropelamento de Animal;Com Vítimas Feridas;Plena Noite;Crescente;Nublado;Simples;Reta;-21,3893871;-43,56911659
19/04/2026;21:40:00;IBIPORA;Ultrapassagem Indevida;Colisão lateral mesmo sentido;Com Vítimas Feridas;Plena Noite;Decrescente;Céu Claro;Dupla;Rotatória;-23,276554;-51,062187
18/04/2026;02:35:00;JOINVILLE;Velocidade Incompatível;Colisão traseira;Sem Vítimas;Plena Noite;Crescente;Nublado;Dupla;Reta;-26,35921252;-48,85905353
18/04/2026;08:10:00;GRAO MOGOL;Velocidade Incompatível;Colisão frontal;Com Vítimas Fatais;Pleno dia;Crescente;Céu Claro;Simples;"Declive;Curva";-16,325307;-43,122958
18/04/2026;09:05:00;ARAPONGAS;Velocidade Incompatível;Saída de leito carroçável;Com Vítimas Feridas;Pleno dia;Decrescente;Céu Claro;Dupla;Reta;-23,44022;-51,422388
18/04/2026;13:15:00;NOVA PETROPOLIS;Ultrapassagem Indevida;Colisão lateral sentido oposto;Com Vítimas Feridas;Pleno dia;Crescente;Céu Claro;Simples;Curva;-29,343847;-51,15048
18/04/2026;10:15:00;PARANAGUA;Velocidade Incompatível;Colisão lateral mesmo sentido;Com Vítimas Feridas;Pleno dia;Decrescente;Sol;Dupla;Reta;-25,5415222;-48,687579
18/04/2026;16:50:00;ANAPOLIS;Condutor usando celular;Saída de leito carroçável;Sem Vítimas;Pleno dia;Decrescente;Céu Claro;Dupla;Reta;-16,28318814;-48,79334629
18/04/2026;20:00:00;BOM JARDIM DE MINAS;Velocidade Incompatível;Tombamento;Com Vítimas Feridas;Plena Noite;Crescente;Céu Claro;Simples;Curva;-22,02768485;-44,16741111
18/04/2026;00:40:00;BRASILIA;Velocidade Incompatível;Saída de leito carroçável;Com Vítimas Feridas;Plena Noite;Crescente;Céu Claro;Dupla;Reta;-15,98266557;-47,9883689
18/04/2026;00:50:00;MAUA DA SERRA;Velocidade Incompatível;Saída de leito carroçável;Com Vítimas Fatais;Plena Noite;Decrescente;Céu Claro;Múltipla;Curva;-23,90315801;-51,21641485
18/04/2026;05:23:00;CEARA-MIRIM;Animais na Pista;Saída de leito carroçável;Com Vítimas Feridas;Plena Noite;Decrescente;Sol;Simples;Reta;-5,49252188;-35,32352862
18/04/2026;06:40:00;SAO GONCALO;Afundamento ou ondulação no pavimento;Queda de ocupante de veículo;Com Vítimas Feridas;Pleno dia;Decrescente;Céu Claro;Dupla;Reta;-22,8000186;-43,0517469
18/04/2026;08:30:00;FOZ DO IGUACU;Conversão proibida;Colisão transversal;Com Vítimas Feridas;Pleno dia;Decrescente;Sol;Simples;Reta;-25,49474171;-54,51418011
18/04/2026;07:05:00;MATIAS BARBOSA;Ultrapassagem Indevida;Colisão lateral mesmo sentido;Com Vítimas Feridas;Pleno dia;Decrescente;Céu Claro;Simples;Curva;-21,851626;-43,380458
18/04/2026;10:40:00;SERRA;Acumulo de areia ou detritos sobre o pavimento;Queda de ocupante de veículo;Com Vítimas Feridas;Pleno dia;Crescente;Céu Claro;Dupla;Reta;-20,14688086;-40,34454002
18/04/2026;10:30:00;CENTRALINA;Velocidade Incompatível;Colisão traseira;Sem Vítimas;Pleno dia;Crescente;Céu Claro;Dupla;Reta;-18,65759;-49,168832