data_inversa;horario;municipio;causa_acidente;tipo_acidente;classificacao_acidente;fase_dia;sentido_via;condicao_metereologica;tipo_pista;tracado_via;latitude;longitude
14/04/2026;00:30:00;DOMINGOS MARTINS;Velocidade Incompatível;Colisão com objeto;Com Vítimas Feridas;Plena Noite;Decrescente;Céu Claro;Simples;"Curva;Declive";-20,37762882;-40,56640506
14/04/2026;06:30:00;BRASILIA;Velocidade Incompatível;Saída de leito carroçável;Com Vítimas Feridas;Amanhecer;Crescente;Céu Claro;Múltipla;"Declive;Reta";-15,58102;-47,45741
14/04/2026;07:57:00;JOAO PESSOA;Animais na Pista;Atropelamento de Animal;Com Vítimas Feridas;Pleno dia;Decrescente;Nublado;Dupla;Curva;-7,12601894;-34,84527379
14/04/2026;08:04:00;TEOTONIO VILELA;Acumulo de água sobre o pavimento;Saída de leito carroçável;Com Vítimas Feridas;Pleno dia;Decrescente;Chuva;Dupla;Curva;-9,887801;-36,3858815
14/04/2026;07:45:00;SALVADOR;Chuva;Colisão lateral mesmo sentido;Com Vítimas Feridas;Pleno dia;Decrescente;Chuva;Dupla;Reta;-12,94078918;-38,47103477
14/04/2026;08:20:00;MALHADA DOS BOIS;Acumulo de água sobre o pavimento;Saída de leito carroçável;Sem Vítimas;Pleno dia;Crescente;Chuva;Dupla;Reta;-10,37469962;-36,9140625
14/04/2026;08:15:00;PETROPOLIS;Acesso irregular;Colisão frontal;Com Vítimas Feridas;Pleno dia;Decrescente;Céu Claro;Simples;Interseção de Vias;-22,42756057;-43,16398732
14/04/2026;11:20:00;JOAO PESSOA;Pista Escorregadia;Tombamento;Com Vítimas Feridas;Pleno dia;Crescente;Chuva;Dupla;Reta;-7,141252;-34,852083
14/04/2026;12:25:00;JARU;Velocidade Incompatível;Tombamento;Com Vítimas Feridas;Pleno dia;Decrescente;Sol;Simples;Reta;-10,45453667;-62,4592495
14/04/2026;15:45:00;MARINGA;Acumulo de areia ou detritos sobre o pavimento;Colisão traseira;Com Vítimas Feridas;Pleno dia;Crescente;Céu Claro;Múltipla;"Reta;Em Obras";-23,4142442;-51,9278398
14/04/2026;09:50:00;ARCOVERDE;Pista Escorregadia;Tombamento;Com Vítimas Feridas;Pleno dia;Crescente;Chuva;Simples;"Reta;Declive";-8,42837825;-37,0590934
14/04/2026;16:50:00;BRASILIA;Animais na Pista;Atropelamento de Animal;Com Vítimas Feridas;Pleno dia;Decrescente;Céu Claro;Dupla;Reta;-15,9195;-48,16496
14/04/2026;16:45:00;BARRA DO PIRAI;Acesso irregular;Colisão transversal;Com Vítimas Feridas;Pleno dia;Crescente;Céu Claro;Simples;Reta;-22,475264;-44,050954
14/04/2026;15:55:00;UBERABA;Velocidade Incompatível;Queda de ocupante de veículo;Com Vítimas Feridas;Pleno dia;Decrescente;Céu Claro;Dupla;"Declive;Reta";-19,54746;-48,03563
14/04/2026;16:20:00;ARACATI;Pista Escorregadia;Tombamento;Com Vítimas Feridas;Pleno dia;Decrescente;Céu Claro;Simples;"Reta;Interseção de Vias";-4,57305244;-37,76169268
14/04/2026;18:00:00;NOVA IGUACU;Ultrapassagem Indevida;Colisão traseira;Com Vítimas Feridas;Anoitecer;Decrescente;Céu Claro;Dupla;Reta;-22,73801003;-43,48705642
14/04/2026;15:00:00;UBATUBA;Velocidade Incompatível;Colisão traseira;Com Vítimas Feridas;Pleno dia;Decrescente;Céu Claro;Simples;Curva;-23,35248496;-44,85391114
14/04/2026;19:15:00;MUQUI;Demais falhas na via;Queda de ocupante de veículo;Com Vítimas Feridas;Plena Noite;Crescente;Céu Claro;Simples;Reta;-20,94657095;-41,37476921
14/04/2026;21:30:00;FEIRA DE SANTANA;Pista Escorregadia;Tombamento;Com Vítimas Feridas;Plena Noite;Decrescente;Nublado;Dupla;Reta;-12,23110814;-38,9609561
14/04/2026;19:01:00;MUQUI;Sinalização mal posicionada;Colisão com objeto;Com Vítimas Feridas;Plena Noite;Crescente;Céu Claro;Simples;Reta;-20,94626034;-41,33704126
14/04/2026;23:00:00;CAAPORA;Acumulo de água sobre o pavimento;Saída de leito carroçável;Sem Vítimas;Plena Noite;Decrescente;Nublado;Simples;Aclive;-7,43290411;-34,96843815
14/04/2026;19:45:00;CAXIAS;Chuva;Queda de ocupante de veículo;Com Vítimas Feridas;Plena Noite;Crescente;Chuva;Simples;Reta;-4,86036089;-43,42811031
14/04/2026;14:30:00;CARUARU;Velocidade Incompatível;Colisão traseira;Sem Vítimas;Pleno dia;Decrescente;Céu Claro;Dupla;Reta;-8,308353;-36,023737
14/04/2026;19:50:00;APODI;Animais na Pista;Atropelamento de Animal;Sem Vítimas;Pleno dia;Decrescente;Garoa/Chuvisco;Simples;Reta;-5,60029;-37,77592
14/04/2026;16:50:00;MATHIAS LOBATO;Conversão proibida;Colisão traseira;Com Vítimas Feridas;Pleno dia;Crescente;Céu Claro;Simples;"Aclive;Reta";-18,586494;-41,924323
14/04/2026;22:00:00;COMODORO;Animais na Pista;Saída de leito carroçável;Com Vítimas Feridas;Plena Noite;Crescente;Céu Claro;Simples;"Aclive;Reta";-13,973268;-59,7543
13/04/2026;06:30:00;CORONEL VIVIDA;Velocidade Incompatível;Saída de leito carroçável;Com Vítimas Feridas;Amanhecer;Decrescente;Céu Claro;Simples;Curva;-25,97784718;-52,5367713
13/04/2026;12:40:00;ARIQUEMES;Ultrapassagem Indevida;Colisão lateral mesmo sentido;Com Vítimas Feridas;Pleno dia;Crescente;Céu Claro;Simples;Reta;-10,124974;-62,891771
13/04/2026;12:50:00;VENTANIA;Velocidade Incompatível;Saída de leito carroçável;Com Vítimas Feridas;Pleno dia;Crescente;Céu Claro;Simples;Curva;-24,16594862;-50,2223129
13/04/2026;13:40:00;ALMIRANTE TAMANDARE DO SUL;Ultrapassagem Indevida;Colisão frontal;Com Vítimas Fatais;Pleno dia;Decrescente;Céu Claro;Simples;"Declive;Reta";-28,199533;-52,827727
13/04/2026;18:30:00;DUQUE DE CAXIAS;Retorno proibido;Colisão frontal;Sem Vítimas;Amanhecer;Crescente;Céu Claro;Múltipla;Retorno Regulamentado;-22,61073008;-43,2858224
13/04/2026;17:10:00;FRUTAL;Demais falhas na via;Colisão lateral sentido oposto;Com Vítimas Fatais;Pleno dia;Crescente;Céu Claro;Simples;"Reta;Declive";-19,88921;-48,9736
13/04/2026;19:20:00;VALE DE SAO DOMINGOS;Ultrapassagem Indevida;Saída de leito carroçável;Sem Vítimas;Plena Noite;Crescente;Céu Claro;Simples;Reta;-15,36939301;-59,19475794
13/04/2026;20:50:00;ARATACA;Velocidade Incompatível;Tombamento;Com Vítimas Feridas;Plena Noite;Decrescente;Céu Claro;Simples;Curva;-15,25456768;-39,44970489
13/04/2026;11:20:00;CONTENDA;Velocidade Incompatível;Tombamento;Com Vítimas Fatais;Pleno dia;Decrescente;Céu Claro;Simples;Curva;-25,71056097;-49,60552303
13/04/2026;01:25:00;GUARANIACU;Ultrapassagem Indevida;Colisão frontal;Com Vítimas Fatais;Plena Noite;Crescente;Nublado;Simples;"Aclive;Reta";-25,097182;-52,9398
13/04/2026;06:00:00;CONDE;Pista Escorregadia;Tombamento;Com Vítimas Feridas;Pleno dia;Decrescente;Chuva;Dupla;Reta;-7,259153;-34,935648
13/04/2026;06:00:00;PORTO SEGURO;Ultrapassagem Indevida;Colisão transversal;Com Vítimas Feridas;Pleno dia;Decrescente;Céu Claro;Simples;Curva;-16,390836;-39,45482
13/04/2026;07:10:00;CONSELHEIRO LAFAIETE;Conversão proibida;Colisão lateral mesmo sentido;Com Vítimas Feridas;Pleno dia;Decrescente;Nublado;Simples;"Interseção de Vias;Reta";-20,70387667;-43,792651
13/04/2026;08:10:00;FEIRA DE SANTANA;Acesso irregular;Colisão transversal;Com Vítimas Feridas;Pleno dia;Decrescente;Céu Claro;Simples;Reta;-12,231177;-38,958747
13/04/2026;11:30:00;CEDRO DE SAO JOAO;Velocidade Incompatível;Saída de leito carroçável;Sem Vítimas;Pleno dia;Crescente;Chuva;Dupla;"Aclive;Reta";-10,26563;-36,86677
13/04/2026;10:50:00;CANOAS;Redutor de velocidade em desacordo;Tombamento;Com Vítimas Feridas;Pleno dia;Decrescente;Nublado;Múltipla;"Reta;Ponte";-29,96760373;-51,17633343
13/04/2026;11:33:00;MONTE NEGRO;Ultrapassagem Indevida;Colisão lateral mesmo sentido;Com Vítimas Feridas;Pleno dia;Crescente;Céu Claro;Simples;Aclive;-10,0723733;-63,2113067
13/04/2026;12:10:00;FEIRA DE SANTANA;Pista Escorregadia;Colisão lateral mesmo sentido;Com Vítimas Feridas;Pleno dia;Decrescente;Chuva;Múltipla;Curva;-12,337162;-38,84939
13/04/2026;14:30:00;POMBAL;Conversão proibida;Colisão frontal;Com Vítimas Feridas;Pleno dia;Crescente;Céu Claro;Simples;Reta;-6,766328;-37,79479
13/04/2026;14:20:00;UBAPORANGA;Velocidade Incompatível;Saída de leito carroçável;Com Vítimas Feridas;Pleno dia;Decrescente;Sol;Simples;Curva;-19,71;-42,121
13/04/2026;14:00:00;DUQUE DE CAXIAS;Acumulo de areia ou detritos sobre o pavimento;Tombamento;Com Vítimas Feridas;Pleno dia;Crescente;Céu Claro;Simples;"Viaduto;Curva";-22,71438056;-43,29008102
13/04/2026;17:00:00;CARIRI DO TOCANTINS;Acostamento em desnível;Tombamento;Com Vítimas Feridas;Pleno dia;Crescente;Céu Claro;Simples;Reta;-11,856159;-49,149549
13/04/2026;13:30:00;BACABEIRA;Acesso irregular;Colisão transversal;Com Vítimas Fatais;Pleno dia;Crescente;Nublado;Dupla;Reta;-3,048821;-44,31826
13/04/2026;18:35:00;BOM JESUS;Pista esburacada;Tombamento;Com Vítimas Feridas;Plena Noite;Crescente;Céu Claro;Simples;Reta;-5,97169724;-35,57303309
13/04/2026;20:00:00;SEROPEDICA;Velocidade Incompatível;Colisão com objeto;Com Vítimas Feridas;Plena Noite;Crescente;Céu Claro;Dupla;Retorno Regulamentado;-22,7539781;-43,69332282
13/04/2026;21:40:00;SANTA TEREZA DO OESTE;Conversão proibida;Colisão transversal;Com Vítimas Feridas;Plena Noite;Crescente;Céu Claro;Simples;Aclive;-25,028267;-53,56103
13/04/2026;02:05:00;GOVERNADOR VALADARES;Iluminação deficiente;Colisão traseira;Com Vítimas Feridas;Plena Noite;Crescente;Nublado;Dupla;Reta;-18,86288047;-41,97432786
12/04/2026;02:00:00;GARANHUNS;Ultrapassagem Indevida;Colisão frontal;Com Vítimas Feridas;Pleno dia;Decrescente;Céu Claro;Simples;"Reta;Declive";-8,8761761;-36,5035995
12/04/2026;03:00:00;IPAUMIRIM;Pista esburacada;Colisão lateral sentido oposto;Com Vítimas Feridas;Pleno dia;Decrescente;Garoa/Chuvisco;Simples;"Reta;Declive";-6,752597;-38,785565
12/04/2026;05:30:00;RIO BONITO;Animais na Pista;Atropelamento de Animal;Com Vítimas Feridas;Amanhecer;Decrescente;Céu Claro;Dupla;Declive;-22,71235824;-42,61279672
12/04/2026;04:10:00;RESENDE;Deficiência do Sistema de Iluminação/Sinalização;Colisão traseira;Sem Vítimas;Plena Noite;Decrescente;Céu Claro;Dupla;Reta;-22,45376532;-44,37031237
12/04/2026;07:40:00;GOIANIA;Velocidade Incompatível;Colisão traseira;Com Vítimas Feridas;Pleno dia;Decrescente;Céu Claro;Dupla;Reta;-16,65097754;-49,21520455
12/04/2026;02:30:00;CAIAPONIA;Velocidade Incompatível;Tombamento;Com Vítimas Feridas;Plena Noite;Crescente;Céu Claro;Simples;"Ponte;Curva;Declive";-17,310676;-51,8826834
12/04/2026;11:20:00;SAO JOAO DE MERITI;Velocidade Incompatível;Colisão traseira;Com Vítimas Feridas;Pleno dia;Crescente;Céu Claro;Dupla;Reta;-22,78474792;-43,38032126
12/04/2026;13:00:00;JEQUITAI;Velocidade Incompatível;Tombamento;Com Vítimas Fatais;Pleno dia;Decrescente;Céu Claro;Múltipla;"Declive;Curva";-17,21214792;-44,44374984
12/04/2026;12:30:00;ITAJA;Conversão proibida;Colisão traseira;Com Vítimas Feridas;Pleno dia;Crescente;Nublado;Simples;Reta;-5,625788;-36,872653
12/04/2026;16:40:00;PACAJUS;Velocidade Incompatível;Saída de leito carroçável;Com Vítimas Feridas;Anoitecer;Crescente;Céu Claro;Dupla;"Curva;Retorno Regulamentado";-4,19718124;-38,47035527
12/04/2026;17:30:00;RAFAEL JAMBEIRO;Pista esburacada;Tombamento;Com Vítimas Feridas;Pleno dia;Decrescente;Céu Claro;Simples;Reta;-12,57965002;-39,52407584
12/04/2026;23:20:00;CANOAS;Velocidade Incompatível;Tombamento;Sem Vítimas;Pleno dia;Decrescente;Céu Claro;Simples;"Curva;Em Obras";-29,8709314;-51,17956281
12/04/2026;00:20:00;FUNDAO;Chuva;Capotamento;Sem Vítimas;Plena Noite;Crescente;Chuva;Simples;Reta;-20,00975384;-40,40692449
12/04/2026;00:01:00;IGARAPE;Velocidade Incompatível;Colisão com objeto;Sem Vítimas;Plena Noite;Crescente;Céu Claro;Dupla;Reta;-20,06367;-44,29427
12/04/2026;00:23:00;CAMBORIU;Ultrapassagem Indevida;Colisão lateral mesmo sentido;Sem Vítimas;Plena Noite;Crescente;Chuva;Dupla;Reta;-26,983403;-48,671632
12/04/2026;01:46:00;CEU AZUL;Ultrapassagem Indevida;Colisão lateral mesmo sentido;Sem Vítimas;Plena Noite;Crescente;Céu Claro;Simples;"Declive;Reta";-25,077;-53,69
12/04/2026;03:40:00;CONSELHEIRO LAFAIETE;Velocidade Incompatível;Saída de leito carroçável;Sem Vítimas;Plena Noite;Decrescente;Céu Claro;Simples;"Declive;Curva";-20,725131;-43,800942
12/04/2026;05:30:00;MURIAE;Velocidade Incompatível;Capotamento;Com Vítimas Fatais;Amanhecer;Decrescente;Céu Claro;Simples;"Reta;Ponte";-20,981941;-42,354813
12/04/2026;07:19:00;RECIFE;Chuva;Tombamento;Com Vítimas Feridas;Pleno dia;Crescente;Chuva;Dupla;Reta;-8,015874;-34,940251
12/04/2026;07:20:00;CASCAVEL;Velocidade Incompatível;Colisão com objeto;Sem Vítimas;Pleno dia;Decrescente;Céu Claro;Simples;Curva;-24,9839158;-53,3731871
12/04/2026;09:15:00;FLORIANO;Ultrapassagem Indevida;Colisão lateral mesmo sentido;Com Vítimas Feridas;Pleno dia;Decrescente;Céu Claro;Simples;"Reta;Retorno Regulamentado;Rotatória";-6,787785;-42,992247
12/04/2026;09:00:00;PIRAI;Acumulo de areia ou detritos sobre o pavimento;Queda de ocupante de veículo;Com Vítimas Feridas;Pleno dia;Crescente;Céu Claro;Dupla;Curva;-22,636;-43,902
12/04/2026;11:30:00;GUARAPARI;Chuva;Tombamento;Com Vítimas Feridas;Pleno dia;Crescente;Chuva;Dupla;Curva;-20,65845839;-40,6147972
12/04/2026;15:14:00;PACAJUS;Chuva;Eventos atípicos;Com Vítimas Feridas;Pleno dia;Crescente;Chuva;Dupla;Reta;-4,183516;-38,48946064
12/04/2026;16:30:00;CONSELHEIRO LAFAIETE;Animais na Pista;Atropelamento de Animal;Com Vítimas Feridas;Pleno dia;Decrescente;Céu Claro;Simples;"Aclive;Reta";-20,7486152;-43,8008403
12/04/2026;16:40:00;BOA VISTA DO TUPIM;Pista esburacada;Queda de ocupante de veículo;Com Vítimas Feridas;Pleno dia;Decrescente;Céu Claro;Simples;"Reta;Declive";-12,510295;-40,4891
12/04/2026;14:30:00;VARGEM;Chuva;Saída de leito carroçável;Com Vítimas Feridas;Pleno dia;Crescente;Chuva;Simples;"Curva;Declive";-27,492637;-50,972367
12/04/2026;19:00:00;LIMA DUARTE;Deficiência do Sistema de Iluminação/Sinalização;Colisão traseira;Com Vítimas Feridas;Plena Noite;Crescente;Céu Claro;Simples;Reta;-21,80938;-43,71201
12/04/2026;19:30:00;URUCUCA;Iluminação deficiente;Saída de leito carroçável;Com Vítimas Feridas;Plena Noite;Crescente;Chuva;Simples;Interseção de Vias;-14,5681466;-39,33374406
12/04/2026;15:05:00;AXIXA;Pista Escorregadia;Tombamento;Com Vítimas Fatais;Pleno dia;Decrescente;Chuva;Simples;Reta;-2,85837;-44,05524
12/04/2026;07:30:00;CASIMIRO DE ABREU;Pista Escorregadia;Queda de ocupante de veículo;Com Vítimas Feridas;Pleno dia;Crescente;Chuva;Dupla;Curva;-22,49174625;-42,11050987
12/04/2026;21:25:00;PARA DE MINAS;Acesso irregular;Colisão lateral mesmo sentido;Com Vítimas Fatais;Plena Noite;Decrescente;Céu Claro;Dupla;Reta;-19,892567;-44,579261
12/04/2026;20:20:00;ITIQUIRA;Velocidade Incompatível;Queda de ocupante de veículo;Com Vítimas Feridas;Plena Noite;Decrescente;Nublado;Simples;"Declive;Viaduto;Curva";-17,397332;-54,760275
12/04/2026;22:55:00;CANDOI;Velocidade Incompatível;Saída de leito carroçável;Sem Vítimas;Plena Noite;Crescente;Céu Claro;Simples;Curva;-25,41687727;-52,05973372
12/04/2026;17:15:00;FEIRA DE SANTANA;Conversão proibida;Colisão lateral mesmo sentido;Com Vítimas Feridas;Pleno dia;Decrescente;Céu Claro;Dupla;Reta;-12,23488245;-38,97642944
12/04/2026;00:05:00;ITUIUTABA;Acumulo de areia ou detritos sobre o pavimento;Tombamento;Com Vítimas Feridas;Plena Noite;Crescente;Céu Claro;Dupla;Reta;-18,94043411;-49,44705536
12/04/2026;06:40:00;MACAE;Acostamento em desnível;Queda de ocupante de veículo;Com Vítimas Feridas;Pleno dia;Decrescente;Céu Claro;Simples;Reta;-22,30290808;-41,88333945
12/04/2026;22:03:00;ITABAIANA;Chuva;Capotamento;Sem Vítimas;Plena Noite;Decrescente;Chuva;Simples;"Curva;Declive";-10,60257013;-37,48809814
11/04/2026;11:50:00;ITAPEMIRIM;Velocidade Incompatível;Tombamento;Com Vítimas Feridas;Pleno dia;Decrescente;Nublado;Simples;Curva;-20,890756;-41,03891
11/04/2026;12:40:00;DOM ELISEU;Conversão proibida;Colisão transversal;Com Vítimas Feridas;Pleno dia;Crescente;Céu Claro;Simples;Reta;-4,31282;-47,554263
11/04/2026;14:11:00;SANTA RITA;Velocidade Incompatível;Colisão com objeto;Com Vítimas Feridas;Pleno dia;Crescente;Sol;Dupla;Curva;-7,0842261;-34,9705219
11/04/2026;10:45:00;PIRAI;Velocidade Incompatível;Tombamento;Com Vítimas Fatais;Pleno dia;Crescente;Céu Claro;Dupla;"Curva;Declive";-22,66673288;-43,84156861
11/04/2026;23:20:00;SIDROLANDIA;Animais na Pista;Atropelamento de Animal;Sem Vítimas;Plena Noite;Decrescente;Céu Claro;Simples;Reta;-20,770066;-54,78952
11/04/2026;07:15:00;CAMPINA GRANDE DO SUL;Velocidade Incompatível;Saída de leito carroçável;Com Vítimas Feridas;Pleno dia;Crescente;Garoa/Chuvisco;Dupla;Curva;-25,080954;-48,623249
11/04/2026;01:10:00;PLANALTO;Acesso irregular;Colisão frontal;Com Vítimas Feridas;Plena Noite;Crescente;Céu Claro;Simples;Reta;-14,67103872;-40,4792957
11/04/2026;04:30:00;SANTA MARIA;Animais na Pista;Atropelamento de Animal;Com Vítimas Feridas;Plena Noite;Decrescente;Céu Claro;Simples;"Declive;Reta";-29,7652;-54,00357
11/04/2026;05:35:00;CUMARI;Velocidade Incompatível;Tombamento;Com Vítimas Feridas;Amanhecer;Decrescente;Céu Claro;Dupla;Curva;-18,408132;-48,08201
11/04/2026;04:30:00;NOVA UNIAO;Neblina;Colisão lateral mesmo sentido;Com Vítimas Feridas;Plena Noite;Crescente;Nevoeiro/Neblina;Dupla;"Reta;Declive";-19,74731689;-43,54631001
11/04/2026;07:00:00;LAJEADO;Afundamento ou ondulação no pavimento;Tombamento;Com Vítimas Feridas;Pleno dia;Decrescente;Nevoeiro/Neblina;Dupla;Reta;-29,41952581;-52,02316046
11/04/2026;07:30:00;MURIAE;Conversão proibida;Colisão transversal;Com Vítimas Feridas;Pleno dia;Decrescente;Céu Claro;Simples;Interseção de Vias;-21,12931509;-42,38502357
11/04/2026;08:30:00;PARATY;Animais na Pista;Colisão traseira;Com Vítimas Feridas;Pleno dia;Crescente;Sol;Simples;Curva;-23,31521966;-44,7199302
11/04/2026;09:20:00;ANAURILANDIA;Velocidade Incompatível;Saída de leito carroçável;Com Vítimas Feridas;Pleno dia;Crescente;Céu Claro;Simples;"Aclive;Reta";-21,849388;-53,041801
11/04/2026;08:25:00;CAMPINA GRANDE DO SUL;Pista Escorregadia;Saída de leito carroçável;Com Vítimas Feridas;Pleno dia;Decrescente;Chuva;Dupla;"Curva;Aclive";-25,1505668;-48,8591392
11/04/2026;12:10:00;ARAGUAINA;Acumulo de água sobre o pavimento;Saída de leito carroçável;Com Vítimas Feridas;Pleno dia;Crescente;Chuva;Dupla;"Curva;Retorno Regulamentado;Declive";-7,172939;-48,216996
11/04/2026;12:10:00;CAMPINA GRANDE DO SUL;Pista Escorregadia;Tombamento;Com Vítimas Feridas;Pleno dia;Crescente;Garoa/Chuvisco;Simples;"Curva;Aclive";-25,185761;-48,8857
11/04/2026;14:14:00;PARANAGUA;Retorno proibido;Colisão transversal;Com Vítimas Feridas;Pleno dia;Decrescente;Nublado;Simples;"Declive;Reta";-25,554246;-48,562732
11/04/2026;15:00:00;CONTAGEM;Velocidade Incompatível;Tombamento;Com Vítimas Fatais;Pleno dia;Decrescente;Nublado;Dupla;Reta;-19,852139;-44,072173
11/04/2026;07:00:00;CAMPINA GRANDE DO SUL;Velocidade Incompatível;Saída de leito carroçável;Com Vítimas Feridas;Pleno dia;Decrescente;Garoa/Chuvisco;Dupla;Curva;-25,087921;-48,604873
11/04/2026;16:00:00;SANTO ANTONIO DA PLATINA;Animais na Pista;Colisão traseira;Com Vítimas Feridas;Pleno dia;Crescente;Céu Claro;Dupla;"Reta;Interseção de Vias";-23,30428278;-50,07030694
11/04/2026;15:28:00;CAMBUI;Velocidade Incompatível;Colisão com objeto;Sem Vítimas;Pleno dia;Decrescente;Céu Claro;Dupla;Curva;-22,52150652;-46,02234006
11/04/2026;17:00:00;APUCARANA;Velocidade Incompatível;Capotamento;Com Vítimas Feridas;Pleno dia;Crescente;Céu Claro;Dupla;"Declive;Curva";-23,51906793;-51,42958845
11/04/2026;15:30:00;VARZEA GRANDE;Ultrapassagem Indevida;Colisão traseira;Sem Vítimas;Pleno dia;Decrescente;Céu Claro;Simples;Reta;-15,66682;-56,23596
11/04/2026;18:40:00;LAJES PINTADAS;Animais na Pista;Atropelamento de Animal;Com Vítimas Feridas;Plena Noite;Decrescente;Nublado;Simples;"Reta;Declive";-6,188263;-36,138024
11/04/2026;18:00:00;TRES RIOS;Chuva;Capotamento;Com Vítimas Feridas;Anoitecer;Decrescente;Chuva;Simples;"Declive;Curva";-22,10032062;-43,0939173
11/04/2026;18:50:00;SANTA RITA DE CALDAS;Velocidade Incompatível;Saída de leito carroçável;Com Vítimas Feridas;Plena Noite;Decrescente;Céu Claro;Simples;Reta;-22,080529;-46,240491
11/04/2026;19:20:00;IBIRACU;Conversão proibida;Colisão transversal;Com Vítimas Feridas;Plena Noite;Crescente;Chuva;Simples;Reta;-19,82332;-40,36989
11/04/2026;17:00:00;AREAL;Pista Escorregadia;Saída de leito carroçável;Com Vítimas Feridas;Pleno dia;Decrescente;Chuva;Dupla;Curva;-22,2294411;-43,11923504
11/04/2026;17:00:00;PETROPOLIS;Pista Escorregadia;Saída de leito carroçável;Sem Vítimas;Anoitecer;Decrescente;Céu Claro;Dupla;"Curva;Aclive";-22,56329324;-43,22845459
11/04/2026;20:04:00;CANTA;Conversão proibida;Saída de leito carroçável;Com Vítimas Feridas;Plena Noite;Decrescente;Céu Claro;Simples;Reta;2,82670315;-60,59225961
11/04/2026;19:30:00;JEQUIE;Velocidade Incompatível;Colisão lateral sentido oposto;Sem Vítimas;Plena Noite;Decrescente;Nublado;Simples;"Aclive;Curva";-13,871479;-40,0499272
11/04/2026;19:30:00;SANTA FILOMENA;Pista esburacada;Tombamento;Com Vítimas Feridas;Plena Noite;Crescente;Céu Claro;Simples;Reta;-9,211833;-45,774937
11/04/2026;23:04:00;GUAPO;Animais na Pista;Atropelamento de Animal;Com Vítimas Fatais;Plena Noite;Decrescente;Céu Claro;Dupla;Reta;-16,83378971;-49,54044342
11/04/2026;12:05:00;JI-PARANA;Chuva;Saída de leito carroçável;Com Vítimas Feridas;Pleno dia;Crescente;Chuva;Simples;Reta;-10,82686979;-62,01389431
11/04/2026;23:00:00;ENTRE-IJUIS;Chuva;Saída de leito carroçável;Com Vítimas Feridas;Plena Noite;Crescente;Chuva;Simples;Reta;-28,375074;-54,18632
11/04/2026;21:50:00;MARABA;Deficiência do Sistema de Iluminação/Sinalização;Colisão traseira;Com Vítimas Feridas;Plena Noite;Decrescente;Céu Claro;Simples;"Declive;Reta";-5,364602;-49,200081
11/04/2026;22:50:00;LUZIANIA;Velocidade Incompatível;Colisão traseira;Com Vítimas Feridas;Plena Noite;Decrescente;Céu Claro;Dupla;Reta;-16,17858;-47,928918
11/04/2026;18:20:00;PRESIDENTE MEDICI;Ultrapassagem Indevida;Colisão frontal;Com Vítimas Feridas;Anoitecer;Crescente;Céu Claro;Simples;"Declive;Reta";-11,372688;-61,826698
11/04/2026;20:30:00;ITAMARAJU;Velocidade Incompatível;Colisão com objeto;Com Vítimas Feridas;Plena Noite;Crescente;Nublado;Simples;"Declive;Reta";-17,03302;-39,540402
11/04/2026;13:29:00;SUME;Ultrapassagem Indevida;Colisão frontal;Com Vítimas Feridas;Pleno dia;Decrescente;Céu Claro;Simples;"Curva;Declive";-7,65849025;-36,87334299
11/04/2026;20:35:00;SAO SEBASTIAO DO PASSE;Ultrapassagem Indevida;Colisão frontal;Com Vítimas Fatais;Plena Noite;Decrescente;Céu Claro;Simples;Reta;-12,543078;-38,510704
11/04/2026;02:30:00;CANOAS;Velocidade Incompatível;Capotamento;Com Vítimas Feridas;Plena Noite;Decrescente;Céu Claro;Dupla;"Em Obras;Reta;Viaduto";-29,9066258;-51,1767572
11/04/2026;22:20:00;MARINGA;Acumulo de areia ou detritos sobre o pavimento;Queda de ocupante de veículo;Com Vítimas Feridas;Plena Noite;Crescente;Ignorado;Dupla;Reta;-23,411113;-51,936954
10/04/2026;05:10:00;DAVINOPOLIS;Velocidade Incompatível;Tombamento;Com Vítimas Feridas;Amanhecer;Crescente;Céu Claro;Simples;Reta;-5,59563;-47,42908
10/04/2026;06:20:00;MEDIANEIRA;Restrição de visibilidade em curvas verticais;Colisão traseira;Com Vítimas Feridas;Amanhecer;Crescente;Céu Claro;Dupla;Aclive;-25,25253;-54,02451
10/04/2026;07:00:00;BARREIRAS;Conversão proibida;Colisão transversal;Com Vítimas Fatais;Pleno dia;Crescente;Sol;Simples;Reta;-12,0643102;-45,5844115
10/04/2026;08:00:00;SINOP;Afundamento ou ondulação no pavimento;Saída de leito carroçável;Com Vítimas Feridas;Pleno dia;Crescente;Sol;Simples;Declive;-11,72252;-55,45918
10/04/2026;08:20:00;CEU AZUL;Ultrapassagem Indevida;Colisão frontal;Com Vítimas Feridas;Pleno dia;Decrescente;Céu Claro;Simples;"Reta;Declive";-25,1222;-53,8093
10/04/2026;13:45:00;MONTES CLAROS;Chuva;Saída de leito carroçável;Com Vítimas Feridas;Pleno dia;Decrescente;Garoa/Chuvisco;Simples;"Declive;Curva";-16,65421896;-43,71769151
10/04/2026;15:45:00;DIVINO;Chuva;Colisão frontal;Com Vítimas Fatais;Pleno dia;Crescente;Chuva;Simples;"Declive;Curva";-20,60715078;-42,21105248
10/04/2026;17:45:00;LENCOIS;Velocidade Incompatível;Tombamento;Com Vítimas Feridas;Pleno dia;Decrescente;Céu Claro;Simples;Curva;-12,499;-41,331
10/04/2026;21:40:00;CARIACICA;Conversão proibida;Saída de leito carroçável;Com Vítimas Feridas;Plena Noite;Crescente;Céu Claro;Dupla;"Reta;Interseção de Vias";-20,26142382;-40,37917056