data_inversa;horario;municipio;causa_acidente;tipo_acidente;classificacao_acidente;fase_dia;sentido_via;condicao_metereologica;tipo_pista;tracado_via;latitude;longitude
03/04/2026;07:40:00;PORTO VELHO;Pista Escorregadia;Tombamento;Com Vítimas Feridas;Pleno dia;Decrescente;Céu Claro;Dupla;Reta;-8,80060043;-63,72894287
03/04/2026;09:00:00;TEOTONIO VILELA;Acumulo de água sobre o pavimento;Capotamento;Com Vítimas Feridas;Pleno dia;Decrescente;Nublado;Dupla;Viaduto;-9,90990991;-36,3440708
03/04/2026;09:40:00;BETIM;Conversão proibida;Colisão transversal;Com Vítimas Feridas;Pleno dia;Crescente;Céu Claro;Múltipla;"Reta;Declive";-19,9808;-44,2012
03/04/2026;09:30:00;SAO MIGUEL DOS CAMPOS;Acesso irregular;Colisão transversal;Com Vítimas Feridas;Pleno dia;Crescente;Chuva;Dupla;"Em Obras;Curva";-9,77177;-36,10404
03/04/2026;13:10:00;PIRACANJUBA;Afundamento ou ondulação no pavimento;Queda de ocupante de veículo;Com Vítimas Feridas;Pleno dia;Decrescente;Céu Claro;Dupla;Reta;-17,450605;-49,227611
03/04/2026;13:40:00;BRASILIA;Pista Escorregadia;Saída de leito carroçável;Com Vítimas Feridas;Pleno dia;Crescente;Nublado;Dupla;Curva;-15,795412;-48,195964
03/04/2026;13:20:00;PAULO LOPES;Demais falhas na via;Tombamento;Com Vítimas Feridas;Pleno dia;Crescente;Céu Claro;Múltipla;Reta;-28,075402;-48,7128195
03/04/2026;13:00:00;ANTONIO DIAS;Velocidade Incompatível;Tombamento;Com Vítimas Feridas;Pleno dia;Crescente;Céu Claro;Simples;Curva;-19,6271;-42,83387
03/04/2026;14:30:00;RIO LARGO;Condutor usando celular;Saída de leito carroçável;Com Vítimas Feridas;Pleno dia;Crescente;Céu Claro;Dupla;Curva;-9,481429;-35,886934
03/04/2026;09:00:00;COLOMBO;Velocidade Incompatível;Queda de ocupante de veículo;Com Vítimas Feridas;Pleno dia;Decrescente;Céu Claro;Simples;Curva;-25,31513186;-49,15274263
03/04/2026;16:00:00;TRES CORACOES;Velocidade Incompatível;Capotamento;Com Vítimas Feridas;Pleno dia;Decrescente;Nublado;Dupla;Curva;-21,55413799;-45,24499427
03/04/2026;17:00:00;DUQUE DE CAXIAS;Pista Escorregadia;Saída de leito carroçável;Sem Vítimas;Pleno dia;Decrescente;Garoa/Chuvisco;Dupla;Reta;-22,59887679;-43,28021049
03/04/2026;18:50:00;JOSE BONIFACIO;Conversão proibida;Colisão traseira;Com Vítimas Feridas;Plena Noite;Crescente;Céu Claro;Simples;Reta;-21,125226;-49,692803
03/04/2026;18:50:00;MANGARATIBA;Chuva;Colisão lateral sentido oposto;Com Vítimas Feridas;Plena Noite;Crescente;Chuva;Simples;"Curva;Declive";-22,93750567;-44,04705875
03/04/2026;20:45:00;DUQUE DE CAXIAS;Conversão proibida;Colisão traseira;Com Vítimas Feridas;Plena Noite;Crescente;Garoa/Chuvisco;Múltipla;Reta;-22,77679482;-43,28630447
03/04/2026;02:00:00;LAPA;Velocidade Incompatível;Tombamento;Com Vítimas Feridas;Plena Noite;Decrescente;Céu Claro;Simples;Curva;-25,78026363;-49,83866912
03/04/2026;04:40:00;ESTEIO;Velocidade Incompatível;Saída de leito carroçável;Sem Vítimas;Plena Noite;Crescente;Céu Claro;Múltipla;"Interseção de Vias;Reta";-29,83053672;-51,17384434
03/04/2026;22:45:00;NOVA SERRANA;Velocidade Incompatível;Tombamento;Com Vítimas Feridas;Plena Noite;Decrescente;Céu Claro;Dupla;Reta;-19,86589;-44,99293
02/04/2026;03:00:00;BRASILIA;Neblina;Colisão traseira;Com Vítimas Fatais;Plena Noite;Crescente;Nevoeiro/Neblina;Múltipla;Aclive;-15,65644452;-47,7871567
02/04/2026;07:00:00;BAEPENDI;Velocidade Incompatível;Colisão com objeto;Com Vítimas Fatais;Pleno dia;Crescente;Céu Claro;Simples;Curva;-21,925844;-44,783101
02/04/2026;07:20:00;LUZ;Velocidade Incompatível;Tombamento;Com Vítimas Feridas;Amanhecer;Decrescente;Nublado;Simples;"Curva;Declive";-19,7081211;-45,91696914
02/04/2026;12:03:00;LUCAS DO RIO VERDE;Ultrapassagem Indevida;Colisão frontal;Com Vítimas Feridas;Pleno dia;Crescente;Céu Claro;Simples;"Desvio Temporário;Reta;Em Obras";-13,37169;-56,0767816
02/04/2026;12:30:00;AGRONOMICA;Velocidade Incompatível;Tombamento;Com Vítimas Feridas;Pleno dia;Decrescente;Sol;Simples;"Curva;Retorno Regulamentado;Rotatória";-27,2570259;-49,71208066
02/04/2026;15:20:00;VITORIA DO XINGU;Ultrapassagem Indevida;Saída de leito carroçável;Sem Vítimas;Pleno dia;Decrescente;Nublado;Simples;Reta;-3,0867442;-51,8903556
02/04/2026;14:40:00;NAVIRAI;Falta de acostamento;Colisão lateral mesmo sentido;Com Vítimas Feridas;Pleno dia;Decrescente;Céu Claro;Simples;Reta;-23,047418;-54,248743
02/04/2026;05:50:00;CANARANA;Velocidade Incompatível;Saída de leito carroçável;Sem Vítimas;Amanhecer;Crescente;Chuva;Simples;Reta;-13,6916008;-52,01773016
02/04/2026;19:10:00;CURITIBA;Velocidade Incompatível;Colisão traseira;Com Vítimas Fatais;Plena Noite;Decrescente;Céu Claro;Dupla;Reta;-25,553808;-49,336885
02/04/2026;20:55:00;VOLTA REDONDA;Conversão proibida;Colisão transversal;Com Vítimas Feridas;Plena Noite;Crescente;Chuva;Simples;Reta;-22,47354076;-44,0599823
02/04/2026;23:20:00;PIRAI;Acumulo de água sobre o pavimento;Atropelamento de Pedestre;Com Vítimas Feridas;Plena Noite;Decrescente;Chuva;Dupla;Reta;-22,58453353;-44,01826859
02/04/2026;14:20:00;ICARA;Acumulo de água sobre o pavimento;Colisão com objeto;Com Vítimas Feridas;Pleno dia;Decrescente;Chuva;Dupla;Curva;-28,69672127;-49,17540475
02/04/2026;03:20:00;ITAGUAI;Animais na Pista;Atropelamento de Animal;Com Vítimas Feridas;Plena Noite;Decrescente;Céu Claro;Dupla;Reta;-22,885963;-43,83413
02/04/2026;07:05:00;ARROIO DOS RATOS;Ultrapassagem Indevida;Saída de leito carroçável;Com Vítimas Feridas;Pleno dia;Crescente;Céu Claro;Simples;Reta;-30,108405;-51,797553
02/04/2026;07:30:00;JACAREZINHO;Ultrapassagem Indevida;Colisão lateral sentido oposto;Com Vítimas Feridas;Pleno dia;Decrescente;Nevoeiro/Neblina;Simples;"Reta;Em Obras";-23,030365;-49,916999
02/04/2026;09:50:00;SAO GONCALO DO AMARANTE;Animais na Pista;Atropelamento de Animal;Com Vítimas Feridas;Pleno dia;Crescente;Céu Claro;Dupla;Reta;-5,754938;-35,309572
02/04/2026;11:15:00;GARUVA;Conversão proibida;Colisão transversal;Com Vítimas Feridas;Pleno dia;Decrescente;Sol;Dupla;Reta;-26,10545516;-48,8718408
02/04/2026;11:20:00;BEZERROS;Chuva;Colisão com objeto;Com Vítimas Feridas;Pleno dia;Decrescente;Chuva;Simples;Curva;-8,2441337;-35,75362547
02/04/2026;11:10:00;GOIANAPOLIS;Velocidade Incompatível;Saída de leito carroçável;Com Vítimas Feridas;Pleno dia;Decrescente;Nublado;Dupla;"Reta;Aclive";-16,450646;-49,043322
02/04/2026;13:00:00;GRAVATA;Ultrapassagem Indevida;Colisão frontal;Com Vítimas Feridas;Pleno dia;Crescente;Céu Claro;Simples;Curva;-8,19470158;-35,56294799
02/04/2026;15:10:00;ANCHIETA;Retorno proibido;Colisão transversal;Com Vítimas Feridas;Pleno dia;Crescente;Céu Claro;Dupla;Reta;-20,6922175;-40,7046324
02/04/2026;16:00:00;SOBRADO;Velocidade Incompatível;Engavetamento;Sem Vítimas;Pleno dia;Crescente;Céu Claro;Dupla;Reta;-7,191962;-35,224157
02/04/2026;06:00:00;CEZARINA;Velocidade Incompatível;Saída de leito carroçável;Sem Vítimas;Amanhecer;Decrescente;Céu Claro;Dupla;Reta;-16,983922;-49,750822
02/04/2026;17:50:00;CAJATI;Animais na Pista;Atropelamento de Animal;Com Vítimas Feridas;Pleno dia;Decrescente;Céu Claro;Dupla;"Declive;Curva";-24,88162667;-48,22310798
02/04/2026;17:15:00;SAO GONCALO DO AMARANTE;Demais falhas na via;Queda de ocupante de veículo;Com Vítimas Feridas;Pleno dia;Crescente;Céu Claro;Dupla;Retorno Regulamentado;-5,757475;-35,302213
02/04/2026;17:30:00;CAXIAS DO SUL;Ultrapassagem Indevida;Colisão lateral mesmo sentido;Com Vítimas Feridas;Pleno dia;Decrescente;Céu Claro;Simples;Curva;-29,114504;-51,109873
02/04/2026;19:45:00;BALNEARIO CAMBORIU;Chuva;Tombamento;Com Vítimas Feridas;Plena Noite;Crescente;Nublado;Dupla;Reta;-27,050505;-48,600363
02/04/2026;17:15:00;BARRA MANSA;Chuva;Queda de ocupante de veículo;Com Vítimas Feridas;Anoitecer;Decrescente;Chuva;Dupla;Curva;-22,57132597;-44,11554198
02/04/2026;20:15:00;INDAIAL;Acesso irregular;Colisão lateral sentido oposto;Com Vítimas Feridas;Plena Noite;Crescente;Céu Claro;Simples;Retorno Regulamentado;-26,8701867;-49,2273974
02/04/2026;20:50:00;EMBU DAS ARTES;Velocidade Incompatível;Colisão lateral mesmo sentido;Com Vítimas Feridas;Plena Noite;Crescente;Chuva;Dupla;Reta;-23,65299;-46,848485
02/04/2026;18:36:00;ARIQUEMES;Pista esburacada;Colisão traseira;Com Vítimas Feridas;Anoitecer;Crescente;Céu Claro;Simples;Reta;-9,918762;-63,060257
02/04/2026;19:30:00;CANOINHAS;Velocidade Incompatível;Saída de leito carroçável;Com Vítimas Feridas;Plena Noite;Decrescente;Chuva;Simples;"Declive;Curva";-26,19821628;-50,43204255
02/04/2026;22:10:00;FEIRA DE SANTANA;Conversão proibida;Colisão transversal;Com Vítimas Feridas;Plena Noite;Crescente;Céu Claro;Simples;Interseção de Vias;-12,2392615;-38,93987489
02/04/2026;21:20:00;JARDIM;Animais na Pista;Atropelamento de Animal;Com Vítimas Feridas;Plena Noite;Decrescente;Céu Claro;Simples;Reta;-21,49623461;-56,26752019
02/04/2026;22:45:00;SARANDI;Acesso irregular;Colisão traseira;Com Vítimas Feridas;Plena Noite;Decrescente;Céu Claro;Dupla;Reta;-23,4380777;-51,8766445
02/04/2026;22:30:00;CAMPANHA;Velocidade Incompatível;Saída de leito carroçável;Com Vítimas Feridas;Plena Noite;Decrescente;Nublado;Dupla;Reta;-21,7964399;-45,4542813
02/04/2026;22:05:00;ARACATI;Animais na Pista;Saída de leito carroçável;Com Vítimas Fatais;Plena Noite;Crescente;Céu Claro;Simples;Reta;-4,85500751;-37,46321797
02/04/2026;22:50:00;JATAI;Deficiência do Sistema de Iluminação/Sinalização;Atropelamento de Pedestre;Com Vítimas Feridas;Plena Noite;Crescente;Céu Claro;Dupla;"Aclive;Reta";-17,91542502;-51,75669054
02/04/2026;23:30:00;EMBU DAS ARTES;Velocidade Incompatível;Engavetamento;Com Vítimas Feridas;Plena Noite;Decrescente;Céu Claro;Dupla;Reta;-23,6234116;-46,81471825
02/04/2026;16:40:00;MAGE;Chuva;Tombamento;Com Vítimas Feridas;Pleno dia;Decrescente;Nublado;Simples;Reta;-22,6593567;-43,0910883
02/04/2026;11:34:00;JI-PARANA;Acumulo de areia ou detritos sobre o pavimento;Colisão com objeto;Sem Vítimas;Pleno dia;Decrescente;Sol;Simples;Aclive;-10,82694634;-62,01386703
02/04/2026;11:35:00;ESPLANADA;Conversão proibida;Colisão frontal;Com Vítimas Feridas;Pleno dia;Crescente;Céu Claro;Simples;"Reta;Interseção de Vias;Declive";-11,776888;-37,94571
02/04/2026;16:55:00;MORRINHOS;Chuva;Saída de leito carroçável;Com Vítimas Feridas;Pleno dia;Decrescente;Chuva;Dupla;"Curva;Aclive";-17,62642571;-49,17789208
01/04/2026;01:00:00;PEDRA PRETA;Demais falhas na via;Saída de leito carroçável;Com Vítimas Feridas;Plena Noite;Decrescente;Céu Claro;Simples;"Curva;Aclive";-16,78291;-54,220853
01/04/2026;05:30:00;ORTIGUEIRA;Velocidade Incompatível;Tombamento;Com Vítimas Feridas;Plena Noite;Crescente;Nublado;Simples;Curva;-24,15668523;-50,97445428
01/04/2026;04:00:00;RIO CASCA;Velocidade Incompatível;Colisão frontal;Com Vítimas Fatais;Amanhecer;Crescente;Chuva;Simples;Declive;-20,0308326;-42,73998611
01/04/2026;04:19:00;ITATIAIUCU;Velocidade Incompatível;Saída de leito carroçável;Com Vítimas Feridas;Plena Noite;Crescente;Chuva;Dupla;Curva;-20,16517761;-44,36741576
01/04/2026;08:00:00;BRASILIA;Velocidade Incompatível;Tombamento;Com Vítimas Feridas;Pleno dia;Decrescente;Céu Claro;Simples;Rotatória;-15,93167903;-47,55465858
01/04/2026;09:50:00;BARRA DO GARCAS;Ultrapassagem Indevida;Colisão lateral mesmo sentido;Com Vítimas Feridas;Pleno dia;Crescente;Sol;Simples;"Reta;Interseção de Vias";-15,87237352;-52,38551395
01/04/2026;06:50:00;JOAO PINHEIRO;Pista Escorregadia;Colisão frontal;Com Vítimas Fatais;Pleno dia;Crescente;Chuva;Simples;"Reta;Declive";-17,664908;-46,350547
01/04/2026;14:10:00;CAETANOPOLIS;Velocidade Incompatível;Colisão com objeto;Sem Vítimas;Pleno dia;Decrescente;Chuva;Dupla;"Declive;Curva";-19,35932;-44,34438
01/04/2026;19:00:00;AMELIA RODRIGUES;Ultrapassagem Indevida;Tombamento;Com Vítimas Fatais;Plena Noite;Crescente;Ignorado;Dupla;Declive;-12,4702104;-38,6835148
01/04/2026;14:52:00;NOVO PROGRESSO;Demais falhas na via;Tombamento;Com Vítimas Feridas;Pleno dia;Decrescente;Céu Claro;Simples;Reta;-9,433405;-54,86870333
01/04/2026;19:30:00;CIDELANDIA;Conversão proibida;Colisão transversal;Com Vítimas Feridas;Plena Noite;Crescente;Céu Claro;Simples;Reta;-5,105257;-47,552117
01/04/2026;23:00:00;POUSO ALEGRE;Deficiência do Sistema de Iluminação/Sinalização;Colisão traseira;Com Vítimas Feridas;Plena Noite;Crescente;Chuva;Dupla;"Declive;Reta";-22,27264906;-45,89319062
01/04/2026;18:00:00;POSSE;Velocidade Incompatível;Saída de leito carroçável;Sem Vítimas;Anoitecer;Decrescente;Ignorado;Simples;"Reta;Declive";-14,23151;-46,345548
01/04/2026;03:34:00;SERRA;Afundamento ou ondulação no pavimento;Colisão com objeto;Com Vítimas Feridas;Amanhecer;Crescente;Céu Claro;Dupla;Reta;-20,12755333;-40,34044
01/04/2026;04:30:00;SAO LOURENCO DA MATA;Acumulo de areia ou detritos sobre o pavimento;Tombamento;Com Vítimas Feridas;Amanhecer;Decrescente;Chuva;Dupla;Reta;-7,98514;-35,06961
01/04/2026;06:50:00;LINS;Pista Escorregadia;Tombamento;Com Vítimas Feridas;Pleno dia;Crescente;Céu Claro;Simples;Curva;-21,66639678;-49,79019849
01/04/2026;06:50:00;CARIACICA;Desvio temporário;Colisão traseira;Com Vítimas Feridas;Pleno dia;Crescente;Céu Claro;Dupla;"Em Obras;Declive";-20,2474486;-40,37026955
01/04/2026;07:30:00;SAO MIGUEL DO OESTE;Ultrapassagem Indevida;Colisão frontal;Com Vítimas Fatais;Pleno dia;Crescente;Céu Claro;Simples;Reta;-26,6647708;-53,5198053
01/04/2026;07:50:00;JATAI;Ultrapassagem Indevida;Colisão frontal;Com Vítimas Fatais;Pleno dia;Decrescente;Céu Claro;Simples;Reta;-17,81081;-52,03396
01/04/2026;10:35:00;SANTA RITA;Acumulo de água sobre o pavimento;Colisão com objeto;Sem Vítimas;Pleno dia;Decrescente;Chuva;Dupla;"Declive;Reta";-7,141265;-34,977155
01/04/2026;10:30:00;PROFESSOR JAMIL;Pista esburacada;Saída de leito carroçável;Com Vítimas Feridas;Pleno dia;Decrescente;Céu Claro;Dupla;Reta;-17,260842;-49,24113
01/04/2026;11:20:00;THEOBROMA;Velocidade Incompatível;Saída de leito carroçável;Com Vítimas Feridas;Pleno dia;Crescente;Nublado;Simples;Reta;-10,312202;-62,636721
01/04/2026;13:00:00;FEIRA DE SANTANA;Ultrapassagem Indevida;Colisão transversal;Com Vítimas Feridas;Pleno dia;Crescente;Céu Claro;Simples;Reta;-12,233883;-38,946562
01/04/2026;12:50:00;FREDERICO WESTPHALEN;Velocidade Incompatível;Tombamento;Com Vítimas Feridas;Pleno dia;Crescente;Céu Claro;Simples;Reta;-27,3731434;-53,39768922
01/04/2026;14:45:00;NOSSA SENHORA DO SOCORRO;Conversão proibida;Colisão traseira;Com Vítimas Feridas;Pleno dia;Crescente;Nublado;Múltipla;"Aclive;Curva";-10,87761;-37,157541
01/04/2026;15:40:00;INGA;Chuva;Saída de leito carroçável;Com Vítimas Feridas;Pleno dia;Crescente;Chuva;Dupla;Curva;-7,217814;-35,595805
01/04/2026;16:40:00;INGA;Pista Escorregadia;Colisão com objeto;Com Vítimas Feridas;Pleno dia;Crescente;Chuva;Dupla;Curva;-7,23791208;-35,60575377
01/04/2026;17:00:00;CAETANOPOLIS;Velocidade Incompatível;Saída de leito carroçável;Com Vítimas Feridas;Pleno dia;Decrescente;Chuva;Dupla;Declive;-19,35973707;-44,34425354
01/04/2026;16:10:00;TIBAGI;Curva acentuada;Saída de leito carroçável;Com Vítimas Feridas;Pleno dia;Crescente;Chuva;Dupla;"Declive;Curva";-24,78981248;-50,50408602
01/04/2026;16:30:00;MONTES CLAROS;Chuva;Capotamento;Com Vítimas Feridas;Pleno dia;Decrescente;Chuva;Simples;Curva;-16,83984;-44,09192
01/04/2026;15:40:00;VILHENA;Ultrapassagem Indevida;Colisão lateral mesmo sentido;Com Vítimas Feridas;Pleno dia;Decrescente;Céu Claro;Simples;"Reta;Aclive";-12,73288091;-60,16251532
01/04/2026;19:05:00;IGARASSU;Acumulo de água sobre o pavimento;Colisão frontal;Com Vítimas Feridas;Plena Noite;Crescente;Chuva;Simples;Reta;-7,84529;-34,91035
01/04/2026;19:15:00;MOSSORO;Iluminação deficiente;Colisão traseira;Com Vítimas Feridas;Plena Noite;Crescente;Céu Claro;Dupla;Reta;-5,14428902;-37,34699249
01/04/2026;18:50:00;MIRANDIBA;Afundamento ou ondulação no pavimento;Tombamento;Com Vítimas Fatais;Plena Noite;Decrescente;Nevoeiro/Neblina;Simples;"Reta;Ponte";-8,020775;-38,797107
01/04/2026;22:30:00;ESTRELA DE ALAGOAS;Ultrapassagem Indevida;Colisão frontal;Com Vítimas Fatais;Plena Noite;Decrescente;Chuva;Simples;Reta;-9,39491;-36,7327
01/04/2026;21:40:00;ESTRELA DE ALAGOAS;Chuva;Saída de leito carroçável;Com Vítimas Feridas;Plena Noite;Crescente;Chuva;Simples;Reta;-9,387544;-36,779429
01/04/2026;21:10:00;IVINHEMA;Ultrapassagem Indevida;Colisão frontal;Com Vítimas Fatais;Plena Noite;Decrescente;Nublado;Simples;Reta;-22,383795;-53,567944
01/04/2026;18:15:00;TARAUACA;Pista esburacada;Colisão traseira;Com Vítimas Feridas;Anoitecer;Decrescente;Ignorado;Simples;Reta;-8,13118;-70,91436
01/04/2026;15:55:00;FAXINAL DOS GUEDES;Ultrapassagem Indevida;Colisão lateral mesmo sentido;Com Vítimas Feridas;Pleno dia;Decrescente;Céu Claro;Simples;Reta;-26,875653;-52,193108
01/04/2026;07:27:00;CEARA-MIRIM;Pista Escorregadia;Colisão traseira;Com Vítimas Feridas;Pleno dia;Crescente;Chuva;Simples;Reta;-5,70891393;-35,37631989
31/03/2026;01:00:00;CRISTINAPOLIS;Ultrapassagem Indevida;Colisão frontal;Com Vítimas Fatais;Plena Noite;Crescente;Céu Claro;Simples;Curva;-11,470909;-37,747636
31/03/2026;06:30:00;TRAIRAO;Velocidade Incompatível;Tombamento;Com Vítimas Feridas;Amanhecer;Crescente;Nublado;Simples;Curva;-4,7192;-56,0144
31/03/2026;08:30:00;BARBACENA;Ultrapassagem Indevida;Colisão lateral mesmo sentido;Com Vítimas Feridas;Pleno dia;Crescente;Céu Claro;Simples;Rotatória;-21,219485;-43,7410483
31/03/2026;10:44:00;MIRACATU;Velocidade Incompatível;Tombamento;Com Vítimas Feridas;Pleno dia;Decrescente;Céu Claro;Dupla;Curva;-24,14353556;-47,28512192
31/03/2026;09:50:00;BARREIRAS;Velocidade Incompatível;Tombamento;Com Vítimas Feridas;Pleno dia;Crescente;Sol;Dupla;"Interseção de Vias;Curva";-12,11812188;-45,04449159
31/03/2026;12:34:00;SABARA;Velocidade Incompatível;Colisão frontal;Com Vítimas Fatais;Pleno dia;Crescente;Chuva;Simples;Curva;-19,788555;-43,697867
31/03/2026;15:40:00;REBOUCAS;Ultrapassagem Indevida;Colisão lateral mesmo sentido;Com Vítimas Feridas;Pleno dia;Decrescente;Garoa/Chuvisco;Simples;"Ponte;Reta";-25,63162158;-50,72662354
31/03/2026;18:00:00;NOVA MUTUM;Velocidade Incompatível;Colisão com objeto;Sem Vítimas;Anoitecer;Decrescente;Céu Claro;Múltipla;Reta;-13,919931;-56,093442
31/03/2026;17:15:00;TRES RIOS;Velocidade Incompatível;Colisão frontal;Com Vítimas Fatais;Plena Noite;Decrescente;Chuva;Simples;Curva;-22,126316;-43,14261746
31/03/2026;02:40:00;CABEDELO;Afundamento ou ondulação no pavimento;Tombamento;Com Vítimas Feridas;Plena Noite;Crescente;Chuva;Dupla;Reta;-7,0824356;-34,8484355
31/03/2026;07:20:00;ARAQUARI;Acumulo de água sobre o pavimento;Colisão com objeto;Com Vítimas Feridas;Pleno dia;Decrescente;Chuva;Dupla;Reta;-26,59326134;-48,72213213
31/03/2026;07:40:00;TERESINA;Conversão proibida;Colisão transversal;Com Vítimas Feridas;Pleno dia;Crescente;Céu Claro;Dupla;Reta;-5,102003;-42,766228
31/03/2026;08:40:00;BETIM;Velocidade Incompatível;Colisão com objeto;Com Vítimas Feridas;Pleno dia;Decrescente;Céu Claro;Múltipla;Curva;-19,957466;-44,119662
31/03/2026;09:30:00;SAO JOSE;Pista Escorregadia;Queda de ocupante de veículo;Com Vítimas Feridas;Pleno dia;Decrescente;Nublado;Múltipla;"Curva;Aclive";-27,58569298;-48,61778196
31/03/2026;07:40:00;DUQUE DE CAXIAS;Ultrapassagem Indevida;Colisão frontal;Com Vítimas Feridas;Pleno dia;Decrescente;Céu Claro;Simples;Reta;-22,60637729;-43,28433685
31/03/2026;08:25:00;ITAJAI;Acesso irregular;Colisão lateral sentido oposto;Com Vítimas Feridas;Pleno dia;Decrescente;Céu Claro;Múltipla;Reta;-26,8681775;-48,72987642
31/03/2026;12:40:00;CLARO DOS POCOES;Velocidade Incompatível;Saída de leito carroçável;Com Vítimas Feridas;Pleno dia;Decrescente;Chuva;Simples;Curva;-16,99285;-44,273399
31/03/2026;13:10:00;FOZ DO IGUACU;Velocidade Incompatível;Capotamento;Com Vítimas Feridas;Pleno dia;Decrescente;Céu Claro;Dupla;Reta;-25,48268877;-54,49132618
31/03/2026;13:10:00;SANTA INES;Conversão proibida;Colisão lateral mesmo sentido;Com Vítimas Feridas;Pleno dia;Decrescente;Céu Claro;Simples;Reta;-3,675625;-45,379373
31/03/2026;15:00:00;CASTANHAL;Chuva;Tombamento;Com Vítimas Feridas;Pleno dia;Crescente;Chuva;Dupla;"Reta;Aclive";-1,3060583;-48,01184177
31/03/2026;12:30:00;EUGENOPOLIS;Chuva;Colisão frontal;Com Vítimas Feridas;Pleno dia;Decrescente;Garoa/Chuvisco;Simples;"Declive;Reta";-21,12708887;-42,24288225
31/03/2026;17:30:00;MAIRIPORA;Pista Escorregadia;Queda de ocupante de veículo;Com Vítimas Feridas;Pleno dia;Crescente;Céu Claro;Dupla;Reta;-23,2822967;-46,58748
31/03/2026;16:00:00;PIRAI;Acumulo de água sobre o pavimento;Capotamento;Com Vítimas Feridas;Anoitecer;Decrescente;Chuva;Dupla;"Aclive;Curva";-22,6664;-43,8461
31/03/2026;18:00:00;AQUIRAZ;Velocidade Incompatível;Colisão traseira;Com Vítimas Feridas;Plena Noite;Decrescente;Céu Claro;Dupla;Reta;-4,03187;-38,510797
31/03/2026;14:50:00;JOINVILLE;Velocidade Incompatível;Colisão com objeto;Com Vítimas Feridas;Pleno dia;Decrescente;Nublado;Dupla;Curva;-26,31292901;-48,87370761
31/03/2026;17:55:00;IMBITUBA;Animais na Pista;Atropelamento de Animal;Com Vítimas Feridas;Anoitecer;Decrescente;Céu Claro;Múltipla;"Aclive;Reta";-28,18227302;-48,69580543
31/03/2026;19:40:00;MANHUACU;Ultrapassagem Indevida;Colisão transversal;Com Vítimas Feridas;Plena Noite;Crescente;Nublado;Simples;Curva;-20,265598;-42,035803
31/03/2026;18:00:00;VARZEA GRANDE;Demais falhas na via;Queda de ocupante de veículo;Com Vítimas Feridas;Anoitecer;Crescente;Céu Claro;Simples;Reta;-15,70454219;-56,1211924
31/03/2026;23:02:00;CABEDELO;Demais falhas na via;Tombamento;Com Vítimas Feridas;Plena Noite;Decrescente;Chuva;Dupla;Reta;-7,06359013;-34,85047886
31/03/2026;07:30:00;PETROPOLIS;Pista Escorregadia;Queda de ocupante de veículo;Com Vítimas Feridas;Pleno dia;Decrescente;Céu Claro;Dupla;Curva;-22,54575566;-43,22688818
31/03/2026;08:30:00;PALHOCA;Conversão proibida;Colisão transversal;Com Vítimas Feridas;Pleno dia;Crescente;Céu Claro;Simples;Reta;-27,67269678;-48,69420648
31/03/2026;15:00:00;ANGRA DOS REIS;Velocidade Incompatível;Tombamento;Com Vítimas Feridas;Pleno dia;Decrescente;Chuva;Simples;"Curva;Declive";-22,981047;-44,436112
31/03/2026;09:25:00;ITAPEJARA DOESTE;Falta de acostamento;Saída de leito carroçável;Sem Vítimas;Pleno dia;Não Informado;Céu Claro;Simples;Reta;-26,1088305;-52,7554981
30/03/2026;01:55:00;TUCANO;Demais Fenômenos da natureza;Atropelamento de Pedestre;Com Vítimas Fatais;Plena Noite;Decrescente;Chuva;Simples;"Aclive;Curva";-10,969595;-38,790913
30/03/2026;00:25:00;MASCOTE;Velocidade Incompatível;Saída de leito carroçável;Com Vítimas Feridas;Plena Noite;Decrescente;Nevoeiro/Neblina;Simples;Curva;-15,578195;-39,408345
30/03/2026;17:30:00;BOM JESUS;Ultrapassagem Indevida;Colisão frontal;Com Vítimas Fatais;Anoitecer;Decrescente;Nublado;Simples;Curva;-9,136885;-44,38976
30/03/2026;09:40:00;NOVA VICOSA;Conversão proibida;Colisão transversal;Com Vítimas Feridas;Pleno dia;Decrescente;Céu Claro;Simples;Reta;-17,903578;-39,931448
30/03/2026;19:30:00;JEQUITAI;Ultrapassagem Indevida;Colisão traseira;Com Vítimas Feridas;Plena Noite;Decrescente;Céu Claro;Simples;Reta;-17,1953265;-44,6394782
30/03/2026;18:50:00;LUIS EDUARDO MAGALHAES;Falta de acostamento;Colisão lateral sentido oposto;Com Vítimas Feridas;Plena Noite;Crescente;Nublado;Simples;Reta;-12,10342;-45,887214
30/03/2026;18:37:00;CAMPESTRE DO MARANHAO;Chuva;Colisão frontal;Com Vítimas Fatais;Plena Noite;Crescente;Chuva;Simples;Reta;-6,150925;-47,369267
30/03/2026;22:05:00;MORADA NOVA;Velocidade Incompatível;Colisão transversal;Com Vítimas Fatais;Plena Noite;Decrescente;Céu Claro;Simples;Curva;-4,50384167;-38,36005781
30/03/2026;04:00:00;PAULISTA;Velocidade Incompatível;Tombamento;Com Vítimas Feridas;Pleno dia;Crescente;Céu Claro;Dupla;Viaduto;-7,921047;-34,892063
30/03/2026;10:30:00;TRES BARRAS;Ultrapassagem Indevida;Colisão frontal;Com Vítimas Fatais;Pleno dia;Decrescente;Céu Claro;Simples;Reta;-26,17841813;-50,23108272
30/03/2026;00:10:00;CASCAVEL;Velocidade Incompatível;Saída de leito carroçável;Com Vítimas Feridas;Plena Noite;Crescente;Céu Claro;Dupla;"Curva;Declive";-25,02;-53,544