data_inversa;horario;municipio;causa_acidente;tipo_acidente;classificacao_acidente;fase_dia;sentido_via;condicao_metereologica;tipo_pista;tracado_via;latitude;longitude
27/03/2026;18:30:00;HORIZONTE;Acesso irregular;Colisão transversal;Com Vítimas Feridas;Plena Noite;Decrescente;Céu Claro;Dupla;Reta;-4,0604615;-38,5047078
27/03/2026;16:40:00;CAMPO GRANDE;Conversão proibida;Colisão transversal;Com Vítimas Feridas;Pleno dia;Crescente;Céu Claro;Simples;"Curva;Interseção de Vias";-20,575226;-54,593839
27/03/2026;14:40:00;PICOS;Conversão proibida;Colisão transversal;Com Vítimas Feridas;Pleno dia;Decrescente;Céu Claro;Simples;Reta;-7,094665;-41,422867
27/03/2026;19:00:00;NOVA IGUACU;Acostamento em desnível;Queda de ocupante de veículo;Com Vítimas Feridas;Plena Noite;Decrescente;Céu Claro;Dupla;Reta;-22,74216773;-43,51976395
27/03/2026;19:00:00;JATAI;Animais na Pista;Eventos atípicos;Sem Vítimas;Anoitecer;Decrescente;Nublado;Dupla;Reta;-17,844775;-51,46838
27/03/2026;19:15:00;SAO MIGUEL DO IGUACU;Acumulo de areia ou detritos sobre o pavimento;Queda de ocupante de veículo;Com Vítimas Feridas;Plena Noite;Crescente;Céu Claro;Dupla;Retorno Regulamentado;-25,42391062;-54,35891239
27/03/2026;20:40:00;CARIDADE;Acesso irregular;Tombamento;Com Vítimas Feridas;Plena Noite;Crescente;Céu Claro;Simples;Curva;-4,099232;-39,057598
27/03/2026;20:30:00;FLORANIA;Velocidade Incompatível;Capotamento;Com Vítimas Feridas;Pleno dia;Crescente;Céu Claro;Simples;Curva;-6,209617;-36,747458
27/03/2026;22:30:00;GUAPO;Velocidade Incompatível;Queda de ocupante de veículo;Com Vítimas Feridas;Plena Noite;Crescente;Céu Claro;Dupla;Curva;-16,899338;-49,638287
27/03/2026;19:42:00;BONFIM;Animais na Pista;Atropelamento de Animal;Com Vítimas Feridas;Plena Noite;Crescente;Nublado;Simples;Reta;3,34735986;-59,90865581
27/03/2026;17:00:00;CATUJI;Velocidade Incompatível;Colisão lateral sentido oposto;Com Vítimas Feridas;Pleno dia;Crescente;Garoa/Chuvisco;Simples;"Aclive;Reta";-17,443206;-41,509771
27/03/2026;22:30:00;NOVA FATIMA;Ultrapassagem Indevida;Colisão frontal;Com Vítimas Fatais;Plena Noite;Crescente;Nublado;Simples;"Reta;Em Obras;Aclive";-11,5736717;-39,6652172
27/03/2026;15:20:00;PETROLINA;Acesso irregular;Colisão transversal;Com Vítimas Feridas;Pleno dia;Decrescente;Ignorado;Dupla;Interseção de Vias;-9,39139623;-40,5189893
26/03/2026;02:30:00;LUZ;Velocidade Incompatível;Tombamento;Com Vítimas Feridas;Plena Noite;Decrescente;Céu Claro;Simples;Curva;-19,707562;-45,920964
26/03/2026;05:25:00;RECIFE;Acumulo de água sobre o pavimento;Colisão lateral mesmo sentido;Com Vítimas Feridas;Amanhecer;Decrescente;Chuva;Dupla;"Reta;Declive";-8,0337;-34,94193
26/03/2026;06:41:00;CARIACICA;Ultrapassagem Indevida;Colisão frontal;Com Vítimas Feridas;Pleno dia;Decrescente;Céu Claro;Simples;"Aclive;Curva";-20,234445;-40,369256
26/03/2026;06:15:00;ITABUNA;Chuva;Eventos atípicos;Com Vítimas Fatais;Amanhecer;Crescente;Garoa/Chuvisco;Simples;Reta;-14,852;-39,39
26/03/2026;07:00:00;SANTO AMARO DA IMPERATRIZ;Acumulo de areia ou detritos sobre o pavimento;Derramamento de carga;Com Vítimas Feridas;Pleno dia;Crescente;Céu Claro;Simples;Curva;-27,70654085;-48,84052277
26/03/2026;06:35:00;BRUMADINHO;Velocidade Incompatível;Saída de leito carroçável;Com Vítimas Feridas;Pleno dia;Crescente;Céu Claro;Dupla;"Curva;Declive";-20,122909;-44,300529
26/03/2026;06:54:00;NOBRES;Chuva;Tombamento;Com Vítimas Feridas;Pleno dia;Decrescente;Chuva;Dupla;"Declive;Curva";-14,62174478;-56,26360685
26/03/2026;06:36:00;NOBRES;Chuva;Saída de leito carroçável;Com Vítimas Feridas;Pleno dia;Decrescente;Chuva;Dupla;"Declive;Reta";-14,62753945;-56,26839057
26/03/2026;11:50:00;PAULO LOPES;Ausência de sinalização;Colisão traseira;Com Vítimas Feridas;Pleno dia;Crescente;Sol;Dupla;"Reta;Declive";-28,023093;-48,702793
26/03/2026;12:55:00;CANDEIAS DO JAMARI;Pista Escorregadia;Colisão frontal;Com Vítimas Feridas;Pleno dia;Crescente;Chuva;Simples;"Aclive;Reta";-8,7751;-63,4923
26/03/2026;13:50:00;CACOAL;Ultrapassagem Indevida;Colisão lateral sentido oposto;Com Vítimas Feridas;Pleno dia;Decrescente;Chuva;Simples;"Reta;Aclive;Interseção de Vias";-11,49855;-61,372245
26/03/2026;15:20:00;LARANJEIRAS;Ultrapassagem Indevida;Colisão frontal;Com Vítimas Feridas;Pleno dia;Decrescente;Céu Claro;Simples;Reta;-10,7771984;-37,13572025
26/03/2026;14:30:00;CABO DE SANTO AGOSTINHO;Velocidade Incompatível;Tombamento;Com Vítimas Feridas;Pleno dia;Crescente;Céu Claro;Dupla;Curva;-8,31461077;-35,10397338
26/03/2026;16:30:00;ICARA;Velocidade Incompatível;Colisão traseira;Com Vítimas Feridas;Pleno dia;Crescente;Céu Claro;Dupla;Reta;-28,703138;-49,199547
26/03/2026;17:15:00;SINOP;Demais falhas na via;Colisão lateral mesmo sentido;Sem Vítimas;Anoitecer;Decrescente;Garoa/Chuvisco;Simples;"Interseção de Vias;Retorno Regulamentado";-11,930343;-55,513378
26/03/2026;19:22:00;ITAIOPOLIS;Ultrapassagem Indevida;Colisão frontal;Com Vítimas Fatais;Plena Noite;Crescente;Nublado;Simples;"Reta;Aclive";-26,33984528;-50,02079487
26/03/2026;15:50:00;SAPUCAIA DO SUL;Ausência de sinalização;Colisão traseira;Com Vítimas Feridas;Pleno dia;Crescente;Céu Claro;Dupla;"Reta;Em Obras";-29,80193577;-51,16599494
26/03/2026;18:35:00;PIRENOPOLIS;Iluminação deficiente;Colisão traseira;Com Vítimas Feridas;Plena Noite;Crescente;Céu Claro;Simples;"Reta;Aclive";-16,08918132;-49,03782964
26/03/2026;21:00:00;PRESIDENTE TANCREDO NEVES;Ultrapassagem Indevida;Colisão lateral sentido oposto;Com Vítimas Feridas;Plena Noite;Decrescente;Céu Claro;Simples;"Aclive;Reta";-13,430852;-39,419978
26/03/2026;13:10:00;SANTA TERESINHA;Sinalização mal posicionada;Colisão traseira;Com Vítimas Feridas;Pleno dia;Crescente;Céu Claro;Simples;Curva;-12,62852244;-39,59605618
26/03/2026;03:45:00;RIO DO SUL;Conversão proibida;Colisão lateral mesmo sentido;Com Vítimas Feridas;Plena Noite;Crescente;Céu Claro;Simples;"Reta;Rotatória";-27,2396234;-49,68465734
26/03/2026;03:00:00;SAO CAITANO;Animais na Pista;Atropelamento de Animal;Com Vítimas Feridas;Plena Noite;Decrescente;Chuva;Dupla;Reta;-8,332872;-36,139014
26/03/2026;05:00:00;BRASILIA;Animais na Pista;Colisão traseira;Com Vítimas Feridas;Amanhecer;Decrescente;Nublado;Dupla;"Declive;Reta";-15,60376642;-47,68572485
26/03/2026;00:50:00;RIO BRANCO;Acumulo de água sobre o pavimento;Colisão com objeto;Com Vítimas Feridas;Plena Noite;Crescente;Nublado;Dupla;"Reta;Rotatória";-10,01142646;-67,79311029
26/03/2026;07:50:00;ACREUNA;Acumulo de água sobre o pavimento;Colisão com objeto;Com Vítimas Feridas;Pleno dia;Crescente;Chuva;Dupla;Reta;-17,323587;-50,298177
26/03/2026;06:35:00;NOSSA SENHORA DO LIVRAMENTO;Acumulo de água sobre o pavimento;Saída de leito carroçável;Com Vítimas Feridas;Pleno dia;Decrescente;Chuva;Simples;Curva;-15,7030357;-56,4068985
26/03/2026;12:36:00;LONTRAS;Acesso irregular;Colisão frontal;Com Vítimas Feridas;Pleno dia;Decrescente;Céu Claro;Simples;Reta;-27,15108765;-49,55236316
26/03/2026;11:30:00;ARGIRITA;Velocidade Incompatível;Saída de leito carroçável;Com Vítimas Feridas;Pleno dia;Decrescente;Céu Claro;Simples;"Declive;Curva";-21,593572;-42,794697
26/03/2026;15:30:00;INDAIAL;Conversão proibida;Colisão lateral mesmo sentido;Com Vítimas Feridas;Pleno dia;Decrescente;Céu Claro;Simples;"Aclive;Reta";-26,87216656;-49,19356791
26/03/2026;16:40:00;MARUIM;Pista esburacada;Queda de ocupante de veículo;Com Vítimas Feridas;Anoitecer;Crescente;Céu Claro;Dupla;Reta;-10,76899848;-37,11911201
26/03/2026;17:00:00;BLUMENAU;Retorno proibido;Colisão lateral mesmo sentido;Com Vítimas Feridas;Pleno dia;Crescente;Nublado;Simples;"Reta;Em Obras";-26,86240009;-49,09187078
26/03/2026;17:40:00;UBATUBA;Retorno proibido;Colisão lateral mesmo sentido;Com Vítimas Feridas;Anoitecer;Decrescente;Céu Claro;Simples;Reta;-23,44077037;-45,08703081
26/03/2026;18:10:00;JARAGUA DO SUL;Retorno proibido;Colisão transversal;Com Vítimas Feridas;Anoitecer;Decrescente;Nublado;Simples;Reta;-26,468757;-49,117186
26/03/2026;18:35:00;SAO JOSE DO CERRITO;Ultrapassagem Indevida;Colisão frontal;Com Vítimas Feridas;Plena Noite;Crescente;Céu Claro;Simples;Reta;-27,7440776;-50,5097976
26/03/2026;19:10:00;UNIAO DOS PALMARES;Acesso irregular;Colisão frontal;Com Vítimas Feridas;Plena Noite;Crescente;Garoa/Chuvisco;Simples;Reta;-9,167978;-36,024684
26/03/2026;20:20:00;SAO MARCOS;Velocidade Incompatível;Colisão frontal;Com Vítimas Feridas;Plena Noite;Crescente;Céu Claro;Simples;Curva;-28,928309;-51,098272
26/03/2026;12:50:00;VILHENA;Ultrapassagem Indevida;Saída de leito carroçável;Com Vítimas Feridas;Pleno dia;Crescente;Nublado;Simples;Reta;-12,51636471;-60,43267251
26/03/2026;19:15:00;CORRENTINA;Ultrapassagem Indevida;Colisão frontal;Com Vítimas Fatais;Plena Noite;Crescente;Céu Claro;Simples;Reta;-13,4022361;-44,34750796
26/03/2026;21:40:00;MACAPA;Ultrapassagem Indevida;Colisão frontal;Com Vítimas Fatais;Plena Noite;Decrescente;Ignorado;Simples;Reta;0,0871;-51,0875
26/03/2026;18:20:00;SAO GONCALO DO AMARANTE;Velocidade Incompatível;Atropelamento de Pedestre;Com Vítimas Feridas;Anoitecer;Crescente;Céu Claro;Simples;Reta;-3,671178;-39,086744
26/03/2026;21:00:00;ILHEUS;Chuva;Tombamento;Com Vítimas Feridas;Plena Noite;Decrescente;Chuva;Dupla;Reta;-14,802472;-39,131518
26/03/2026;21:40:00;SAO JOSE DOS PINHAIS;Velocidade Incompatível;Capotamento;Com Vítimas Feridas;Plena Noite;Decrescente;Céu Claro;Simples;"Declive;Curva";-25,665892;-49,154219
26/03/2026;19:45:00;RIO NEGRO;Ultrapassagem Indevida;Colisão lateral mesmo sentido;Com Vítimas Feridas;Plena Noite;Decrescente;Céu Claro;Simples;Reta;-26,1021897;-49,7805428
26/03/2026;16:51:00;TEIXEIRA DE FREITAS;Conversão proibida;Colisão traseira;Com Vítimas Feridas;Pleno dia;Decrescente;Céu Claro;Dupla;Rotatória;-17,52467756;-39,70787144
25/03/2026;05:00:00;ANAPOLIS;Deficiência do Sistema de Iluminação/Sinalização;Colisão traseira;Com Vítimas Feridas;Plena Noite;Crescente;Chuva;Simples;"Reta;Aclive";-16,14085291;-49,04722005
25/03/2026;06:20:00;BRASILIA;Velocidade Incompatível;Saída de leito carroçável;Com Vítimas Feridas;Amanhecer;Crescente;Chuva;Dupla;Curva;-15,59567;-47,65181
25/03/2026;07:50:00;TRAIRAO;Velocidade Incompatível;Tombamento;Com Vítimas Fatais;Pleno dia;Crescente;Nublado;Simples;Curva;-4,73283503;-56,04777691
25/03/2026;12:10:00;MARTINS SOARES;Conversão proibida;Colisão transversal;Com Vítimas Feridas;Pleno dia;Crescente;Céu Claro;Simples;Reta;-20,2584192;-41,8616814
25/03/2026;22:20:00;GUARATUBA;Velocidade Incompatível;Colisão lateral mesmo sentido;Com Vítimas Feridas;Plena Noite;Crescente;Céu Claro;Dupla;"Declive;Curva";-25,87561296;-48,93642822
25/03/2026;21:20:00;SAO PAULO;Velocidade Incompatível;Tombamento;Sem Vítimas;Plena Noite;Decrescente;Céu Claro;Dupla;"Aclive;Curva;Interseção de Vias";-23,41168628;-46,58131108
25/03/2026;19:20:00;PIRAPORA;Animais na Pista;Atropelamento de Animal;Sem Vítimas;Plena Noite;Decrescente;Nublado;Simples;Reta;-17,312715;-44,895315
25/03/2026;21:00:00;TEOFILO OTONI;Acumulo de água sobre o pavimento;Saída de leito carroçável;Com Vítimas Feridas;Plena Noite;Crescente;Chuva;Simples;Curva;-17,47295274;-41,49448156
25/03/2026;08:30:00;BRASILIA;Acostamento em desnível;Queda de ocupante de veículo;Com Vítimas Feridas;Pleno dia;Decrescente;Céu Claro;Dupla;Curva;-15,977167;-48,200772
25/03/2026;07:50:00;MANHUACU;Velocidade Incompatível;Saída de leito carroçável;Com Vítimas Feridas;Pleno dia;Crescente;Nublado;Simples;"Declive;Curva";-20,00844391;-42,15101481
25/03/2026;11:15:00;SERRA TALHADA;Pista Escorregadia;Queda de ocupante de veículo;Com Vítimas Feridas;Pleno dia;Decrescente;Céu Claro;Simples;Reta;-7,983402;-38,283705
25/03/2026;12:10:00;CARATINGA;Retorno proibido;Colisão transversal;Com Vítimas Feridas;Pleno dia;Decrescente;Nublado;Simples;Curva;-19,769895;-42,131922
25/03/2026;09:00:00;INHAPI;Acesso irregular;Colisão traseira;Com Vítimas Feridas;Pleno dia;Crescente;Céu Claro;Simples;Reta;-9,26161225;-37,72403665
25/03/2026;12:15:00;DIONISIO CERQUEIRA;Acumulo de água sobre o pavimento;Saída de leito carroçável;Com Vítimas Feridas;Pleno dia;Crescente;Chuva;Simples;Curva;-26,35492906;-53,54285424
25/03/2026;13:35:00;GUARAMIRIM;Velocidade Incompatível;Colisão com objeto;Com Vítimas Feridas;Pleno dia;Crescente;Céu Claro;Dupla;"Viaduto;Declive;Interseção de Vias;Em Obras";-26,45286;-48,91074
25/03/2026;15:35:00;NOVA IGUACU;Ultrapassagem Indevida;Colisão traseira;Com Vítimas Feridas;Pleno dia;Crescente;Céu Claro;Múltipla;Reta;-22,75029352;-43,43991727
25/03/2026;15:00:00;PARAOPEBA;Velocidade Incompatível;Saída de leito carroçável;Com Vítimas Feridas;Pleno dia;Decrescente;Chuva;Dupla;Curva;-19,241975;-44,427769
25/03/2026;15:00:00;MAFRA;Velocidade Incompatível;Saída de leito carroçável;Com Vítimas Feridas;Pleno dia;Decrescente;Sol;Simples;"Declive;Reta";-26,201952;-49,755801
25/03/2026;17:50:00;GOVERNADOR VALADARES;Chuva;Tombamento;Com Vítimas Feridas;Anoitecer;Crescente;Chuva;Dupla;"Interseção de Vias;Reta";-18,845107;-41,981233
25/03/2026;18:35:00;SEROPEDICA;Ultrapassagem Indevida;Colisão transversal;Com Vítimas Feridas;Plena Noite;Crescente;Céu Claro;Simples;Reta;-22,71705265;-43,72876167
25/03/2026;19:00:00;GOVERNADOR VALADARES;Ultrapassagem Indevida;Colisão frontal;Com Vítimas Feridas;Plena Noite;Decrescente;Céu Claro;Simples;Curva;-18,83451;-41,99066
25/03/2026;21:50:00;FLORIANOPOLIS;Velocidade Incompatível;Colisão traseira;Com Vítimas Feridas;Plena Noite;Decrescente;Céu Claro;Dupla;Reta;-27,60345605;-48,58182943
25/03/2026;17:31:00;OEIRAS;Retorno proibido;Colisão lateral mesmo sentido;Com Vítimas Feridas;Pleno dia;Crescente;Céu Claro;Dupla;Reta;-7,010657;-42,129917
25/03/2026;19:00:00;MALLET;Ultrapassagem Indevida;Colisão frontal;Com Vítimas Fatais;Plena Noite;Crescente;Céu Claro;Simples;"Declive;Reta";-25,81926;-50,84039
25/03/2026;23:30:00;JUAZEIRO;Iluminação deficiente;Colisão traseira;Sem Vítimas;Plena Noite;Decrescente;Céu Claro;Simples;Reta;-9,42578265;-40,50548522
25/03/2026;22:20:00;CAMAQUA;Chuva;Saída de leito carroçável;Sem Vítimas;Plena Noite;Crescente;Chuva;Simples;"Desvio Temporário;Em Obras";-30,926395;-51,909026
25/03/2026;19:00:00;FEIRA DE SANTANA;Ultrapassagem Indevida;Colisão lateral mesmo sentido;Com Vítimas Feridas;Plena Noite;Crescente;Ignorado;Simples;Reta;-12,255514;-38,932298
24/03/2026;02:10:00;UBERABA;Velocidade Incompatível;Saída de leito carroçável;Com Vítimas Feridas;Plena Noite;Decrescente;Céu Claro;Dupla;Retorno Regulamentado;-19,5838899;-48,0305584
24/03/2026;14:20:00;TIBAGI;Velocidade Incompatível;Colisão com objeto;Com Vítimas Feridas;Pleno dia;Decrescente;Chuva;Dupla;Curva;-24,78639;-50,50774
24/03/2026;13:05:00;TERESOPOLIS;Velocidade Incompatível;Colisão traseira;Com Vítimas Feridas;Pleno dia;Crescente;Nublado;Simples;Reta;-22,43599548;-42,94858611
24/03/2026;11:30:00;JANGADA;Acostamento em desnível;Saída de leito carroçável;Com Vítimas Feridas;Pleno dia;Decrescente;Chuva;Simples;"Declive;Reta";-15,33459;-56,42199
24/03/2026;05:55:00;HIDROLINA;Animais na Pista;Colisão lateral sentido oposto;Com Vítimas Feridas;Amanhecer;Crescente;Céu Claro;Simples;Reta;-14,749223;-49,252383
24/03/2026;02:25:00;TERENOS;Animais na Pista;Atropelamento de Animal;Com Vítimas Feridas;Plena Noite;Decrescente;Céu Claro;Simples;Reta;-20,42888288;-55,06420612
24/03/2026;06:00:00;DUQUE DE CAXIAS;Acesso irregular;Colisão traseira;Com Vítimas Feridas;Pleno dia;Crescente;Céu Claro;Dupla;Reta;-22,58031161;-43,27456847
24/03/2026;07:35:00;PAUDALHO;Animais na Pista;Atropelamento de Animal;Com Vítimas Feridas;Pleno dia;Crescente;Sol;Dupla;Reta;-7,94393;-35,1201
24/03/2026;07:45:00;CARIACICA;Acumulo de areia ou detritos sobre o pavimento;Tombamento;Com Vítimas Feridas;Pleno dia;Decrescente;Sol;Dupla;"Aclive;Reta";-20,311372;-40,395106
24/03/2026;09:20:00;SALVADOR;Pista Escorregadia;Queda de ocupante de veículo;Com Vítimas Feridas;Pleno dia;Crescente;Chuva;Múltipla;Curva;-12,8905775;-38,4453751
24/03/2026;10:40:00;MEDIANEIRA;Sinalização mal posicionada;Atropelamento de Pedestre;Com Vítimas Feridas;Pleno dia;Crescente;Céu Claro;Dupla;Reta;-25,30033907;-54,13031191
24/03/2026;10:30:00;SANTANA DO PARAISO;Ultrapassagem Indevida;Saída de leito carroçável;Com Vítimas Feridas;Pleno dia;Decrescente;Nublado;Simples;Reta;-19,419631;-42,494024
24/03/2026;10:50:00;CONTENDA;Velocidade Incompatível;Colisão transversal;Com Vítimas Fatais;Pleno dia;Decrescente;Céu Claro;Simples;"Curva;Aclive";-25,70404109;-49,58751082
24/03/2026;13:45:00;ANAPOLIS;Condutor usando celular;Saída de leito carroçável;Com Vítimas Feridas;Pleno dia;Decrescente;Céu Claro;Dupla;Reta;-16,2844745;-48,95009518
24/03/2026;14:20:00;REDUTO;Acesso irregular;Colisão transversal;Com Vítimas Feridas;Pleno dia;Crescente;Céu Claro;Simples;Curva;-20,245712;-41,924939
24/03/2026;14:00:00;JEQUITAI;Velocidade Incompatível;Tombamento;Sem Vítimas;Pleno dia;Crescente;Chuva;Simples;"Curva;Declive";-17,017618;-44,29673
24/03/2026;14:15:00;ARAGUARI;Chuva;Saída de leito carroçável;Com Vítimas Feridas;Pleno dia;Decrescente;Chuva;Dupla;Reta;-18,435389;-48,058711
24/03/2026;17:50:00;ALHANDRA;Demais falhas na via;Queda de ocupante de veículo;Com Vítimas Feridas;Plena Noite;Decrescente;Céu Claro;Dupla;Reta;-7,29356917;-34,93761733
24/03/2026;18:00:00;CAMPINA GRANDE;Animais na Pista;Atropelamento de Animal;Com Vítimas Feridas;Plena Noite;Decrescente;Nublado;Dupla;"Declive;Reta";-7,251548;-35,839403
24/03/2026;16:50:00;SAO LEOPOLDO;Velocidade Incompatível;Colisão traseira;Com Vítimas Feridas;Pleno dia;Decrescente;Nublado;Dupla;"Retorno Regulamentado;Reta";-29,7501022;-51,15119174
24/03/2026;17:05:00;CACOAL;Ultrapassagem Indevida;Colisão lateral mesmo sentido;Com Vítimas Feridas;Pleno dia;Crescente;Céu Claro;Simples;Reta;-11,437359;-61,45643
24/03/2026;18:42:00;GUARULHOS;Velocidade Incompatível;Colisão lateral mesmo sentido;Com Vítimas Feridas;Plena Noite;Crescente;Céu Claro;Múltipla;Reta;-23,46094903;-46,48849416
24/03/2026;17:00:00;CASCAVEL;Velocidade Incompatível;Saída de leito carroçável;Com Vítimas Feridas;Anoitecer;Decrescente;Céu Claro;Dupla;Reta;-24,8671759;-53,5745486
24/03/2026;18:00:00;CURACA;Animais na Pista;Saída de leito carroçável;Com Vítimas Fatais;Anoitecer;Decrescente;Céu Claro;Simples;Reta;-9,61302118;-39,83122719
24/03/2026;20:20:00;ESPERANCA;Velocidade Incompatível;Colisão com objeto;Com Vítimas Feridas;Plena Noite;Decrescente;Céu Claro;Simples;Reta;-6,991433;-35,833228
24/03/2026;18:40:00;LORENA;Conversão proibida;Colisão transversal;Com Vítimas Feridas;Plena Noite;Decrescente;Céu Claro;Simples;Declive;-22,66976;-45,14003
24/03/2026;18:00:00;GUAPIMIRIM;Ultrapassagem Indevida;Colisão lateral sentido oposto;Com Vítimas Feridas;Anoitecer;Crescente;Céu Claro;Simples;"Declive;Reta";-22,47742098;-42,99756207
24/03/2026;22:30:00;JARU;Pista esburacada;Tombamento;Com Vítimas Feridas;Plena Noite;Decrescente;Chuva;Simples;Reta;-10,43635962;-62,47379168
24/03/2026;13:15:00;CAMPOS DOS GOYTACAZES;Ultrapassagem Indevida;Colisão frontal;Com Vítimas Feridas;Pleno dia;Decrescente;Céu Claro;Simples;Reta;-21,756991;-41,240842
23/03/2026;04:10:00;IGARAPE;Velocidade Incompatível;Tombamento;Com Vítimas Feridas;Plena Noite;Decrescente;Céu Claro;Dupla;"Declive;Curva";-20,09966;-44,31866
23/03/2026;06:40:00;JATAI;Velocidade Incompatível;Tombamento;Com Vítimas Feridas;Pleno dia;Decrescente;Sol;Simples;"Declive;Curva";-17,9276652;-51,65949047
23/03/2026;11:25:00;MATUPA;Ultrapassagem Indevida;Colisão lateral sentido oposto;Com Vítimas Feridas;Pleno dia;Crescente;Nublado;Simples;Reta;-10,1340899;-54,93111491
23/03/2026;11:30:00;TERRA NOVA DO NORTE;Velocidade Incompatível;Colisão frontal;Com Vítimas Feridas;Pleno dia;Crescente;Chuva;Dupla;"Declive;Curva";-10,71924113;-55,12778313
23/03/2026;16:13:00;ARAPONGAS;Ultrapassagem Indevida;Colisão transversal;Com Vítimas Feridas;Pleno dia;Decrescente;Céu Claro;Simples;Reta;-23,42694658;-51,4231994
23/03/2026;19:00:00;PATOS DE MINAS;Ultrapassagem Indevida;Colisão lateral sentido oposto;Com Vítimas Feridas;Plena Noite;Decrescente;Céu Claro;Simples;"Declive;Reta";-18,66872105;-46,53457671
23/03/2026;16:45:00;PASSO FUNDO;Ultrapassagem Indevida;Colisão frontal;Com Vítimas Fatais;Anoitecer;Decrescente;Nublado;Simples;Reta;-28,239354;-52,536421
23/03/2026;22:48:00;GARANHUNS;Ultrapassagem Indevida;Colisão frontal;Com Vítimas Fatais;Plena Noite;Crescente;Céu Claro;Simples;"Reta;Aclive";-8,8314288;-36,5453483
23/03/2026;06:55:00;BRASILIA;Velocidade Incompatível;Colisão traseira;Com Vítimas Feridas;Pleno dia;Decrescente;Céu Claro;Dupla;Reta;-15,99208475;-47,98628703
23/03/2026;17:00:00;IBIRAPITANGA;Velocidade Incompatível;Tombamento;Com Vítimas Feridas;Anoitecer;Decrescente;Céu Claro;Simples;"Declive;Curva";-13,98876292;-39,46604061
23/03/2026;02:43:00;NOVA IGUACU;Acesso irregular;Colisão frontal;Com Vítimas Feridas;Plena Noite;Crescente;Sol;Dupla;"Em Obras;Curva";-22,74055936;-43,45617263
23/03/2026;03:30:00;NAVEGANTES;Chuva;Saída de leito carroçável;Sem Vítimas;Plena Noite;Crescente;Nublado;Dupla;Reta;-26,83670107;-48,71867627
23/03/2026;06:24:00;MORRINHOS;Pista esburacada;Queda de ocupante de veículo;Com Vítimas Feridas;Amanhecer;Crescente;Céu Claro;Dupla;Reta;-17,62059958;-49,18021202
23/03/2026;01:25:00;SAO PAULO;Ausência de sinalização;Colisão transversal;Sem Vítimas;Plena Noite;Decrescente;Céu Claro;Múltipla;Curva;-23,46662;-46,57157
23/03/2026;05:10:00;ITAGUARA;Velocidade Incompatível;Colisão com objeto;Com Vítimas Feridas;Amanhecer;Decrescente;Céu Claro;Dupla;Reta;-20,431245;-44,55185
23/03/2026;06:30:00;VIANA;Retorno proibido;Colisão transversal;Com Vítimas Feridas;Pleno dia;Crescente;Sol;Simples;Curva;-20,38402173;-40,46607971
23/03/2026;07:23:00;CRISTIANO OTONI;Conversão proibida;Colisão transversal;Com Vítimas Feridas;Pleno dia;Decrescente;Céu Claro;Simples;Reta;-20,79491546;-43,81008267
23/03/2026;02:35:00;BALSA NOVA;Animais na Pista;Tombamento;Com Vítimas Feridas;Plena Noite;Decrescente;Céu Claro;Dupla;"Curva;Declive";-25,47313231;-49,63640079
23/03/2026;08:45:00;GOIATUBA;Pista esburacada;Tombamento;Com Vítimas Feridas;Pleno dia;Crescente;Céu Claro;Dupla;Reta;-18,11928304;-49,28103983
23/03/2026;09:30:00;BIGUACU;Velocidade Incompatível;Colisão com objeto;Com Vítimas Feridas;Pleno dia;Decrescente;Céu Claro;Simples;Rotatória;-27,494235;-48,712035
23/03/2026;07:20:00;CARATINGA;Pista Escorregadia;Tombamento;Com Vítimas Feridas;Pleno dia;Crescente;Garoa/Chuvisco;Simples;"Curva;Aclive";-19,77681457;-42,13357184
23/03/2026;10:00:00;ANAPOLIS;Afundamento ou ondulação no pavimento;Tombamento;Com Vítimas Feridas;Pleno dia;Decrescente;Céu Claro;Dupla;Reta;-16,366181;-48,936994
23/03/2026;10:20:00;FRUTAL;Pista esburacada;Saída de leito carroçável;Com Vítimas Feridas;Pleno dia;Crescente;Céu Claro;Simples;"Curva;Declive";-19,92043262;-48,96081775
23/03/2026;12:00:00;BARBACENA;Acesso irregular;Colisão traseira;Com Vítimas Feridas;Pleno dia;Decrescente;Céu Claro;Simples;Curva;-21,1782406;-43,7568437
23/03/2026;11:40:00;VARZEA GRANDE;Conversão proibida;Colisão transversal;Com Vítimas Feridas;Pleno dia;Decrescente;Sol;Simples;Reta;-15,67151311;-56,17923081
23/03/2026;09:00:00;BETIM;Demais falhas na via;Colisão com objeto;Com Vítimas Feridas;Pleno dia;Crescente;Nublado;Dupla;"Reta;Aclive";-19,96931583;-44,18138659
23/03/2026;13:20:00;CAXIAS DO SUL;Conversão proibida;Colisão lateral mesmo sentido;Com Vítimas Feridas;Pleno dia;Crescente;Sol;Simples;Curva;-29,1876264;-51,1818932
23/03/2026;13:15:00;VITORIA DA CONQUISTA;Conversão proibida;Colisão transversal;Com Vítimas Feridas;Pleno dia;Decrescente;Céu Claro;Dupla;"Declive;Reta";-14,82678;-40,82473
23/03/2026;14:18:00;BACABEIRA;Pista Escorregadia;Saída de leito carroçável;Com Vítimas Feridas;Pleno dia;Crescente;Nublado;Dupla;Reta;-3,096958;-44,322182
23/03/2026;14:06:00;PORTO REAL;Acumulo de areia ou detritos sobre o pavimento;Tombamento;Com Vítimas Feridas;Pleno dia;Crescente;Nublado;Dupla;Reta;-22,45356701;-44,36984031