data_inversa;horario;municipio;causa_acidente;tipo_acidente;classificacao_acidente;fase_dia;sentido_via;condicao_metereologica;tipo_pista;tracado_via;latitude;longitude
23/03/2026;08:00:00;SANTANA DO LIVRAMENTO;Acumulo de água sobre o pavimento;Saída de leito carroçável;Sem Vítimas;Pleno dia;Crescente;Chuva;Simples;Reta;-30,8558069;-55,53842068
23/03/2026;14:30:00;ACAILANDIA;Ultrapassagem Indevida;Colisão transversal;Sem Vítimas;Pleno dia;Crescente;Céu Claro;Simples;Declive;-4,909535;-47,411582
23/03/2026;19:20:00;TRES MARIAS;Animais na Pista;Atropelamento de Animal;Com Vítimas Feridas;Plena Noite;Decrescente;Céu Claro;Simples;"Aclive;Reta";-18,338316;-45,102886
23/03/2026;19:20:00;MAFRA;Conversão proibida;Colisão transversal;Com Vítimas Feridas;Plena Noite;Decrescente;Céu Claro;Simples;Reta;-26,178137;-49,815095
23/03/2026;17:45:00;VARZEA GRANDE;Acesso irregular;Colisão transversal;Com Vítimas Feridas;Anoitecer;Crescente;Nublado;Simples;Reta;-15,65933055;-56,18782707
23/03/2026;17:30:00;LEOPOLDINA;Ultrapassagem Indevida;Colisão lateral mesmo sentido;Com Vítimas Feridas;Pleno dia;Crescente;Céu Claro;Simples;Aclive;-21,52826116;-42,62195975
23/03/2026;16:30:00;TEOFILO OTONI;Ultrapassagem Indevida;Colisão lateral sentido oposto;Com Vítimas Feridas;Anoitecer;Crescente;Nublado;Simples;Reta;-17,55126;-41,4751
23/03/2026;18:20:00;SEROPEDICA;Acesso irregular;Colisão transversal;Com Vítimas Feridas;Plena Noite;Crescente;Céu Claro;Simples;Reta;-22,811011;-43,631453
23/03/2026;20:30:00;LAGES;Chuva;Colisão com objeto;Com Vítimas Feridas;Plena Noite;Decrescente;Chuva;Simples;Rotatória;-27,79515138;-50,33845961
23/03/2026;21:20:00;CAMPESTRE DO MARANHAO;Pista Escorregadia;Saída de leito carroçável;Com Vítimas Feridas;Plena Noite;Crescente;Ignorado;Simples;Aclive;-6,232115;-47,351552
23/03/2026;20:50:00;TRES MARIAS;Animais na Pista;Atropelamento de Animal;Com Vítimas Feridas;Plena Noite;Crescente;Nublado;Simples;"Curva;Interseção de Vias;Aclive";-18,221;-45,221
23/03/2026;21:10:00;ARAUCARIA;Iluminação deficiente;Atropelamento de Pedestre;Com Vítimas Feridas;Plena Noite;Decrescente;Céu Claro;Dupla;Reta;-25,55605954;-49,34321237
22/03/2026;00:50:00;JAGUAQUARA;Acesso irregular;Colisão transversal;Sem Vítimas;Plena Noite;Decrescente;Céu Claro;Dupla;Reta;-13,585832;-40,086381
22/03/2026;18:45:00;EUNAPOLIS;Ultrapassagem Indevida;Colisão lateral sentido oposto;Com Vítimas Feridas;Plena Noite;Decrescente;Céu Claro;Simples;Reta;-16,201152;-39,605607
22/03/2026;23:30:00;GARUVA;Declive acentuado;Tombamento;Com Vítimas Feridas;Plena Noite;Crescente;Chuva;Dupla;Reta;-26,11540528;-48,87748643
22/03/2026;05:30:00;PRESIDENTE FIGUEIREDO;Pista esburacada;Tombamento;Sem Vítimas;Amanhecer;Decrescente;Céu Claro;Simples;"Reta;Declive";-1,38904;-60,33663
22/03/2026;16:05:00;SANTO ANTONIO DAS MISSOES;Pista esburacada;Colisão lateral sentido oposto;Com Vítimas Feridas;Pleno dia;Crescente;Nublado;Simples;Reta;-28,49235989;-55,30486934
22/03/2026;17:15:00;EWBANK DA CAMARA;Velocidade Incompatível;Saída de leito carroçável;Sem Vítimas;Pleno dia;Decrescente;Nublado;Simples;Curva;-21,53703;-43,51131
22/03/2026;01:30:00;POUSO REDONDO;Velocidade Incompatível;Capotamento;Com Vítimas Feridas;Plena Noite;Decrescente;Chuva;Simples;Declive;-27,25372781;-49,94930713
22/03/2026;02:37:00;RIO GRANDE;Animais na Pista;Atropelamento de Animal;Com Vítimas Feridas;Plena Noite;Decrescente;Céu Claro;Dupla;Reta;-31,99555658;-52,290802
22/03/2026;03:40:00;RIO DO SUL;Chuva;Saída de leito carroçável;Sem Vítimas;Plena Noite;Decrescente;Chuva;Simples;Curva;-27,20831341;-49,6503466
22/03/2026;03:14:00;ITIQUIRA;Animais na Pista;Saída de leito carroçável;Com Vítimas Feridas;Plena Noite;Crescente;Nublado;Dupla;Reta;-17,371401;-54,756344
22/03/2026;01:15:00;CORUPA;Conversão proibida;Colisão frontal;Com Vítimas Feridas;Plena Noite;Decrescente;Céu Claro;Simples;"Interseção de Vias;Reta";-26,4367289;-49,2401948
22/03/2026;08:00:00;SENHOR DO BONFIM;Demais falhas na via;Colisão traseira;Sem Vítimas;Pleno dia;Crescente;Nublado;Simples;Reta;-10,40745575;-40,18215179
22/03/2026;10:45:00;GOIANIA;Animais na Pista;Colisão com objeto;Sem Vítimas;Pleno dia;Crescente;Sol;Dupla;Declive;-16,64333617;-49,209373
22/03/2026;12:39:00;CANAS;Sinalização mal posicionada;Colisão traseira;Com Vítimas Feridas;Pleno dia;Crescente;Céu Claro;Dupla;"Reta;Em Obras";-22,704598;-45,040575
22/03/2026;11:45:00;CAMPO LARGO;Pista Escorregadia;Saída de leito carroçável;Com Vítimas Feridas;Pleno dia;Crescente;Garoa/Chuvisco;Dupla;"Aclive;Reta";-25,44699108;-49,57768821
22/03/2026;14:00:00;CAMPO MAIOR;Conversão proibida;Colisão lateral mesmo sentido;Com Vítimas Feridas;Pleno dia;Decrescente;Céu Claro;Simples;Reta;-4,83836729;-42,17108337
22/03/2026;14:30:00;APUCARANA;Chuva;Saída de leito carroçável;Com Vítimas Feridas;Pleno dia;Decrescente;Chuva;Dupla;Reta;-23,599372;-51,409928
22/03/2026;12:40:00;ITABORAI;Conversão proibida;Colisão lateral mesmo sentido;Sem Vítimas;Pleno dia;Crescente;Céu Claro;Simples;Reta;-22,72268253;-42,95134728
22/03/2026;11:00:00;MOSSORO;Conversão proibida;Colisão transversal;Com Vítimas Feridas;Pleno dia;Crescente;Céu Claro;Simples;Reta;-5,19744776;-37,31760621
22/03/2026;13:30:00;CUIABA;Acostamento em desnível;Colisão com objeto;Com Vítimas Feridas;Pleno dia;Crescente;Sol;Dupla;Reta;-15,65118;-55,996672
22/03/2026;12:45:00;VIRMOND;Acumulo de água sobre o pavimento;Saída de leito carroçável;Com Vítimas Feridas;Pleno dia;Crescente;Chuva;Simples;Curva;-25,37777985;-52,23392375
22/03/2026;15:35:00;TERESOPOLIS;Acumulo de areia ou detritos sobre o pavimento;Queda de ocupante de veículo;Com Vítimas Feridas;Pleno dia;Decrescente;Céu Claro;Simples;Curva;-22,371705;-42,950925
22/03/2026;15:15:00;PORTO VELHO;Ultrapassagem Indevida;Colisão frontal;Com Vítimas Fatais;Pleno dia;Decrescente;Céu Claro;Simples;Reta;-8,85149884;-63,94030589
22/03/2026;16:25:00;FEIRA DE SANTANA;Acesso irregular;Colisão transversal;Sem Vítimas;Pleno dia;Crescente;Sol;Simples;Reta;-12,23209912;-38,95381808
22/03/2026;16:55:00;LINDOESTE;Velocidade Incompatível;Saída de leito carroçável;Com Vítimas Feridas;Pleno dia;Crescente;Chuva;Dupla;"Aclive;Curva";-25,201481;-53,600006
22/03/2026;16:10:00;LINDOESTE;Chuva;Saída de leito carroçável;Com Vítimas Feridas;Pleno dia;Decrescente;Chuva;Dupla;Reta;-25,222421;-53,594394
22/03/2026;18:00:00;JATAIZINHO;Retorno proibido;Tombamento;Com Vítimas Feridas;Anoitecer;Crescente;Garoa/Chuvisco;Simples;Reta;-23,259766;-50,980186
22/03/2026;14:32:00;CAPIVARI DE BAIXO;Velocidade Incompatível;Saída de leito carroçável;Com Vítimas Feridas;Pleno dia;Decrescente;Céu Claro;Dupla;Curva;-28,44877441;-48,96933524
22/03/2026;19:00:00;MOSSORO;Sinalização mal posicionada;Colisão com objeto;Com Vítimas Feridas;Plena Noite;Decrescente;Céu Claro;Dupla;"Aclive;Curva;Interseção de Vias";-5,13658258;-37,3453026
22/03/2026;19:05:00;TRES BARRAS;Ultrapassagem Indevida;Saída de leito carroçável;Sem Vítimas;Plena Noite;Decrescente;Céu Claro;Simples;Reta;-26,1825818;-50,2137912
22/03/2026;17:50:00;RIO BRANCO;Conversão proibida;Colisão transversal;Com Vítimas Feridas;Plena Noite;Crescente;Céu Claro;Simples;Reta;-10,01287;-67,731368
22/03/2026;21:20:00;CASCAVEL;Velocidade Incompatível;Saída de leito carroçável;Sem Vítimas;Plena Noite;Decrescente;Céu Claro;Dupla;Reta;-24,936137;-53,538479
22/03/2026;21:10:00;REGISTRO;Ultrapassagem Indevida;Colisão frontal;Com Vítimas Feridas;Plena Noite;Decrescente;Chuva;Simples;Retorno Regulamentado;-24,45826203;-47,81459682
22/03/2026;19:45:00;CONCORDIA;Acesso irregular;Colisão transversal;Com Vítimas Feridas;Plena Noite;Decrescente;Chuva;Simples;Interseção de Vias;-27,32750296;-51,97924411
22/03/2026;20:35:00;TRES BARRAS;Iluminação deficiente;Colisão com objeto;Sem Vítimas;Plena Noite;Crescente;Nublado;Simples;Rotatória;-26,17223;-50,2708
22/03/2026;21:45:00;JOINVILLE;Chuva;Capotamento;Com Vítimas Feridas;Plena Noite;Crescente;Chuva;Dupla;Curva;-26,42634383;-48,82795081
22/03/2026;23:00:00;BELO JARDIM;Acesso irregular;Colisão transversal;Com Vítimas Fatais;Plena Noite;Decrescente;Céu Claro;Dupla;Reta;-8,347218;-36,442761
22/03/2026;20:40:00;GOVERNADOR VALADARES;Velocidade Incompatível;Atropelamento de Pedestre;Com Vítimas Feridas;Plena Noite;Decrescente;Nublado;Simples;Reta;-18,85506;-41,975895
22/03/2026;10:50:00;MIMOSO DO SUL;Acesso irregular;Colisão lateral sentido oposto;Com Vítimas Feridas;Pleno dia;Crescente;Sol;Simples;Reta;-21,09111691;-41,24781132
22/03/2026;07:40:00;GOIATUBA;Pista esburacada;Saída de leito carroçável;Com Vítimas Feridas;Pleno dia;Crescente;Chuva;Dupla;Declive;-18,1234;-49,2827
22/03/2026;09:00:00;CONCEICAO DO JACUIPE;Conversão proibida;Tombamento;Com Vítimas Feridas;Pleno dia;Crescente;Céu Claro;Simples;Reta;-12,3515484;-38,7752419
21/03/2026;03:55:00;EMBU DAS ARTES;Deficiência do Sistema de Iluminação/Sinalização;Colisão traseira;Com Vítimas Feridas;Plena Noite;Decrescente;Céu Claro;Dupla;Reta;-23,65109307;-46,84670448
21/03/2026;03:40:00;TEOTONIO VILELA;Acumulo de água sobre o pavimento;Colisão traseira;Sem Vítimas;Amanhecer;Crescente;Nublado;Dupla;Reta;-9,90964346;-36,33292805
21/03/2026;02:30:00;MORRINHOS;Velocidade Incompatível;Saída de leito carroçável;Com Vítimas Feridas;Plena Noite;Decrescente;Chuva;Dupla;"Declive;Reta";-17,536985;-49,212073
21/03/2026;05:45:00;SANTO ANTONIO DO AMPARO;Velocidade Incompatível;Colisão com objeto;Com Vítimas Feridas;Amanhecer;Decrescente;Céu Claro;Dupla;"Curva;Declive";-20,96236863;-44,92915969
21/03/2026;06:15:00;IPAUMIRIM;Pista esburacada;Colisão lateral mesmo sentido;Com Vítimas Feridas;Amanhecer;Decrescente;Nublado;Simples;Declive;-6,77862;-38,76865
21/03/2026;11:50:00;RIBAS DO RIO PARDO;Conversão proibida;Colisão lateral mesmo sentido;Sem Vítimas;Pleno dia;Crescente;Nublado;Dupla;Reta;-20,45683062;-53,75625372
21/03/2026;08:00:00;BREJOES;Velocidade Incompatível;Tombamento;Sem Vítimas;Pleno dia;Decrescente;Céu Claro;Simples;Reta;-12,98154;-39,94103
21/03/2026;14:30:00;GRAO MOGOL;Velocidade Incompatível;Colisão frontal;Com Vítimas Feridas;Pleno dia;Decrescente;Chuva;Simples;Reta;-16,44775849;-42,98300906
21/03/2026;13:30:00;VITORIA DA CONQUISTA;Pista esburacada;Colisão traseira;Com Vítimas Feridas;Pleno dia;Decrescente;Céu Claro;Simples;Reta;-15,27739;-41,128361
21/03/2026;20:15:00;CORDILHEIRA ALTA;Pista Escorregadia;Colisão transversal;Com Vítimas Feridas;Plena Noite;Crescente;Chuva;Simples;Curva;-26,98114411;-52,59154201
21/03/2026;20:45:00;SAO MARCOS;Velocidade Incompatível;Saída de leito carroçável;Com Vítimas Feridas;Plena Noite;Crescente;Chuva;Simples;Reta;-28,96016379;-51,07913017
21/03/2026;00:03:00;MEDIANEIRA;Velocidade Incompatível;Colisão traseira;Com Vítimas Feridas;Plena Noite;Decrescente;Céu Claro;Dupla;Declive;-25,2888043;-54,1010052
21/03/2026;01:00:00;ACAILANDIA;Chuva;Saída de leito carroçável;Sem Vítimas;Plena Noite;Crescente;Chuva;Simples;"Curva;Declive";-5,0006;-47,5364
21/03/2026;03:00:00;IMPERATRIZ;Pista Escorregadia;Queda de ocupante de veículo;Com Vítimas Feridas;Plena Noite;Decrescente;Garoa/Chuvisco;Simples;Reta;-5,483241;-47,472105
21/03/2026;02:15:00;CANOINHAS;Velocidade Incompatível;Saída de leito carroçável;Com Vítimas Feridas;Plena Noite;Crescente;Nublado;Simples;"Rotatória;Curva";-26,187357;-50,360652
21/03/2026;03:45:00;BARRA DO PIRAI;Pista esburacada;Queda de ocupante de veículo;Com Vítimas Feridas;Plena Noite;Decrescente;Nevoeiro/Neblina;Simples;Reta;-22,43519691;-43,77712425
21/03/2026;06:46:00;CARUARU;Velocidade Incompatível;Saída de leito carroçável;Com Vítimas Feridas;Pleno dia;Decrescente;Céu Claro;Dupla;"Declive;Curva";-8,11002;-36,01868
21/03/2026;06:45:00;UBERABA;Falta de acostamento;Colisão traseira;Com Vítimas Feridas;Amanhecer;Crescente;Céu Claro;Dupla;Interseção de Vias;-19,770823;-47,972793
21/03/2026;07:20:00;PONTA GROSSA;Condutor usando celular;Saída de leito carroçável;Com Vítimas Feridas;Pleno dia;Crescente;Céu Claro;Dupla;Reta;-25,08095;-50,19272
21/03/2026;08:40:00;ARACI;Velocidade Incompatível;Saída de leito carroçável;Com Vítimas Feridas;Pleno dia;Decrescente;Céu Claro;Simples;"Declive;Curva";-11,41644242;-38,97021946
21/03/2026;11:00:00;LAGOA VERMELHA;Conversão proibida;Colisão transversal;Com Vítimas Feridas;Pleno dia;Crescente;Céu Claro;Simples;Curva;-28,265344;-51,472755
21/03/2026;12:30:00;TRES DE MAIO;Acesso irregular;Colisão transversal;Com Vítimas Feridas;Pleno dia;Decrescente;Céu Claro;Simples;"Reta;Interseção de Vias";-27,73284445;-54,2001915
21/03/2026;12:50:00;ITABUNA;Conversão proibida;Tombamento;Com Vítimas Feridas;Pleno dia;Crescente;Céu Claro;Simples;Reta;-14,82297362;-39,31038201
21/03/2026;15:30:00;GOVERNADOR VALADARES;Velocidade Incompatível;Saída de leito carroçável;Com Vítimas Feridas;Pleno dia;Crescente;Nublado;Simples;Reta;-18,90053959;-41,94549434
21/03/2026;12:00:00;GLORIA DOESTE;Retorno proibido;Colisão transversal;Com Vítimas Feridas;Pleno dia;Crescente;Nublado;Simples;Reta;-15,811;-58,338
21/03/2026;11:15:00;PATROCINIO;Ultrapassagem Indevida;Colisão lateral sentido oposto;Com Vítimas Feridas;Pleno dia;Decrescente;Céu Claro;Simples;"Aclive;Reta";-18,92214;-46,98819
21/03/2026;16:50:00;GUAIBA;Conversão proibida;Colisão transversal;Com Vítimas Feridas;Pleno dia;Crescente;Nublado;Simples;Reta;-30,130976;-51,353347
21/03/2026;16:20:00;CACHOEIRA DO SUL;Chuva;Saída de leito carroçável;Sem Vítimas;Pleno dia;Crescente;Chuva;Simples;"Aclive;Reta";-30,28007172;-53,12176578
21/03/2026;16:20:00;PICADA CAFE;Velocidade Incompatível;Queda de ocupante de veículo;Com Vítimas Feridas;Pleno dia;Crescente;Céu Claro;Simples;Curva;-29,41391497;-51,12701163
21/03/2026;19:10:00;BRASILIA;Acumulo de água sobre o pavimento;Colisão traseira;Sem Vítimas;Plena Noite;Crescente;Chuva;Dupla;Reta;-15,641403;-47,755013
21/03/2026;20:20:00;ITAPEMA;Animais na Pista;Atropelamento de Animal;Com Vítimas Feridas;Plena Noite;Decrescente;Nublado;Dupla;Reta;-27,10575559;-48,61490462
21/03/2026;20:30:00;BARAO DE COCAIS;Conversão proibida;Colisão transversal;Com Vítimas Feridas;Plena Noite;Crescente;Chuva;Simples;Reta;-19,803319;-43,40916809
21/03/2026;22:00:00;TEOFILO OTONI;Chuva;Colisão com objeto;Com Vítimas Feridas;Plena Noite;Crescente;Chuva;Simples;Reta;-17,87207098;-41,51980507
21/03/2026;20:10:00;PARATY;Conversão proibida;Colisão transversal;Com Vítimas Feridas;Plena Noite;Crescente;Nublado;Simples;"Interseção de Vias;Reta";-23,195006;-44,727748
21/03/2026;22:15:00;SANTO ANTONIO DA PATRULHA;Acumulo de água sobre o pavimento;Saída de leito carroçável;Com Vítimas Feridas;Plena Noite;Crescente;Chuva;Múltipla;Reta;-29,885102;-50,622125
21/03/2026;22:22:00;CERRO AZUL;Velocidade Incompatível;Saída de leito carroçável;Com Vítimas Feridas;Plena Noite;Crescente;Nublado;Simples;"Declive;Curva";-25,04554;-49,0878733
21/03/2026;23:15:00;PALHOCA;Velocidade Incompatível;Colisão com objeto;Sem Vítimas;Plena Noite;Crescente;Céu Claro;Dupla;Viaduto;-27,66351263;-48,67584793
21/03/2026;01:30:00;PALHOCA;Chuva;Capotamento;Sem Vítimas;Plena Noite;Crescente;Nublado;Múltipla;Reta;-27,62356284;-48,65271203
21/03/2026;21:30:00;VACARIA;Chuva;Colisão frontal;Sem Vítimas;Plena Noite;Crescente;Chuva;Simples;Reta;-28,50838521;-50,92836706
21/03/2026;18:36:00;NOVO PROGRESSO;Animais na Pista;Atropelamento de Animal;Com Vítimas Feridas;Anoitecer;Decrescente;Ignorado;Simples;Reta;-6,42311888;-55,56163788
21/03/2026;18:00:00;RIBEIRA DO POMBAL;Acesso irregular;Colisão lateral mesmo sentido;Com Vítimas Feridas;Plena Noite;Crescente;Céu Claro;Simples;Reta;-10,797348;-38,523311
20/03/2026;04:10:00;LAVRAS;Velocidade Incompatível;Engavetamento;Com Vítimas Feridas;Amanhecer;Decrescente;Chuva;Dupla;Reta;-21,28713508;-45,14144897
20/03/2026;04:10:00;TRES RIOS;Velocidade Incompatível;Tombamento;Com Vítimas Feridas;Plena Noite;Decrescente;Céu Claro;Simples;Rotatória;-22,10651569;-43,07745695
20/03/2026;04:30:00;BELO HORIZONTE;Chuva;Colisão lateral mesmo sentido;Com Vítimas Feridas;Amanhecer;Decrescente;Chuva;Simples;Curva;-19,83825264;-43,88334274
20/03/2026;09:25:00;SANTOS DUMONT;Velocidade Incompatível;Colisão frontal;Com Vítimas Feridas;Pleno dia;Crescente;Chuva;Simples;Curva;-21,46026245;-43,55950209
20/03/2026;08:30:00;SEROPEDICA;Ultrapassagem Indevida;Colisão lateral mesmo sentido;Com Vítimas Feridas;Pleno dia;Decrescente;Ignorado;Dupla;Reta;-22,72714302;-43,64532217
20/03/2026;10:50:00;SAO GONCALO DO RIO ABAIXO;Velocidade Incompatível;Colisão frontal;Com Vítimas Fatais;Pleno dia;Decrescente;Garoa/Chuvisco;Simples;"Curva;Aclive";-19,84254;-43,319756
20/03/2026;11:00:00;CAMANDUCAIA;Velocidade Incompatível;Colisão traseira;Com Vítimas Fatais;Pleno dia;Crescente;Céu Claro;Dupla;Reta;-22,73507736;-46,1349383
20/03/2026;14:30:00;CABO DE SANTO AGOSTINHO;Ultrapassagem Indevida;Colisão lateral mesmo sentido;Com Vítimas Feridas;Pleno dia;Decrescente;Céu Claro;Dupla;Reta;-8,23132;-34,997427
20/03/2026;08:40:00;SANTA CECILIA;Velocidade Incompatível;Tombamento;Com Vítimas Feridas;Pleno dia;Decrescente;Céu Claro;Simples;Reta;-26,970853;-50,405888
20/03/2026;06:20:00;VENTANIA;Velocidade Incompatível;Colisão com objeto;Com Vítimas Fatais;Amanhecer;Decrescente;Céu Claro;Simples;Ponte;-24,12834158;-50,23608891
20/03/2026;19:00:00;SAO GONCALO DO RIO ABAIXO;Velocidade Incompatível;Tombamento;Com Vítimas Feridas;Plena Noite;Crescente;Chuva;Simples;"Declive;Curva";-19,852308;-43,271796
20/03/2026;21:30:00;LINHARES;Ultrapassagem Indevida;Colisão frontal;Com Vítimas Fatais;Plena Noite;Crescente;Céu Claro;Simples;Curva;-19,48339656;-40,11950273
20/03/2026;17:30:00;VARZEA GRANDE;Acesso irregular;Colisão frontal;Com Vítimas Feridas;Anoitecer;Decrescente;Nublado;Dupla;Reta;-15,64023964;-56,20227814
20/03/2026;17:08:00;SANTO AMARO DA IMPERATRIZ;Retorno proibido;Colisão transversal;Com Vítimas Feridas;Pleno dia;Decrescente;Céu Claro;Simples;Curva;-27,6887;-48,7928
20/03/2026;07:30:00;RIBEIRA DO POMBAL;Retorno proibido;Colisão transversal;Com Vítimas Feridas;Pleno dia;Decrescente;Céu Claro;Simples;Reta;-10,84210521;-38,53092136
20/03/2026;07:50:00;ITABORAI;Pista esburacada;Tombamento;Com Vítimas Feridas;Pleno dia;Decrescente;Nublado;Simples;"Em Obras;Reta";-22,7387572;-42,95397878
20/03/2026;09:00:00;CARMO DA CACHOEIRA;Chuva;Colisão com objeto;Com Vítimas Feridas;Pleno dia;Crescente;Chuva;Dupla;Curva;-21,48915182;-45,20730257
20/03/2026;13:00:00;JACAREI;Ultrapassagem Indevida;Colisão lateral mesmo sentido;Com Vítimas Feridas;Pleno dia;Crescente;Céu Claro;Dupla;Reta;-23,27417788;-45,97275607
20/03/2026;13:50:00;MAGE;Velocidade Incompatível;Colisão transversal;Com Vítimas Feridas;Pleno dia;Decrescente;Chuva;Simples;Reta;-22,6575616;-43,05750132
20/03/2026;13:43:00;FEIRA DE SANTANA;Retorno proibido;Colisão transversal;Com Vítimas Feridas;Pleno dia;Decrescente;Céu Claro;Múltipla;"Interseção de Vias;Reta";-12,23189;-38,954915
20/03/2026;15:25:00;JUAZEIRO;Conversão proibida;Colisão transversal;Com Vítimas Feridas;Pleno dia;Crescente;Céu Claro;Simples;Reta;-9,44691;-40,49092
20/03/2026;15:50:00;JOAO MONLEVADE;Conversão proibida;Colisão transversal;Com Vítimas Feridas;Pleno dia;Crescente;Nublado;Simples;Reta;-19,84209875;-43,20108444
20/03/2026;13:00:00;ACREUNA;Acumulo de água sobre o pavimento;Capotamento;Com Vítimas Feridas;Pleno dia;Crescente;Nublado;Dupla;Reta;-17,28774442;-50,26075099
20/03/2026;16:00:00;ITAGUARA;Pista Escorregadia;Saída de leito carroçável;Com Vítimas Feridas;Pleno dia;Crescente;Chuva;Dupla;"Aclive;Curva";-20,408331;-44,52536
20/03/2026;18:05:00;AGUAS MORNAS;Velocidade Incompatível;Capotamento;Com Vítimas Feridas;Anoitecer;Crescente;Nublado;Simples;Curva;-27,70478675;-48,81727092
20/03/2026;18:30:00;PALHOCA;Pista Escorregadia;Tombamento;Com Vítimas Feridas;Plena Noite;Crescente;Chuva;Múltipla;Reta;-27,62601917;-48,65508763
20/03/2026;19:00:00;PARNAIBA;Deficiência do Sistema de Iluminação/Sinalização;Colisão transversal;Com Vítimas Feridas;Plena Noite;Decrescente;Nublado;Simples;"Reta;Interseção de Vias";-2,949144;-41,757071
20/03/2026;18:40:00;CAICARA DO RIO DO VENTO;Animais na Pista;Atropelamento de Animal;Sem Vítimas;Plena Noite;Decrescente;Céu Claro;Simples;Reta;-5,75687748;-36,01908445
20/03/2026;20:39:00;RIBEIRA DO POMBAL;Acesso irregular;Queda de ocupante de veículo;Com Vítimas Feridas;Plena Noite;Decrescente;Céu Claro;Simples;"Interseção de Vias;Rotatória";-10,814929;-38,530018
20/03/2026;21:10:00;ANAPOLIS;Desvio temporário;Capotamento;Com Vítimas Feridas;Plena Noite;Crescente;Céu Claro;Dupla;"Desvio Temporário;Em Obras";-16,300542;-48,926381
20/03/2026;19:45:00;BARRA DO PIRAI;Afundamento ou ondulação no pavimento;Queda de ocupante de veículo;Com Vítimas Feridas;Plena Noite;Crescente;Nublado;Simples;"Declive;Reta";-22,45728432;-43,84251647
20/03/2026;21:39:00;JABOATAO DOS GUARARAPES;Ausência de sinalização;Saída de leito carroçável;Com Vítimas Feridas;Plena Noite;Crescente;Céu Claro;Dupla;"Reta;Retorno Regulamentado";-8,186853;-34,972317
20/03/2026;22:27:00;GARANHUNS;Velocidade Incompatível;Saída de leito carroçável;Com Vítimas Fatais;Plena Noite;Crescente;Céu Claro;Simples;Curva;-8,9262825;-36,48988724
20/03/2026;23:30:00;SAO LUIS;Chuva;Queda de ocupante de veículo;Com Vítimas Feridas;Plena Noite;Crescente;Chuva;Dupla;Reta;-2,58654;-44,2436
20/03/2026;20:50:00;CAPIXABA;Deficiência do Sistema de Iluminação/Sinalização;Colisão traseira;Com Vítimas Fatais;Plena Noite;Crescente;Ignorado;Simples;Reta;-10,589947;-67,703777
20/03/2026;21:00:00;ACAILANDIA;Pista esburacada;Queda de ocupante de veículo;Com Vítimas Feridas;Plena Noite;Crescente;Chuva;Simples;"Curva;Aclive";-4,99681;-47,53052
20/03/2026;22:00:00;ACAILANDIA;Chuva;Colisão traseira;Com Vítimas Fatais;Plena Noite;Decrescente;Chuva;Simples;Reta;-4,92168;-47,50488
20/03/2026;17:20:00;ITABORAI;Retorno proibido;Colisão transversal;Com Vítimas Feridas;Pleno dia;Crescente;Nublado;Simples;"Em Obras;Reta";-22,73804064;-42,95327134
20/03/2026;10:00:00;NOVO PROGRESSO;Acesso irregular;Colisão lateral mesmo sentido;Sem Vítimas;Pleno dia;Crescente;Ignorado;Simples;Reta;-7,04437418;-55,41303126
19/03/2026;02:45:00;JUNQUEIRO;Velocidade Incompatível;Capotamento;Com Vítimas Feridas;Plena Noite;Decrescente;Céu Claro;Dupla;"Declive;Curva";-9,895085;-36,405087
19/03/2026;04:40:00;APARECIDA;Velocidade Incompatível;Tombamento;Com Vítimas Feridas;Plena Noite;Crescente;Nublado;Dupla;"Aclive;Curva";-22,8511;-45,227633
19/03/2026;06:30:00;SETE LAGOAS;Velocidade Incompatível;Saída de leito carroçável;Com Vítimas Feridas;Pleno dia;Decrescente;Chuva;Dupla;"Declive;Reta";-19,47;-44,295
19/03/2026;09:35:00;AGUAS MORNAS;Ultrapassagem Indevida;Tombamento;Com Vítimas Feridas;Pleno dia;Crescente;Céu Claro;Simples;"Curva;Aclive";-27,69274;-48,97021
19/03/2026;09:45:00;MIRADOURO;Velocidade Incompatível;Tombamento;Com Vítimas Feridas;Pleno dia;Crescente;Nublado;Simples;Curva;-20,92882481;-42,3402679
19/03/2026;07:00:00;JOAO PINHEIRO;Ultrapassagem Indevida;Saída de leito carroçável;Com Vítimas Feridas;Pleno dia;Crescente;Nublado;Simples;Reta;-17,684314;-46,324039
19/03/2026;13:37:00;AREIA BRANCA;Acesso irregular;Colisão transversal;Com Vítimas Feridas;Pleno dia;Crescente;Céu Claro;Simples;Reta;-10,76174414;-37,31893343
19/03/2026;14:15:00;RESSAQUINHA;Velocidade Incompatível;Colisão frontal;Com Vítimas Feridas;Pleno dia;Decrescente;Chuva;Simples;Declive;-21,0524182;-43,7629719
19/03/2026;20:06:00;PANELAS;Ultrapassagem Indevida;Colisão lateral mesmo sentido;Com Vítimas Feridas;Plena Noite;Crescente;Nublado;Simples;Reta;-8,68609;-36,01701
19/03/2026;21:30:00;PALMEIRA;Conversão proibida;Colisão transversal;Com Vítimas Feridas;Plena Noite;Crescente;Céu Claro;Simples;Reta;-25,46569115;-50,23444891
19/03/2026;17:45:00;CAMPOS NOVOS;Velocidade Incompatível;Engavetamento;Com Vítimas Feridas;Pleno dia;Decrescente;Céu Claro;Simples;"Reta;Aclive";-27,3745847;-51,2470951
19/03/2026;16:20:00;LAPA;Velocidade Incompatível;Tombamento;Com Vítimas Feridas;Pleno dia;Crescente;Céu Claro;Simples;Curva;-25,8808;-50,01115