data_inversa;horario;municipio;causa_acidente;tipo_acidente;classificacao_acidente;fase_dia;sentido_via;condicao_metereologica;tipo_pista;tracado_via;latitude;longitude
15/03/2026;09:13:00;TRAIRAO;Pista esburacada;Colisão traseira;Com Vítimas Feridas;Pleno dia;Crescente;Nublado;Simples;"Aclive;Reta";-5,096937;-56,137383
15/03/2026;15:12:00;FRANCISCO SA;Velocidade Incompatível;Colisão frontal;Com Vítimas Feridas;Pleno dia;Crescente;Chuva;Simples;Reta;-16,536;-43,588
15/03/2026;17:25:00;MIRACATU;Velocidade Incompatível;Colisão traseira;Com Vítimas Feridas;Anoitecer;Crescente;Céu Claro;Dupla;"Declive;Curva";-24,11182667;-47,2685051
15/03/2026;16:00:00;CUIABA;Velocidade Incompatível;Tombamento;Sem Vítimas;Pleno dia;Crescente;Céu Claro;Simples;Curva;-15,66106141;-56,00689027
15/03/2026;10:30:00;CANUDOS;Afundamento ou ondulação no pavimento;Tombamento;Com Vítimas Feridas;Pleno dia;Decrescente;Céu Claro;Simples;Reta;-10,363555;-39,05639648
15/03/2026;15:00:00;IRACEMINHA;Condutor usando celular;Colisão lateral mesmo sentido;Com Vítimas Feridas;Pleno dia;Decrescente;Céu Claro;Dupla;Curva;-26,820044;-53,377044
15/03/2026;06:10:00;VILHENA;Conversão proibida;Colisão frontal;Com Vítimas Feridas;Pleno dia;Crescente;Céu Claro;Simples;"Reta;Aclive";-12,90198615;-60,37350655
15/03/2026;11:00:00;SINOP;Retorno proibido;Saída de leito carroçável;Com Vítimas Feridas;Pleno dia;Decrescente;Céu Claro;Simples;Reta;-11,72258725;-55,45915604
15/03/2026;00:30:00;MIRACATU;Velocidade Incompatível;Colisão traseira;Sem Vítimas;Plena Noite;Crescente;Nublado;Dupla;Reta;-24,26844696;-47,39548402
15/03/2026;03:00:00;PALMARES;Animais na Pista;Atropelamento de Animal;Com Vítimas Fatais;Plena Noite;Crescente;Nublado;Dupla;Reta;-8,63871;-35,56088
15/03/2026;05:45:00;MONTE ALEGRE DE MINAS;Velocidade Incompatível;Saída de leito carroçável;Com Vítimas Fatais;Amanhecer;Decrescente;Céu Claro;Dupla;"Reta;Declive";-18,854042;-48,779015
15/03/2026;06:50:00;CAMBUI;Velocidade Incompatível;Saída de leito carroçável;Com Vítimas Feridas;Amanhecer;Decrescente;Céu Claro;Dupla;"Reta;Declive";-22,5588428;-46,04020491
15/03/2026;07:00:00;SAO PAULO;Demais Fenômenos da natureza;Colisão traseira;Com Vítimas Feridas;Pleno dia;Decrescente;Sol;Dupla;"Reta;Aclive";-23,38638961;-46,56697333
15/03/2026;07:20:00;ALHANDRA;Animais na Pista;Atropelamento de Animal;Com Vítimas Feridas;Pleno dia;Decrescente;Céu Claro;Dupla;Reta;-7,29137;-34,937975
15/03/2026;08:45:00;BETIM;Demais falhas na via;Queda de ocupante de veículo;Com Vítimas Feridas;Pleno dia;Decrescente;Céu Claro;Dupla;Reta;-19,9560647;-44,10874486
15/03/2026;09:10:00;TERESOPOLIS;Ultrapassagem Indevida;Colisão lateral mesmo sentido;Com Vítimas Feridas;Pleno dia;Decrescente;Céu Claro;Simples;Reta;-22,46054733;-42,98781602
15/03/2026;08:55:00;SAO SEBASTIAO DA BELA VISTA;Afundamento ou ondulação no pavimento;Tombamento;Com Vítimas Feridas;Pleno dia;Decrescente;Sol;Dupla;Reta;-22,11822;-45,755834
15/03/2026;07:00:00;BALNEARIO PICARRAS;Velocidade Incompatível;Colisão traseira;Com Vítimas Feridas;Amanhecer;Crescente;Céu Claro;Simples;"Reta;Interseção de Vias";-26,780926;-48,684197
15/03/2026;15:30:00;MONTENEGRO;Conversão proibida;Colisão transversal;Com Vítimas Fatais;Pleno dia;Crescente;Céu Claro;Simples;Reta;-29,81812005;-51,45604491
15/03/2026;12:00:00;PIRACANJUBA;Pista esburacada;Saída de leito carroçável;Com Vítimas Feridas;Pleno dia;Crescente;Nublado;Dupla;"Declive;Reta";-17,487987;-49,21116
15/03/2026;16:00:00;SAO CAITANO;Velocidade Incompatível;Saída de leito carroçável;Com Vítimas Feridas;Pleno dia;Crescente;Céu Claro;Simples;Reta;-8,335738;-36,154663
15/03/2026;14:10:00;ACREUNA;Acumulo de água sobre o pavimento;Saída de leito carroçável;Com Vítimas Feridas;Pleno dia;Crescente;Chuva;Dupla;Reta;-17,35827;-50,331557
15/03/2026;17:10:00;BETIM;Velocidade Incompatível;Tombamento;Com Vítimas Feridas;Pleno dia;Decrescente;Céu Claro;Dupla;Retorno Regulamentado;-19,98409745;-44,20213938
15/03/2026;16:56:00;GUARANTA DO NORTE;Demais falhas na via;Queda de ocupante de veículo;Com Vítimas Feridas;Pleno dia;Crescente;Céu Claro;Simples;Curva;-9,788665;-54,9095133
15/03/2026;18:30:00;SANTO ANTONIO DE JESUS;Acesso irregular;Colisão lateral mesmo sentido;Sem Vítimas;Plena Noite;Crescente;Céu Claro;Simples;"Reta;Declive";-12,95905858;-39,27001901
15/03/2026;18:30:00;MAGE;Conversão proibida;Colisão transversal;Com Vítimas Feridas;Plena Noite;Decrescente;Céu Claro;Simples;Reta;-22,66305103;-43,04267256
15/03/2026;16:50:00;SAO LUIZ GONZAGA;Velocidade Incompatível;Queda de ocupante de veículo;Com Vítimas Feridas;Pleno dia;Decrescente;Céu Claro;Simples;Reta;-28,41370208;-54,97764587
15/03/2026;18:50:00;IGARAPE;Pista esburacada;Tombamento;Com Vítimas Feridas;Anoitecer;Decrescente;Céu Claro;Múltipla;"Declive;Reta";-20,06689599;-44,29584503
15/03/2026;18:20:00;CRUZEIRO DO SUL;Pista esburacada;Queda de ocupante de veículo;Com Vítimas Feridas;Plena Noite;Decrescente;Nublado;Simples;Reta;-7,726502;-72,609098
15/03/2026;21:50:00;AGUAS MORNAS;Velocidade Incompatível;Capotamento;Com Vítimas Feridas;Plena Noite;Decrescente;Nublado;Simples;Declive;-27,72211862;-48,90642811
15/03/2026;16:30:00;POMBOS;Velocidade Incompatível;Saída de leito carroçável;Com Vítimas Feridas;Pleno dia;Crescente;Sol;Dupla;Reta;-8,14002393;-35,37893621
15/03/2026;15:20:00;ARAGUARI;Pista Escorregadia;Colisão com objeto;Com Vítimas Feridas;Pleno dia;Crescente;Chuva;Dupla;"Declive;Reta";-18,61537158;-48,08265209
15/03/2026;21:35:00;JOAO PESSOA;Acesso irregular;Colisão transversal;Com Vítimas Feridas;Plena Noite;Decrescente;Céu Claro;Dupla;Reta;-7,158755;-34,9063054
14/03/2026;04:50:00;CAETES;Ausência de sinalização;Colisão lateral mesmo sentido;Com Vítimas Feridas;Amanhecer;Crescente;Céu Claro;Simples;Reta;-8,78916543;-36,60620928
14/03/2026;08:35:00;SAO GABRIEL DO OESTE;Acesso irregular;Colisão traseira;Com Vítimas Feridas;Pleno dia;Decrescente;Céu Claro;Dupla;"Retorno Regulamentado;Reta";-19,226864;-54,705363
14/03/2026;09:30:00;VITORIA DA CONQUISTA;Conversão proibida;Colisão transversal;Com Vítimas Feridas;Pleno dia;Decrescente;Céu Claro;Simples;Reta;-14,902511;-40,84863
14/03/2026;07:30:00;LAPA;Velocidade Incompatível;Capotamento;Com Vítimas Feridas;Pleno dia;Crescente;Céu Claro;Simples;Curva;-25,82559;-49,924075
14/03/2026;12:30:00;SEBERI;Acostamento em desnível;Tombamento;Sem Vítimas;Pleno dia;Decrescente;Céu Claro;Simples;Reta;-27,4701309;-53,4031404
14/03/2026;18:35:00;SAO LUIS;Velocidade Incompatível;Tombamento;Com Vítimas Feridas;Plena Noite;Crescente;Chuva;Múltipla;Retorno Regulamentado;-2,5830465;-44,2428049
14/03/2026;19:00:00;PESQUEIRA;Ultrapassagem Indevida;Colisão lateral mesmo sentido;Com Vítimas Feridas;Plena Noite;Crescente;Chuva;Simples;"Declive;Curva";-8,413017;-36,927952
14/03/2026;17:35:00;PIRACANJUBA;Conversão proibida;Colisão traseira;Com Vítimas Feridas;Anoitecer;Decrescente;Nublado;Dupla;Reta;-17,163383;-49,212774
14/03/2026;18:40:00;MUCURI;Acesso irregular;Colisão transversal;Com Vítimas Feridas;Plena Noite;Decrescente;Céu Claro;Simples;Reta;-18,110205;-39,884417
14/03/2026;21:55:00;XANXERE;Ultrapassagem Indevida;Colisão lateral mesmo sentido;Com Vítimas Feridas;Plena Noite;Crescente;Céu Claro;Simples;Reta;-26,91369737;-52,47660065
14/03/2026;17:00:00;FIGUEIROPOLIS DOESTE;Acumulo de água sobre o pavimento;Tombamento;Com Vítimas Feridas;Anoitecer;Decrescente;Chuva;Simples;Curva;-15,64580167;-58,75032333
14/03/2026;12:00:00;DUQUE DE CAXIAS;Ultrapassagem Indevida;Colisão lateral mesmo sentido;Com Vítimas Feridas;Pleno dia;Crescente;Nublado;Simples;Reta;-22,64718636;-43,22633777
14/03/2026;07:10:00;BALSAS;Ultrapassagem Indevida;Colisão lateral mesmo sentido;Com Vítimas Feridas;Pleno dia;Crescente;Céu Claro;Simples;Reta;-7,520277;-46,051979
14/03/2026;03:45:00;SAO JOSE DO RIO PRETO;Velocidade Incompatível;Colisão lateral mesmo sentido;Com Vítimas Feridas;Plena Noite;Decrescente;Nevoeiro/Neblina;Dupla;"Declive;Curva";-20,84956199;-49,3769309
14/03/2026;04:20:00;UBIRATA;Velocidade Incompatível;Colisão traseira;Com Vítimas Fatais;Plena Noite;Crescente;Céu Claro;Simples;Reta;-24,499318;-52,908361
14/03/2026;06:40:00;CAUCAIA;Pista Escorregadia;Saída de leito carroçável;Sem Vítimas;Pleno dia;Crescente;Chuva;Dupla;Reta;-3,70510562;-38,84932391
14/03/2026;09:40:00;OLIVEIRA FORTES;Velocidade Incompatível;Colisão com objeto;Com Vítimas Feridas;Pleno dia;Decrescente;Nublado;Dupla;"Declive;Curva";-21,3456;-43,5824
14/03/2026;10:00:00;BARRA DO RIBEIRO;Acesso irregular;Colisão traseira;Com Vítimas Feridas;Pleno dia;Decrescente;Céu Claro;Dupla;Reta;-30,3382;-51,426381
14/03/2026;12:30:00;POMBOS;Velocidade Incompatível;Saída de leito carroçável;Com Vítimas Feridas;Pleno dia;Crescente;Céu Claro;Dupla;"Declive;Curva";-8,150915;-35,41226
14/03/2026;13:00:00;FEIRA DE SANTANA;Ultrapassagem Indevida;Colisão transversal;Com Vítimas Feridas;Pleno dia;Crescente;Sol;Simples;Reta;-12,25941;-38,93223
14/03/2026;06:40:00;NOVA MUTUM;Acesso irregular;Colisão transversal;Com Vítimas Fatais;Pleno dia;Crescente;Nublado;Dupla;Reta;-13,74563811;-56,05165601
14/03/2026;13:00:00;BARRA DO RIBEIRO;Condutor usando celular;Capotamento;Com Vítimas Feridas;Pleno dia;Crescente;Céu Claro;Dupla;Curva;-30,46238869;-51,49371588
14/03/2026;13:30:00;RIO VERDE;Ultrapassagem Indevida;Colisão transversal;Com Vítimas Fatais;Pleno dia;Decrescente;Nublado;Simples;Reta;-17,8862859;-50,6810072
14/03/2026;13:30:00;IBAITI;Ultrapassagem Indevida;Colisão frontal;Com Vítimas Feridas;Pleno dia;Crescente;Céu Claro;Simples;Reta;-23,818994;-50,181725
14/03/2026;08:50:00;BLUMENAU;Conversão proibida;Colisão transversal;Sem Vítimas;Pleno dia;Decrescente;Céu Claro;Simples;Reta;-26,88419056;-49,150526
14/03/2026;17:27:00;BLUMENAU;Acesso irregular;Colisão transversal;Com Vítimas Feridas;Pleno dia;Crescente;Céu Claro;Simples;"Desvio Temporário;Em Obras;Reta";-26,86257;-49,09634
14/03/2026;17:35:00;PIRIPIRI;Acumulo de água sobre o pavimento;Saída de leito carroçável;Com Vítimas Feridas;Pleno dia;Decrescente;Chuva;Simples;Reta;-4,31515746;-41,77770475
14/03/2026;15:50:00;OLIVEIRA;Chuva;Saída de leito carroçável;Sem Vítimas;Pleno dia;Crescente;Chuva;Dupla;"Declive;Curva";-20,623527;-44,733687
14/03/2026;17:30:00;JAGUARACU;Chuva;Saída de leito carroçável;Com Vítimas Feridas;Anoitecer;Crescente;Chuva;Simples;Curva;-19,58438719;-42,72925043
14/03/2026;19:30:00;BIGUACU;Velocidade Incompatível;Capotamento;Com Vítimas Feridas;Plena Noite;Decrescente;Chuva;Simples;Curva;-27,463997;-48,64173
14/03/2026;18:50:00;BRASILIA;Deficiência do Sistema de Iluminação/Sinalização;Queda de ocupante de veículo;Com Vítimas Feridas;Plena Noite;Crescente;Nublado;Dupla;"Reta;Em Obras";-15,62804198;-47,72889733
14/03/2026;16:45:00;JATAI;Chuva;Saída de leito carroçável;Com Vítimas Feridas;Pleno dia;Crescente;Chuva;Dupla;Reta;-17,872477;-51,620443
14/03/2026;18:19:00;SINOP;Ultrapassagem Indevida;Colisão lateral mesmo sentido;Com Vítimas Feridas;Plena Noite;Decrescente;Nublado;Simples;Reta;-11,97349;-55,517073
14/03/2026;21:00:00;SENADOR ELOI DE SOUZA;Deficiência do Sistema de Iluminação/Sinalização;Colisão traseira;Com Vítimas Feridas;Plena Noite;Crescente;Céu Claro;Simples;"Reta;Declive";-6,0693402;-35,6843967
14/03/2026;19:00:00;BARBACENA;Velocidade Incompatível;Capotamento;Com Vítimas Feridas;Plena Noite;Crescente;Nublado;Dupla;Declive;-21,30777549;-43,60759628
14/03/2026;23:00:00;TERESINA;Pista Escorregadia;Colisão com objeto;Sem Vítimas;Plena Noite;Crescente;Céu Claro;Dupla;Reta;-5,0806738;-42,7484696
14/03/2026;23:10:00;PORTO BELO;Velocidade Incompatível;Saída de leito carroçável;Sem Vítimas;Plena Noite;Decrescente;Céu Claro;Simples;Reta;-27,16743975;-48,61121893
14/03/2026;22:30:00;VILHENA;Demais falhas na via;Queda de ocupante de veículo;Com Vítimas Feridas;Plena Noite;Crescente;Nublado;Simples;Declive;-12,85332;-60,37786
14/03/2026;21:30:00;SEROPEDICA;Acumulo de areia ou detritos sobre o pavimento;Colisão frontal;Sem Vítimas;Plena Noite;Crescente;Céu Claro;Simples;Reta;-22,7162094;-43,716695
14/03/2026;21:37:00;MACAIBA;Sinalização encoberta;Colisão com objeto;Com Vítimas Feridas;Plena Noite;Decrescente;Céu Claro;Simples;"Reta;Em Obras;Interseção de Vias;Desvio Temporário;Declive";-5,86525241;-35,35195319
14/03/2026;11:00:00;CAPIM GROSSO;Pista esburacada;Queda de ocupante de veículo;Com Vítimas Feridas;Pleno dia;Crescente;Ignorado;Simples;Reta;-11,37177876;-40,03219318
13/03/2026;08:10:00;JOAO CAMARA;Ultrapassagem Indevida;Colisão lateral mesmo sentido;Com Vítimas Feridas;Pleno dia;Crescente;Céu Claro;Simples;"Declive;Curva";-5,52233;-35,822335
13/03/2026;14:20:00;PARAOPEBA;Velocidade Incompatível;Colisão traseira;Com Vítimas Feridas;Pleno dia;Crescente;Nublado;Dupla;"Declive;Reta";-19,3457784;-44,5371359
13/03/2026;15:30:00;LEOPOLDINA;Pista Escorregadia;Colisão frontal;Com Vítimas Fatais;Pleno dia;Crescente;Chuva;Simples;"Declive;Curva";-21,51957695;-42,6446557
13/03/2026;15:45:00;ANCHIETA;Acumulo de água sobre o pavimento;Colisão transversal;Com Vítimas Feridas;Pleno dia;Crescente;Chuva;Simples;Curva;-20,7114899;-40,7220353
13/03/2026;15:40:00;MARA ROSA;Chuva;Tombamento;Com Vítimas Feridas;Pleno dia;Decrescente;Chuva;Simples;Declive;-13,92694658;-49,07110834
13/03/2026;17:45:00;PIMENTA BUENO;Ultrapassagem Indevida;Colisão lateral mesmo sentido;Com Vítimas Feridas;Anoitecer;Crescente;Céu Claro;Simples;Declive;-12,014545;-60,852375
13/03/2026;15:00:00;TRES BARRAS;Ultrapassagem Indevida;Colisão frontal;Com Vítimas Feridas;Pleno dia;Decrescente;Nublado;Simples;Reta;-26,18364628;-50,33728968
13/03/2026;20:00:00;CAXIAS;Velocidade Incompatível;Tombamento;Com Vítimas Feridas;Plena Noite;Crescente;Céu Claro;Simples;Curva;-5,30563192;-43,71743202
13/03/2026;22:30:00;BRUMADINHO;Velocidade Incompatível;Tombamento;Com Vítimas Feridas;Plena Noite;Crescente;Chuva;Dupla;"Curva;Declive";-20,145838;-44,323024
13/03/2026;04:30:00;SAO LEOPOLDO;Deficiência do Sistema de Iluminação/Sinalização;Capotamento;Com Vítimas Feridas;Pleno dia;Decrescente;Céu Claro;Dupla;Curva;-29,77822847;-51,15576547
13/03/2026;07:30:00;LONDRINA;Animais na Pista;Atropelamento de Animal;Com Vítimas Fatais;Pleno dia;Crescente;Sol;Dupla;"Reta;Aclive";-23,29282015;-51,15175216
13/03/2026;04:20:00;PETROPOLIS;Pista Escorregadia;Colisão com objeto;Com Vítimas Feridas;Amanhecer;Crescente;Garoa/Chuvisco;Dupla;"Declive;Curva";-22,485195;-43,227362
13/03/2026;07:15:00;CAMANDUCAIA;Velocidade Incompatível;Tombamento;Com Vítimas Feridas;Pleno dia;Decrescente;Chuva;Dupla;Curva;-22,774921;-46,186142
13/03/2026;07:50:00;SAO JOAO DE MERITI;Pista Escorregadia;Queda de ocupante de veículo;Com Vítimas Feridas;Pleno dia;Decrescente;Garoa/Chuvisco;Múltipla;Reta;-22,7922;-43,367667
13/03/2026;07:20:00;NATAL;Animais na Pista;Queda de ocupante de veículo;Com Vítimas Feridas;Pleno dia;Decrescente;Céu Claro;Dupla;Reta;-5,74224225;-35,2900064
13/03/2026;08:00:00;ERECHIM;Ultrapassagem Indevida;Colisão frontal;Com Vítimas Feridas;Pleno dia;Decrescente;Nevoeiro/Neblina;Simples;Reta;-27,63407538;-52,33810544
13/03/2026;12:15:00;URUGUAIANA;Demais falhas na via;Tombamento;Com Vítimas Feridas;Pleno dia;Decrescente;Céu Claro;Simples;Reta;-29,74831465;-57,08760945
13/03/2026;11:56:00;CAMPO GRANDE;Velocidade Incompatível;Colisão com objeto;Com Vítimas Feridas;Pleno dia;Crescente;Céu Claro;Simples;Curva;-20,41232296;-54,54964042
13/03/2026;13:55:00;SAO JOSE;Conversão proibida;Colisão transversal;Com Vítimas Feridas;Pleno dia;Crescente;Céu Claro;Múltipla;Reta;-27,57102002;-48,61363779
13/03/2026;11:41:00;SANTAREM;Pista Escorregadia;Saída de leito carroçável;Sem Vítimas;Pleno dia;Não Informado;Chuva;Simples;Curva;-2,62082687;-54,73961592
13/03/2026;13:00:00;PORTO MURTINHO;Animais na Pista;Tombamento;Com Vítimas Fatais;Pleno dia;Crescente;Céu Claro;Simples;Reta;-21,70086729;-57,85082817
13/03/2026;16:40:00;ITAGUAI;Chuva;Colisão com objeto;Com Vítimas Feridas;Pleno dia;Crescente;Chuva;Dupla;Reta;-22,87575;-43,739473
13/03/2026;16:00:00;PETROPOLIS;Demais Fenômenos da natureza;Eventos atípicos;Com Vítimas Feridas;Pleno dia;Decrescente;Chuva;Dupla;Reta;-22,55699635;-43,23057739
13/03/2026;18:00:00;PARNAIBA;Pista esburacada;Queda de ocupante de veículo;Com Vítimas Feridas;Anoitecer;Decrescente;Chuva;Simples;Reta;-2,90299941;-41,74099446
13/03/2026;18:10:00;UBERLANDIA;Ultrapassagem Indevida;Colisão lateral sentido oposto;Com Vítimas Feridas;Pleno dia;Crescente;Céu Claro;Simples;"Declive;Reta";-18,890159;-48,121693
13/03/2026;19:25:00;IBATIBA;Deficiência do Sistema de Iluminação/Sinalização;Colisão transversal;Com Vítimas Feridas;Plena Noite;Crescente;Nublado;Simples;Reta;-20,23463695;-41,50689483
13/03/2026;19:00:00;PORTO SEGURO;Ultrapassagem Indevida;Colisão transversal;Com Vítimas Feridas;Plena Noite;Crescente;Céu Claro;Simples;Interseção de Vias;-16,417294;-39,109873
13/03/2026;19:20:00;CAXIAS DO SUL;Acesso irregular;Colisão frontal;Com Vítimas Feridas;Plena Noite;Decrescente;Céu Claro;Simples;Reta;-29,10774;-51,11071
13/03/2026;19:00:00;FELIXLANDIA;Velocidade Incompatível;Colisão traseira;Com Vítimas Feridas;Plena Noite;Crescente;Céu Claro;Simples;Reta;-18,7977071;-44,80434895
13/03/2026;09:30:00;SAO MATEUS DO SUL;Ultrapassagem Indevida;Colisão traseira;Com Vítimas Feridas;Pleno dia;Crescente;Sol;Simples;Curva;-25,89905992;-50,32549202
13/03/2026;19:00:00;SEROPEDICA;Iluminação deficiente;Colisão traseira;Com Vítimas Feridas;Plena Noite;Decrescente;Garoa/Chuvisco;Dupla;Reta;-22,762561;-43,735695
13/03/2026;19:20:00;MAGE;Animais na Pista;Atropelamento de Animal;Com Vítimas Feridas;Plena Noite;Crescente;Chuva;Dupla;Curva;-22,61870342;-43,04236762
13/03/2026;16:30:00;NOVA ITARANA;Velocidade Incompatível;Saída de leito carroçável;Com Vítimas Feridas;Pleno dia;Crescente;Céu Claro;Simples;Curva;-13,02471;-40,06251
13/03/2026;19:40:00;CURITIBA;Velocidade Incompatível;Tombamento;Com Vítimas Feridas;Plena Noite;Crescente;Ignorado;Múltipla;Interseção de Vias;-25,54357;-49,307678
13/03/2026;21:30:00;DOURADOS;Acesso irregular;Colisão frontal;Com Vítimas Feridas;Plena Noite;Decrescente;Céu Claro;Simples;Reta;-22,25910363;-54,80613148
13/03/2026;03:26:00;NOVO PROGRESSO;Pista esburacada;Queda de ocupante de veículo;Sem Vítimas;Plena Noite;Decrescente;Céu Claro;Simples;"Aclive;Reta";-7,06515278;-55,40776111
13/03/2026;20:30:00;BALSAS;Pista esburacada;Queda de ocupante de veículo;Com Vítimas Feridas;Plena Noite;Decrescente;Céu Claro;Simples;Reta;-7,26100567;-45,91782189
13/03/2026;06:20:00;ARGIRITA;Pista esburacada;Tombamento;Com Vítimas Feridas;Pleno dia;Decrescente;Céu Claro;Simples;Reta;-21,60527638;-42,80161143
12/03/2026;00:40:00;ITAPEVA;Velocidade Incompatível;Colisão com objeto;Com Vítimas Feridas;Plena Noite;Decrescente;Chuva;Dupla;Curva;-22,76926962;-46,20552099
12/03/2026;04:35:00;PATOS DE MINAS;Velocidade Incompatível;Saída de leito carroçável;Sem Vítimas;Amanhecer;Crescente;Garoa/Chuvisco;Simples;Curva;-18,74435839;-46,63106024
12/03/2026;08:15:00;ARARANGUA;Ultrapassagem Indevida;Colisão lateral mesmo sentido;Com Vítimas Feridas;Pleno dia;Crescente;Céu Claro;Simples;Rotatória;-28,95819291;-49,51435344
12/03/2026;11:20:00;TRES CORACOES;Velocidade Incompatível;Saída de leito carroçável;Com Vítimas Feridas;Pleno dia;Crescente;Chuva;Dupla;Curva;-21,642522;-45,287996
12/03/2026;14:30:00;ALEXANIA;Chuva;Queda de ocupante de veículo;Com Vítimas Fatais;Pleno dia;Decrescente;Chuva;Dupla;Reta;-16,098135;-48,479382
12/03/2026;16:05:00;MAIRIPORA;Velocidade Incompatível;Tombamento;Com Vítimas Feridas;Pleno dia;Decrescente;Chuva;Dupla;"Curva;Declive";-23,247422;-46,592907
12/03/2026;16:00:00;CANARANA;Velocidade Incompatível;Saída de leito carroçável;Com Vítimas Fatais;Pleno dia;Crescente;Chuva;Simples;Reta;-13,6275433;-51,9491467
12/03/2026;17:35:00;GOIANIA;Ultrapassagem Indevida;Colisão lateral mesmo sentido;Com Vítimas Feridas;Pleno dia;Decrescente;Nublado;Dupla;"Reta;Aclive";-16,681156;-49,233308
12/03/2026;18:10:00;VACARIA;Velocidade Incompatível;Tombamento;Com Vítimas Feridas;Anoitecer;Crescente;Chuva;Simples;Reta;-28,510881;-50,849211
12/03/2026;19:20:00;BALSAS;Restrição de visibilidade em curvas verticais;Colisão transversal;Com Vítimas Feridas;Plena Noite;Crescente;Céu Claro;Simples;"Reta;Declive";-7,422765;-45,997923
12/03/2026;22:30:00;PONTA GROSSA;Velocidade Incompatível;Colisão traseira;Com Vítimas Feridas;Plena Noite;Decrescente;Nublado;Dupla;"Curva;Aclive";-25,2396;-50,0347
12/03/2026;22:40:00;FRUTAL;Chuva;Colisão frontal;Com Vítimas Fatais;Plena Noite;Decrescente;Chuva;Simples;Curva;-19,946261;-48,958178
12/03/2026;16:50:00;APIUNA;Velocidade Incompatível;Tombamento;Com Vítimas Feridas;Pleno dia;Crescente;Nublado;Simples;Curva;-27,061074;-49,411097
12/03/2026;22:20:00;LAPA;Velocidade Incompatível;Tombamento;Com Vítimas Feridas;Plena Noite;Crescente;Céu Claro;Simples;Curva;-25,85991;-50,09058
12/03/2026;23:45:00;NOVO PROGRESSO;Pista esburacada;Saída de leito carroçável;Sem Vítimas;Plena Noite;Crescente;Céu Claro;Simples;"Aclive;Reta";-7,97051111;-55,16347222
12/03/2026;07:30:00;NOVO PROGRESSO;Pista esburacada;Saída de leito carroçável;Com Vítimas Feridas;Pleno dia;Crescente;Ignorado;Simples;Reta;-9,09586777;-54,91528091
12/03/2026;07:00:00;ITAPERUNA;Velocidade Incompatível;Tombamento;Com Vítimas Feridas;Pleno dia;Crescente;Céu Claro;Simples;Curva;-21,258741;-41,769386
12/03/2026;22:59:00;ARAGUARI;Acumulo de água sobre o pavimento;Capotamento;Com Vítimas Feridas;Plena Noite;Crescente;Chuva;Dupla;Declive;-18,75581423;-48,24074619
12/03/2026;00:15:00;SAO LEOPOLDO;Acumulo de areia ou detritos sobre o pavimento;Queda de ocupante de veículo;Com Vítimas Feridas;Plena Noite;Decrescente;Céu Claro;Múltipla;Reta;-29,79243416;-51,16416108
12/03/2026;00:05:00;SANTA RITA DO NOVO DESTINO;Animais na Pista;Atropelamento de Animal;Sem Vítimas;Plena Noite;Decrescente;Nublado;Simples;"Declive;Reta";-14,87011648;-49,00663018
12/03/2026;06:40:00;ITAGUAI;Acumulo de água sobre o pavimento;Saída de leito carroçável;Com Vítimas Feridas;Pleno dia;Decrescente;Chuva;Dupla;Curva;-22,902683;-43,86968
12/03/2026;07:00:00;ITABELA;Velocidade Incompatível;Saída de leito carroçável;Com Vítimas Feridas;Pleno dia;Decrescente;Céu Claro;Simples;"Declive;Curva";-16,620588;-39,530867
12/03/2026;11:06:00;BADY BASSITT;Demais falhas na via;Tombamento;Com Vítimas Feridas;Pleno dia;Crescente;Chuva;Dupla;"Declive;Reta";-20,895667;-49,436174
12/03/2026;11:30:00;GUAPIMIRIM;Conversão proibida;Colisão traseira;Com Vítimas Feridas;Pleno dia;Decrescente;Nublado;Dupla;"Reta;Retorno Regulamentado;Interseção de Vias";-22,53372035;-42,99328772
12/03/2026;13:45:00;ALAGOINHAS;Ultrapassagem Indevida;Colisão transversal;Com Vítimas Feridas;Pleno dia;Crescente;Céu Claro;Simples;"Aclive;Reta";-11,99218464;-38,3717351
12/03/2026;15:45:00;TERESINA;Velocidade Incompatível;Saída de leito carroçável;Com Vítimas Feridas;Pleno dia;Crescente;Céu Claro;Dupla;Curva;-5,250773;-42,730227
12/03/2026;16:35:00;SETE LAGOAS;Velocidade Incompatível;Saída de leito carroçável;Com Vítimas Feridas;Pleno dia;Crescente;Chuva;Dupla;Reta;-19,57123391;-44,23333883
12/03/2026;13:15:00;POCONE;Acumulo de água sobre o pavimento;Saída de leito carroçável;Com Vítimas Feridas;Pleno dia;Crescente;Chuva;Simples;Curva;-15,928676;-56,952431
12/03/2026;18:00:00;UBERLANDIA;Acumulo de água sobre o pavimento;Tombamento;Com Vítimas Feridas;Anoitecer;Crescente;Chuva;Dupla;"Ponte;Reta;Declive";-18,9102394;-48,30576746
12/03/2026;18:40:00;CASCAVEL;Velocidade Incompatível;Saída de leito carroçável;Com Vítimas Feridas;Anoitecer;Crescente;Céu Claro;Dupla;Curva;-24,92069044;-53,479864
12/03/2026;18:25:00;PADRE BERNARDO;Animais na Pista;Atropelamento de Animal;Com Vítimas Fatais;Anoitecer;Crescente;Céu Claro;Simples;Reta;-15,189271;-48,284311