data_inversa;horario;municipio;causa_acidente;tipo_acidente;classificacao_acidente;fase_dia;sentido_via;condicao_metereologica;tipo_pista;tracado_via;latitude;longitude
12/03/2026;17:30:00;SANTA FE DE GOIAS;Chuva;Saída de leito carroçável;Com Vítimas Feridas;Pleno dia;Decrescente;Chuva;Simples;Reta;-15,88426179;-51,07181132
12/03/2026;15:20:00;DUQUE DE CAXIAS;Pista Escorregadia;Saída de leito carroçável;Com Vítimas Feridas;Pleno dia;Crescente;Garoa/Chuvisco;Dupla;"Declive;Curva";-22,56627447;-43,27421375
12/03/2026;20:45:00;ALFREDO WAGNER;Pista esburacada;Saída de leito carroçável;Sem Vítimas;Plena Noite;Crescente;Céu Claro;Simples;Curva;-27,69612441;-49,34180355
12/03/2026;19:15:00;VEREDA;Ultrapassagem Indevida;Colisão frontal;Com Vítimas Fatais;Plena Noite;Decrescente;Céu Claro;Simples;Reta;-17,28448917;-39,63513947
12/03/2026;22:50:00;NATAL;Velocidade Incompatível;Colisão traseira;Com Vítimas Feridas;Plena Noite;Crescente;Céu Claro;Múltipla;Reta;-5,870952;-35,21921
12/03/2026;22:15:00;BARRA DO GARCAS;Acesso irregular;Colisão traseira;Com Vítimas Feridas;Plena Noite;Decrescente;Nublado;Simples;Reta;-15,89356732;-52,2589159
12/03/2026;22:30:00;CANDEIAS DO JAMARI;Animais na Pista;Atropelamento de Animal;Com Vítimas Feridas;Plena Noite;Crescente;Nublado;Simples;Reta;-8,79191;-63,64585
12/03/2026;22:00:00;PESCARIA BRAVA;Animais na Pista;Atropelamento de Animal;Com Vítimas Feridas;Plena Noite;Decrescente;Céu Claro;Dupla;"Declive;Reta";-28,42830653;-48,92499145
12/03/2026;20:50:00;MUITOS CAPOES;Ultrapassagem Indevida;Colisão frontal;Com Vítimas Feridas;Plena Noite;Crescente;Céu Claro;Simples;"Declive;Reta";-28,330003;-51,322101
12/03/2026;23:15:00;ITABUNA;Animais na Pista;Atropelamento de Animal;Com Vítimas Feridas;Plena Noite;Decrescente;Céu Claro;Simples;Reta;-14,81500686;-39,29658204
12/03/2026;03:48:00;CURITIBA;Deficiência do Sistema de Iluminação/Sinalização;Colisão traseira;Com Vítimas Feridas;Plena Noite;Crescente;Nublado;Dupla;Reta;-25,56561;-49,244303
12/03/2026;21:13:00;SALVADOR;Demais falhas na via;Tombamento;Com Vítimas Feridas;Plena Noite;Decrescente;Céu Claro;Dupla;Reta;-12,96137725;-38,47531049
12/03/2026;14:56:00;NOVO PROGRESSO;Pista esburacada;Saída de leito carroçável;Sem Vítimas;Pleno dia;Decrescente;Céu Claro;Simples;"Aclive;Curva";-6,69111111;-55,48694444
12/03/2026;08:30:00;COLOMBO;Chuva;Colisão lateral mesmo sentido;Com Vítimas Feridas;Pleno dia;Crescente;Chuva;Simples;Reta;-25,32177993;-49,15960042
11/03/2026;05:50:00;APUCARANA;Ultrapassagem Indevida;Colisão traseira;Com Vítimas Feridas;Pleno dia;Decrescente;Céu Claro;Dupla;Reta;-23,581716;-51,443177
11/03/2026;04:30:00;ITAITUBA;Acumulo de areia ou detritos sobre o pavimento;Colisão transversal;Com Vítimas Feridas;Pleno dia;Decrescente;Nublado;Simples;Reta;-4,304225;-55,959353
11/03/2026;08:45:00;MIRACATU;Velocidade Incompatível;Tombamento;Com Vítimas Feridas;Pleno dia;Decrescente;Nublado;Dupla;Curva;-24,10587939;-47,2641449
11/03/2026;10:00:00;ESCADA;Demais falhas na via;Saída de leito carroçável;Sem Vítimas;Pleno dia;Decrescente;Céu Claro;Dupla;Reta;-8,403635;-35,269187
11/03/2026;12:00:00;JACIARA;Acumulo de água sobre o pavimento;Saída de leito carroçável;Com Vítimas Feridas;Pleno dia;Decrescente;Chuva;Dupla;Reta;-15,8166042;-55,2309715
11/03/2026;17:45:00;MONTES CLAROS;Chuva;Colisão frontal;Com Vítimas Feridas;Anoitecer;Crescente;Chuva;Simples;"Reta;Declive";-16,82117;-43,91965
11/03/2026;14:15:00;LAPA;Velocidade Incompatível;Colisão lateral sentido oposto;Com Vítimas Feridas;Pleno dia;Crescente;Nublado;Simples;Reta;-25,74896475;-49,72059902
11/03/2026;19:00:00;GUAPIMIRIM;Afundamento ou ondulação no pavimento;Tombamento;Com Vítimas Feridas;Plena Noite;Crescente;Chuva;Simples;"Reta;Em Obras";-22,66874908;-43,01883459
11/03/2026;15:55:00;VARZEA GRANDE;Acesso irregular;Colisão transversal;Com Vítimas Feridas;Pleno dia;Decrescente;Céu Claro;Simples;Reta;-15,65103827;-56,19426901
11/03/2026;20:15:00;CAMPOS DOS GOYTACAZES;Velocidade Incompatível;Colisão traseira;Com Vítimas Feridas;Plena Noite;Crescente;Nublado;Simples;Reta;-21,608562;-41,316425
11/03/2026;21:50:00;SAO FRANCISCO DO SUL;Ultrapassagem Indevida;Colisão lateral mesmo sentido;Com Vítimas Feridas;Plena Noite;Decrescente;Nublado;Simples;Reta;-26,35895822;-48,66153717
11/03/2026;19:15:00;FREI INOCENCIO;Ultrapassagem Indevida;Colisão lateral mesmo sentido;Com Vítimas Feridas;Plena Noite;Crescente;Nublado;Simples;Reta;-18,521492;-41,883623
11/03/2026;17:15:00;MARTINS SOARES;Chuva;Colisão frontal;Com Vítimas Feridas;Anoitecer;Decrescente;Chuva;Simples;Curva;-20,2518987;-41,78726435
11/03/2026;21:58:00;SANTO ANTONIO DA PLATINA;Condutor usando celular;Colisão traseira;Com Vítimas Fatais;Plena Noite;Crescente;Chuva;Simples;Reta;-23,37641672;-50,06275213
11/03/2026;23:10:00;ITAMBACURI;Ausência de sinalização;Colisão com objeto;Com Vítimas Feridas;Plena Noite;Decrescente;Nublado;Simples;"Reta;Aclive";-18,033111;-41,653172
11/03/2026;19:00:00;VARZEA GRANDE;Iluminação deficiente;Colisão transversal;Com Vítimas Feridas;Plena Noite;Crescente;Céu Claro;Simples;Interseção de Vias;-15,6496625;-56,1956236
11/03/2026;02:10:00;PALHOCA;Acumulo de água sobre o pavimento;Tombamento;Sem Vítimas;Plena Noite;Decrescente;Nublado;Múltipla;Reta;-27,662018;-48,676095
11/03/2026;05:00:00;PIMENTA BUENO;Animais na Pista;Saída de leito carroçável;Com Vítimas Feridas;Amanhecer;Decrescente;Nublado;Simples;"Declive;Reta";-11,636538;-61,200382
11/03/2026;07:40:00;ANGRA DOS REIS;Chuva;Colisão traseira;Com Vítimas Feridas;Pleno dia;Decrescente;Chuva;Simples;"Declive;Reta";-22,99297128;-44,44529826
11/03/2026;09:00:00;SATUBA;Retorno proibido;Colisão lateral mesmo sentido;Com Vítimas Feridas;Pleno dia;Decrescente;Céu Claro;Simples;"Rotatória;Desvio Temporário;Em Obras";-9,58795442;-35,88039128
11/03/2026;09:25:00;GRAVATAI;Velocidade Incompatível;Saída de leito carroçável;Com Vítimas Feridas;Pleno dia;Decrescente;Nublado;Múltipla;Curva;-29,95478582;-51,0021615
11/03/2026;09:20:00;ITAPEVA;Velocidade Incompatível;Capotamento;Com Vítimas Feridas;Pleno dia;Crescente;Nublado;Dupla;Curva;-22,77110772;-46,19961172
11/03/2026;09:00:00;ITAPEVA;Velocidade Incompatível;Tombamento;Com Vítimas Feridas;Pleno dia;Crescente;Chuva;Dupla;Curva;-22,770811;-46,200051
11/03/2026;04:30:00;PIRACANJUBA;Velocidade Incompatível;Saída de leito carroçável;Com Vítimas Feridas;Plena Noite;Decrescente;Céu Claro;Dupla;Reta;-17,166538;-49,211698
11/03/2026;10:00:00;RANCHO QUEIMADO;Velocidade Incompatível;Capotamento;Com Vítimas Feridas;Pleno dia;Crescente;Chuva;Simples;"Aclive;Curva";-27,683435;-49,105495
11/03/2026;10:20:00;CIPO;Conversão proibida;Colisão transversal;Com Vítimas Feridas;Pleno dia;Decrescente;Céu Claro;Simples;Reta;-11,08904371;-38,50800846
11/03/2026;12:50:00;ATIBAIA;Pista Escorregadia;Queda de ocupante de veículo;Com Vítimas Feridas;Pleno dia;Decrescente;Chuva;Dupla;Curva;-23,23575052;-46,60112652
11/03/2026;12:40:00;BETIM;Pista Escorregadia;Tombamento;Com Vítimas Feridas;Pleno dia;Crescente;Céu Claro;Simples;Reta;-19,9557385;-44,1452078
11/03/2026;15:00:00;MUNDO NOVO;Ultrapassagem Indevida;Tombamento;Com Vítimas Feridas;Pleno dia;Decrescente;Sol;Simples;Reta;-23,996084;-54,327957
11/03/2026;17:30:00;EXTREMA;Velocidade Incompatível;Colisão com objeto;Sem Vítimas;Pleno dia;Crescente;Chuva;Dupla;"Declive;Curva";-22,8082546;-46,2772201
11/03/2026;18:12:00;MANGARATIBA;Curva acentuada;Colisão frontal;Com Vítimas Feridas;Anoitecer;Crescente;Chuva;Simples;Curva;-22,98007055;-44,08307998
11/03/2026;18:06:00;MOSSORO;Retorno proibido;Colisão transversal;Com Vítimas Feridas;Plena Noite;Crescente;Céu Claro;Simples;Reta;-5,193984;-37,380162
11/03/2026;18:26:00;GUAIRACA;Chuva;Saída de leito carroçável;Sem Vítimas;Pleno dia;Decrescente;Chuva;Simples;"Declive;Reta";-22,96231;-52,6449
11/03/2026;20:00:00;JUATUBA;Animais na Pista;Atropelamento de Animal;Com Vítimas Feridas;Plena Noite;Decrescente;Chuva;Dupla;"Declive;Reta";-19,956637;-44,350172
11/03/2026;18:30:00;PARACAMBI;Velocidade Incompatível;Colisão traseira;Com Vítimas Feridas;Plena Noite;Crescente;Chuva;Dupla;Reta;-22,69029972;-43,79025936
11/03/2026;16:25:00;VASSOURAS;Conversão proibida;Colisão transversal;Com Vítimas Feridas;Pleno dia;Crescente;Garoa/Chuvisco;Simples;Reta;-22,41245678;-43,67423773
11/03/2026;17:00:00;TARAUACA;Pista esburacada;Saída de leito carroçável;Com Vítimas Feridas;Anoitecer;Crescente;Céu Claro;Simples;Declive;-7,849803;-71,811975
11/03/2026;20:48:00;SAO LUIS;Pista esburacada;Tombamento;Com Vítimas Feridas;Plena Noite;Crescente;Céu Claro;Dupla;Reta;-2,60549;-44,32461
11/03/2026;20:00:00;PATROCINIO DO MURIAE;Ultrapassagem Indevida;Colisão frontal;Com Vítimas Feridas;Plena Noite;Crescente;Chuva;Simples;"Declive;Reta";-21,13831706;-42,30557084
11/03/2026;20:50:00;FRUTAL;Pista esburacada;Saída de leito carroçável;Com Vítimas Feridas;Plena Noite;Crescente;Garoa/Chuvisco;Simples;Curva;-20,04999414;-49,05148443
11/03/2026;20:10:00;CAMPOS NOVOS;Velocidade Incompatível;Saída de leito carroçável;Com Vítimas Fatais;Plena Noite;Crescente;Céu Claro;Simples;Curva;-27,423923;-51,240495
11/03/2026;00:40:00;TEIXEIRA DE FREITAS;Velocidade Incompatível;Saída de leito carroçável;Com Vítimas Feridas;Plena Noite;Decrescente;Céu Claro;Simples;"Declive;Curva";-17,60136361;-39,74876833
10/03/2026;03:30:00;MIRACATU;Acumulo de água sobre o pavimento;Saída de leito carroçável;Com Vítimas Feridas;Plena Noite;Crescente;Chuva;Dupla;Curva;-24,15272506;-47,31967487
10/03/2026;05:00:00;SEROPEDICA;Acesso irregular;Colisão transversal;Com Vítimas Feridas;Amanhecer;Crescente;Nublado;Simples;Reta;-22,73167553;-43,71453021
10/03/2026;08:30:00;BICAS;Velocidade Incompatível;Tombamento;Com Vítimas Feridas;Pleno dia;Crescente;Nublado;Simples;Curva;-21,75736;-43,16582
10/03/2026;07:30:00;BARRA DO TURVO;Chuva;Colisão com objeto;Com Vítimas Feridas;Pleno dia;Crescente;Chuva;Simples;"Declive;Reta";-24,918978;-48,25809002
10/03/2026;08:10:00;GUARUJA DO SUL;Velocidade Incompatível;Tombamento;Com Vítimas Feridas;Pleno dia;Crescente;Céu Claro;Simples;Curva;-26,40985242;-53,5220425
10/03/2026;16:35:00;MURIAE;Chuva;Colisão lateral sentido oposto;Com Vítimas Feridas;Pleno dia;Crescente;Chuva;Simples;Curva;-21,19886;-42,3839
10/03/2026;17:20:00;AGUA CLARA;Chuva;Colisão lateral sentido oposto;Com Vítimas Fatais;Anoitecer;Crescente;Chuva;Simples;Curva;-20,517111;-52,615848
10/03/2026;18:35:00;FOZ DO IGUACU;Conversão proibida;Colisão transversal;Com Vítimas Feridas;Pleno dia;Crescente;Céu Claro;Simples;Viaduto;-25,53386113;-54,52836741
10/03/2026;21:40:00;AURELINO LEAL;Ultrapassagem Indevida;Colisão lateral mesmo sentido;Com Vítimas Feridas;Plena Noite;Decrescente;Céu Claro;Simples;Reta;-14,328899;-39,314068
10/03/2026;02:10:00;ARAGUAINA;Animais na Pista;Atropelamento de Animal;Com Vítimas Feridas;Plena Noite;Crescente;Nublado;Simples;"Declive;Reta";-7,2496533;-48,2558767
10/03/2026;07:10:00;CAMPOS DOS GOYTACAZES;Ultrapassagem Indevida;Colisão frontal;Com Vítimas Feridas;Pleno dia;Crescente;Céu Claro;Simples;Reta;-21,77943255;-41,37060496
10/03/2026;08:05:00;MARINGA;Chuva;Colisão traseira;Com Vítimas Feridas;Pleno dia;Decrescente;Chuva;Dupla;Reta;-23,430433;-51,889771
10/03/2026;09:45:00;SAO JOSE DOS CAMPOS;Pista Escorregadia;Queda de ocupante de veículo;Com Vítimas Feridas;Pleno dia;Crescente;Nublado;Dupla;Reta;-23,21529597;-45,89580507
10/03/2026;10:11:00;ITAGUARA;Velocidade Incompatível;Saída de leito carroçável;Com Vítimas Feridas;Pleno dia;Decrescente;Nublado;Dupla;Curva;-20,33801265;-44,44239557
10/03/2026;06:00:00;LAGOA GRANDE;Chuva;Saída de leito carroçável;Com Vítimas Feridas;Amanhecer;Decrescente;Chuva;Simples;Reta;-17,527;-46,546
10/03/2026;08:20:00;ALTAMIRA;Ausência de sinalização;Colisão com objeto;Com Vítimas Feridas;Pleno dia;Crescente;Sol;Simples;Reta;-3,172577;-52,1441102
10/03/2026;09:35:00;SANTAREM;Conversão proibida;Colisão frontal;Com Vítimas Fatais;Pleno dia;Crescente;Nublado;Simples;Curva;-2,6338924;-54,7463726
10/03/2026;10:20:00;BARRACAO;Conversão proibida;Colisão transversal;Com Vítimas Feridas;Pleno dia;Crescente;Céu Claro;Simples;Reta;-26,23492;-53,63783
10/03/2026;10:42:00;AGUAS MORNAS;Acumulo de água sobre o pavimento;Saída de leito carroçável;Sem Vítimas;Pleno dia;Crescente;Chuva;Simples;"Curva;Aclive";-27,7044;-48,9559
10/03/2026;10:00:00;MANGARATIBA;Ultrapassagem Indevida;Colisão lateral mesmo sentido;Com Vítimas Feridas;Pleno dia;Decrescente;Chuva;Simples;Reta;-22,917894;-43,9132113
10/03/2026;12:05:00;PEIXE;Retorno proibido;Colisão traseira;Com Vítimas Feridas;Pleno dia;Decrescente;Céu Claro;Simples;Reta;-11,9207;-48,7118
10/03/2026;13:00:00;BETIM;Velocidade Incompatível;Saída de leito carroçável;Com Vítimas Feridas;Pleno dia;Crescente;Chuva;Dupla;"Aclive;Reta";-19,9823367;-44,23174
10/03/2026;13:40:00;ALVORADA DO NORTE;Ultrapassagem Indevida;Colisão frontal;Com Vítimas Feridas;Pleno dia;Decrescente;Céu Claro;Simples;Reta;-14,51559;-46,524473
10/03/2026;13:00:00;FLORESTAL;Velocidade Incompatível;Saída de leito carroçável;Com Vítimas Feridas;Pleno dia;Crescente;Chuva;Dupla;"Aclive;Curva";-19,9146225;-44,4978008
10/03/2026;14:40:00;ATIBAIA;Chuva;Tombamento;Sem Vítimas;Pleno dia;Decrescente;Chuva;Dupla;"Declive;Reta";-23,07463499;-46,56594068
10/03/2026;15:00:00;MORRETES;Velocidade Incompatível;Saída de leito carroçável;Com Vítimas Feridas;Pleno dia;Decrescente;Garoa/Chuvisco;Dupla;"Declive;Curva";-25,56128217;-48,81059138
10/03/2026;12:15:00;NOVA SERRANA;Velocidade Incompatível;Saída de leito carroçável;Com Vítimas Feridas;Pleno dia;Crescente;Chuva;Dupla;Curva;-19,89284;-44,88579
10/03/2026;18:30:00;GOIANIA;Chuva;Tombamento;Com Vítimas Feridas;Plena Noite;Decrescente;Chuva;Múltipla;"Declive;Reta";-16,667167;-49,225483
10/03/2026;15:30:00;MONTES CLAROS;Velocidade Incompatível;Saída de leito carroçável;Com Vítimas Feridas;Pleno dia;Crescente;Chuva;Simples;Reta;-16,85153387;-44,07131195
10/03/2026;18:00:00;RIO PARDO;Ultrapassagem Indevida;Colisão transversal;Com Vítimas Feridas;Pleno dia;Crescente;Nublado;Simples;"Reta;Aclive";-29,860999;-52,3915
10/03/2026;16:40:00;TERESINA;Conversão proibida;Colisão lateral mesmo sentido;Com Vítimas Feridas;Pleno dia;Crescente;Nublado;Dupla;"Reta;Retorno Regulamentado";-5,21214392;-42,75472853
10/03/2026;18:50:00;TANGUA;Animais na Pista;Atropelamento de Animal;Com Vítimas Feridas;Plena Noite;Crescente;Garoa/Chuvisco;Dupla;Reta;-22,730193;-42,705148
10/03/2026;17:40:00;ANCHIETA;Velocidade Incompatível;Capotamento;Com Vítimas Feridas;Pleno dia;Crescente;Chuva;Dupla;Reta;-20,675;-40,665
10/03/2026;20:00:00;MEDIANEIRA;Velocidade Incompatível;Saída de leito carroçável;Sem Vítimas;Plena Noite;Decrescente;Céu Claro;Dupla;"Declive;Reta";-25,26424298;-54,05113427
10/03/2026;16:30:00;SAO RAIMUNDO DAS MANGABEIRAS;Acostamento em desnível;Capotamento;Com Vítimas Fatais;Anoitecer;Decrescente;Céu Claro;Simples;Reta;-7,011978;-45,46929431
10/03/2026;15:30:00;PARATY;Chuva;Colisão com objeto;Com Vítimas Feridas;Pleno dia;Crescente;Chuva;Simples;Reta;-23,05040647;-44,67375863
10/03/2026;21:50:00;PARIQUERA-ACU;Chuva;Colisão com objeto;Sem Vítimas;Plena Noite;Crescente;Chuva;Dupla;Curva;-24,64648525;-47,92105285
10/03/2026;23:50:00;JUIZ DE FORA;Chuva;Colisão lateral sentido oposto;Sem Vítimas;Plena Noite;Crescente;Chuva;Simples;Reta;-21,72091;-43,53555
10/03/2026;13:30:00;PORTO ALEGRE;Velocidade Incompatível;Colisão lateral mesmo sentido;Sem Vítimas;Pleno dia;Crescente;Céu Claro;Dupla;"Interseção de Vias;Curva";-29,99353106;-51,18690837
10/03/2026;22:30:00;APARECIDA DE GOIANIA;Pista esburacada;Queda de ocupante de veículo;Com Vítimas Feridas;Plena Noite;Crescente;Céu Claro;Dupla;Reta;-16,75682682;-49,24101301
10/03/2026;17:50:00;RIO GRANDE;Ultrapassagem Indevida;Colisão transversal;Com Vítimas Feridas;Pleno dia;Decrescente;Chuva;Simples;Reta;-32,073995;-52,099325
10/03/2026;02:00:00;DOURADINA;Velocidade Incompatível;Capotamento;Com Vítimas Fatais;Plena Noite;Crescente;Céu Claro;Simples;Reta;-21,97143996;-54,5321524
10/03/2026;21:30:00;SANTO AMARO DA IMPERATRIZ;Velocidade Incompatível;Saída de leito carroçável;Com Vítimas Feridas;Plena Noite;Decrescente;Chuva;Simples;Curva;-27,687655;-48,790932
10/03/2026;21:45:00;CAMPO ALEGRE DE GOIAS;Deficiência do Sistema de Iluminação/Sinalização;Colisão traseira;Com Vítimas Fatais;Plena Noite;Crescente;Céu Claro;Dupla;Reta;-17,259116;-47,76847
09/03/2026;06:31:00;RANCHO QUEIMADO;Chuva;Saída de leito carroçável;Com Vítimas Feridas;Amanhecer;Crescente;Chuva;Simples;"Declive;Curva";-27,688332;-48,993333
09/03/2026;06:50:00;JOAO NEIVA;Velocidade Incompatível;Tombamento;Com Vítimas Feridas;Pleno dia;Decrescente;Sol;Simples;"Declive;Curva";-19,65985036;-40,43131113
09/03/2026;06:53:00;JAGUARIBE;Pista esburacada;Colisão com objeto;Com Vítimas Feridas;Pleno dia;Decrescente;Céu Claro;Simples;Reta;-6,041;-38,646
09/03/2026;07:29:00;RECIFE;Conversão proibida;Colisão transversal;Com Vítimas Feridas;Pleno dia;Crescente;Céu Claro;Dupla;Reta;-7,9838231;-34,9319048
09/03/2026;09:00:00;NOVA GLORIA;Ultrapassagem Indevida;Colisão lateral sentido oposto;Com Vítimas Feridas;Pleno dia;Crescente;Sol;Simples;Reta;-15,1346769;-49,51794148
09/03/2026;14:30:00;ANAPOLIS;Pista Escorregadia;Tombamento;Com Vítimas Feridas;Pleno dia;Decrescente;Nublado;Dupla;"Declive;Reta";-16,37124943;-48,94243453
09/03/2026;07:50:00;MUQUEM DE SAO FRANCISCO;Velocidade Incompatível;Tombamento;Com Vítimas Feridas;Pleno dia;Crescente;Céu Claro;Simples;Reta;-12,22370029;-43,88044596
09/03/2026;17:20:00;SAO PAULO;Acumulo de água sobre o pavimento;Colisão transversal;Sem Vítimas;Pleno dia;Crescente;Chuva;Dupla;"Aclive;Reta";-23,4568721;-46,5714305
09/03/2026;15:50:00;FRONTEIRA;Ultrapassagem Indevida;Saída de leito carroçável;Com Vítimas Feridas;Pleno dia;Decrescente;Sol;Simples;Reta;-20,22868742;-49,15207028
09/03/2026;21:15:00;VENDA NOVA DO IMIGRANTE;Ultrapassagem Indevida;Colisão lateral mesmo sentido;Com Vítimas Feridas;Plena Noite;Crescente;Chuva;Simples;Curva;-20,32502969;-41,138134
09/03/2026;20:00:00;NOVO PROGRESSO;Afundamento ou ondulação no pavimento;Tombamento;Com Vítimas Feridas;Plena Noite;Crescente;Garoa/Chuvisco;Simples;"Aclive;Reta";-9,20627;-54,87914
09/03/2026;20:30:00;PIRAI;Pista Escorregadia;Colisão com objeto;Com Vítimas Feridas;Plena Noite;Decrescente;Garoa/Chuvisco;Dupla;Curva;-22,61616114;-43,93187707
09/03/2026;09:45:00;POUSO REDONDO;Ultrapassagem Indevida;Colisão frontal;Com Vítimas Feridas;Pleno dia;Crescente;Chuva;Simples;"Declive;Curva";-27,30202016;-50,08147113
09/03/2026;00:40:00;ANGRA DOS REIS;Chuva;Colisão com objeto;Sem Vítimas;Plena Noite;Crescente;Chuva;Simples;Reta;-23,013648;-44,284356
09/03/2026;00:05:00;TIJUCAS DO SUL;Velocidade Incompatível;Saída de leito carroçável;Com Vítimas Feridas;Plena Noite;Decrescente;Chuva;Dupla;Curva;-25,852494;-48,992697
09/03/2026;01:40:00;MARINGA;Animais na Pista;Atropelamento de Animal;Com Vítimas Fatais;Plena Noite;Decrescente;Chuva;Dupla;Reta;-23,39005;-52,0148
09/03/2026;01:20:00;SAO JOSE;Velocidade Incompatível;Capotamento;Sem Vítimas;Plena Noite;Decrescente;Chuva;Múltipla;Reta;-27,59916234;-48,62167804
09/03/2026;02:00:00;GEMINIANO;Animais na Pista;Atropelamento de Animal;Com Vítimas Feridas;Plena Noite;Crescente;Céu Claro;Simples;Reta;-7,24656;-41,245028
09/03/2026;05:30:00;ARACATI;Animais na Pista;Atropelamento de Animal;Com Vítimas Fatais;Amanhecer;Crescente;Garoa/Chuvisco;Simples;Reta;-4,577276;-37,804345
09/03/2026;06:50:00;ARACRUZ;Ultrapassagem Indevida;Colisão lateral mesmo sentido;Com Vítimas Feridas;Pleno dia;Decrescente;Céu Claro;Simples;Reta;-19,57165546;-40,18351865
09/03/2026;07:10:00;SAO JOSE;Pista Escorregadia;Tombamento;Com Vítimas Feridas;Pleno dia;Crescente;Garoa/Chuvisco;Dupla;"Declive;Curva";-27,58486777;-48,61760332
09/03/2026;06:50:00;SANTA RITA;Velocidade Incompatível;Colisão traseira;Com Vítimas Feridas;Pleno dia;Decrescente;Chuva;Dupla;Reta;-7,12966356;-34,95373819
09/03/2026;06:25:00;TIBAGI;Chuva;Tombamento;Com Vítimas Feridas;Pleno dia;Crescente;Chuva;Dupla;Curva;-24,87515;-50,44342
09/03/2026;07:50:00;INDIARA;Afundamento ou ondulação no pavimento;Queda de ocupante de veículo;Com Vítimas Feridas;Pleno dia;Decrescente;Céu Claro;Dupla;Reta;-17,11345747;-49,944098
09/03/2026;07:50:00;BALNEARIO CAMBORIU;Velocidade Incompatível;Saída de leito carroçável;Com Vítimas Feridas;Pleno dia;Crescente;Chuva;Dupla;Curva;-27,02862822;-48,60456554
09/03/2026;09:57:00;JOINVILLE;Chuva;Tombamento;Com Vítimas Feridas;Pleno dia;Crescente;Chuva;Dupla;Curva;-26,37945644;-48,85163991
09/03/2026;07:45:00;CAMBARA;Chuva;Saída de leito carroçável;Com Vítimas Feridas;Pleno dia;Crescente;Garoa/Chuvisco;Simples;Curva;-23,0310266;-50,2064736
09/03/2026;11:30:00;UBATUBA;Conversão proibida;Colisão transversal;Com Vítimas Feridas;Pleno dia;Decrescente;Garoa/Chuvisco;Simples;"Interseção de Vias;Reta";-23,42088766;-45,07080529
09/03/2026;10:45:00;RIO BONITO;Pista Escorregadia;Engavetamento;Com Vítimas Feridas;Pleno dia;Crescente;Chuva;Dupla;Curva;-22,71501395;-42,62156725
09/03/2026;12:00:00;ATIBAIA;Velocidade Incompatível;Colisão com objeto;Com Vítimas Fatais;Pleno dia;Decrescente;Chuva;Dupla;"Reta;Viaduto";-23,12394299;-46,57608406
09/03/2026;13:00:00;ITABUNA;Acesso irregular;Colisão lateral mesmo sentido;Com Vítimas Feridas;Pleno dia;Crescente;Sol;Simples;Reta;-14,841617;-39,331043
09/03/2026;14:00:00;CARANDAI;Conversão proibida;Colisão transversal;Com Vítimas Feridas;Pleno dia;Decrescente;Céu Claro;Simples;Reta;-20,970603;-43,784814
09/03/2026;13:50:00;TIBAGI;Velocidade Incompatível;Tombamento;Com Vítimas Feridas;Pleno dia;Crescente;Chuva;Dupla;Curva;-24,797961;-50,494303
09/03/2026;14:20:00;ANTONINA;Chuva;Saída de leito carroçável;Com Vítimas Feridas;Pleno dia;Crescente;Chuva;Dupla;Curva;-25,11136161;-48,75053152
09/03/2026;13:30:00;CEZARINA;Chuva;Saída de leito carroçável;Com Vítimas Feridas;Pleno dia;Crescente;Chuva;Dupla;"Reta;Aclive";-17,054517;-49,791528
09/03/2026;13:30:00;RIBEIRAO DAS NEVES;Acumulo de água sobre o pavimento;Saída de leito carroçável;Sem Vítimas;Pleno dia;Decrescente;Chuva;Dupla;Curva;-19,764153;-44,130518
09/03/2026;14:15:00;FORQUILHA;Chuva;Saída de leito carroçável;Com Vítimas Feridas;Pleno dia;Decrescente;Chuva;Simples;Curva;-3,784691;-40,240336
09/03/2026;14:50:00;SAO CRISTOVAO DO SUL;Conversão proibida;Colisão frontal;Com Vítimas Feridas;Pleno dia;Crescente;Nublado;Simples;Reta;-27,27102803;-50,44092385
09/03/2026;14:23:00;DUQUE DE CAXIAS;Pista Escorregadia;Colisão com objeto;Com Vítimas Feridas;Pleno dia;Crescente;Chuva;Dupla;Curva;-22,57189727;-43,28044502
09/03/2026;17:50:00;PELOTAS;Velocidade Incompatível;Saída de leito carroçável;Com Vítimas Feridas;Pleno dia;Crescente;Nublado;Simples;Curva;-31,745203;-52,40362
09/03/2026;17:00:00;LAVRAS;Chuva;Capotamento;Com Vítimas Feridas;Pleno dia;Crescente;Chuva;Dupla;Reta;-21,190664;-45,116437
09/03/2026;14:00:00;CAJATI;Acumulo de água sobre o pavimento;Saída de leito carroçável;Sem Vítimas;Pleno dia;Crescente;Chuva;Múltipla;Curva;-24,78483956;-48,18133442
09/03/2026;17:10:00;RESENDE;Acumulo de água sobre o pavimento;Colisão com objeto;Com Vítimas Feridas;Pleno dia;Decrescente;Chuva;Dupla;Reta;-22,46062936;-44,47345127
09/03/2026;18:15:00;ITAPEMA;Ultrapassagem Indevida;Colisão lateral mesmo sentido;Com Vítimas Feridas;Anoitecer;Decrescente;Nublado;Dupla;Reta;-27,10236558;-48,61548364
09/03/2026;18:45:00;OLIVEIRA FORTES;Velocidade Incompatível;Capotamento;Com Vítimas Fatais;Plena Noite;Crescente;Chuva;Dupla;"Declive;Curva";-21,341882;-43,588931
09/03/2026;18:30:00;CANDOI;Chuva;Queda de ocupante de veículo;Com Vítimas Feridas;Plena Noite;Crescente;Chuva;Simples;Reta;-25,45427;-51,96764
09/03/2026;17:23:00;RIO VERDE DE MATO GROSSO;Chuva;Colisão com objeto;Com Vítimas Feridas;Plena Noite;Decrescente;Chuva;Dupla;"Reta;Declive";-18,81140118;-54,82039793