data_inversa;horario;municipio;causa_acidente;tipo_acidente;classificacao_acidente;fase_dia;sentido_via;condicao_metereologica;tipo_pista;tracado_via;latitude;longitude
09/03/2026;18:05:00;PETROLINA;Ultrapassagem Indevida;Colisão frontal;Com Vítimas Feridas;Anoitecer;Crescente;Céu Claro;Simples;Reta;-9,080605;-40,317593
09/03/2026;18:10:00;CAPITAO LEONIDAS MARQUES;Velocidade Incompatível;Colisão lateral mesmo sentido;Com Vítimas Feridas;Plena Noite;Crescente;Céu Claro;Dupla;Declive;-25,528543;-53,596711
09/03/2026;21:35:00;DUQUE DE CAXIAS;Conversão proibida;Colisão transversal;Com Vítimas Feridas;Plena Noite;Crescente;Chuva;Dupla;Curva;-22,62983749;-43,28562561
09/03/2026;22:50:00;JAPOATA;Ausência de sinalização;Colisão com objeto;Com Vítimas Feridas;Plena Noite;Crescente;Céu Claro;Simples;Reta;-10,34894819;-36,77248478
09/03/2026;01:00:00;QUEIMADOS;Chuva;Colisão com objeto;Com Vítimas Feridas;Pleno dia;Decrescente;Chuva;Dupla;Reta;-22,72932379;-43,57742071
09/03/2026;01:40:00;ANCHIETA;Velocidade Incompatível;Saída de leito carroçável;Com Vítimas Feridas;Plena Noite;Crescente;Nublado;Simples;"Curva;Declive;Retorno Regulamentado;Viaduto";-20,685452;-40,675193
09/03/2026;21:59:00;OURO PRETO DO OESTE;Animais na Pista;Atropelamento de Animal;Com Vítimas Feridas;Plena Noite;Decrescente;Nublado;Simples;Reta;-10,754963;-62,159612
09/03/2026;03:40:00;EXTREMA;Velocidade Incompatível;Colisão com objeto;Com Vítimas Fatais;Plena Noite;Crescente;Nublado;Dupla;Reta;-22,87034643;-46,35866672
08/03/2026;06:40:00;NOVO PROGRESSO;Conversão proibida;Colisão transversal;Com Vítimas Feridas;Pleno dia;Decrescente;Céu Claro;Simples;"Curva;Declive";-9,4264823;-54,8711846
08/03/2026;12:43:00;JUPI;Velocidade Incompatível;Tombamento;Com Vítimas Feridas;Pleno dia;Crescente;Céu Claro;Simples;"Declive;Reta";-8,67254232;-36,39268398
08/03/2026;11:38:00;SAO MIGUEL DO GUAPORE;Pista esburacada;Colisão lateral mesmo sentido;Com Vítimas Feridas;Pleno dia;Crescente;Céu Claro;Simples;Reta;-11,6926522;-62,7274283
08/03/2026;15:55:00;LEOPOLDINA;Velocidade Incompatível;Tombamento;Com Vítimas Feridas;Pleno dia;Decrescente;Nublado;Simples;Curva;-21,62572;-42,69918887
08/03/2026;17:00:00;ITUIUTABA;Velocidade Incompatível;Saída de leito carroçável;Com Vítimas Feridas;Pleno dia;Decrescente;Céu Claro;Dupla;Reta;-18,96560334;-49,50644404
08/03/2026;10:30:00;OLIVEIRA DOS BREJINHOS;Ultrapassagem Indevida;Colisão com objeto;Com Vítimas Feridas;Pleno dia;Crescente;Nublado;Múltipla;"Aclive;Reta";-12,40442247;-42,3877945
08/03/2026;05:50:00;ARCOVERDE;Velocidade Incompatível;Tombamento;Com Vítimas Feridas;Amanhecer;Crescente;Céu Claro;Simples;Curva;-8,47682919;-37,03542709
08/03/2026;18:00:00;ITAQUI;Acesso irregular;Tombamento;Com Vítimas Feridas;Pleno dia;Decrescente;Céu Claro;Simples;Reta;-29,09637707;-56,2695694
08/03/2026;20:15:00;VITORIA DA CONQUISTA;Ultrapassagem Indevida;Colisão lateral mesmo sentido;Com Vítimas Fatais;Plena Noite;Decrescente;Céu Claro;Simples;Reta;-14,89894184;-40,8558476
08/03/2026;20:30:00;BRASILANDIA DO TOCANTINS;Ultrapassagem Indevida;Colisão frontal;Com Vítimas Fatais;Plena Noite;Decrescente;Céu Claro;Simples;"Reta;Aclive";-8,30721;-48,47123
08/03/2026;21:30:00;QUITANDINHA;Velocidade Incompatível;Colisão frontal;Com Vítimas Feridas;Plena Noite;Crescente;Nublado;Simples;Curva;-25,875832;-49,488407
08/03/2026;22:50:00;LEOPOLDINA;Velocidade Incompatível;Colisão frontal;Com Vítimas Feridas;Plena Noite;Decrescente;Nublado;Simples;Curva;-21,59662;-42,69468
08/03/2026;00:40:00;ITAPEVA;Demais Fenômenos da natureza;Incêndio;Sem Vítimas;Plena Noite;Decrescente;Chuva;Dupla;Reta;-22,77098065;-46,20198796
08/03/2026;00:01:00;PRESIDENTE CASTELO BRANCO;Retorno proibido;Colisão transversal;Com Vítimas Fatais;Plena Noite;Decrescente;Céu Claro;Dupla;"Declive;Reta";-23,2488;-52,16774
08/03/2026;06:10:00;BRASILIA;Velocidade Incompatível;Colisão traseira;Com Vítimas Feridas;Pleno dia;Crescente;Céu Claro;Dupla;Reta;-15,796057;-48,171162
08/03/2026;06:30:00;SANTANA DO LIVRAMENTO;Animais na Pista;Saída de leito carroçável;Sem Vítimas;Pleno dia;Decrescente;Céu Claro;Simples;Reta;-30,858464;-55,543957
08/03/2026;07:45:00;MARECHAL FLORIANO;Velocidade Incompatível;Tombamento;Com Vítimas Feridas;Pleno dia;Crescente;Sol;Simples;Curva;-20,420452;-40,767082
08/03/2026;08:30:00;PARA DE MINAS;Velocidade Incompatível;Tombamento;Com Vítimas Feridas;Pleno dia;Crescente;Nublado;Simples;"Reta;Retorno Regulamentado;Declive";-19,88761537;-44,64115637
08/03/2026;08:20:00;FLORESTAL;Velocidade Incompatível;Colisão transversal;Com Vítimas Fatais;Pleno dia;Crescente;Céu Claro;Dupla;Curva;-19,91870937;-44,49075258
08/03/2026;09:35:00;MATELANDIA;Velocidade Incompatível;Tombamento;Com Vítimas Feridas;Pleno dia;Decrescente;Sol;Dupla;Aclive;-25,25190594;-53,9875567
08/03/2026;11:20:00;MORRO REUTER;Conversão proibida;Colisão transversal;Sem Vítimas;Pleno dia;Crescente;Nublado;Simples;Reta;-29,54201986;-51,08060572
08/03/2026;11:10:00;IBIRAMA;Conversão proibida;Colisão frontal;Com Vítimas Feridas;Pleno dia;Crescente;Céu Claro;Simples;Reta;-27,0813088;-49,4843257
08/03/2026;11:15:00;FUNDAO;Conversão proibida;Colisão frontal;Com Vítimas Feridas;Pleno dia;Crescente;Sol;Simples;Curva;-20,00196;-40,41321
08/03/2026;11:30:00;CARIACICA;Restrição de visibilidade em curvas horizontais;Colisão lateral sentido oposto;Com Vítimas Feridas;Pleno dia;Crescente;Céu Claro;Dupla;"Retorno Regulamentado;Curva";-20,30613527;-40,39534343
08/03/2026;12:30:00;VITORIA DA CONQUISTA;Animais na Pista;Queda de ocupante de veículo;Com Vítimas Feridas;Pleno dia;Decrescente;Céu Claro;Simples;Reta;-14,825645;-40,873875
08/03/2026;14:15:00;ICARAIMA;Conversão proibida;Colisão frontal;Com Vítimas Feridas;Pleno dia;Decrescente;Céu Claro;Simples;Reta;-23,413037;-53,573778
08/03/2026;13:50:00;ROSARIO DO SUL;Afundamento ou ondulação no pavimento;Saída de leito carroçável;Com Vítimas Feridas;Pleno dia;Decrescente;Céu Claro;Simples;Reta;-30,23682366;-55,02004623
08/03/2026;04:50:00;CORRENTE;Velocidade Incompatível;Saída de leito carroçável;Com Vítimas Feridas;Amanhecer;Decrescente;Céu Claro;Simples;Reta;-10,179028;-45,18115
08/03/2026;15:00:00;INDAIAL;Velocidade Incompatível;Colisão lateral mesmo sentido;Com Vítimas Feridas;Pleno dia;Decrescente;Céu Claro;Simples;"Reta;Em Obras;Declive;Viaduto";-26,89095674;-49,25630093
08/03/2026;17:30:00;BETIM;Afundamento ou ondulação no pavimento;Tombamento;Com Vítimas Feridas;Pleno dia;Decrescente;Céu Claro;Dupla;Reta;-19,95624723;-44,14368224
08/03/2026;16:45:00;ESMERALDAS;Acumulo de areia ou detritos sobre o pavimento;Tombamento;Com Vítimas Feridas;Pleno dia;Decrescente;Nublado;Dupla;Retorno Regulamentado;-19,65775;-44,19829
08/03/2026;17:50:00;PARNAMIRIM;Ultrapassagem Indevida;Colisão lateral mesmo sentido;Com Vítimas Feridas;Plena Noite;Crescente;Céu Claro;Dupla;Reta;-5,91;-35,261
08/03/2026;17:30:00;PERDOES;Chuva;Colisão com objeto;Com Vítimas Feridas;Pleno dia;Decrescente;Chuva;Dupla;Curva;-21,140119;-45,104254
08/03/2026;18:50:00;JARAGUA;Condutor usando celular;Colisão com objeto;Com Vítimas Feridas;Plena Noite;Crescente;Céu Claro;Simples;"Ponte;Reta";-15,55072696;-49,43160005
08/03/2026;19:00:00;CALDAS;Animais na Pista;Atropelamento de Animal;Com Vítimas Feridas;Plena Noite;Decrescente;Céu Claro;Simples;"Declive;Reta";-21,92402677;-46,37108088
08/03/2026;18:40:00;PIRACANJUBA;Acumulo de água sobre o pavimento;Saída de leito carroçável;Com Vítimas Feridas;Plena Noite;Decrescente;Chuva;Dupla;"Aclive;Curva";-17,373185;-49,240487
08/03/2026;19:00:00;DUQUE DE CAXIAS;Curva acentuada;Saída de leito carroçável;Com Vítimas Feridas;Plena Noite;Crescente;Céu Claro;Dupla;Curva;-22,519452;-43,229027
08/03/2026;21:25:00;GUARANIACU;Animais na Pista;Atropelamento de Animal;Com Vítimas Feridas;Plena Noite;Crescente;Céu Claro;Simples;Reta;-25,12692509;-52,74427296
08/03/2026;21:45:00;DUQUE DE CAXIAS;Afundamento ou ondulação no pavimento;Saída de leito carroçável;Com Vítimas Feridas;Plena Noite;Crescente;Nublado;Múltipla;Curva;-22,71820705;-43,2902244
08/03/2026;21:30:00;SEROPEDICA;Chuva;Queda de ocupante de veículo;Com Vítimas Feridas;Plena Noite;Crescente;Chuva;Simples;Reta;-22,80889031;-43,63382991
08/03/2026;21:20:00;CANOINHAS;Velocidade Incompatível;Capotamento;Com Vítimas Feridas;Plena Noite;Decrescente;Garoa/Chuvisco;Simples;Curva;-26,204386;-50,436968
08/03/2026;23:05:00;SEROPEDICA;Acesso irregular;Colisão frontal;Com Vítimas Feridas;Plena Noite;Crescente;Chuva;Simples;"Interseção de Vias;Reta";-22,811011;-43,631453
08/03/2026;23:30:00;MARQUES DE SOUZA;Velocidade Incompatível;Colisão com objeto;Sem Vítimas;Plena Noite;Decrescente;Nublado;Dupla;Reta;-29,349035;-52,07123
08/03/2026;23:50:00;PALHOCA;Pista Escorregadia;Queda de ocupante de veículo;Com Vítimas Feridas;Plena Noite;Crescente;Chuva;Simples;Viaduto;-27,62838606;-48,65734069
08/03/2026;23:16:00;BIGUACU;Velocidade Incompatível;Colisão com objeto;Sem Vítimas;Plena Noite;Crescente;Chuva;Dupla;Curva;-27,48666304;-48,64920823
08/03/2026;23:00:00;QUEIMADOS;Chuva;Queda de ocupante de veículo;Com Vítimas Feridas;Plena Noite;Decrescente;Chuva;Dupla;Reta;-22,73090708;-43,56422424
08/03/2026;13:45:00;LINDOESTE;Velocidade Incompatível;Tombamento;Com Vítimas Feridas;Pleno dia;Decrescente;Chuva;Dupla;"Aclive;Curva";-25,22210623;-53,59459896
08/03/2026;23:30:00;ANGRA DOS REIS;Chuva;Saída de leito carroçável;Sem Vítimas;Plena Noite;Decrescente;Chuva;Simples;Reta;-23,02261123;-44,51580763
08/03/2026;09:53:00;REALEZA;Ausência de sinalização;Saída de leito carroçável;Com Vítimas Feridas;Pleno dia;Crescente;Céu Claro;Simples;Curva;-25,60502558;-53,56430881
07/03/2026;03:00:00;CONCEICAO DA BARRA;Ultrapassagem Indevida;Colisão lateral mesmo sentido;Com Vítimas Feridas;Plena Noite;Crescente;Céu Claro;Simples;"Reta;Declive";-18,45432584;-39,93082808
07/03/2026;08:00:00;SAO GONCALO DO RIO ABAIXO;Velocidade Incompatível;Tombamento;Com Vítimas Feridas;Pleno dia;Crescente;Céu Claro;Simples;"Curva;Declive";-19,85758756;-43,2189703
07/03/2026;10:30:00;UBERABA;Velocidade Incompatível;Colisão traseira;Com Vítimas Feridas;Pleno dia;Decrescente;Chuva;Dupla;Reta;-19,207833;-48,131697
07/03/2026;11:30:00;ATIBAIA;Acumulo de água sobre o pavimento;Colisão com objeto;Com Vítimas Feridas;Pleno dia;Crescente;Chuva;Dupla;"Aclive;Curva";-23,0923707;-46,5729914
07/03/2026;11:30:00;VARGEM;Condutor usando celular;Colisão traseira;Com Vítimas Feridas;Pleno dia;Decrescente;Céu Claro;Dupla;Reta;-22,885215;-46,4112198
07/03/2026;12:54:00;IGARASSU;Chuva;Saída de leito carroçável;Sem Vítimas;Pleno dia;Decrescente;Chuva;Dupla;"Curva;Declive;Retorno Regulamentado";-7,815839;-34,917567
07/03/2026;09:40:00;CHOPINZINHO;Velocidade Incompatível;Tombamento;Com Vítimas Feridas;Pleno dia;Decrescente;Céu Claro;Simples;"Declive;Curva";-25,77018486;-52,26067543
07/03/2026;18:55:00;NOVA OLINDA;Ultrapassagem Indevida;Colisão frontal;Com Vítimas Fatais;Plena Noite;Crescente;Céu Claro;Simples;Reta;-7,60601;-48,42539
07/03/2026;18:30:00;CAMPINA GRANDE DO SUL;Iluminação deficiente;Colisão traseira;Sem Vítimas;Plena Noite;Crescente;Céu Claro;Dupla;"Curva;Aclive";-25,244244;-48,902538
07/03/2026;00:45:00;BETIM;Velocidade Incompatível;Saída de leito carroçável;Com Vítimas Feridas;Plena Noite;Decrescente;Nublado;Dupla;"Aclive;Curva";-19,95809;-44,07795
07/03/2026;01:35:00;SAO MIGUEL DO IGUACU;Velocidade Incompatível;Colisão com objeto;Com Vítimas Feridas;Plena Noite;Crescente;Céu Claro;Dupla;"Curva;Declive";-25,33524729;-54,20716373
07/03/2026;03:40:00;NAVEGANTES;Chuva;Saída de leito carroçável;Sem Vítimas;Plena Noite;Decrescente;Chuva;Simples;"Curva;Rotatória;Viaduto;Retorno Regulamentado";-26,84272192;-48,71497977
07/03/2026;00:20:00;CACERES;Ultrapassagem Indevida;Colisão lateral mesmo sentido;Com Vítimas Fatais;Plena Noite;Crescente;Garoa/Chuvisco;Simples;Reta;-15,96782412;-57,76833058
07/03/2026;05:45:00;PALHOCA;Afundamento ou ondulação no pavimento;Colisão com objeto;Com Vítimas Feridas;Pleno dia;Decrescente;Céu Claro;Simples;Reta;-27,67475;-48,69637
07/03/2026;08:00:00;TUBARAO;Velocidade Incompatível;Saída de leito carroçável;Com Vítimas Feridas;Pleno dia;Crescente;Céu Claro;Múltipla;"Curva;Interseção de Vias;Retorno Regulamentado;Aclive";-28,484338;-49,036409
07/03/2026;07:30:00;BOM RETIRO;Velocidade Incompatível;Saída de leito carroçável;Com Vítimas Feridas;Pleno dia;Decrescente;Garoa/Chuvisco;Simples;Curva;-27,80284352;-49,63219643
07/03/2026;07:15:00;ARAGUARI;Acumulo de água sobre o pavimento;Saída de leito carroçável;Sem Vítimas;Pleno dia;Crescente;Chuva;Dupla;"Reta;Declive";-18,63932471;-48,12335461
07/03/2026;09:00:00;GUARAMIRIM;Velocidade Incompatível;Colisão com objeto;Com Vítimas Feridas;Pleno dia;Decrescente;Céu Claro;Simples;"Em Obras;Reta";-26,4794992;-49,00925724
07/03/2026;09:37:00;ANGRA DOS REIS;Retorno proibido;Colisão transversal;Com Vítimas Feridas;Pleno dia;Crescente;Nublado;Simples;Reta;-22,98011794;-44,29564923
07/03/2026;09:25:00;APIUNA;Ultrapassagem Indevida;Colisão transversal;Com Vítimas Feridas;Pleno dia;Decrescente;Nublado;Simples;"Reta;Retorno Regulamentado";-26,98848154;-49,37406985
07/03/2026;08:15:00;GRAVATAI;Velocidade Incompatível;Saída de leito carroçável;Com Vítimas Feridas;Pleno dia;Crescente;Nublado;Múltipla;Curva;-29,95309508;-51,05609911
07/03/2026;11:40:00;PALHOCA;Acesso irregular;Colisão lateral mesmo sentido;Com Vítimas Feridas;Pleno dia;Decrescente;Céu Claro;Simples;Reta;-27,678295;-48,701696
07/03/2026;10:30:00;BELA VISTA DE MINAS;Velocidade Incompatível;Queda de ocupante de veículo;Com Vítimas Feridas;Pleno dia;Decrescente;Céu Claro;Simples;"Declive;Curva";-19,8320287;-43,09611869
07/03/2026;12:11:00;TERESINA;Acesso irregular;Colisão transversal;Com Vítimas Feridas;Pleno dia;Crescente;Céu Claro;Dupla;Reta;-5,121485;-42,792538
07/03/2026;12:15:00;FLORIANO;Retorno proibido;Colisão lateral mesmo sentido;Com Vítimas Feridas;Pleno dia;Decrescente;Céu Claro;Simples;Reta;-6,7790718;-43,0350608
07/03/2026;13:30:00;APUCARANA;Retorno proibido;Colisão transversal;Com Vítimas Feridas;Pleno dia;Decrescente;Nublado;Simples;Reta;-23,56259878;-51,43433136
07/03/2026;14:30:00;PELOTAS;Demais falhas na via;Colisão com objeto;Com Vítimas Feridas;Pleno dia;Crescente;Céu Claro;Simples;Curva;-31,74591357;-52,4042457
07/03/2026;13:30:00;CENTRALINA;Pista esburacada;Saída de leito carroçável;Com Vítimas Feridas;Pleno dia;Decrescente;Nublado;Dupla;"Declive;Curva";-18,62463241;-49,18630583
07/03/2026;13:15:00;DIAMANTINO;Chuva;Saída de leito carroçável;Com Vítimas Feridas;Pleno dia;Crescente;Chuva;Dupla;"Declive;Curva";-14,30464076;-56,13910675
07/03/2026;16:00:00;AMELIA RODRIGUES;Demais falhas na via;Queda de ocupante de veículo;Com Vítimas Feridas;Pleno dia;Crescente;Chuva;Dupla;"Declive;Reta";-12,4518004;-38,7081764
07/03/2026;16:50:00;MURIAE;Conversão proibida;Colisão lateral mesmo sentido;Com Vítimas Feridas;Pleno dia;Decrescente;Nublado;Simples;"Curva;Interseção de Vias";-21,12431671;-42,38113403
07/03/2026;17:20:00;RIO CASCA;Velocidade Incompatível;Saída de leito carroçável;Com Vítimas Feridas;Anoitecer;Crescente;Céu Claro;Simples;Curva;-20,206677;-42,6744537
07/03/2026;16:30:00;LIMA DUARTE;Pista Escorregadia;Saída de leito carroçável;Sem Vítimas;Pleno dia;Decrescente;Chuva;Simples;Curva;-21,864211;-43,876508
07/03/2026;19:00:00;ESTIVA;Acumulo de água sobre o pavimento;Capotamento;Com Vítimas Feridas;Plena Noite;Decrescente;Nublado;Dupla;Reta;-22,438502;-45,984209
07/03/2026;16:45:00;CACHOEIRA DO SUL;Acostamento em desnível;Queda de ocupante de veículo;Com Vítimas Feridas;Pleno dia;Crescente;Céu Claro;Simples;"Em Obras;Reta";-30,32336816;-53,23944267
07/03/2026;18:15:00;PIRACANJUBA;Pista esburacada;Saída de leito carroçável;Com Vítimas Feridas;Anoitecer;Crescente;Nublado;Dupla;Reta;-17,38888;-49,2288
07/03/2026;18:10:00;MARILIA;Demais falhas na via;Tombamento;Com Vítimas Feridas;Pleno dia;Crescente;Céu Claro;Simples;"Declive;Reta";-21,99602;-49,91314
07/03/2026;19:20:00;ACAILANDIA;Afundamento ou ondulação no pavimento;Queda de ocupante de veículo;Com Vítimas Feridas;Plena Noite;Decrescente;Céu Claro;Simples;Reta;-4,923988;-47,436184
07/03/2026;19:30:00;SAO JOSE DO VALE DO RIO PRETO;Chuva;Colisão traseira;Com Vítimas Feridas;Plena Noite;Decrescente;Chuva;Simples;Reta;-22,12050695;-42,77954802
07/03/2026;20:45:00;RIO LARGO;Acostamento em desnível;Queda de ocupante de veículo;Com Vítimas Feridas;Plena Noite;Decrescente;Céu Claro;Dupla;Reta;-9,501017;-35,810807
07/03/2026;16:10:00;SANTANA DO PARAISO;Conversão proibida;Colisão transversal;Com Vítimas Feridas;Pleno dia;Decrescente;Nublado;Simples;Reta;-19,44353729;-42,51299143
07/03/2026;20:20:00;DUQUE DE CAXIAS;Velocidade Incompatível;Colisão com objeto;Com Vítimas Feridas;Plena Noite;Crescente;Garoa/Chuvisco;Dupla;"Curva;Declive";-22,56901787;-43,27667132
07/03/2026;21:30:00;SAO PAULO;Pista Escorregadia;Saída de leito carroçável;Sem Vítimas;Plena Noite;Crescente;Garoa/Chuvisco;Múltipla;"Declive;Curva";-23,4043925;-46,5781722
07/03/2026;21:30:00;FEIRA DE SANTANA;Conversão proibida;Colisão lateral mesmo sentido;Com Vítimas Feridas;Plena Noite;Crescente;Nublado;Simples;Reta;-12,23095731;-38,96218568
07/03/2026;19:45:00;JARU;Sinalização mal posicionada;Saída de leito carroçável;Com Vítimas Feridas;Plena Noite;Decrescente;Céu Claro;Dupla;"Reta;Em Obras;Interseção de Vias";-10,453162;-62,460325
07/03/2026;20:30:00;HORIZONTE;Condutor usando celular;Colisão transversal;Com Vítimas Feridas;Plena Noite;Decrescente;Céu Claro;Dupla;Reta;-4,10095;-38,5010141
07/03/2026;21:30:00;TIMON;Acumulo de água sobre o pavimento;Colisão frontal;Com Vítimas Feridas;Plena Noite;Crescente;Chuva;Simples;Reta;-5,0029183;-43,0350867
07/03/2026;23:00:00;PALHOCA;Acumulo de areia ou detritos sobre o pavimento;Tombamento;Com Vítimas Feridas;Plena Noite;Crescente;Céu Claro;Simples;Curva;-27,88007593;-48,64582865
07/03/2026;23:00:00;CACHOEIRO DE ITAPEMIRIM;Velocidade Incompatível;Capotamento;Com Vítimas Feridas;Plena Noite;Crescente;Céu Claro;Simples;Curva;-20,83240289;-41,17424637
07/03/2026;22:25:00;MATHIAS LOBATO;Ultrapassagem Indevida;Colisão lateral mesmo sentido;Com Vítimas Feridas;Plena Noite;Crescente;Nublado;Simples;Reta;-18,57356989;-41,91318009
07/03/2026;23:00:00;FEIRA DE SANTANA;Restrição de visibilidade em curvas horizontais;Saída de leito carroçável;Com Vítimas Feridas;Plena Noite;Decrescente;Ignorado;Dupla;Retorno Regulamentado;-12,1160952;-38,96840608
06/03/2026;04:27:00;ARAGUARI;Deficiência do Sistema de Iluminação/Sinalização;Incêndio;Sem Vítimas;Plena Noite;Decrescente;Céu Claro;Dupla;Reta;-18,7315672;-48,2152555
06/03/2026;10:17:00;CANINDE;Ultrapassagem Indevida;Colisão lateral mesmo sentido;Com Vítimas Feridas;Pleno dia;Decrescente;Céu Claro;Simples;"Aclive;Curva";-4,438162;-39,333375
06/03/2026;16:35:00;SANTA LUCIA;Velocidade Incompatível;Saída de leito carroçável;Com Vítimas Feridas;Pleno dia;Decrescente;Céu Claro;Dupla;"Reta;Declive";-25,378078;-53,575563
06/03/2026;09:00:00;SINOP;Velocidade Incompatível;Saída de leito carroçável;Sem Vítimas;Pleno dia;Decrescente;Nublado;Simples;Reta;-11,86298413;-55,49573493
06/03/2026;12:30:00;PATOS DE MINAS;Pista Escorregadia;Colisão transversal;Sem Vítimas;Pleno dia;Crescente;Chuva;Simples;"Reta;Declive";-18,66621014;-46,53048534
06/03/2026;14:10:00;JOAO PINHEIRO;Chuva;Colisão frontal;Com Vítimas Feridas;Pleno dia;Decrescente;Chuva;Simples;Curva;-17,980117;-45,719338
06/03/2026;19:20:00;DUQUE DE CAXIAS;Iluminação deficiente;Colisão traseira;Com Vítimas Feridas;Plena Noite;Crescente;Céu Claro;Múltipla;Reta;-22,80154212;-43,28911908
06/03/2026;21:45:00;SANTO ANTONIO DA PLATINA;Chuva;Colisão com objeto;Com Vítimas Feridas;Plena Noite;Decrescente;Chuva;Simples;"Aclive;Curva";-23,27342937;-50,05592895
06/03/2026;15:22:00;GUIA LOPES DA LAGUNA;Velocidade Incompatível;Colisão lateral mesmo sentido;Sem Vítimas;Pleno dia;Crescente;Céu Claro;Dupla;Curva;-21,44313228;-56,09571253
06/03/2026;16:30:00;MACAPA;Pista esburacada;Colisão lateral sentido oposto;Com Vítimas Feridas;Pleno dia;Crescente;Nublado;Múltipla;Reta;0,08273364;-51,0783428
06/03/2026;02:00:00;BATAGUASSU;Acumulo de areia ou detritos sobre o pavimento;Tombamento;Com Vítimas Feridas;Plena Noite;Decrescente;Céu Claro;Dupla;Retorno Regulamentado;-21,71992025;-52,42273299
06/03/2026;03:50:00;RIO PARDO;Velocidade Incompatível;Colisão traseira;Com Vítimas Feridas;Plena Noite;Crescente;Céu Claro;Simples;Reta;-30,05585097;-52,3672282
06/03/2026;07:10:00;JOINVILLE;Ultrapassagem Indevida;Colisão lateral mesmo sentido;Com Vítimas Feridas;Pleno dia;Decrescente;Céu Claro;Dupla;"Reta;Aclive;Viaduto";-26,31988969;-48,87064068
06/03/2026;07:34:00;CAMPO GRANDE;Acesso irregular;Colisão lateral mesmo sentido;Com Vítimas Feridas;Pleno dia;Crescente;Céu Claro;Dupla;"Reta;Interseção de Vias";-20,47803936;-54,75325227
06/03/2026;09:50:00;RIO DO SUL;Acesso irregular;Colisão transversal;Com Vítimas Feridas;Pleno dia;Crescente;Céu Claro;Simples;Reta;-27,233047;-49,672776
06/03/2026;10:44:00;GOIANIA;Conversão proibida;Colisão traseira;Com Vítimas Feridas;Pleno dia;Decrescente;Nublado;Dupla;"Reta;Interseção de Vias";-16,708878;-49,35059
06/03/2026;12:43:00;TARTARUGALZINHO;Chuva;Colisão frontal;Sem Vítimas;Pleno dia;Decrescente;Chuva;Simples;Curva;1,5012102;-50,9089049
06/03/2026;13:30:00;CANOAS;Acumulo de areia ou detritos sobre o pavimento;Colisão traseira;Com Vítimas Feridas;Pleno dia;Crescente;Céu Claro;Múltipla;"Reta;Em Obras";-29,90424995;-51,1769058
06/03/2026;08:40:00;CARATINGA;Ultrapassagem Indevida;Atropelamento de Pedestre;Com Vítimas Feridas;Pleno dia;Crescente;Garoa/Chuvisco;Simples;Reta;-19,746802;-42,132818
06/03/2026;16:20:00;GARANHUNS;Acesso irregular;Colisão transversal;Com Vítimas Feridas;Pleno dia;Decrescente;Céu Claro;Simples;Aclive;-8,8754339;-36,5234102
06/03/2026;16:50:00;MAIRIPORA;Velocidade Incompatível;Tombamento;Com Vítimas Feridas;Pleno dia;Crescente;Garoa/Chuvisco;Dupla;"Curva;Declive";-23,2897805;-46,58023149
06/03/2026;17:30:00;CARUARU;Ausência de sinalização;Queda de ocupante de veículo;Com Vítimas Feridas;Anoitecer;Decrescente;Céu Claro;Dupla;Reta;-8,0802305;-36,04315996
06/03/2026;16:46:00;BOM JESUS;Ultrapassagem Indevida;Colisão frontal;Com Vítimas Feridas;Pleno dia;Crescente;Céu Claro;Simples;Curva;-5,97785545;-35,57531876
06/03/2026;17:00:00;IRANI;Velocidade Incompatível;Saída de leito carroçável;Com Vítimas Feridas;Pleno dia;Decrescente;Chuva;Simples;Reta;-27,06099844;-51,8905735
06/03/2026;18:50:00;CAETANOPOLIS;Velocidade Incompatível;Saída de leito carroçável;Com Vítimas Feridas;Plena Noite;Decrescente;Chuva;Dupla;Reta;-19,297;-44,381
06/03/2026;18:27:00;NOVA IGUACU;Velocidade Incompatível;Colisão traseira;Com Vítimas Feridas;Plena Noite;Crescente;Céu Claro;Múltipla;Reta;-22,76134882;-43,42322437
06/03/2026;18:35:00;SATUBA;Conversão proibida;Colisão transversal;Com Vítimas Feridas;Plena Noite;Crescente;Céu Claro;Simples;"Declive;Curva";-9,58861;-35,86591
06/03/2026;19:30:00;RIO DO FOGO;Animais na Pista;Atropelamento de Animal;Com Vítimas Feridas;Plena Noite;Crescente;Céu Claro;Simples;Reta;-5,406543;-35,358907
06/03/2026;19:52:00;POCINHOS;Ultrapassagem Indevida;Colisão frontal;Com Vítimas Feridas;Plena Noite;Decrescente;Céu Claro;Simples;Reta;-7,160652;-36,076458
06/03/2026;20:00:00;JAPIRA;Ultrapassagem Indevida;Colisão frontal;Com Vítimas Feridas;Plena Noite;Crescente;Céu Claro;Simples;Reta;-23,742269;-50,183291
06/03/2026;20:09:00;RIO VERDE DE MATO GROSSO;Animais na Pista;Atropelamento de Animal;Com Vítimas Feridas;Plena Noite;Decrescente;Nublado;Simples;Aclive;-18,655;-54,795
06/03/2026;17:20:00;SANTA RITA;Animais na Pista;Atropelamento de Animal;Com Vítimas Feridas;Pleno dia;Decrescente;Nublado;Dupla;"Reta;Declive";-7,08661853;-34,96913731
06/03/2026;21:20:00;MANDIRITUBA;Conversão proibida;Colisão transversal;Com Vítimas Feridas;Plena Noite;Crescente;Nublado;Simples;Reta;-25,814827;-49,33028