data_inversa;horario;municipio;causa_acidente;tipo_acidente;classificacao_acidente;fase_dia;sentido_via;condicao_metereologica;tipo_pista;tracado_via;latitude;longitude
02/03/2026;19:45:00;BARRA MANSA;Acesso irregular;Colisão frontal;Com Vítimas Feridas;Plena Noite;Crescente;Nublado;Simples;Curva;-22,56598456;-44,25463104
01/03/2026;04:15:00;ITAMARAJU;Ultrapassagem Indevida;Colisão frontal;Com Vítimas Feridas;Plena Noite;Decrescente;Chuva;Simples;"Declive;Curva";-17,095393;-39,565413
01/03/2026;11:56:00;GRAVATA;Ultrapassagem Indevida;Colisão lateral mesmo sentido;Sem Vítimas;Pleno dia;Crescente;Céu Claro;Dupla;Reta;-8,19532;-35,5345
01/03/2026;11:01:00;ITAITUBA;Pista esburacada;Colisão transversal;Com Vítimas Fatais;Pleno dia;Crescente;Céu Claro;Simples;Reta;-6,09001;-55,651028
01/03/2026;13:50:00;PEDRO CANARIO;Velocidade Incompatível;Tombamento;Com Vítimas Feridas;Pleno dia;Crescente;Sol;Simples;Curva;-18,2234319;-39,94345665
01/03/2026;16:30:00;MIRACATU;Velocidade Incompatível;Tombamento;Com Vítimas Feridas;Pleno dia;Decrescente;Céu Claro;Dupla;Curva;-24,1129957;-47,2689731
01/03/2026;17:45:00;COCALZINHO DE GOIAS;Ultrapassagem Indevida;Colisão traseira;Sem Vítimas;Anoitecer;Decrescente;Céu Claro;Simples;Reta;-15,406605;-48,629514
01/03/2026;18:25:00;ITATIAIUCU;Velocidade Incompatível;Tombamento;Com Vítimas Feridas;Pleno dia;Crescente;Nublado;Dupla;"Declive;Curva";-20,174023;-44,375762
01/03/2026;11:20:00;GRAO MOGOL;Ultrapassagem Indevida;Colisão lateral sentido oposto;Com Vítimas Fatais;Pleno dia;Decrescente;Nublado;Simples;Reta;-16,26724931;-42,64626503
01/03/2026;21:40:00;ITATIAIUCU;Velocidade Incompatível;Colisão traseira;Sem Vítimas;Plena Noite;Decrescente;Céu Claro;Dupla;Curva;-20,208002;-44,38959
01/03/2026;22:19:00;TIANGUA;Curva acentuada;Colisão lateral sentido oposto;Com Vítimas Feridas;Plena Noite;Crescente;Chuva;Simples;Curva;-3,67111679;-40,96078366
01/03/2026;23:30:00;RONDON DO PARA;Ausência de sinalização;Colisão traseira;Sem Vítimas;Plena Noite;Decrescente;Céu Claro;Simples;Reta;-4,86578;-48,238367
01/03/2026;04:41:00;OEIRAS;Acumulo de água sobre o pavimento;Tombamento;Com Vítimas Feridas;Amanhecer;Crescente;Chuva;Dupla;Reta;-7,01020809;-42,1287678
01/03/2026;08:45:00;MATEUS LEME;Velocidade Incompatível;Colisão lateral mesmo sentido;Com Vítimas Feridas;Pleno dia;Crescente;Céu Claro;Dupla;"Reta;Aclive";-19,93716936;-44,44392836
01/03/2026;12:00:00;FRONTEIRA;Afundamento ou ondulação no pavimento;Tombamento;Com Vítimas Feridas;Pleno dia;Decrescente;Céu Claro;Simples;"Reta;Aclive";-20,20867;-49,13596
01/03/2026;11:15:00;CAPANEMA;Acesso irregular;Colisão transversal;Com Vítimas Feridas;Pleno dia;Decrescente;Nublado;Simples;Reta;-1,222853;-47,168595
01/03/2026;12:40:00;MUCURI;Conversão proibida;Colisão transversal;Com Vítimas Feridas;Pleno dia;Decrescente;Nublado;Simples;Reta;-18,07079;-39,88227
01/03/2026;13:40:00;MANHUACU;Conversão proibida;Colisão traseira;Com Vítimas Feridas;Pleno dia;Crescente;Céu Claro;Simples;Reta;-20,25933195;-42,03160287
01/03/2026;16:05:00;RIO LARGO;Chuva;Tombamento;Com Vítimas Feridas;Pleno dia;Decrescente;Chuva;Dupla;Reta;-9,473807;-35,822162
01/03/2026;18:35:00;LIMA DUARTE;Velocidade Incompatível;Saída de leito carroçável;Com Vítimas Feridas;Anoitecer;Decrescente;Céu Claro;Simples;Curva;-21,835694;-43,761765
01/03/2026;18:00:00;SANTA RITA;Acesso irregular;Colisão transversal;Com Vítimas Feridas;Plena Noite;Crescente;Nublado;Dupla;Viaduto;-7,175935;-35,042046
01/03/2026;19:52:00;SANTA IZABEL DO PARA;Acesso irregular;Colisão transversal;Com Vítimas Feridas;Plena Noite;Decrescente;Céu Claro;Dupla;Reta;-1,283895;-48,143367
01/03/2026;21:10:00;RESENDE;Animais na Pista;Atropelamento de Animal;Com Vítimas Feridas;Plena Noite;Crescente;Nublado;Dupla;Reta;-22,45395643;-44,37566506
01/03/2026;19:10:00;CHAPECO;Afundamento ou ondulação no pavimento;Tombamento;Com Vítimas Feridas;Plena Noite;Decrescente;Céu Claro;Simples;Reta;-26,997464;-52,67468
01/03/2026;19:00:00;CAMPOS NOVOS;Velocidade Incompatível;Saída de leito carroçável;Com Vítimas Feridas;Anoitecer;Decrescente;Céu Claro;Simples;"Reta;Interseção de Vias";-27,38722941;-51,11400079
01/03/2026;19:40:00;JARU;Conversão proibida;Saída de leito carroçável;Sem Vítimas;Pleno dia;Crescente;Nublado;Dupla;Curva;-10,43749842;-62,47172403
01/03/2026;17:15:00;PRESIDENTE FIGUEIREDO;Retorno proibido;Colisão transversal;Com Vítimas Feridas;Pleno dia;Decrescente;Céu Claro;Dupla;Reta;-2,05224486;-60,02462983
01/03/2026;19:20:00;SEROPEDICA;Conversão proibida;Colisão transversal;Com Vítimas Feridas;Plena Noite;Crescente;Céu Claro;Simples;"Reta;Interseção de Vias";-22,71887359;-43,72661591
01/03/2026;21:00:00;BRASILIA;Animais na Pista;Atropelamento de Animal;Com Vítimas Feridas;Plena Noite;Crescente;Céu Claro;Dupla;"Declive;Reta";-16,026746;-48,253302
01/03/2026;15:55:00;TARAUACA;Retorno proibido;Colisão transversal;Com Vítimas Feridas;Anoitecer;Crescente;Garoa/Chuvisco;Simples;"Aclive;Reta";-8,16;-70,76
01/03/2026;14:10:00;BARRACAO;Velocidade Incompatível;Colisão traseira;Com Vítimas Feridas;Pleno dia;Crescente;Céu Claro;Simples;"Reta;Declive";-26,256915;-53,627273
01/03/2026;11:40:00;NOVO HAMBURGO;Ultrapassagem Indevida;Colisão lateral mesmo sentido;Com Vítimas Feridas;Pleno dia;Decrescente;Céu Claro;Simples;Reta;-29,65069342;-51,14421515
01/03/2026;17:28:00;CARUARU;Acumulo de água sobre o pavimento;Saída de leito carroçável;Com Vítimas Feridas;Plena Noite;Decrescente;Chuva;Dupla;Reta;-8,29698;-35,98750815
28/02/2026;03:04:00;MOSSORO;Velocidade Incompatível;Colisão com objeto;Com Vítimas Feridas;Plena Noite;Decrescente;Nublado;Dupla;Reta;-5,1451272;-37,3467727
28/02/2026;01:53:00;CLAUDIA;Conversão proibida;Colisão lateral mesmo sentido;Com Vítimas Feridas;Plena Noite;Decrescente;Nublado;Simples;Reta;-11,346572;-55,333172
28/02/2026;06:50:00;APUCARANA;Velocidade Incompatível;Tombamento;Com Vítimas Feridas;Amanhecer;Decrescente;Céu Claro;Dupla;Curva;-23,581649;-51,434199
28/02/2026;06:20:00;PEREIRO;Ausência de sinalização;Saída de leito carroçável;Com Vítimas Feridas;Amanhecer;Crescente;Nublado;Simples;"Declive;Curva";-6,036819;-38,50962
28/02/2026;12:00:00;CACERES;Velocidade Incompatível;Capotamento;Com Vítimas Feridas;Pleno dia;Decrescente;Céu Claro;Simples;Curva;-16,25025;-57,46834
28/02/2026;16:00:00;CAIAPONIA;Condutor usando celular;Colisão traseira;Com Vítimas Feridas;Pleno dia;Decrescente;Céu Claro;Simples;Reta;-17,29394;-51,89127
28/02/2026;16:50:00;SAO FRANCISCO DO SUL;Velocidade Incompatível;Tombamento;Com Vítimas Feridas;Pleno dia;Crescente;Céu Claro;Simples;Rotatória;-26,25195492;-48,61810533
28/02/2026;20:00:00;ALTO GARCAS;Acostamento em desnível;Tombamento;Com Vítimas Feridas;Plena Noite;Crescente;Céu Claro;Simples;Declive;-16,96820794;-53,5174942
28/02/2026;22:40:00;VASSOURAS;Ultrapassagem Indevida;Colisão frontal;Com Vítimas Feridas;Plena Noite;Crescente;Céu Claro;Simples;"Aclive;Curva";-22,4300073;-43,74437857
28/02/2026;22:50:00;LINHARES;Velocidade Incompatível;Colisão traseira;Com Vítimas Feridas;Plena Noite;Decrescente;Garoa/Chuvisco;Múltipla;"Reta;Aclive";-19,39442905;-40,06540932
28/02/2026;00:50:00;FELIXLANDIA;Conversão proibida;Colisão transversal;Com Vítimas Feridas;Plena Noite;Decrescente;Céu Claro;Simples;Reta;-18,73603;-44,865053
28/02/2026;00:20:00;FOZ DO IGUACU;Velocidade Incompatível;Saída de leito carroçável;Sem Vítimas;Plena Noite;Decrescente;Céu Claro;Dupla;Reta;-25,51042534;-54,55737778
28/02/2026;04:45:00;SANTA RITA;Acumulo de água sobre o pavimento;Queda de ocupante de veículo;Com Vítimas Feridas;Amanhecer;Crescente;Chuva;Dupla;Reta;-7,142;-34,992
28/02/2026;02:30:00;ALVORADA DOESTE;Pista esburacada;Tombamento;Com Vítimas Fatais;Plena Noite;Crescente;Céu Claro;Simples;Reta;-11,396565;-62,334885
28/02/2026;06:00:00;FEIRA DE SANTANA;Velocidade Incompatível;Saída de leito carroçável;Com Vítimas Feridas;Pleno dia;Decrescente;Garoa/Chuvisco;Dupla;Curva;-12,33687958;-38,84979039
28/02/2026;08:00:00;JOAO PESSOA;Acumulo de água sobre o pavimento;Tombamento;Com Vítimas Feridas;Pleno dia;Decrescente;Céu Claro;Dupla;"Reta;Declive";-7,15356931;-34,90809158
28/02/2026;07:50:00;SERRINHA;Chuva;Saída de leito carroçável;Com Vítimas Feridas;Pleno dia;Crescente;Chuva;Simples;"Em Obras;Reta";-11,791985;-38,985252
28/02/2026;09:30:00;SAO GONCALO;Acumulo de areia ou detritos sobre o pavimento;Queda de ocupante de veículo;Com Vítimas Feridas;Pleno dia;Crescente;Nublado;Dupla;Reta;-22,835954;-43,094914
28/02/2026;10:00:00;MANGARATIBA;Velocidade Incompatível;Colisão com objeto;Com Vítimas Feridas;Pleno dia;Crescente;Chuva;Simples;Curva;-22,98188166;-44,08611171
28/02/2026;11:45:00;BOA VISTA DO BURICA;Ultrapassagem Indevida;Colisão lateral mesmo sentido;Com Vítimas Feridas;Pleno dia;Crescente;Céu Claro;Simples;Reta;-27,683223;-54,124476
28/02/2026;13:25:00;CAJAZEIRAS;Acumulo de água sobre o pavimento;Queda de ocupante de veículo;Com Vítimas Feridas;Pleno dia;Decrescente;Garoa/Chuvisco;Simples;Reta;-6,88603936;-38,61654067
28/02/2026;13:50:00;SANTA IZABEL DO PARA;Conversão proibida;Colisão transversal;Com Vítimas Feridas;Pleno dia;Decrescente;Garoa/Chuvisco;Dupla;Reta;-1,279393;-48,070873
28/02/2026;11:28:00;TERESINA;Pista esburacada;Queda de ocupante de veículo;Com Vítimas Feridas;Pleno dia;Crescente;Chuva;Múltipla;"Reta;Retorno Regulamentado";-5,179728;-42,764782
28/02/2026;19:50:00;FIGUEIROPOLIS;Ultrapassagem Indevida;Colisão frontal;Com Vítimas Feridas;Plena Noite;Crescente;Nublado;Simples;Reta;-12,1902;-49,1558
28/02/2026;10:50:00;ARAQUARI;Ultrapassagem Indevida;Colisão transversal;Com Vítimas Feridas;Pleno dia;Decrescente;Nublado;Simples;Reta;-26,40424223;-48,74531714
28/02/2026;20:55:00;CARIACICA;Velocidade Incompatível;Saída de leito carroçável;Com Vítimas Feridas;Plena Noite;Crescente;Céu Claro;Dupla;Reta;-20,28004574;-40,39303629
28/02/2026;19:00:00;SAO LUIS;Acesso irregular;Colisão transversal;Sem Vítimas;Plena Noite;Crescente;Chuva;Simples;Reta;-2,68396273;-44,29675698
28/02/2026;21:10:00;APUCARANA;Velocidade Incompatível;Saída de leito carroçável;Com Vítimas Feridas;Plena Noite;Crescente;Céu Claro;Dupla;Reta;-23,585409;-51,563934
28/02/2026;21:30:00;TRES LAGOAS;Velocidade Incompatível;Colisão com objeto;Com Vítimas Feridas;Plena Noite;Crescente;Nublado;Simples;"Declive;Reta";-20,69482291;-51,76324368
28/02/2026;22:40:00;CASIMIRO DE ABREU;Animais na Pista;Atropelamento de Animal;Com Vítimas Feridas;Plena Noite;Decrescente;Nublado;Dupla;Reta;-22,48415323;-42,14271164
28/02/2026;19:18:00;GUARANTA DO NORTE;Chuva;Colisão frontal;Com Vítimas Feridas;Plena Noite;Decrescente;Chuva;Simples;Aclive;-10,012926;-54,908343
28/02/2026;18:50:00;IGARATINGA;Velocidade Incompatível;Capotamento;Com Vítimas Feridas;Anoitecer;Crescente;Nublado;Dupla;Reta;-19,90052;-44,69474
28/02/2026;19:30:00;RANCHO QUEIMADO;Curva acentuada;Saída de leito carroçável;Com Vítimas Feridas;Plena Noite;Decrescente;Nublado;Simples;Curva;-27,694;-49,0906
27/02/2026;05:30:00;FRANCISCO SA;Pista Escorregadia;Colisão lateral sentido oposto;Com Vítimas Feridas;Amanhecer;Crescente;Chuva;Simples;"Declive;Curva";-16,47095;-43,46392
27/02/2026;07:20:00;SATUBA;Velocidade Incompatível;Colisão traseira;Com Vítimas Feridas;Pleno dia;Crescente;Céu Claro;Simples;Reta;-9,58859547;-35,88558944
27/02/2026;09:50:00;DUQUE DE CAXIAS;Chuva;Colisão lateral mesmo sentido;Com Vítimas Feridas;Pleno dia;Crescente;Chuva;Múltipla;Reta;-22,72811472;-43,2884678
27/02/2026;12:40:00;BARRA DO TURVO;Velocidade Incompatível;Tombamento;Com Vítimas Feridas;Pleno dia;Crescente;Garoa/Chuvisco;Simples;"Curva;Aclive";-25,019;-48,511
27/02/2026;12:20:00;CACHOEIRA PAULISTA;Chuva;Colisão com objeto;Com Vítimas Feridas;Pleno dia;Crescente;Chuva;Dupla;Reta;-22,67060384;-44,9947934
27/02/2026;07:20:00;JOAO PINHEIRO;Ultrapassagem Indevida;Colisão frontal;Com Vítimas Feridas;Pleno dia;Decrescente;Nublado;Simples;Reta;-17,98505623;-45,73612958
27/02/2026;14:30:00;PATOS DE MINAS;Chuva;Saída de leito carroçável;Sem Vítimas;Pleno dia;Decrescente;Chuva;Dupla;Declive;-18,6688013;-46,5348351
27/02/2026;11:15:00;RIO DE JANEIRO;Velocidade Incompatível;Tombamento;Com Vítimas Feridas;Pleno dia;Crescente;Nublado;Dupla;Reta;-22,87617967;-43,61357538
27/02/2026;16:30:00;SABARA;Pista Escorregadia;Colisão frontal;Com Vítimas Feridas;Pleno dia;Decrescente;Nublado;Simples;"Declive;Curva";-19,787777;-43,69946
27/02/2026;19:00:00;SAO LOURENCO DA SERRA;Chuva;Saída de leito carroçável;Com Vítimas Feridas;Plena Noite;Crescente;Chuva;Dupla;Curva;-23,797692;-46,914903
27/02/2026;19:40:00;PALHOCA;Retorno proibido;Colisão transversal;Com Vítimas Fatais;Plena Noite;Decrescente;Nublado;Dupla;Curva;-27,63498;-48,71425
27/02/2026;19:10:00;MACAE;Desvio temporário;Colisão traseira;Com Vítimas Feridas;Anoitecer;Crescente;Chuva;Dupla;Curva;-22,21049965;-41,75478157
27/02/2026;23:55:00;BOM JESUS DO AMPARO;Velocidade Incompatível;Colisão traseira;Com Vítimas Feridas;Plena Noite;Crescente;Nublado;Dupla;Curva;-19,748221;-43,522096
27/02/2026;22:50:00;FORMOSA;Acumulo de água sobre o pavimento;Colisão frontal;Com Vítimas Feridas;Plena Noite;Crescente;Chuva;Dupla;Reta;-15,13211878;-47,12791443
27/02/2026;17:00:00;GOVERNADOR VALADARES;Acumulo de água sobre o pavimento;Saída de leito carroçável;Com Vítimas Feridas;Anoitecer;Crescente;Chuva;Simples;Reta;-18,975488;-42,097234
27/02/2026;22:27:00;BARRA VELHA;Velocidade Incompatível;Colisão lateral mesmo sentido;Com Vítimas Feridas;Plena Noite;Crescente;Nublado;Múltipla;Curva;-26,63946698;-48,69337432
27/02/2026;00:01:00;BALNEARIO CAMBORIU;Velocidade Incompatível;Colisão lateral mesmo sentido;Com Vítimas Feridas;Plena Noite;Crescente;Céu Claro;Simples;Interseção de Vias;-26,998586;-48,649499
27/02/2026;01:10:00;PUXINANA;Animais na Pista;Atropelamento de Animal;Com Vítimas Feridas;Plena Noite;Crescente;Céu Claro;Simples;Reta;-7,188972;-35,967732
27/02/2026;04:40:00;SANTIAGO;Animais na Pista;Atropelamento de Animal;Sem Vítimas;Plena Noite;Crescente;Céu Claro;Simples;"Aclive;Reta";-29,274731;-54,796798
27/02/2026;04:40:00;PORTO SEGURO;Velocidade Incompatível;Saída de leito carroçável;Com Vítimas Feridas;Amanhecer;Decrescente;Chuva;Simples;Curva;-16,40443411;-39,17539199
27/02/2026;07:00:00;JOAO PESSOA;Demais Fenômenos da natureza;Queda de ocupante de veículo;Com Vítimas Feridas;Pleno dia;Decrescente;Sol;Dupla;Reta;-7,1543494;-34,8550081
27/02/2026;07:40:00;SERRA;Acumulo de água sobre o pavimento;Colisão com objeto;Com Vítimas Feridas;Pleno dia;Crescente;Chuva;Dupla;Reta;-20,067012;-40,373933
27/02/2026;07:00:00;FLORESTAL;Velocidade Incompatível;Saída de leito carroçável;Com Vítimas Feridas;Pleno dia;Crescente;Chuva;Dupla;Reta;-19,914452;-44,498296
27/02/2026;11:10:00;MARIALVA;Acesso irregular;Colisão transversal;Com Vítimas Fatais;Pleno dia;Crescente;Céu Claro;Dupla;Retorno Regulamentado;-23,50101;-51,7613
27/02/2026;09:00:00;GOIANIA;Acesso irregular;Colisão lateral mesmo sentido;Com Vítimas Feridas;Pleno dia;Decrescente;Céu Claro;Múltipla;"Interseção de Vias;Reta";-16,71579223;-49,36267573
27/02/2026;12:23:00;SAO JOAO DO MANHUACU;Acesso irregular;Colisão transversal;Com Vítimas Feridas;Pleno dia;Decrescente;Chuva;Simples;"Interseção de Vias;Reta";-20,357607;-42,151575
27/02/2026;08:05:00;PARANAGUA;Ultrapassagem Indevida;Colisão transversal;Com Vítimas Feridas;Pleno dia;Crescente;Céu Claro;Dupla;Reta;-25,51573;-48,53832
27/02/2026;14:40:00;PARANAGUA;Conversão proibida;Colisão lateral mesmo sentido;Com Vítimas Feridas;Pleno dia;Crescente;Nublado;Simples;"Reta;Interseção de Vias;Rotatória";-25,51492902;-48,5223937
27/02/2026;14:50:00;PARA DE MINAS;Acumulo de água sobre o pavimento;Saída de leito carroçável;Com Vítimas Feridas;Pleno dia;Crescente;Chuva;Dupla;"Aclive;Reta";-19,901425;-44,548889
27/02/2026;15:20:00;MOSSORO;Acumulo de areia ou detritos sobre o pavimento;Queda de ocupante de veículo;Com Vítimas Feridas;Pleno dia;Crescente;Nublado;Simples;Reta;-5,177063;-37,365072
27/02/2026;15:30:00;SOORETAMA;Acumulo de água sobre o pavimento;Tombamento;Com Vítimas Feridas;Pleno dia;Crescente;Chuva;Simples;Reta;-19,20923004;-40,09494178
27/02/2026;15:30:00;MAGE;Retorno proibido;Colisão transversal;Com Vítimas Feridas;Pleno dia;Crescente;Céu Claro;Simples;Reta;-22,65982029;-43,0494945
27/02/2026;13:20:00;VITORIA DA CONQUISTA;Pista Escorregadia;Queda de ocupante de veículo;Com Vítimas Feridas;Pleno dia;Crescente;Céu Claro;Dupla;Reta;-14,8798014;-40,8557725
27/02/2026;15:50:00;BALNEARIO PICARRAS;Restrição de visibilidade em curvas verticais;Colisão transversal;Com Vítimas Feridas;Pleno dia;Decrescente;Nublado;Múltipla;Aclive;-26,72851136;-48,70194046
27/02/2026;16:50:00;GUARAPARI;Acumulo de água sobre o pavimento;Colisão com objeto;Com Vítimas Feridas;Anoitecer;Decrescente;Chuva;Dupla;Curva;-20,66309855;-40,59274284
27/02/2026;18:30:00;SAO PAULO;Pista Escorregadia;Tombamento;Com Vítimas Feridas;Plena Noite;Decrescente;Garoa/Chuvisco;Múltipla;Reta;-23,51714525;-46,58007288
27/02/2026;13:00:00;AMARANTE;Acumulo de água sobre o pavimento;Saída de leito carroçável;Com Vítimas Feridas;Pleno dia;Crescente;Chuva;Simples;Reta;-6,249327;-42,727568
27/02/2026;16:30:00;ITAQUI;Velocidade Incompatível;Queda de ocupante de veículo;Com Vítimas Feridas;Pleno dia;Decrescente;Céu Claro;Simples;Curva;-29,1617;-56,361591
27/02/2026;19:00:00;MACAPA;Retorno proibido;Colisão transversal;Com Vítimas Feridas;Plena Noite;Crescente;Nublado;Simples;Reta;0,0875732;-51,0933099
27/02/2026;19:05:00;MAGE;Chuva;Queda de ocupante de veículo;Com Vítimas Feridas;Plena Noite;Crescente;Chuva;Dupla;Reta;-22,60854827;-43,02971933
27/02/2026;19:03:00;BRUMADINHO;Velocidade Incompatível;Tombamento;Com Vítimas Feridas;Plena Noite;Crescente;Nublado;Dupla;Curva;-20,1227923;-44,30055365
27/02/2026;18:20:00;MARECHAL DEODORO;Ultrapassagem Indevida;Colisão frontal;Com Vítimas Feridas;Plena Noite;Crescente;Céu Claro;Simples;Curva;-9,65773881;-35,85394333
27/02/2026;19:50:00;RIO TINTO;Animais na Pista;Tombamento;Com Vítimas Feridas;Plena Noite;Decrescente;Céu Claro;Dupla;Reta;-6,732387;-35,125298
27/02/2026;18:10:00;VILA VELHA;Acumulo de água sobre o pavimento;Tombamento;Com Vítimas Feridas;Plena Noite;Decrescente;Chuva;Dupla;Reta;-20,449856;-40,461157
27/02/2026;20:25:00;PATOS;Pista Escorregadia;Saída de leito carroçável;Com Vítimas Feridas;Plena Noite;Crescente;Chuva;Simples;Reta;-6,95492;-37,376345
27/02/2026;21:00:00;CHUI;Animais na Pista;Atropelamento de Animal;Com Vítimas Feridas;Plena Noite;Decrescente;Céu Claro;Simples;Reta;-33,613635;-53,404131
27/02/2026;21:00:00;ANGRA DOS REIS;Acumulo de água sobre o pavimento;Colisão com objeto;Sem Vítimas;Plena Noite;Crescente;Chuva;Simples;Curva;-22,94922531;-44,32777405
27/02/2026;22:10:00;NATAL;Animais na Pista;Atropelamento de Animal;Sem Vítimas;Plena Noite;Crescente;Céu Claro;Múltipla;Reta;-5,838618;-35,210862
27/02/2026;22:50:00;SAO BENTO DO SUL;Ultrapassagem Indevida;Colisão lateral mesmo sentido;Com Vítimas Feridas;Plena Noite;Decrescente;Céu Claro;Simples;"Declive;Curva";-26,362545;-49,342558
27/02/2026;11:30:00;SOBRADO;Acumulo de água sobre o pavimento;Tombamento;Com Vítimas Feridas;Pleno dia;Decrescente;Chuva;Dupla;Reta;-7,184078;-35,299845
27/02/2026;22:30:00;CURITIBA;Velocidade Incompatível;Colisão traseira;Com Vítimas Feridas;Plena Noite;Crescente;Nublado;Dupla;Reta;-25,43041231;-49,34734432
26/02/2026;03:00:00;CAMPINA GRANDE DO SUL;Chuva;Saída de leito carroçável;Com Vítimas Feridas;Plena Noite;Crescente;Chuva;Dupla;Curva;-25,08092895;-48,62355407
26/02/2026;10:20:00;REGISTRO;Velocidade Incompatível;Colisão traseira;Com Vítimas Feridas;Pleno dia;Crescente;Chuva;Dupla;Curva;-24,40190996;-47,73488564
26/02/2026;11:00:00;PINDAMONHANGABA;Velocidade Incompatível;Saída de leito carroçável;Com Vítimas Feridas;Pleno dia;Crescente;Nublado;Dupla;Reta;-22,97894993;-45,45770234
26/02/2026;11:45:00;FONTOURA XAVIER;Ultrapassagem Indevida;Colisão lateral mesmo sentido;Com Vítimas Feridas;Pleno dia;Decrescente;Céu Claro;Simples;"Reta;Em Obras";-28,96993034;-52,36999003
26/02/2026;14:45:00;FRANCISCO SA;Velocidade Incompatível;Colisão transversal;Com Vítimas Feridas;Pleno dia;Crescente;Chuva;Simples;Declive;-16,473733;-43,480878
26/02/2026;08:40:00;PIRAPORA;Velocidade Incompatível;Saída de leito carroçável;Com Vítimas Feridas;Pleno dia;Crescente;Chuva;Simples;Reta;-17,24401;-44,8322
26/02/2026;14:58:00;JUSCIMEIRA;Velocidade Incompatível;Colisão traseira;Com Vítimas Feridas;Pleno dia;Crescente;Chuva;Dupla;Aclive;-16,12123025;-54,85200477
26/02/2026;18:20:00;CAMPINA GRANDE DO SUL;Velocidade Incompatível;Tombamento;Com Vítimas Feridas;Anoitecer;Decrescente;Garoa/Chuvisco;Dupla;"Aclive;Curva";-25,11194814;-48,84684563
26/02/2026;22:00:00;CASCAVEL;Conversão proibida;Colisão lateral mesmo sentido;Com Vítimas Feridas;Plena Noite;Decrescente;Céu Claro;Simples;"Interseção de Vias;Retorno Regulamentado;Reta";-24,945975;-53,398279
26/02/2026;22:20:00;CARAPEBUS;Chuva;Tombamento;Com Vítimas Feridas;Plena Noite;Decrescente;Chuva;Dupla;Reta;-22,13061297;-41,71123473
26/02/2026;21:31:00;BOA VISTA DO TUPIM;Ultrapassagem Indevida;Colisão frontal;Com Vítimas Feridas;Plena Noite;Crescente;Chuva;Simples;"Aclive;Curva";-12,508431;-40,484141
26/02/2026;00:10:00;SAO JOSE;Pista Escorregadia;Queda de ocupante de veículo;Com Vítimas Feridas;Plena Noite;Crescente;Garoa/Chuvisco;Múltipla;Viaduto;-27,61927751;-48,64709347
26/02/2026;05:45:00;ITUIUTABA;Pista esburacada;Tombamento;Com Vítimas Feridas;Amanhecer;Crescente;Céu Claro;Simples;Retorno Regulamentado;-18,94123648;-49,44813101
26/02/2026;06:30:00;PARNAIBA;Ultrapassagem Indevida;Colisão lateral mesmo sentido;Com Vítimas Feridas;Pleno dia;Decrescente;Céu Claro;Simples;Curva;-2,9025851;-41,68554783
26/02/2026;07:45:00;NOVA IGUACU;Acesso irregular;Colisão lateral mesmo sentido;Com Vítimas Feridas;Pleno dia;Decrescente;Céu Claro;Dupla;Reta;-22,74895533;-43,44303131
26/02/2026;08:44:00;SETE LAGOAS;Chuva;Saída de leito carroçável;Sem Vítimas;Pleno dia;Crescente;Chuva;Dupla;"Declive;Reta";-19,4525048;-44,314162
26/02/2026;06:50:00;ITABIRITO;Chuva;Saída de leito carroçável;Com Vítimas Feridas;Pleno dia;Crescente;Chuva;Simples;Reta;-20,270123;-43,953631
26/02/2026;08:50:00;ITATIAIUCU;Acumulo de água sobre o pavimento;Saída de leito carroçável;Com Vítimas Feridas;Pleno dia;Crescente;Chuva;Dupla;Curva;-20,16461941;-44,36664248
26/02/2026;08:50:00;ONDA VERDE;Pista esburacada;Tombamento;Com Vítimas Feridas;Pleno dia;Crescente;Nublado;Simples;Reta;-20,6203365;-49,3343716
26/02/2026;07:15:00;PARATY;Chuva;Colisão frontal;Com Vítimas Feridas;Pleno dia;Crescente;Chuva;Simples;"Declive;Curva";-23,05596246;-44,58955765
26/02/2026;08:55:00;NOVA LIMA;Pista Escorregadia;Saída de leito carroçável;Com Vítimas Feridas;Pleno dia;Crescente;Chuva;Simples;Reta;-20,222;-43,971
26/02/2026;09:30:00;ARACATI;Retorno proibido;Colisão transversal;Com Vítimas Feridas;Pleno dia;Crescente;Céu Claro;Simples;Curva;-4,58033797;-37,77247578
26/02/2026;12:10:00;BLUMENAU;Conversão proibida;Colisão transversal;Com Vítimas Feridas;Pleno dia;Crescente;Nublado;Simples;"Reta;Em Obras";-26,862266;-49,093506
26/02/2026;12:15:00;NOSSA SENHORA DO SOCORRO;Condutor usando celular;Colisão traseira;Com Vítimas Feridas;Pleno dia;Crescente;Nublado;Dupla;Reta;-10,90524529;-37,12330887
26/02/2026;13:35:00;SAO JOSE;Acesso irregular;Colisão transversal;Com Vítimas Feridas;Pleno dia;Decrescente;Céu Claro;Múltipla;Reta;-27,59936;-48,62204
26/02/2026;10:00:00;CARMO DA CACHOEIRA;Chuva;Colisão com objeto;Com Vítimas Feridas;Pleno dia;Crescente;Chuva;Dupla;Reta;-21,40193384;-45,20874023
26/02/2026;10:36:00;PONTES E LACERDA;Ultrapassagem Indevida;Colisão traseira;Com Vítimas Feridas;Pleno dia;Decrescente;Céu Claro;Simples;Reta;-15,23350853;-59,34486151
26/02/2026;15:00:00;MARILIA;Ultrapassagem Indevida;Colisão lateral sentido oposto;Com Vítimas Feridas;Pleno dia;Decrescente;Nublado;Simples;Declive;-22,018135;-49,908366