data_inversa;horario;municipio;causa_acidente;tipo_acidente;classificacao_acidente;fase_dia;sentido_via;condicao_metereologica;tipo_pista;tracado_via;latitude;longitude
26/02/2026;15:50:00;CONCEICAO DA BARRA;Velocidade Incompatível;Colisão com objeto;Com Vítimas Fatais;Pleno dia;Crescente;Chuva;Simples;Aclive;-18,529832;-39,909423
26/02/2026;16:00:00;SENADOR JOSE BENTO;Velocidade Incompatível;Saída de leito carroçável;Com Vítimas Feridas;Pleno dia;Crescente;Chuva;Simples;"Curva;Declive";-22,135506;-46,147616
26/02/2026;16:30:00;JUQUIA;Acumulo de água sobre o pavimento;Saída de leito carroçável;Com Vítimas Feridas;Pleno dia;Decrescente;Chuva;Dupla;Reta;-24,35647996;-47,68143654
26/02/2026;16:35:00;PERIQUITO;Chuva;Saída de leito carroçável;Com Vítimas Feridas;Pleno dia;Crescente;Chuva;Simples;Curva;-19,06707178;-42,17050171
26/02/2026;17:10:00;GUAIBA;Falta de acostamento;Tombamento;Com Vítimas Feridas;Pleno dia;Crescente;Céu Claro;Simples;Reta;-30,14485494;-51,3632497
26/02/2026;16:30:00;MACAE;Demais Fenômenos da natureza;Saída de leito carroçável;Com Vítimas Feridas;Anoitecer;Decrescente;Chuva;Simples;Curva;-22,32427398;-41,90688193
26/02/2026;19:00:00;PORTELANDIA;Ultrapassagem Indevida;Colisão frontal;Com Vítimas Fatais;Plena Noite;Decrescente;Céu Claro;Simples;"Reta;Aclive";-17,401883;-52,649552
26/02/2026;08:10:00;SANTANA DO PARAISO;Conversão proibida;Colisão transversal;Com Vítimas Feridas;Pleno dia;Decrescente;Nublado;Simples;Curva;-19,45325752;-42,52061024
26/02/2026;17:55:00;PORTO SEGURO;Acesso irregular;Colisão transversal;Com Vítimas Feridas;Pleno dia;Crescente;Céu Claro;Simples;Reta;-16,43581142;-39,07472607
26/02/2026;18:00:00;ANGRA DOS REIS;Conversão proibida;Colisão transversal;Com Vítimas Feridas;Plena Noite;Decrescente;Chuva;Simples;Reta;-22,9898455;-44,2400441
26/02/2026;20:23:00;LAJES;Animais na Pista;Atropelamento de Animal;Sem Vítimas;Plena Noite;Decrescente;Céu Claro;Simples;"Reta;Declive";-5,70602295;-36,2316306
26/02/2026;22:45:00;MARINGA;Retorno proibido;Colisão transversal;Com Vítimas Feridas;Plena Noite;Decrescente;Céu Claro;Dupla;Retorno Regulamentado;-23,39343035;-52,00951338
25/02/2026;00:45:00;CAMPINA GRANDE DO SUL;Velocidade Incompatível;Saída de leito carroçável;Com Vítimas Feridas;Plena Noite;Crescente;Garoa/Chuvisco;Dupla;Curva;-25,06464735;-48,57124071
25/02/2026;11:00:00;CABEDELO;Retorno proibido;Colisão transversal;Com Vítimas Feridas;Pleno dia;Decrescente;Céu Claro;Dupla;"Desvio Temporário;Reta;Interseção de Vias;Em Obras";-7,08238;-34,848818
25/02/2026;13:00:00;CONGONHAS;Velocidade Incompatível;Tombamento;Com Vítimas Feridas;Pleno dia;Crescente;Céu Claro;Simples;Curva;-20,511531;-43,840567
25/02/2026;14:00:00;POSSE;Velocidade Incompatível;Saída de leito carroçável;Com Vítimas Feridas;Pleno dia;Decrescente;Nublado;Simples;"Declive;Reta";-14,174267;-46,328663
25/02/2026;13:40:00;CAMPINA GRANDE DO SUL;Velocidade Incompatível;Saída de leito carroçável;Com Vítimas Feridas;Pleno dia;Crescente;Céu Claro;Dupla;Curva;-25,10934091;-48,84348616
25/02/2026;12:30:00;ESTIVA;Velocidade Incompatível;Tombamento;Com Vítimas Feridas;Pleno dia;Decrescente;Garoa/Chuvisco;Dupla;Curva;-22,43685497;-45,98312527
25/02/2026;14:55:00;VICTOR GRAEFF;Pista esburacada;Saída de leito carroçável;Com Vítimas Feridas;Pleno dia;Crescente;Céu Claro;Simples;Reta;-28,516662;-52,634054
25/02/2026;16:50:00;UBERLANDIA;Velocidade Incompatível;Tombamento;Com Vítimas Feridas;Pleno dia;Crescente;Chuva;Simples;Declive;-18,888396;-48,119223
25/02/2026;15:40:00;BARRA MANSA;Retorno proibido;Colisão lateral mesmo sentido;Com Vítimas Feridas;Pleno dia;Decrescente;Céu Claro;Simples;Reta;-22,5360052;-44,1157
25/02/2026;15:00:00;GUARATINGUETA;Curva acentuada;Colisão com objeto;Com Vítimas Feridas;Pleno dia;Decrescente;Céu Claro;Múltipla;Curva;-22,82345209;-45,19316864
25/02/2026;19:29:00;OCAUCU;Chuva;Colisão lateral sentido oposto;Sem Vítimas;Plena Noite;Crescente;Chuva;Simples;Reta;-22,52091808;-49,88930494
25/02/2026;05:35:00;IMPERATRIZ;Iluminação deficiente;Colisão traseira;Sem Vítimas;Amanhecer;Não Informado;Nevoeiro/Neblina;Múltipla;Reta;-5,55668;-47,45584
25/02/2026;02:40:00;BRANQUINHA;Animais na Pista;Atropelamento de Animal;Com Vítimas Feridas;Plena Noite;Crescente;Céu Claro;Simples;Curva;-9,240635;-36,015824
25/02/2026;06:20:00;JOAO PESSOA;Acumulo de areia ou detritos sobre o pavimento;Saída de leito carroçável;Com Vítimas Feridas;Pleno dia;Decrescente;Sol;Simples;Curva;-7,1629886;-34,893019
25/02/2026;05:19:00;SANTO ANTONIO DO LEVERGER;Pista esburacada;Tombamento;Com Vítimas Feridas;Amanhecer;Crescente;Ignorado;Simples;"Curva;Em Obras;Desvio Temporário";-15,70112764;-55,87375275
25/02/2026;05:30:00;SANTO ANTONIO DO LEVERGER;Demais falhas na via;Queda de ocupante de veículo;Sem Vítimas;Pleno dia;Crescente;Céu Claro;Simples;Reta;-15,69533572;-56,02667928
25/02/2026;07:33:00;VACARIA;Afundamento ou ondulação no pavimento;Tombamento;Com Vítimas Feridas;Pleno dia;Crescente;Nublado;Simples;Interseção de Vias;-28,49833455;-50,91751669
25/02/2026;07:10:00;BARRA DO GARCAS;Ultrapassagem Indevida;Queda de ocupante de veículo;Com Vítimas Feridas;Pleno dia;Decrescente;Céu Claro;Simples;Reta;-15,8642601;-52,3173666
25/02/2026;08:00:00;ABADIANIA;Chuva;Saída de leito carroçável;Com Vítimas Feridas;Pleno dia;Crescente;Céu Claro;Dupla;Curva;-16,2509318;-48,760825
25/02/2026;08:40:00;BRAGANCA PAULISTA;Velocidade Incompatível;Saída de leito carroçável;Com Vítimas Feridas;Pleno dia;Crescente;Céu Claro;Dupla;Curva;-23,0164473;-46,5261009
25/02/2026;08:27:00;CAMPO GRANDE;Conversão proibida;Colisão lateral mesmo sentido;Com Vítimas Feridas;Pleno dia;Crescente;Céu Claro;Simples;Reta;-20,482398;-54,559293
25/02/2026;11:40:00;AQUIRAZ;Acesso irregular;Engavetamento;Com Vítimas Feridas;Pleno dia;Decrescente;Sol;Dupla;Reta;-3,9840385;-38,51473745
25/02/2026;12:15:00;ITAPEMIRIM;Sinalização mal posicionada;Colisão transversal;Com Vítimas Feridas;Pleno dia;Crescente;Céu Claro;Simples;Interseção de Vias;-20,92540761;-41,07811689
25/02/2026;13:00:00;APARECIDA;Afundamento ou ondulação no pavimento;Queda de ocupante de veículo;Com Vítimas Feridas;Pleno dia;Crescente;Céu Claro;Múltipla;Reta;-22,86371867;-45,23731232
25/02/2026;16:15:00;MAGE;Velocidade Incompatível;Tombamento;Com Vítimas Feridas;Pleno dia;Decrescente;Nublado;Dupla;Reta;-22,64915;-43,177085
25/02/2026;17:20:00;ALHANDRA;Velocidade Incompatível;Atropelamento de Pedestre;Com Vítimas Feridas;Anoitecer;Decrescente;Céu Claro;Dupla;Reta;-7,29165423;-34,93814778
25/02/2026;16:50:00;NITEROI;Acesso irregular;Colisão lateral mesmo sentido;Sem Vítimas;Anoitecer;Crescente;Céu Claro;Dupla;Reta;-22,87892714;-43,11059952
25/02/2026;13:40:00;QUEIMADOS;Acesso irregular;Colisão transversal;Com Vítimas Feridas;Pleno dia;Decrescente;Céu Claro;Dupla;Reta;-22,73150081;-43,58545305
25/02/2026;17:00:00;MURIAE;Retorno proibido;Colisão transversal;Com Vítimas Feridas;Pleno dia;Crescente;Céu Claro;Simples;Curva;-21,12955073;-42,36010551
25/02/2026;19:34:00;ARAGUARI;Acostamento em desnível;Tombamento;Com Vítimas Feridas;Plena Noite;Crescente;Nublado;Dupla;Reta;-18,7281337;-48,2059303
25/02/2026;19:40:00;SAO GONCALO DOS CAMPOS;Animais na Pista;Atropelamento de Animal;Com Vítimas Feridas;Plena Noite;Decrescente;Nublado;Simples;Reta;-12,4034617;-38,8956333
25/02/2026;17:20:00;UIRAUNA;Animais na Pista;Atropelamento de Animal;Com Vítimas Feridas;Pleno dia;Decrescente;Céu Claro;Simples;Curva;-6,517805;-38,416977
25/02/2026;22:00:00;ITATIAIA;Acumulo de água sobre o pavimento;Colisão com objeto;Sem Vítimas;Plena Noite;Crescente;Chuva;Dupla;"Declive;Curva";-22,49053689;-44,56125347
25/02/2026;22:20:00;CARATINGA;Velocidade Incompatível;Saída de leito carroçável;Com Vítimas Feridas;Plena Noite;Decrescente;Céu Claro;Simples;Curva;-19,82872749;-42,13926137
25/02/2026;22:30:00;MAIRIPORA;Pista Escorregadia;Queda de ocupante de veículo;Com Vítimas Feridas;Plena Noite;Crescente;Chuva;Dupla;"Declive;Curva";-23,28609756;-46,59030245
25/02/2026;15:00:00;PINDAMONHANGABA;Velocidade Incompatível;Colisão traseira;Sem Vítimas;Pleno dia;Crescente;Céu Claro;Múltipla;Reta;-22,9297737;-45,36090469
25/02/2026;20:50:00;RIO VERDE;Ultrapassagem Indevida;Colisão frontal;Com Vítimas Feridas;Plena Noite;Decrescente;Céu Claro;Simples;Reta;-17,859897;-50,747459
25/02/2026;12:10:00;GANDU;Acesso irregular;Colisão transversal;Com Vítimas Feridas;Pleno dia;Crescente;Sol;Simples;Reta;-13,74772241;-39,4846487
24/02/2026;00:01:00;JOAO MONLEVADE;Velocidade Incompatível;Colisão frontal;Com Vítimas Feridas;Plena Noite;Crescente;Nublado;Simples;Curva;-19,83897233;-43,19515228
24/02/2026;00:10:00;CAMPOS DOS GOYTACAZES;Iluminação deficiente;Colisão traseira;Com Vítimas Feridas;Plena Noite;Crescente;Chuva;Dupla;Reta;-22,041605;-41,692861
24/02/2026;06:00:00;GUARANTA DO NORTE;Pista esburacada;Colisão lateral sentido oposto;Com Vítimas Feridas;Pleno dia;Decrescente;Nublado;Simples;Reta;-9,62852;-54,88211
24/02/2026;07:12:00;ANGRA DOS REIS;Chuva;Colisão traseira;Com Vítimas Feridas;Pleno dia;Crescente;Nublado;Simples;Reta;-22,956081;-44,30361
24/02/2026;11:40:00;OURO PRETO;Falta de acostamento;Colisão lateral mesmo sentido;Com Vítimas Feridas;Pleno dia;Decrescente;Chuva;Simples;"Curva;Aclive";-20,423445;-43,87715
24/02/2026;06:50:00;FRUTAL;Ultrapassagem Indevida;Colisão lateral mesmo sentido;Com Vítimas Feridas;Pleno dia;Crescente;Nublado;Simples;"Reta;Aclive";-20,04281344;-48,85235874
24/02/2026;17:45:00;ARIQUEMES;Ultrapassagem Indevida;Colisão transversal;Com Vítimas Feridas;Pleno dia;Decrescente;Céu Claro;Simples;"Reta;Aclive";-9,927605;-63,054884
24/02/2026;18:00:00;MIRANORTE;Falta de acostamento;Colisão traseira;Com Vítimas Fatais;Pleno dia;Crescente;Céu Claro;Dupla;Reta;-9,545;-48,597
24/02/2026;23:15:00;MORRETES;Velocidade Incompatível;Saída de leito carroçável;Com Vítimas Feridas;Plena Noite;Decrescente;Nublado;Múltipla;"Declive;Curva";-25,57225298;-48,84100914
24/02/2026;21:00:00;ITAJA;Animais na Pista;Atropelamento de Animal;Sem Vítimas;Plena Noite;Crescente;Céu Claro;Simples;Reta;-5,65542657;-36,81231022
24/02/2026;16:35:00;FAZENDA VILANOVA;Acumulo de água sobre o pavimento;Colisão frontal;Com Vítimas Feridas;Pleno dia;Decrescente;Chuva;Simples;Reta;-29,6057341;-51,80833563
24/02/2026;09:15:00;FEIRA DE SANTANA;Ausência de sinalização;Colisão traseira;Com Vítimas Feridas;Pleno dia;Decrescente;Ignorado;Simples;Reta;-12,28517;-38,951253
24/02/2026;14:45:00;AGUAS MORNAS;Ultrapassagem Indevida;Colisão frontal;Com Vítimas Feridas;Pleno dia;Crescente;Nublado;Simples;"Aclive;Curva";-27,72123747;-48,92456532
24/02/2026;06:43:00;NOVO PROGRESSO;Pista esburacada;Colisão lateral mesmo sentido;Sem Vítimas;Amanhecer;Decrescente;Céu Claro;Simples;Reta;-7,0915706;-55,401009
24/02/2026;16:03:00;JUNCO DO SERIDO;Ultrapassagem Indevida;Colisão traseira;Com Vítimas Feridas;Pleno dia;Decrescente;Chuva;Simples;Reta;-6,96739;-36,762612
24/02/2026;05:53:00;RECIFE;Velocidade Incompatível;Saída de leito carroçável;Com Vítimas Fatais;Pleno dia;Decrescente;Céu Claro;Dupla;Curva;-7,997194;-34,93928
24/02/2026;06:30:00;SENADOR ELOI DE SOUZA;Acumulo de areia ou detritos sobre o pavimento;Eventos atípicos;Sem Vítimas;Pleno dia;Decrescente;Céu Claro;Simples;Reta;-6,04832465;-35,67395747
24/02/2026;07:30:00;MORRINHOS;Pista Escorregadia;Saída de leito carroçável;Com Vítimas Feridas;Pleno dia;Crescente;Garoa/Chuvisco;Dupla;"Reta;Declive";-17,5348;-49,213
24/02/2026;08:00:00;APUCARANA;Conversão proibida;Colisão lateral sentido oposto;Com Vítimas Feridas;Pleno dia;Crescente;Céu Claro;Simples;Aclive;-23,550465;-51,449376
24/02/2026;10:40:00;LIMA DUARTE;Ultrapassagem Indevida;Saída de leito carroçável;Com Vítimas Feridas;Pleno dia;Decrescente;Nublado;Simples;Curva;-21,79;-43,671
24/02/2026;12:05:00;CARAVELAS;Acostamento em desnível;Capotamento;Com Vítimas Feridas;Pleno dia;Crescente;Sol;Simples;Reta;-17,71211548;-39,76818657
24/02/2026;14:00:00;PINHEIRO MACHADO;Acumulo de água sobre o pavimento;Saída de leito carroçável;Com Vítimas Fatais;Pleno dia;Crescente;Chuva;Simples;"Declive;Reta";-31,518459;-53,520256
24/02/2026;10:00:00;SAO PAULO;Acumulo de areia ou detritos sobre o pavimento;Queda de ocupante de veículo;Com Vítimas Feridas;Pleno dia;Decrescente;Céu Claro;Múltipla;Reta;-23,46891505;-46,57104492
24/02/2026;12:30:00;PETROPOLIS;Curva acentuada;Colisão com objeto;Com Vítimas Feridas;Pleno dia;Crescente;Chuva;Dupla;"Curva;Declive";-22,485123;-43,230377
24/02/2026;14:00:00;BANDEIRANTES;Condutor usando celular;Engavetamento;Com Vítimas Feridas;Pleno dia;Decrescente;Nublado;Simples;"Desvio Temporário;Em Obras;Reta";-20,0101607;-54,3992647
24/02/2026;12:40:00;CAMPO MAIOR;Velocidade Incompatível;Colisão com objeto;Com Vítimas Fatais;Pleno dia;Crescente;Céu Claro;Simples;Reta;-4,9304076;-42,29057551
24/02/2026;14:20:00;MURIAE;Conversão proibida;Colisão transversal;Com Vítimas Feridas;Pleno dia;Decrescente;Céu Claro;Simples;Curva;-21,129536;-42,360036
24/02/2026;16:10:00;SANTA LUZIA;Acumulo de água sobre o pavimento;Saída de leito carroçável;Com Vítimas Feridas;Pleno dia;Decrescente;Chuva;Simples;"Curva;Aclive";-19,8089175;-43,7821655
24/02/2026;16:50:00;IMPERATRIZ;Acumulo de areia ou detritos sobre o pavimento;Queda de ocupante de veículo;Com Vítimas Feridas;Pleno dia;Crescente;Chuva;Simples;Reta;-5,45028325;-47,4724817
24/02/2026;14:25:00;PIMENTA BUENO;Ultrapassagem Indevida;Colisão com objeto;Com Vítimas Feridas;Pleno dia;Decrescente;Sol;Simples;"Declive;Reta";-11,924585;-60,962593
24/02/2026;18:00:00;PALHOCA;Acumulo de água sobre o pavimento;Colisão com objeto;Com Vítimas Feridas;Plena Noite;Decrescente;Chuva;Dupla;"Aclive;Reta";-27,81105942;-48,6354205
24/02/2026;21:00:00;LUZIANIA;Animais na Pista;Atropelamento de Animal;Com Vítimas Feridas;Plena Noite;Crescente;Céu Claro;Dupla;Reta;-16,141813;-47,948433
24/02/2026;19:45:00;ITABORAI;Acesso irregular;Colisão transversal;Com Vítimas Feridas;Plena Noite;Crescente;Céu Claro;Simples;Reta;-22,76756169;-42,92230725
24/02/2026;19:00:00;UBAPORANGA;Velocidade Incompatível;Colisão traseira;Com Vítimas Feridas;Pleno dia;Crescente;Nublado;Simples;Reta;-19,61754326;-42,11023808
24/02/2026;21:35:00;SANTA CECILIA;Pista Escorregadia;Colisão com objeto;Com Vítimas Feridas;Plena Noite;Crescente;Garoa/Chuvisco;Simples;"Curva;Aclive";-26,853412;-50,405469
24/02/2026;22:15:00;ARAPORA;Pista esburacada;Queda de ocupante de veículo;Com Vítimas Feridas;Plena Noite;Crescente;Céu Claro;Dupla;Reta;-18,47422098;-49,18929398
24/02/2026;22:15:00;APUCARANA;Demais falhas na via;Saída de leito carroçável;Com Vítimas Feridas;Plena Noite;Crescente;Nublado;Dupla;Reta;-23,594121;-51,411207
24/02/2026;20:12:00;ITAITUBA;Acumulo de água sobre o pavimento;Saída de leito carroçável;Com Vítimas Feridas;Plena Noite;Crescente;Chuva;Simples;"Aclive;Curva";-4,38653;-55,956879
24/02/2026;23:20:00;PRESIDENTE MEDICI;Afundamento ou ondulação no pavimento;Saída de leito carroçável;Sem Vítimas;Plena Noite;Decrescente;Céu Claro;Simples;Reta;-11,17834667;-61,90174389
24/02/2026;11:30:00;AREAL;Curva acentuada;Colisão com objeto;Com Vítimas Feridas;Pleno dia;Decrescente;Nublado;Dupla;"Curva;Declive";-22,26899147;-43,11028417
24/02/2026;15:30:00;BOM JESUS DAS SELVAS;Ultrapassagem Indevida;Colisão frontal;Com Vítimas Feridas;Pleno dia;Crescente;Ignorado;Múltipla;"Reta;Declive";-4,303055;-46,503202
23/02/2026;06:28:00;SINOP;Pista Escorregadia;Colisão lateral sentido oposto;Com Vítimas Feridas;Amanhecer;Decrescente;Garoa/Chuvisco;Simples;Reta;-12,081713;-55,517611
23/02/2026;08:40:00;BAIXO GUANDU;Conversão proibida;Colisão transversal;Com Vítimas Fatais;Pleno dia;Crescente;Céu Claro;Simples;Aclive;-19,52115634;-41,01635098
23/02/2026;09:15:00;SAO JOSE DA VITORIA;Velocidade Incompatível;Tombamento;Com Vítimas Feridas;Pleno dia;Crescente;Sol;Simples;Curva;-15,09689487;-39,35277522
23/02/2026;13:20:00;GUAPIMIRIM;Acesso irregular;Atropelamento de Pedestre;Com Vítimas Feridas;Pleno dia;Crescente;Nublado;Simples;Reta;-22,66867802;-43,01820922
23/02/2026;14:50:00;DOMINGOS MARTINS;Ultrapassagem Indevida;Colisão frontal;Com Vítimas Fatais;Pleno dia;Crescente;Céu Claro;Simples;Reta;-20,363818;-41,066983
23/02/2026;18:00:00;PONTA GROSSA;Velocidade Incompatível;Colisão frontal;Com Vítimas Feridas;Anoitecer;Decrescente;Nublado;Dupla;Reta;-25,224888;-50,049773
23/02/2026;17:20:00;AGRONOMICA;Velocidade Incompatível;Capotamento;Com Vítimas Feridas;Pleno dia;Decrescente;Céu Claro;Simples;Interseção de Vias;-27,25711368;-49,71221058
23/02/2026;18:33:00;PARNAMIRIM;Ultrapassagem Indevida;Colisão lateral mesmo sentido;Com Vítimas Feridas;Plena Noite;Crescente;Céu Claro;Dupla;Curva;-5,88615827;-35,228731
23/02/2026;17:45:00;MATIAS BARBOSA;Velocidade Incompatível;Colisão com objeto;Com Vítimas Feridas;Anoitecer;Crescente;Chuva;Dupla;Reta;-21,83518728;-43,37391749
23/02/2026;17:20:00;SAPUCAIA;Velocidade Incompatível;Colisão frontal;Com Vítimas Feridas;Pleno dia;Crescente;Céu Claro;Simples;Curva;-22,03990121;-42,78264999
23/02/2026;18:10:00;GUARANTA DO NORTE;Acostamento em desnível;Saída de leito carroçável;Com Vítimas Feridas;Plena Noite;Crescente;Nublado;Simples;Reta;-9,9267562;-54,9049835
23/02/2026;20:45:00;UBERLANDIA;Chuva;Colisão lateral mesmo sentido;Com Vítimas Feridas;Plena Noite;Crescente;Chuva;Dupla;Reta;-18,9044678;-48,1844862
23/02/2026;21:15:00;ITABERABA;Pista esburacada;Saída de leito carroçável;Com Vítimas Feridas;Plena Noite;Decrescente;Céu Claro;Simples;Reta;-12,520998;-40,176845
23/02/2026;22:30:00;MARECHAL CANDIDO RONDON;Ultrapassagem Indevida;Colisão lateral sentido oposto;Com Vítimas Feridas;Plena Noite;Crescente;Nublado;Múltipla;"Reta;Aclive";-24,51923327;-54,07500207
23/02/2026;21:30:00;PIRANHAS;Pista esburacada;Colisão lateral sentido oposto;Com Vítimas Feridas;Plena Noite;Crescente;Nublado;Simples;"Reta;Aclive";-16,29931;-51,965888
23/02/2026;18:00:00;GASPAR;Velocidade Incompatível;Tombamento;Com Vítimas Feridas;Anoitecer;Crescente;Nublado;Simples;Curva;-26,90112259;-48,93177358
23/02/2026;05:40:00;POCOES;Pista Escorregadia;Tombamento;Sem Vítimas;Amanhecer;Decrescente;Garoa/Chuvisco;Simples;Curva;-14,413388;-40,352312
23/02/2026;16:00:00;VICTOR GRAEFF;Pista esburacada;Saída de leito carroçável;Com Vítimas Feridas;Pleno dia;Crescente;Céu Claro;Simples;Reta;-28,516662;-52,634054
23/02/2026;00:05:00;QUARAI;Velocidade Incompatível;Saída de leito carroçável;Com Vítimas Feridas;Plena Noite;Crescente;Céu Claro;Simples;Reta;-30,3972088;-56,430351
23/02/2026;04:25:00;SERRA TALHADA;Animais na Pista;Atropelamento de Animal;Com Vítimas Fatais;Plena Noite;Decrescente;Céu Claro;Simples;"Declive;Reta";-7,986867;-38,264447
23/02/2026;01:28:00;CAMPINA GRANDE DO SUL;Chuva;Capotamento;Com Vítimas Feridas;Pleno dia;Decrescente;Chuva;Dupla;Curva;-25,2472304;-48,9048097
23/02/2026;07:25:00;CAPAO DO LEAO;Afundamento ou ondulação no pavimento;Tombamento;Com Vítimas Feridas;Pleno dia;Crescente;Céu Claro;Simples;Reta;-31,7493272;-52,4720304
23/02/2026;07:35:00;APUCARANA;Acesso irregular;Colisão lateral mesmo sentido;Com Vítimas Feridas;Pleno dia;Crescente;Garoa/Chuvisco;Dupla;"Declive;Reta";-23,59199195;-51,411134
23/02/2026;07:00:00;PONTES E LACERDA;Animais na Pista;Atropelamento de Animal;Com Vítimas Feridas;Pleno dia;Decrescente;Céu Claro;Simples;Reta;-15,2226624;-59,3511178
23/02/2026;09:25:00;BRASILIA;Velocidade Incompatível;Saída de leito carroçável;Com Vítimas Feridas;Pleno dia;Crescente;Nublado;Dupla;"Reta;Declive;Em Obras";-15,628905;-47,730185
23/02/2026;09:00:00;PARATY;Conversão proibida;Colisão transversal;Com Vítimas Feridas;Pleno dia;Crescente;Céu Claro;Simples;Curva;-23,03077111;-44,54613547
23/02/2026;07:45:00;SAO BENTO DO SUL;Pista Escorregadia;Saída de leito carroçável;Sem Vítimas;Pleno dia;Decrescente;Nublado;Simples;"Curva;Declive";-26,370813;-49,333712
23/02/2026;11:30:00;ABADIANIA;Acumulo de água sobre o pavimento;Saída de leito carroçável;Com Vítimas Feridas;Pleno dia;Crescente;Chuva;Dupla;Reta;-16,187872;-48,66583
23/02/2026;09:45:00;CACOAL;Afundamento ou ondulação no pavimento;Queda de ocupante de veículo;Com Vítimas Feridas;Pleno dia;Decrescente;Céu Claro;Simples;Reta;-11,507177;-61,363945
23/02/2026;09:30:00;BOM JESUS;Acesso irregular;Colisão transversal;Com Vítimas Feridas;Pleno dia;Decrescente;Céu Claro;Simples;Reta;-9,109332;-44,370205
23/02/2026;12:15:00;ITAARA;Afundamento ou ondulação no pavimento;Queda de ocupante de veículo;Com Vítimas Feridas;Pleno dia;Decrescente;Céu Claro;Simples;Reta;-29,58399515;-53,76637872
23/02/2026;04:15:00;SERRA TALHADA;Animais na Pista;Atropelamento de Animal;Sem Vítimas;Plena Noite;Decrescente;Céu Claro;Simples;"Reta;Declive";-7,986827;-38,262544
23/02/2026;13:20:00;SANTA RITA DO NOVO DESTINO;Velocidade Incompatível;Tombamento;Com Vítimas Feridas;Pleno dia;Crescente;Chuva;Simples;"Curva;Aclive";-14,866698;-49,014923
23/02/2026;12:45:00;JACUPIRANGA;Chuva;Saída de leito carroçável;Com Vítimas Feridas;Pleno dia;Crescente;Chuva;Dupla;Reta;-24,65536406;-47,96390533
23/02/2026;14:20:00;TEOFILO OTONI;Retorno proibido;Colisão transversal;Com Vítimas Feridas;Pleno dia;Crescente;Chuva;Simples;Reta;-17,80257;-41,497308
23/02/2026;13:00:00;MANHUACU;Pista Escorregadia;Tombamento;Com Vítimas Feridas;Pleno dia;Crescente;Chuva;Simples;Reta;-20,260613;-42,142995
23/02/2026;15:00:00;MURIAE;Chuva;Tombamento;Com Vítimas Feridas;Pleno dia;Crescente;Chuva;Simples;"Reta;Aclive";-21,01208617;-42,35916138
23/02/2026;15:30:00;ANAPOLIS;Acesso irregular;Colisão transversal;Com Vítimas Feridas;Pleno dia;Crescente;Chuva;Dupla;Viaduto;-16,286518;-48,944872
23/02/2026;15:10:00;PARIQUERA-ACU;Pista Escorregadia;Tombamento;Com Vítimas Feridas;Pleno dia;Crescente;Chuva;Dupla;"Curva;Aclive";-24,64446669;-47,91898219
23/02/2026;16:20:00;BOM JARDIM DE MINAS;Velocidade Incompatível;Saída de leito carroçável;Com Vítimas Feridas;Pleno dia;Crescente;Chuva;Simples;"Curva;Aclive";-21,947411;-44,185606
23/02/2026;15:50:00;RECIFE;Velocidade Incompatível;Saída de leito carroçável;Com Vítimas Feridas;Pleno dia;Decrescente;Céu Claro;Dupla;Reta;-7,973426;-34,92172
23/02/2026;16:00:00;CONCEICAO DA BARRA;Ultrapassagem Indevida;Colisão lateral mesmo sentido;Com Vítimas Feridas;Pleno dia;Crescente;Nublado;Simples;"Reta;Aclive";-18,51008503;-39,91539456
23/02/2026;18:00:00;ANTONINA;Chuva;Saída de leito carroçável;Com Vítimas Feridas;Anoitecer;Crescente;Chuva;Dupla;Curva;-25,10453556;-48,73876333
23/02/2026;17:39:00;CARUARU;Acumulo de areia ou detritos sobre o pavimento;Queda de ocupante de veículo;Com Vítimas Feridas;Anoitecer;Decrescente;Céu Claro;Dupla;Reta;-8,290425;-35,984958
23/02/2026;14:30:00;BELO ORIENTE;Velocidade Incompatível;Saída de leito carroçável;Com Vítimas Feridas;Pleno dia;Crescente;Nublado;Simples;Curva;-19,293036;-42,355819
23/02/2026;18:34:00;SANTOS DUMONT;Velocidade Incompatível;Colisão transversal;Com Vítimas Feridas;Plena Noite;Crescente;Chuva;Simples;Curva;-21,43378646;-43,5518617
23/02/2026;15:30:00;PONTES E LACERDA;Pista Escorregadia;Colisão com objeto;Sem Vítimas;Pleno dia;Não Informado;Nublado;Simples;Reta;-15,047144;-59,521785
23/02/2026;17:00:00;CASCAVEL;Velocidade Incompatível;Saída de leito carroçável;Com Vítimas Feridas;Pleno dia;Decrescente;Sol;Dupla;"Declive;Curva";-24,85395;-53,60089
23/02/2026;17:00:00;SILVA JARDIM;Chuva;Saída de leito carroçável;Com Vítimas Feridas;Anoitecer;Decrescente;Chuva;Dupla;"Curva;Declive";-22,5046687;-42,27251963
23/02/2026;17:20:00;CAMANDUCAIA;Chuva;Colisão com objeto;Com Vítimas Feridas;Pleno dia;Crescente;Chuva;Dupla;Curva;-22,714212;-46,123263
23/02/2026;19:30:00;VARZEA GRANDE;Conversão proibida;Colisão transversal;Com Vítimas Feridas;Plena Noite;Decrescente;Céu Claro;Simples;Reta;-15,70607;-56,14323
23/02/2026;18:00:00;ESTRELA DO NORTE;Chuva;Saída de leito carroçável;Com Vítimas Feridas;Anoitecer;Decrescente;Chuva;Simples;Reta;-13,905763;-49,062786