data_inversa;horario;municipio;causa_acidente;tipo_acidente;classificacao_acidente;fase_dia;sentido_via;condicao_metereologica;tipo_pista;tracado_via;latitude;longitude
23/02/2026;16:00:00;CAMPOS NOVOS;Chuva;Saída de leito carroçável;Com Vítimas Feridas;Pleno dia;Decrescente;Chuva;Simples;Curva;-27,46938;-51,2922
23/02/2026;21:00:00;CAMPOS DOS GOYTACAZES;Iluminação deficiente;Colisão lateral mesmo sentido;Com Vítimas Feridas;Plena Noite;Decrescente;Garoa/Chuvisco;Simples;Reta;-21,790278;-41,386893
23/02/2026;23:30:00;REGISTRO;Pista Escorregadia;Queda de ocupante de veículo;Com Vítimas Feridas;Plena Noite;Crescente;Chuva;Dupla;Reta;-24,50027488;-47,84497468
22/02/2026;04:10:00;BRASILIA;Acumulo de água sobre o pavimento;Saída de leito carroçável;Com Vítimas Feridas;Pleno dia;Decrescente;Chuva;Múltipla;"Declive;Ponte;Reta";-15,60690595;-47,69143581
22/02/2026;08:30:00;MARQUINHO;Curva acentuada;Tombamento;Com Vítimas Feridas;Pleno dia;Crescente;Céu Claro;Simples;Curva;-25,0252;-52,17
22/02/2026;09:30:00;CAIAPONIA;Pista esburacada;Saída de leito carroçável;Com Vítimas Feridas;Pleno dia;Crescente;Nublado;Simples;Declive;-16,93115884;-51,81933224
22/02/2026;19:30:00;MUITOS CAPOES;Velocidade Incompatível;Tombamento;Com Vítimas Feridas;Plena Noite;Crescente;Céu Claro;Simples;"Declive;Curva";-28,3192;-51,24861
22/02/2026;22:19:00;IBATIBA;Ultrapassagem Indevida;Colisão frontal;Com Vítimas Feridas;Plena Noite;Crescente;Chuva;Simples;Reta;-20,25556;-41,56733
22/02/2026;18:45:00;NOVO PROGRESSO;Velocidade Incompatível;Colisão frontal;Sem Vítimas;Plena Noite;Decrescente;Ignorado;Simples;Reta;-7,08862768;-55,40250778
22/02/2026;00:30:00;REBOUCAS;Velocidade Incompatível;Capotamento;Com Vítimas Feridas;Plena Noite;Crescente;Céu Claro;Simples;Curva;-25,59;-50,684
22/02/2026;00:50:00;VENDA NOVA DO IMIGRANTE;Velocidade Incompatível;Colisão traseira;Sem Vítimas;Plena Noite;Decrescente;Céu Claro;Simples;Reta;-20,329323;-41,152418
22/02/2026;05:00:00;CANOAS;Acesso irregular;Colisão frontal;Com Vítimas Feridas;Plena Noite;Crescente;Céu Claro;Dupla;Reta;-29,94900098;-51,20389614
22/02/2026;05:30:00;PESCARIA BRAVA;Animais na Pista;Atropelamento de Animal;Com Vítimas Feridas;Amanhecer;Decrescente;Céu Claro;Dupla;"Curva;Aclive";-28,42541744;-48,85739056
22/02/2026;07:26:00;CONTAGEM;Velocidade Incompatível;Colisão traseira;Com Vítimas Feridas;Pleno dia;Decrescente;Céu Claro;Dupla;"Aclive;Reta";-19,95972994;-44,0337166
22/02/2026;07:38:00;SINOP;Acesso irregular;Colisão traseira;Com Vítimas Feridas;Pleno dia;Decrescente;Céu Claro;Simples;Reta;-12,145466;-55,514064
22/02/2026;12:15:00;SAO LUIS;Pista esburacada;Tombamento;Com Vítimas Feridas;Pleno dia;Decrescente;Nublado;Dupla;Reta;-2,688122;-44,299833
22/02/2026;11:30:00;BRUNOPOLIS;Curva acentuada;Saída de leito carroçável;Com Vítimas Feridas;Pleno dia;Decrescente;Nublado;Simples;Curva;-27,3352247;-50,8799446
22/02/2026;12:00:00;MORRINHOS;Pista esburacada;Tombamento;Com Vítimas Feridas;Pleno dia;Decrescente;Nublado;Dupla;Reta;-17,57003;-49,198775
22/02/2026;12:15:00;CANDEIAS;Acesso irregular;Colisão transversal;Com Vítimas Feridas;Pleno dia;Crescente;Chuva;Dupla;"Aclive;Curva";-12,70581341;-38,46337986
22/02/2026;13:00:00;BACABEIRA;Acumulo de água sobre o pavimento;Saída de leito carroçável;Sem Vítimas;Pleno dia;Decrescente;Céu Claro;Dupla;Reta;-2,78752;-44,37418
22/02/2026;14:10:00;JUQUITIBA;Pista Escorregadia;Saída de leito carroçável;Com Vítimas Feridas;Pleno dia;Decrescente;Chuva;Dupla;Curva;-23,93560996;-47,07300132
22/02/2026;16:30:00;SAO GONCALO DO AMARANTE;Conversão proibida;Colisão transversal;Com Vítimas Feridas;Pleno dia;Crescente;Céu Claro;Dupla;Retorno Regulamentado;-5,74558835;-35,2898976
22/02/2026;16:50:00;PALMEIRA DAS MISSOES;Velocidade Incompatível;Saída de leito carroçável;Com Vítimas Fatais;Pleno dia;Decrescente;Céu Claro;Simples;Curva;-27,77168;-53,441195
22/02/2026;17:50:00;MONTE NEGRO;Pista esburacada;Tombamento;Com Vítimas Feridas;Pleno dia;Decrescente;Nublado;Simples;Reta;-10,165383;-63,225933
22/02/2026;19:20:00;PARANAGUA;Velocidade Incompatível;Saída de leito carroçável;Com Vítimas Feridas;Plena Noite;Crescente;Garoa/Chuvisco;Dupla;Reta;-25,54838939;-48,6752793
22/02/2026;19:00:00;CAMPINA GRANDE DO SUL;Acumulo de água sobre o pavimento;Saída de leito carroçável;Com Vítimas Feridas;Plena Noite;Crescente;Chuva;Dupla;Curva;-25,08105133;-48,62282753
22/02/2026;16:00:00;PEDRO LEOPOLDO;Demais falhas na via;Saída de leito carroçável;Sem Vítimas;Pleno dia;Crescente;Chuva;Dupla;Reta;-19,61962846;-44,03835297
22/02/2026;13:07:00;BURITIZEIRO;Chuva;Queda de ocupante de veículo;Com Vítimas Feridas;Pleno dia;Decrescente;Chuva;Simples;Reta;-17,53665825;-45,29534251
22/02/2026;20:15:00;POCOS DE CALDAS;Velocidade Incompatível;Colisão com objeto;Sem Vítimas;Plena Noite;Decrescente;Céu Claro;Simples;"Declive;Curva";-21,80422289;-46,45481944
22/02/2026;19:20:00;BARAO;Conversão proibida;Colisão transversal;Com Vítimas Feridas;Plena Noite;Crescente;Céu Claro;Simples;Reta;-29,37790666;-51,49762845
22/02/2026;20:58:00;VACARIA;Retorno proibido;Colisão transversal;Com Vítimas Feridas;Plena Noite;Crescente;Nublado;Simples;Interseção de Vias;-28,50158318;-50,91924906
22/02/2026;21:15:00;SAO JOSE DOS PINHAIS;Ultrapassagem Indevida;Colisão lateral mesmo sentido;Com Vítimas Feridas;Plena Noite;Decrescente;Garoa/Chuvisco;Dupla;"Declive;Reta";-25,712701;-49,139195
22/02/2026;23:50:00;CONCEICAO DA BARRA;Animais na Pista;Atropelamento de Animal;Com Vítimas Feridas;Plena Noite;Decrescente;Céu Claro;Simples;Declive;-18,526425;-39,9104911
22/02/2026;20:00:00;JEREMOABO;Animais na Pista;Atropelamento de Animal;Com Vítimas Feridas;Plena Noite;Crescente;Nublado;Simples;Curva;-10,103138;-38,381603
22/02/2026;22:30:00;QUARAI;Animais na Pista;Atropelamento de Animal;Com Vítimas Feridas;Plena Noite;Crescente;Céu Claro;Simples;Curva;-30,39859343;-56,42903678
22/02/2026;21:00:00;CAMPO GRANDE;Animais na Pista;Atropelamento de Animal;Com Vítimas Feridas;Plena Noite;Decrescente;Céu Claro;Simples;Reta;-20,56512525;-54,62189913
22/02/2026;22:20:00;JARU;Velocidade Incompatível;Colisão lateral mesmo sentido;Com Vítimas Feridas;Plena Noite;Crescente;Nublado;Simples;"Reta;Ponte";-10,44625484;-62,46475339
22/02/2026;20:10:00;MIRACATU;Acumulo de água sobre o pavimento;Eventos atípicos;Sem Vítimas;Plena Noite;Decrescente;Chuva;Simples;"Curva;Retorno Regulamentado;Declive";-24,06265853;-47,23067367
22/02/2026;15:20:00;BOA VISTA DO TUPIM;Pista esburacada;Saída de leito carroçável;Com Vítimas Feridas;Pleno dia;Decrescente;Céu Claro;Simples;"Reta;Declive";-12,44838;-40,66385
22/02/2026;21:20:00;CARUARU;Conversão proibida;Colisão transversal;Sem Vítimas;Plena Noite;Crescente;Céu Claro;Simples;"Curva;Rotatória";-8,24041;-35,97575
22/02/2026;17:40:00;MANAUS;Velocidade Incompatível;Saída de leito carroçável;Com Vítimas Feridas;Plena Noite;Crescente;Nublado;Simples;Reta;-2,68024;-60,04693
22/02/2026;14:54:00;CASIMIRO DE ABREU;Chuva;Colisão com objeto;Com Vítimas Feridas;Pleno dia;Decrescente;Ignorado;Dupla;Curva;-22,48167;-42,247046
22/02/2026;14:20:00;CENTRALINA;Demais falhas na via;Colisão traseira;Com Vítimas Feridas;Pleno dia;Crescente;Céu Claro;Dupla;"Reta;Declive";-18,66097181;-49,16667662
21/02/2026;08:05:00;BARRA DO GARCAS;Falta de acostamento;Saída de leito carroçável;Com Vítimas Feridas;Pleno dia;Decrescente;Céu Claro;Simples;Reta;-15,7866883;-52,49316
21/02/2026;13:30:00;JUSSARA;Acumulo de água sobre o pavimento;Colisão lateral sentido oposto;Com Vítimas Feridas;Pleno dia;Crescente;Chuva;Simples;Curva;-15,86778;-50,937012
21/02/2026;14:15:00;GARUVA;Ultrapassagem Indevida;Queda de ocupante de veículo;Com Vítimas Feridas;Pleno dia;Decrescente;Chuva;Simples;"Reta;Aclive";-26,02807637;-48,86084676
21/02/2026;15:45:00;VASSOURAS;Velocidade Incompatível;Colisão traseira;Com Vítimas Feridas;Pleno dia;Crescente;Chuva;Simples;"Reta;Aclive";-22,4289433;-43,7048133
21/02/2026;18:00:00;SAO MIGUEL DO IGUACU;Acesso irregular;Colisão transversal;Sem Vítimas;Pleno dia;Decrescente;Céu Claro;Dupla;"Reta;Declive";-25,372832;-54,271222
21/02/2026;16:30:00;FORMOSA;Ultrapassagem Indevida;Colisão frontal;Com Vítimas Fatais;Pleno dia;Crescente;Céu Claro;Simples;Reta;-15,109285;-47,121853
21/02/2026;14:45:00;PATOS DE MINAS;Velocidade Incompatível;Colisão frontal;Com Vítimas Feridas;Pleno dia;Crescente;Chuva;Simples;"Declive;Curva";-18,68355;-46,57653
21/02/2026;11:15:00;ANAPOLIS;Retorno proibido;Colisão lateral mesmo sentido;Com Vítimas Feridas;Pleno dia;Decrescente;Garoa/Chuvisco;Dupla;Retorno Regulamentado;-16,35327556;-48,92000053
21/02/2026;04:08:00;SANTA MARIA;Animais na Pista;Atropelamento de Animal;Com Vítimas Feridas;Plena Noite;Decrescente;Céu Claro;Dupla;Reta;-29,706261;-53,797876
21/02/2026;05:15:00;SAO LOURENCO DA MATA;Acesso irregular;Colisão lateral mesmo sentido;Com Vítimas Feridas;Amanhecer;Crescente;Céu Claro;Dupla;Reta;-8,0217229;-35,040785
21/02/2026;03:50:00;CAMPO LARGO;Velocidade Incompatível;Saída de leito carroçável;Sem Vítimas;Plena Noite;Crescente;Céu Claro;Dupla;Reta;-25,432215;-49,401192
21/02/2026;01:30:00;UBERABA;Velocidade Incompatível;Colisão lateral mesmo sentido;Com Vítimas Feridas;Plena Noite;Decrescente;Garoa/Chuvisco;Dupla;Curva;-19,37050671;-48,08166504
21/02/2026;06:20:00;PORTO VELHO;Acumulo de areia ou detritos sobre o pavimento;Tombamento;Com Vítimas Feridas;Amanhecer;Crescente;Nublado;Dupla;Desvio Temporário;-8,80029;-63,7199
21/02/2026;07:41:00;JABOATAO DOS GUARARAPES;Acumulo de areia ou detritos sobre o pavimento;Queda de ocupante de veículo;Com Vítimas Feridas;Pleno dia;Decrescente;Céu Claro;Múltipla;Reta;-8,07870667;-34,98289833
21/02/2026;08:30:00;CAJATI;Acumulo de água sobre o pavimento;Saída de leito carroçável;Sem Vítimas;Pleno dia;Decrescente;Garoa/Chuvisco;Dupla;Curva;-24,864956;-48,211681
21/02/2026;05:32:00;SORRISO;Afundamento ou ondulação no pavimento;Queda de ocupante de veículo;Sem Vítimas;Pleno dia;Decrescente;Céu Claro;Simples;"Reta;Declive";-12,48460777;-55,6801191
21/02/2026;09:15:00;SAO SEBASTIAO DE LAGOA DE  ROCA;Animais na Pista;Atropelamento de Animal;Com Vítimas Feridas;Pleno dia;Crescente;Sol;Simples;Reta;-7,108035;-35,867935
21/02/2026;10:30:00;QUATRO BARRAS;Velocidade Incompatível;Colisão com objeto;Com Vítimas Feridas;Pleno dia;Decrescente;Nublado;Dupla;Retorno Regulamentado;-25,34664506;-49,04646325
21/02/2026;09:00:00;PELOTAS;Pista esburacada;Queda de ocupante de veículo;Com Vítimas Feridas;Pleno dia;Crescente;Céu Claro;Dupla;Reta;-31,58768;-52,279158
21/02/2026;11:11:00;URUGUAIANA;Velocidade Incompatível;Saída de leito carroçável;Com Vítimas Feridas;Pleno dia;Crescente;Céu Claro;Simples;Reta;-29,78338151;-57,07118176
21/02/2026;11:00:00;CAMPINA GRANDE DO SUL;Chuva;Saída de leito carroçável;Com Vítimas Feridas;Pleno dia;Decrescente;Garoa/Chuvisco;Simples;Curva;-25,10834;-48,787265
21/02/2026;12:29:00;ARUJA;Velocidade Incompatível;Queda de ocupante de veículo;Com Vítimas Feridas;Pleno dia;Crescente;Céu Claro;Dupla;Reta;-23,399441;-46,301123
21/02/2026;11:45:00;SAO JOSE DOS CAMPOS;Afundamento ou ondulação no pavimento;Colisão com objeto;Com Vítimas Feridas;Pleno dia;Decrescente;Céu Claro;Dupla;Reta;-23,19618119;-45,87335847
21/02/2026;12:00:00;ITABUNA;Curva acentuada;Saída de leito carroçável;Com Vítimas Feridas;Pleno dia;Crescente;Céu Claro;Simples;Curva;-14,849123;-39,385115
21/02/2026;13:40:00;MERCEDES;Acumulo de areia ou detritos sobre o pavimento;Colisão com objeto;Com Vítimas Feridas;Pleno dia;Crescente;Céu Claro;Simples;Reta;-24,44613383;-54,16211486
21/02/2026;13:40:00;TIBAGI;Velocidade Incompatível;Saída de leito carroçável;Com Vítimas Feridas;Pleno dia;Crescente;Nublado;Dupla;Curva;-24,87625289;-50,44313047
21/02/2026;13:40:00;CAMPINA GRANDE DO SUL;Velocidade Incompatível;Tombamento;Com Vítimas Feridas;Pleno dia;Decrescente;Chuva;Dupla;Curva;-25,11169167;-48,77931726
21/02/2026;16:00:00;CHAPECO;Velocidade Incompatível;Colisão com objeto;Com Vítimas Feridas;Pleno dia;Crescente;Céu Claro;Simples;"Curva;Viaduto";-26,99920174;-52,6461181
21/02/2026;09:50:00;CACERES;Ultrapassagem Indevida;Saída de leito carroçável;Sem Vítimas;Pleno dia;Decrescente;Céu Claro;Simples;Reta;-15,83998983;-57,87090898
21/02/2026;18:30:00;VIANA;Conversão proibida;Colisão transversal;Com Vítimas Feridas;Anoitecer;Crescente;Nublado;Simples;Reta;-20,383611;-40,4659492
21/02/2026;19:30:00;FEIRA DE SANTANA;Conversão proibida;Colisão frontal;Com Vítimas Feridas;Plena Noite;Decrescente;Garoa/Chuvisco;Simples;"Declive;Reta";-12,24738;-38,93405
21/02/2026;19:30:00;BARRA VELHA;Velocidade Incompatível;Colisão traseira;Sem Vítimas;Plena Noite;Decrescente;Nublado;Múltipla;Reta;-26,6366589;-48,69693629
21/02/2026;16:30:00;ITABORAI;Acesso irregular;Colisão lateral mesmo sentido;Com Vítimas Feridas;Pleno dia;Crescente;Nublado;Dupla;Reta;-22,75404637;-42,93971869
21/02/2026;20:20:00;PARANAGUA;Chuva;Colisão com objeto;Com Vítimas Feridas;Plena Noite;Crescente;Chuva;Dupla;Reta;-25,5268834;-48,5274177
21/02/2026;20:40:00;CABEDELO;Velocidade Incompatível;Tombamento;Com Vítimas Feridas;Plena Noite;Crescente;Céu Claro;Dupla;Reta;-7,04435604;-34,84693766
21/02/2026;19:50:00;PARANAIBA;Acesso irregular;Saída de leito carroçável;Com Vítimas Feridas;Plena Noite;Crescente;Céu Claro;Dupla;Reta;-19,69465;-51,182624
21/02/2026;09:00:00;FOZ DO IGUACU;Ultrapassagem Indevida;Colisão transversal;Com Vítimas Feridas;Pleno dia;Crescente;Céu Claro;Simples;Interseção de Vias;-25,57695633;-54,54441547
21/02/2026;19:30:00;SANTOS DUMONT;Velocidade Incompatível;Saída de leito carroçável;Sem Vítimas;Plena Noite;Crescente;Nublado;Simples;Curva;-21,50906995;-43,52826834
21/02/2026;20:15:00;QUATRO PONTES;Velocidade Incompatível;Colisão com objeto;Com Vítimas Feridas;Plena Noite;Crescente;Céu Claro;Dupla;"Reta;Declive";-24,57012784;-54,0013632
21/02/2026;21:30:00;JATAIZINHO;Velocidade Incompatível;Colisão com objeto;Com Vítimas Feridas;Pleno dia;Crescente;Chuva;Dupla;Reta;-23,28562873;-50,9138466
21/02/2026;21:50:00;PORTO SEGURO;Animais na Pista;Atropelamento de Animal;Com Vítimas Feridas;Plena Noite;Decrescente;Nublado;Simples;Reta;-16,41739121;-39,11105671
21/02/2026;22:50:00;SOLEDADE;Velocidade Incompatível;Saída de leito carroçável;Sem Vítimas;Plena Noite;Crescente;Céu Claro;Simples;"Em Obras;Retorno Regulamentado;Reta";-28,803822;-52,507053
21/02/2026;22:00:00;JOINVILLE;Chuva;Saída de leito carroçável;Com Vítimas Feridas;Plena Noite;Decrescente;Garoa/Chuvisco;Dupla;Reta;-26,37409301;-48,85572759
21/02/2026;23:00:00;ITAJAI;Chuva;Tombamento;Com Vítimas Feridas;Plena Noite;Decrescente;Chuva;Simples;"Declive;Viaduto;Curva";-26,9194996;-48,71086836
21/02/2026;22:40:00;GASPAR;Velocidade Incompatível;Saída de leito carroçável;Com Vítimas Feridas;Plena Noite;Crescente;Nublado;Simples;"Em Obras;Reta";-26,9283355;-48,9613848
21/02/2026;23:30:00;PETROPOLIS;Chuva;Saída de leito carroçável;Com Vítimas Feridas;Plena Noite;Decrescente;Chuva;Dupla;Curva;-22,438585;-43,17949
21/02/2026;11:00:00;IBIA;Acumulo de areia ou detritos sobre o pavimento;Eventos atípicos;Com Vítimas Feridas;Pleno dia;Decrescente;Céu Claro;Simples;Reta;-19,5616282;-46,75115459
21/02/2026;19:15:00;ANGRA DOS REIS;Demais Fenômenos da natureza;Colisão transversal;Com Vítimas Feridas;Plena Noite;Crescente;Chuva;Simples;Curva;-23,02948;-44,19985
21/02/2026;13:50:00;HUMAITA;Acumulo de água sobre o pavimento;Saída de leito carroçável;Sem Vítimas;Pleno dia;Decrescente;Chuva;Simples;Curva;-7,7205;-63,09931
21/02/2026;05:45:00;PALHOCA;Velocidade Incompatível;Colisão traseira;Com Vítimas Feridas;Amanhecer;Decrescente;Nublado;Dupla;"Reta;Declive";-27,73669613;-48,6404152
20/02/2026;01:50:00;CAMPANHA;Velocidade Incompatível;Colisão traseira;Com Vítimas Feridas;Plena Noite;Crescente;Nublado;Dupla;Reta;-21,72521815;-45,3817749
20/02/2026;05:11:00;CARIDADE;Ultrapassagem Indevida;Colisão lateral mesmo sentido;Com Vítimas Feridas;Amanhecer;Decrescente;Nevoeiro/Neblina;Simples;Reta;-4,215897;-39,190398
20/02/2026;05:50:00;SANTA LUZIA;Velocidade Incompatível;Colisão frontal;Com Vítimas Fatais;Amanhecer;Crescente;Céu Claro;Simples;Curva;-19,81558;-43,801551
20/02/2026;06:00:00;RIO BONITO;Curva acentuada;Tombamento;Com Vítimas Feridas;Amanhecer;Crescente;Céu Claro;Dupla;Curva;-22,71699473;-42,62187258
20/02/2026;06:10:00;ALTAMIRA;Pista Escorregadia;Tombamento;Com Vítimas Feridas;Amanhecer;Decrescente;Chuva;Simples;"Aclive;Reta";-3,19993;-52,23701
20/02/2026;10:10:00;SIMOES FILHO;Acumulo de água sobre o pavimento;Colisão com objeto;Com Vítimas Feridas;Pleno dia;Decrescente;Chuva;Dupla;"Declive;Curva";-12,79387905;-38,40530397
20/02/2026;09:00:00;SERRA TALHADA;Ultrapassagem Indevida;Tombamento;Com Vítimas Feridas;Pleno dia;Decrescente;Céu Claro;Simples;Reta;-7,99921;-38,37898
20/02/2026;09:30:00;VARZEA GRANDE;Ultrapassagem Indevida;Colisão lateral mesmo sentido;Com Vítimas Fatais;Pleno dia;Crescente;Céu Claro;Simples;Reta;-15,60747;-56,20321
20/02/2026;16:00:00;RIACHAO DAS NEVES;Acostamento em desnível;Tombamento;Com Vítimas Feridas;Pleno dia;Crescente;Chuva;Simples;Reta;-11,956214;-44,91024
20/02/2026;18:20:00;ITAGUARA;Velocidade Incompatível;Colisão com objeto;Com Vítimas Feridas;Plena Noite;Crescente;Chuva;Dupla;Curva;-20,36472966;-44,46745813
20/02/2026;10:50:00;FRONTEIRA;Demais falhas na via;Colisão lateral mesmo sentido;Com Vítimas Feridas;Pleno dia;Crescente;Nublado;Simples;Reta;-20,2645523;-49,17745471
20/02/2026;07:45:00;ANTONIO CARDOSO;Demais falhas na via;Saída de leito carroçável;Sem Vítimas;Pleno dia;Crescente;Céu Claro;Dupla;Declive;-12,35324551;-39,09458821
20/02/2026;11:30:00;UNISTALDA;Acostamento em desnível;Capotamento;Com Vítimas Feridas;Pleno dia;Decrescente;Céu Claro;Simples;Reta;-29,04626548;-55,19805908
20/02/2026;20:20:00;IMPERATRIZ;Ultrapassagem Indevida;Colisão frontal;Com Vítimas Feridas;Plena Noite;Crescente;Nublado;Simples;"Reta;Aclive";-5,33667238;-47,48840902
20/02/2026;11:15:00;SAO SEBASTIAO;Acesso irregular;Colisão transversal;Com Vítimas Feridas;Pleno dia;Crescente;Céu Claro;Dupla;Reta;-9,957882;-36,545197
20/02/2026;11:40:00;PARANAGUA;Retorno proibido;Colisão transversal;Com Vítimas Feridas;Pleno dia;Decrescente;Sol;Simples;Interseção de Vias;-25,53655043;-48,55631797
20/02/2026;11:10:00;VIRMOND;Velocidade Incompatível;Tombamento;Com Vítimas Feridas;Pleno dia;Decrescente;Céu Claro;Simples;"Curva;Declive";-25,37709;-52,25369
20/02/2026;00:00:00;CONTAGEM;Velocidade Incompatível;Queda de ocupante de veículo;Sem Vítimas;Plena Noite;Decrescente;Nublado;Simples;Reta;-19,96234382;-44,04021978
20/02/2026;01:35:00;XANXERE;Velocidade Incompatível;Saída de leito carroçável;Com Vítimas Feridas;Plena Noite;Decrescente;Céu Claro;Simples;"Curva;Aclive";-26,91382939;-52,47646833
20/02/2026;07:30:00;CONGONHAL;Velocidade Incompatível;Colisão transversal;Com Vítimas Feridas;Pleno dia;Crescente;Nublado;Simples;"Interseção de Vias;Reta";-22,15107121;-46,04638249
20/02/2026;07:35:00;TAQUARITINGA DO NORTE;Ausência de sinalização;Colisão traseira;Com Vítimas Feridas;Pleno dia;Decrescente;Céu Claro;Dupla;"Reta;Declive";-7,98143;-36,10067
20/02/2026;07:10:00;ALTO PARAISO;Ultrapassagem Indevida;Colisão frontal;Com Vítimas Fatais;Pleno dia;Crescente;Céu Claro;Simples;Curva;-9,75420435;-63,10970265
20/02/2026;09:57:00;MARECHAL DEODORO;Animais na Pista;Colisão com objeto;Com Vítimas Feridas;Pleno dia;Crescente;Céu Claro;Simples;Reta;-9,670746;-35,841
20/02/2026;08:30:00;PERIQUITO;Velocidade Incompatível;Saída de leito carroçável;Com Vítimas Feridas;Pleno dia;Decrescente;Céu Claro;Simples;Reta;-19,13437614;-42,21316874
20/02/2026;10:30:00;MONTE CASTELO;Chuva;Queda de ocupante de veículo;Com Vítimas Feridas;Pleno dia;Crescente;Chuva;Dupla;"Aclive;Curva";-26,75461616;-50,32047272
20/02/2026;10:30:00;MAGE;Conversão proibida;Colisão transversal;Com Vítimas Feridas;Pleno dia;Crescente;Céu Claro;Simples;"Em Obras;Reta";-22,65933106;-43,09124216
20/02/2026;11:20:00;FLORES DE GOIAS;Acumulo de água sobre o pavimento;Saída de leito carroçável;Com Vítimas Fatais;Pleno dia;Crescente;Chuva;Simples;Reta;-14,86107202;-46,80115924
20/02/2026;15:20:00;CARIACICA;Ultrapassagem Indevida;Colisão lateral mesmo sentido;Com Vítimas Feridas;Pleno dia;Crescente;Sol;Dupla;"Declive;Curva";-20,257482;-40,377232
20/02/2026;14:08:00;IBEMA;Acesso irregular;Colisão transversal;Com Vítimas Feridas;Pleno dia;Crescente;Chuva;Simples;Interseção de Vias;-25,115923;-53,00663
20/02/2026;13:00:00;CARANDAI;Conversão proibida;Colisão lateral mesmo sentido;Com Vítimas Feridas;Pleno dia;Crescente;Céu Claro;Simples;"Interseção de Vias;Aclive;Reta";-20,943264;-43,809931
20/02/2026;16:40:00;SILVA JARDIM;Velocidade Incompatível;Saída de leito carroçável;Com Vítimas Feridas;Pleno dia;Crescente;Chuva;Dupla;Curva;-22,5631456;-42,3629406
20/02/2026;13:15:00;NOVA SERRANA;Chuva;Capotamento;Com Vítimas Feridas;Pleno dia;Crescente;Chuva;Simples;Reta;-19,83819;-45,0557
20/02/2026;16:30:00;BARRA MANSA;Chuva;Queda de ocupante de veículo;Com Vítimas Feridas;Pleno dia;Crescente;Chuva;Dupla;Curva;-22,56053348;-44,14923398
20/02/2026;16:30:00;CATALAO;Velocidade Incompatível;Capotamento;Com Vítimas Feridas;Pleno dia;Crescente;Chuva;Dupla;Curva;-17,8663182;-47,7885355
20/02/2026;17:25:00;LINDOESTE;Acumulo de água sobre o pavimento;Colisão com objeto;Com Vítimas Feridas;Pleno dia;Crescente;Garoa/Chuvisco;Dupla;"Curva;Aclive";-25,20620128;-53,59699622
20/02/2026;20:00:00;SAO JOSE DO JACUIPE;Chuva;Capotamento;Com Vítimas Feridas;Plena Noite;Decrescente;Chuva;Simples;Curva;-11,4282628;-39,8796078
20/02/2026;16:50:00;PACARAIMA;Pista esburacada;Colisão com objeto;Com Vítimas Fatais;Pleno dia;Decrescente;Céu Claro;Simples;Reta;4,33935;-61,130498
20/02/2026;20:10:00;CAMAQUA;Acesso irregular;Colisão transversal;Sem Vítimas;Plena Noite;Decrescente;Céu Claro;Dupla;Reta;-30,8706954;-51,8047406
20/02/2026;19:00:00;CAMPO GRANDE;Animais na Pista;Atropelamento de Animal;Com Vítimas Feridas;Plena Noite;Crescente;Chuva;Simples;Reta;-20,5670178;-54,62912735
20/02/2026;19:15:00;MAGE;Chuva;Tombamento;Com Vítimas Feridas;Plena Noite;Crescente;Chuva;Dupla;"Reta;Aclive";-22,65642207;-43,08837589
20/02/2026;16:10:00;MONTES CLAROS;Velocidade Incompatível;Saída de leito carroçável;Com Vítimas Feridas;Pleno dia;Decrescente;Chuva;Simples;"Declive;Curva";-16,816481;-43,915283
20/02/2026;21:30:00;POUSO ALEGRE;Velocidade Incompatível;Saída de leito carroçável;Com Vítimas Feridas;Plena Noite;Crescente;Céu Claro;Simples;"Curva;Declive";-22,185027;-45,99001
20/02/2026;18:40:00;VARGEM BONITA;Acesso irregular;Tombamento;Com Vítimas Feridas;Plena Noite;Crescente;Céu Claro;Simples;Curva;-27,01609797;-51,73339843
20/02/2026;23:30:00;SAO SEPE;Animais na Pista;Saída de leito carroçável;Com Vítimas Feridas;Plena Noite;Crescente;Nublado;Simples;"Declive;Curva";-30,222251;-53,560226
20/02/2026;20:00:00;CARMO DA CACHOEIRA;Chuva;Colisão com objeto;Com Vítimas Feridas;Plena Noite;Decrescente;Chuva;Dupla;Curva;-21,517405;-45,22197
20/02/2026;23:02:00;SANTAREM;Animais na Pista;Queda de ocupante de veículo;Com Vítimas Feridas;Plena Noite;Decrescente;Céu Claro;Simples;Reta;-2,51336396;-54,72408772
20/02/2026;13:35:00;MARTINS SOARES;Acesso irregular;Colisão transversal;Com Vítimas Feridas;Pleno dia;Crescente;Céu Claro;Simples;"Declive;Reta";-20,25286332;-41,78566933
19/02/2026;06:30:00;SAO MATEUS;Velocidade Incompatível;Tombamento;Com Vítimas Feridas;Pleno dia;Crescente;Céu Claro;Simples;"Curva;Aclive";-18,64894614;-39,87344486
19/02/2026;17:49:00;CARIRI DO TOCANTINS;Chuva;Queda de ocupante de veículo;Com Vítimas Feridas;Anoitecer;Crescente;Chuva;Simples;"Reta;Retorno Regulamentado";-11,78351828;-49,11364174
19/02/2026;20:30:00;OLIVEIRA FORTES;Velocidade Incompatível;Colisão com objeto;Com Vítimas Feridas;Plena Noite;Crescente;Nublado;Dupla;"Declive;Curva";-21,34621481;-43,58217727