data_inversa;horario;municipio;causa_acidente;tipo_acidente;classificacao_acidente;fase_dia;sentido_via;condicao_metereologica;tipo_pista;tracado_via;latitude;longitude
19/02/2026;20:30:00;INDIARA;Velocidade Incompatível;Saída de leito carroçável;Com Vítimas Feridas;Plena Noite;Decrescente;Chuva;Dupla;Curva;-17,106557;-49,929698
19/02/2026;23:00:00;IRAJUBA;Acumulo de água sobre o pavimento;Saída de leito carroçável;Com Vítimas Feridas;Plena Noite;Decrescente;Chuva;Simples;"Declive;Curva";-13,30095481;-40,02528382
19/02/2026;21:30:00;JUNCO DO MARANHAO;Pista esburacada;Colisão frontal;Com Vítimas Feridas;Plena Noite;Crescente;Nublado;Simples;Reta;-1,897388;-46,058477
19/02/2026;00:30:00;MEDIANEIRA;Velocidade Incompatível;Saída de leito carroçável;Com Vítimas Feridas;Plena Noite;Crescente;Céu Claro;Dupla;Reta;-25,25251059;-54,02410682
19/02/2026;04:25:00;ITAJA;Animais na Pista;Atropelamento de Animal;Com Vítimas Feridas;Plena Noite;Decrescente;Céu Claro;Simples;Reta;-5,6255206;-36,8733308
19/02/2026;02:10:00;CAMPANARIO;Ultrapassagem Indevida;Colisão frontal;Com Vítimas Fatais;Plena Noite;Decrescente;Céu Claro;Simples;Reta;-18,343944;-41,770531
19/02/2026;06:53:00;PARNAMIRIM;Acesso irregular;Colisão transversal;Com Vítimas Feridas;Pleno dia;Decrescente;Céu Claro;Dupla;Reta;-5,884545;-35,282515
19/02/2026;07:30:00;MANGARATIBA;Retorno proibido;Colisão transversal;Com Vítimas Feridas;Pleno dia;Crescente;Céu Claro;Simples;"Reta;Aclive";-22,92966665;-43,97618506
19/02/2026;11:25:00;MONTENEGRO;Acumulo de areia ou detritos sobre o pavimento;Queda de ocupante de veículo;Com Vítimas Feridas;Pleno dia;Crescente;Céu Claro;Simples;Reta;-29,819646;-51,361473
19/02/2026;12:30:00;BRASILIA;Velocidade Incompatível;Saída de leito carroçável;Com Vítimas Feridas;Pleno dia;Crescente;Céu Claro;Dupla;Curva;-15,58711119;-47,35997201
19/02/2026;11:40:00;GARANHUNS;Demais falhas na via;Colisão lateral sentido oposto;Com Vítimas Feridas;Pleno dia;Crescente;Nublado;Simples;Reta;-8,879253;-36,485348
19/02/2026;13:30:00;MARABA;Ultrapassagem Indevida;Colisão lateral mesmo sentido;Com Vítimas Fatais;Pleno dia;Crescente;Céu Claro;Simples;"Reta;Declive";-5,36721611;-49,05638731
19/02/2026;13:45:00;VILHENA;Ultrapassagem Indevida;Colisão lateral mesmo sentido;Com Vítimas Feridas;Pleno dia;Crescente;Céu Claro;Dupla;Rotatória;-12,740591;-60,133019
19/02/2026;11:45:00;MANGARATIBA;Acesso irregular;Colisão transversal;Com Vítimas Feridas;Pleno dia;Decrescente;Céu Claro;Simples;Reta;-22,93525632;-43,99874268
19/02/2026;15:40:00;ATIBAIA;Acumulo de areia ou detritos sobre o pavimento;Queda de ocupante de veículo;Com Vítimas Feridas;Pleno dia;Crescente;Céu Claro;Dupla;Reta;-23,05350052;-46,56855664
19/02/2026;18:00:00;EUSEBIO;Pista esburacada;Tombamento;Com Vítimas Feridas;Plena Noite;Decrescente;Nublado;Dupla;Reta;-3,92140091;-38,5072693
19/02/2026;17:35:00;PRESIDENTE MEDICI;Animais na Pista;Atropelamento de Animal;Com Vítimas Feridas;Pleno dia;Decrescente;Céu Claro;Simples;Reta;-11,1787;-61,901578
19/02/2026;17:30:00;JUSSARA;Acumulo de água sobre o pavimento;Saída de leito carroçável;Sem Vítimas;Anoitecer;Crescente;Chuva;Simples;Curva;-15,92584161;-51,15749359
19/02/2026;20:20:00;MONTENEGRO;Velocidade Incompatível;Colisão transversal;Com Vítimas Feridas;Plena Noite;Decrescente;Nublado;Simples;"Reta;Interseção de Vias;Retorno Regulamentado";-29,810527;-51,49694
19/02/2026;20:00:00;BRASILIA;Demais falhas na via;Queda de ocupante de veículo;Com Vítimas Feridas;Plena Noite;Decrescente;Chuva;Dupla;"Reta;Em Obras";-15,62597123;-47,7251029
19/02/2026;23:15:00;DUQUE DE CAXIAS;Animais na Pista;Atropelamento de Animal;Com Vítimas Feridas;Plena Noite;Decrescente;Céu Claro;Dupla;Reta;-22,6615418;-43,2539739
19/02/2026;14:17:00;GUAIRA;Afundamento ou ondulação no pavimento;Tombamento;Com Vítimas Feridas;Pleno dia;Decrescente;Céu Claro;Dupla;"Em Obras;Curva";-24,07502567;-54,24251525
18/02/2026;04:30:00;ANGRA DOS REIS;Ultrapassagem Indevida;Colisão lateral sentido oposto;Com Vítimas Feridas;Plena Noite;Decrescente;Chuva;Simples;Reta;-22,99916763;-44,26460266
18/02/2026;11:20:00;PINDAMONHANGABA;Velocidade Incompatível;Colisão traseira;Com Vítimas Feridas;Pleno dia;Crescente;Sol;Dupla;Reta;-22,93101047;-45,36258319
18/02/2026;12:10:00;CAMBE;Velocidade Incompatível;Colisão traseira;Sem Vítimas;Pleno dia;Decrescente;Céu Claro;Dupla;Reta;-23,28438452;-51,24336569
18/02/2026;10:50:00;ITAPAJE;Velocidade Incompatível;Tombamento;Sem Vítimas;Pleno dia;Crescente;Nublado;Simples;Curva;-3,70695;-39,62288
18/02/2026;14:20:00;PINDAMONHANGABA;Chuva;Colisão lateral mesmo sentido;Sem Vítimas;Pleno dia;Decrescente;Chuva;Dupla;Reta;-22,949687;-45,399306
18/02/2026;13:30:00;JUSCIMEIRA;Fumaça;Incêndio;Sem Vítimas;Pleno dia;Decrescente;Céu Claro;Dupla;"Reta;Declive";-16,19408998;-54,78392601
18/02/2026;15:20:00;NOVA LIMA;Acumulo de água sobre o pavimento;Saída de leito carroçável;Com Vítimas Fatais;Pleno dia;Decrescente;Chuva;Dupla;"Curva;Declive";-20,151397;-43,96228
18/02/2026;15:10:00;MONTES CLAROS;Pista Escorregadia;Saída de leito carroçável;Com Vítimas Feridas;Pleno dia;Crescente;Chuva;Simples;"Declive;Reta";-16,65411236;-43,71756719
18/02/2026;19:15:00;PARANAGUA;Deficiência do Sistema de Iluminação/Sinalização;Colisão transversal;Com Vítimas Feridas;Anoitecer;Crescente;Ignorado;Dupla;Reta;-25,53055;-48,554248
18/02/2026;20:00:00;DIAMANTINO;Chuva;Saída de leito carroçável;Sem Vítimas;Plena Noite;Decrescente;Garoa/Chuvisco;Dupla;Curva;-14,400356;-56,108943
18/02/2026;17:31:00;ITAITUBA;Acostamento em desnível;Saída de leito carroçável;Com Vítimas Feridas;Anoitecer;Crescente;Nublado;Simples;Reta;-4,3174;-55,9572
18/02/2026;00:45:00;JACAREZINHO;Retorno proibido;Saída de leito carroçável;Sem Vítimas;Plena Noite;Decrescente;Céu Claro;Dupla;"Declive;Reta";-23,00145884;-49,93766785
18/02/2026;02:00:00;ITAMBACURI;Velocidade Incompatível;Tombamento;Com Vítimas Feridas;Plena Noite;Decrescente;Céu Claro;Simples;"Declive;Curva";-18,032517;-41,653186
18/02/2026;06:30:00;ANAPOLIS;Animais na Pista;Atropelamento de Animal;Com Vítimas Feridas;Pleno dia;Crescente;Céu Claro;Dupla;Reta;-16,38968483;-48,95742271
18/02/2026;00:40:00;PALMEIRA;Chuva;Saída de leito carroçável;Com Vítimas Feridas;Plena Noite;Decrescente;Chuva;Simples;"Rotatória;Reta";-25,43925;-49,75009
18/02/2026;07:50:00;CAPIVARI DE BAIXO;Velocidade Incompatível;Colisão traseira;Com Vítimas Fatais;Pleno dia;Crescente;Céu Claro;Dupla;Reta;-28,424576;-48,935801
18/02/2026;07:40:00;MARECHAL FLORIANO;Ultrapassagem Indevida;Colisão frontal;Com Vítimas Feridas;Pleno dia;Crescente;Céu Claro;Simples;"Declive;Curva";-20,4127542;-40,750742
18/02/2026;07:40:00;ICONHA;Velocidade Incompatível;Tombamento;Com Vítimas Feridas;Pleno dia;Crescente;Céu Claro;Dupla;Curva;-20,80644265;-40,79652485
18/02/2026;08:15:00;PACAJUS;Acumulo de água sobre o pavimento;Queda de ocupante de veículo;Com Vítimas Feridas;Pleno dia;Decrescente;Chuva;Dupla;Reta;-4,1523847;-38,479663
18/02/2026;08:30:00;ITAITINGA;Acumulo de água sobre o pavimento;Saída de leito carroçável;Com Vítimas Feridas;Pleno dia;Crescente;Chuva;Múltipla;Reta;-3,9629;-38,5155
18/02/2026;02:45:00;MAXARANGUAPE;Velocidade Incompatível;Saída de leito carroçável;Sem Vítimas;Plena Noite;Crescente;Nublado;Simples;Reta;-5,4874;-35,32401
18/02/2026;06:50:00;ALTAMIRA;Pista esburacada;Saída de leito carroçável;Sem Vítimas;Pleno dia;Não Informado;Nublado;Simples;"Reta;Aclive";-3,19767874;-52,21826345
18/02/2026;11:40:00;CAMPO MAIOR;Ultrapassagem Indevida;Colisão lateral mesmo sentido;Com Vítimas Feridas;Pleno dia;Decrescente;Céu Claro;Simples;Reta;-4,84812602;-42,19230632
18/02/2026;12:45:00;ARAPONGAS;Acesso irregular;Colisão transversal;Com Vítimas Feridas;Pleno dia;Crescente;Céu Claro;Simples;Reta;-23,39047958;-51,42207905
18/02/2026;11:30:00;ITATIM;Conversão proibida;Colisão transversal;Com Vítimas Feridas;Pleno dia;Crescente;Céu Claro;Simples;"Reta;Interseção de Vias";-12,705114;-39,722238
18/02/2026;13:30:00;DUQUE DE CAXIAS;Retorno proibido;Tombamento;Com Vítimas Feridas;Pleno dia;Crescente;Sol;Simples;Reta;-22,6659164;-43,2622241
18/02/2026;16:30:00;OLIVEIRA;Velocidade Incompatível;Capotamento;Com Vítimas Feridas;Pleno dia;Decrescente;Nublado;Dupla;Curva;-20,824527;-44,801142
18/02/2026;15:00:00;CAMBUI;Velocidade Incompatível;Capotamento;Com Vítimas Feridas;Pleno dia;Decrescente;Chuva;Dupla;"Curva;Declive";-22,68023262;-46,10064983
18/02/2026;17:45:00;PINDAMONHANGABA;Velocidade Incompatível;Colisão lateral mesmo sentido;Com Vítimas Feridas;Pleno dia;Crescente;Ignorado;Dupla;Reta;-22,9474498;-45,396599
18/02/2026;18:20:00;RIO GRANDE;Demais falhas na via;Queda de ocupante de veículo;Com Vítimas Feridas;Pleno dia;Decrescente;Céu Claro;Simples;Rotatória;-32,11006222;-52,11118983
18/02/2026;16:15:00;OURICURI;Chuva;Colisão transversal;Com Vítimas Fatais;Anoitecer;Crescente;Chuva;Simples;Reta;-7,85224356;-40,12043953
18/02/2026;18:40:00;MOSSORO;Animais na Pista;Atropelamento de Animal;Com Vítimas Feridas;Plena Noite;Crescente;Ignorado;Simples;Reta;-5,168795;-37,240283
18/02/2026;19:00:00;SAO LUIS;Velocidade Incompatível;Saída de leito carroçável;Com Vítimas Feridas;Plena Noite;Crescente;Chuva;Dupla;"Reta;Declive";-2,65043;-44,28147
18/02/2026;19:10:00;CARMOPOLIS DE MINAS;Velocidade Incompatível;Colisão com objeto;Com Vítimas Feridas;Plena Noite;Decrescente;Nublado;Dupla;Curva;-20,544933;-44,647964
18/02/2026;17:00:00;PETROPOLIS;Chuva;Colisão com objeto;Com Vítimas Feridas;Pleno dia;Decrescente;Garoa/Chuvisco;Simples;Reta;-22,4789339;-43,21643829
18/02/2026;20:55:00;SAO JOSE DO CERRITO;Velocidade Incompatível;Saída de leito carroçável;Com Vítimas Feridas;Plena Noite;Crescente;Céu Claro;Simples;Curva;-27,66250106;-50,58482051
18/02/2026;20:30:00;VARZEA GRANDE;Acesso irregular;Colisão frontal;Com Vítimas Feridas;Plena Noite;Decrescente;Céu Claro;Simples;Reta;-15,706015;-56,135323
18/02/2026;20:30:00;CASIMIRO DE ABREU;Retorno proibido;Colisão transversal;Com Vítimas Feridas;Plena Noite;Decrescente;Céu Claro;Dupla;"Reta;Declive";-22,4910941;-42,1230075
18/02/2026;23:35:00;SAO JOSE;Acumulo de areia ou detritos sobre o pavimento;Tombamento;Com Vítimas Feridas;Plena Noite;Crescente;Nublado;Simples;Reta;-27,54592881;-48,62026334
18/02/2026;23:35:00;JARDIM;Conversão proibida;Colisão frontal;Com Vítimas Feridas;Plena Noite;Decrescente;Céu Claro;Simples;Reta;-21,480313;-56,158715
18/02/2026;21:30:00;ALPERCATA;Animais na Pista;Atropelamento de Animal;Com Vítimas Feridas;Plena Noite;Decrescente;Ignorado;Simples;Reta;-18,99249875;-41,98253632
18/02/2026;07:20:00;CACHOEIRO DE ITAPEMIRIM;Conversão proibida;Colisão transversal;Com Vítimas Fatais;Pleno dia;Crescente;Céu Claro;Simples;"Declive;Reta";-20,83569989;-41,16978105
17/02/2026;00:50:00;NAVIRAI;Condutor usando celular;Saída de leito carroçável;Com Vítimas Feridas;Plena Noite;Crescente;Céu Claro;Simples;Reta;-23,063154;-54,231143
17/02/2026;08:07:00;FRUTA DE LEITE;Afundamento ou ondulação no pavimento;Saída de leito carroçável;Com Vítimas Feridas;Pleno dia;Crescente;Sol;Simples;"Reta;Declive";-16,21744454;-42,36804307
17/02/2026;07:30:00;BREJOES;Velocidade Incompatível;Tombamento;Com Vítimas Feridas;Pleno dia;Crescente;Céu Claro;Simples;Curva;-13,07567;-39,96086
17/02/2026;15:40:00;PONTA PORA;Ultrapassagem Indevida;Colisão frontal;Com Vítimas Fatais;Pleno dia;Crescente;Céu Claro;Simples;Reta;-22,60143653;-55,65909028
17/02/2026;16:05:00;ITABIRITO;Chuva;Colisão frontal;Com Vítimas Fatais;Pleno dia;Crescente;Chuva;Simples;"Declive;Curva";-20,34861;-43,922738
17/02/2026;17:00:00;ORTIGUEIRA;Acumulo de água sobre o pavimento;Colisão transversal;Com Vítimas Feridas;Pleno dia;Crescente;Chuva;Simples;"Curva;Declive";-24,1387;-51,005857
17/02/2026;17:25:00;ESCADA;Velocidade Incompatível;Tombamento;Com Vítimas Feridas;Anoitecer;Decrescente;Nublado;Dupla;"Curva;Declive";-8,414038;-35,308733
17/02/2026;06:00:00;EXTREMA;Retorno proibido;Colisão frontal;Com Vítimas Feridas;Pleno dia;Decrescente;Sol;Dupla;Retorno Regulamentado;-22,80816235;-46,27661777
17/02/2026;06:40:00;PETROPOLIS;Velocidade Incompatível;Queda de ocupante de veículo;Com Vítimas Feridas;Pleno dia;Crescente;Céu Claro;Dupla;Curva;-22,45079321;-43,20297897
17/02/2026;08:20:00;EMBU DAS ARTES;Velocidade Incompatível;Colisão traseira;Com Vítimas Feridas;Pleno dia;Decrescente;Céu Claro;Dupla;Reta;-23,62652631;-46,81742247
17/02/2026;08:40:00;MACAE;Ultrapassagem Indevida;Colisão frontal;Com Vítimas Feridas;Pleno dia;Decrescente;Céu Claro;Simples;Curva;-22,3742347;-41,9576197
17/02/2026;00:10:00;ANGRA DOS REIS;Acumulo de água sobre o pavimento;Tombamento;Com Vítimas Feridas;Plena Noite;Crescente;Nublado;Simples;Curva;-23,00580732;-44,217735
17/02/2026;09:15:00;CAMPO VERDE;Conversão proibida;Colisão traseira;Com Vítimas Feridas;Pleno dia;Decrescente;Nublado;Simples;Reta;-15,6586;-55,2295
17/02/2026;10:15:00;GOIANAPOLIS;Conversão proibida;Colisão lateral mesmo sentido;Com Vítimas Feridas;Pleno dia;Decrescente;Céu Claro;Dupla;Reta;-16,434581;-49,018606
17/02/2026;11:30:00;CARUARU;Acumulo de água sobre o pavimento;Capotamento;Com Vítimas Feridas;Pleno dia;Decrescente;Céu Claro;Dupla;Declive;-8,29517;-35,887828
17/02/2026;12:50:00;BRASILIA;Ultrapassagem Indevida;Saída de leito carroçável;Com Vítimas Feridas;Pleno dia;Crescente;Céu Claro;Simples;Reta;-15,943898;-47,7826392
17/02/2026;13:45:00;BENTO GONCALVES;Acumulo de areia ou detritos sobre o pavimento;Tombamento;Com Vítimas Feridas;Pleno dia;Crescente;Nublado;Simples;Curva;-29,18638772;-51,5203735
17/02/2026;08:00:00;SAO GONCALO;Animais na Pista;Queda de ocupante de veículo;Com Vítimas Feridas;Pleno dia;Crescente;Céu Claro;Simples;Curva;-22,81125861;-43,07129714
17/02/2026;14:15:00;CAMBUI;Velocidade Incompatível;Saída de leito carroçável;Sem Vítimas;Pleno dia;Crescente;Chuva;Dupla;Reta;-22,59239233;-46,05459362
17/02/2026;13:54:00;BARRO;Demais falhas na via;Capotamento;Com Vítimas Feridas;Pleno dia;Crescente;Nublado;Simples;"Reta;Interseção de Vias";-7,02232;-38,764668
17/02/2026;17:30:00;PORTO VITORIA;Chuva;Saída de leito carroçável;Com Vítimas Feridas;Anoitecer;Crescente;Chuva;Simples;"Aclive;Curva";-26,22807314;-51,139188
17/02/2026;17:05:00;FLORIANO;Deficiência do Sistema de Iluminação/Sinalização;Tombamento;Com Vítimas Feridas;Pleno dia;Crescente;Sol;Simples;Reta;-6,76471697;-43,00980279
17/02/2026;20:30:00;TRES MARIAS;Animais na Pista;Colisão com objeto;Com Vítimas Feridas;Plena Noite;Crescente;Céu Claro;Simples;Reta;-18,267174;-45,152578
17/02/2026;18:30:00;CAMANDUCAIA;Chuva;Tombamento;Com Vítimas Feridas;Anoitecer;Decrescente;Nublado;Dupla;Curva;-22,7138303;-46,12238217
17/02/2026;20:15:00;SAO PEDRO DO PIAUI;Animais na Pista;Atropelamento de Animal;Com Vítimas Feridas;Plena Noite;Crescente;Céu Claro;Simples;Reta;-5,871437;-42,674013
17/02/2026;20:00:00;VARZEA GRANDE;Velocidade Incompatível;Saída de leito carroçável;Sem Vítimas;Plena Noite;Não Informado;Céu Claro;Dupla;"Reta;Declive";-15,63712674;-56,18640868
17/02/2026;16:30:00;SANTANA DO PARAISO;Velocidade Incompatível;Saída de leito carroçável;Com Vítimas Feridas;Pleno dia;Crescente;Céu Claro;Simples;Reta;-19,45137776;-42,51777649
17/02/2026;18:15:00;MATIPO;Conversão proibida;Colisão transversal;Com Vítimas Feridas;Plena Noite;Crescente;Céu Claro;Simples;Reta;-20,315788;-42,327768
17/02/2026;20:00:00;TUBARAO;Acumulo de água sobre o pavimento;Colisão com objeto;Com Vítimas Feridas;Plena Noite;Crescente;Chuva;Dupla;Curva;-28,48482261;-49,03605402
17/02/2026;22:25:00;CAMPINA GRANDE DO SUL;Acumulo de água sobre o pavimento;Saída de leito carroçável;Com Vítimas Feridas;Plena Noite;Crescente;Chuva;Dupla;Curva;-25,08069422;-48,62391919
17/02/2026;21:30:00;SANTO ANTONIO DO LEVERGER;Velocidade Incompatível;Saída de leito carroçável;Com Vítimas Feridas;Plena Noite;Crescente;Céu Claro;Dupla;Reta;-15,83769072;-55,49158573
17/02/2026;22:41:00;ANGRA DOS REIS;Iluminação deficiente;Atropelamento de Pedestre;Com Vítimas Feridas;Plena Noite;Decrescente;Céu Claro;Dupla;Reta;-22,95284615;-44,20230031
17/02/2026;20:00:00;COLOMBO;Chuva;Queda de ocupante de veículo;Com Vítimas Feridas;Plena Noite;Decrescente;Chuva;Dupla;Reta;-25,38912;-49,190797
17/02/2026;16:30:00;CASIMIRO DE ABREU;Conversão proibida;Colisão lateral sentido oposto;Sem Vítimas;Pleno dia;Crescente;Sol;Simples;Reta;-22,47610306;-42,19657509
17/02/2026;18:40:00;ORTIGUEIRA;Velocidade Incompatível;Saída de leito carroçável;Com Vítimas Feridas;Anoitecer;Decrescente;Chuva;Simples;Curva;-24,336114;-50,83509
16/02/2026;06:45:00;MAFRA;Velocidade Incompatível;Colisão traseira;Com Vítimas Feridas;Pleno dia;Crescente;Nevoeiro/Neblina;Simples;Reta;-26,24859;-49,65284
16/02/2026;10:20:00;MORRO REUTER;Conversão proibida;Colisão transversal;Com Vítimas Feridas;Pleno dia;Crescente;Chuva;Simples;Curva;-29,53375156;-51,08628318
16/02/2026;13:36:00;PORTO NACIONAL;Chuva;Colisão traseira;Com Vítimas Feridas;Pleno dia;Crescente;Chuva;Simples;Reta;-10,64729;-48,390273
16/02/2026;12:50:00;IRAJUBA;Ultrapassagem Indevida;Saída de leito carroçável;Sem Vítimas;Pleno dia;Decrescente;Céu Claro;Simples;Reta;-13,24980829;-40,01441288
16/02/2026;16:30:00;IMPERATRIZ;Ultrapassagem Indevida;Colisão frontal;Sem Vítimas;Anoitecer;Crescente;Sol;Simples;"Reta;Interseção de Vias";-5,5266103;-47,471655
16/02/2026;21:59:00;HIDROLANDIA;Demais falhas na via;Colisão traseira;Com Vítimas Feridas;Plena Noite;Decrescente;Céu Claro;Dupla;"Curva;Declive";-16,93721225;-49,25318956
16/02/2026;20:15:00;OURO PRETO DO OESTE;Conversão proibida;Colisão transversal;Com Vítimas Feridas;Plena Noite;Crescente;Céu Claro;Simples;Reta;-10,68642671;-62,27468058
16/02/2026;23:00:00;ALFREDO WAGNER;Pista Escorregadia;Colisão frontal;Com Vítimas Feridas;Anoitecer;Crescente;Nublado;Simples;Curva;-27,667964;-49,176111
16/02/2026;01:30:00;PACAJUS;Velocidade Incompatível;Saída de leito carroçável;Sem Vítimas;Pleno dia;Crescente;Nublado;Dupla;"Reta;Interseção de Vias";-4,177616;-38,4920101
16/02/2026;04:45:00;VALPARAISO DE GOIAS;Acesso irregular;Colisão transversal;Com Vítimas Feridas;Amanhecer;Crescente;Chuva;Dupla;Reta;-16,06081518;-47,98321724
16/02/2026;04:05:00;SOUSA;Animais na Pista;Atropelamento de Animal;Com Vítimas Feridas;Plena Noite;Decrescente;Chuva;Simples;Reta;-6,775967;-38,210157
16/02/2026;07:00:00;SETE LAGOAS;Velocidade Incompatível;Colisão lateral mesmo sentido;Sem Vítimas;Pleno dia;Decrescente;Céu Claro;Dupla;Reta;-19,45244;-44,3139
16/02/2026;08:10:00;PONTA GROSSA;Conversão proibida;Colisão transversal;Com Vítimas Feridas;Pleno dia;Decrescente;Céu Claro;Simples;Curva;-25,078445;-50,366691
16/02/2026;08:15:00;JUAZEIRO;Acesso irregular;Colisão traseira;Com Vítimas Feridas;Pleno dia;Crescente;Céu Claro;Dupla;Reta;-9,42895;-40,504155
16/02/2026;10:15:00;IBATIBA;Velocidade Incompatível;Tombamento;Com Vítimas Feridas;Pleno dia;Crescente;Sol;Simples;Curva;-20,264775;-41,584815
16/02/2026;13:30:00;PARATY;Velocidade Incompatível;Colisão lateral sentido oposto;Com Vítimas Feridas;Pleno dia;Decrescente;Céu Claro;Simples;"Curva;Declive";-23,05073475;-44,58886949
16/02/2026;12:45:00;INDAIAL;Ultrapassagem Indevida;Colisão transversal;Com Vítimas Feridas;Pleno dia;Crescente;Céu Claro;Dupla;Reta;-26,87201343;-49,23063604
16/02/2026;14:00:00;SERRA;Retorno proibido;Colisão transversal;Com Vítimas Feridas;Pleno dia;Crescente;Céu Claro;Dupla;Reta;-20,20941658;-40,31576693
16/02/2026;14:39:00;DUQUE DE CAXIAS;Demais falhas na via;Tombamento;Com Vítimas Feridas;Pleno dia;Decrescente;Céu Claro;Dupla;Reta;-22,520938;-43,22756
16/02/2026;13:00:00;SAO RAIMUNDO DAS MANGABEIRAS;Acesso irregular;Colisão frontal;Com Vítimas Fatais;Pleno dia;Decrescente;Nublado;Simples;Reta;-7,03888302;-45,47158817
16/02/2026;16:00:00;VALE DE SAO DOMINGOS;Ultrapassagem Indevida;Saída de leito carroçável;Com Vítimas Feridas;Pleno dia;Crescente;Chuva;Simples;"Declive;Reta";-15,3987987;-59,1489352
16/02/2026;18:19:00;JARAGUA;Chuva;Saída de leito carroçável;Com Vítimas Feridas;Anoitecer;Decrescente;Chuva;Simples;"Declive;Reta";-15,545142;-49,434525
16/02/2026;18:10:00;UBATUBA;Ultrapassagem Indevida;Colisão lateral mesmo sentido;Com Vítimas Feridas;Pleno dia;Crescente;Céu Claro;Simples;Interseção de Vias;-23,42278878;-45,07320754
16/02/2026;17:50:00;JI-PARANA;Pista esburacada;Colisão traseira;Com Vítimas Feridas;Pleno dia;Crescente;Nublado;Simples;"Reta;Ponte";-10,91768;-61,95115
16/02/2026;19:50:00;BADY BASSITT;Animais na Pista;Atropelamento de Animal;Com Vítimas Feridas;Plena Noite;Crescente;Céu Claro;Dupla;"Reta;Declive";-20,92158854;-49,50280365
16/02/2026;19:30:00;CONSELHEIRO LAFAIETE;Animais na Pista;Atropelamento de Animal;Com Vítimas Feridas;Plena Noite;Decrescente;Céu Claro;Simples;Reta;-20,721277;-43,7993145
16/02/2026;20:00:00;MANHUACU;Pista esburacada;Colisão com objeto;Com Vítimas Feridas;Plena Noite;Decrescente;Céu Claro;Simples;Reta;-20,262156;-42,167524
16/02/2026;17:30:00;SANTANA DO PARAISO;Conversão proibida;Colisão transversal;Com Vítimas Feridas;Pleno dia;Crescente;Céu Claro;Simples;Interseção de Vias;-19,44346458;-42,51320735
16/02/2026;21:00:00;PORTO VELHO;Acostamento em desnível;Queda de ocupante de veículo;Com Vítimas Feridas;Plena Noite;Crescente;Nublado;Simples;Reta;-9,07377756;-64,05380197
16/02/2026;23:50:00;GUARULHOS;Chuva;Colisão traseira;Com Vítimas Feridas;Plena Noite;Decrescente;Ignorado;Dupla;Reta;-23,46064071;-46,48467511
16/02/2026;19:20:00;SERRA;Retorno proibido;Colisão transversal;Com Vítimas Feridas;Plena Noite;Crescente;Céu Claro;Dupla;Reta;-20,2094583;-40,3161283
16/02/2026;02:40:00;QUEIMADAS;Animais na Pista;Atropelamento de Animal;Com Vítimas Feridas;Plena Noite;Decrescente;Nublado;Simples;Reta;-7,306585;-35,89329
15/02/2026;01:40:00;APUCARANA;Acesso irregular;Colisão traseira;Com Vítimas Feridas;Plena Noite;Decrescente;Céu Claro;Simples;Reta;-23,56447;-51,434005
15/02/2026;02:40:00;NOVA IGUACU;Animais na Pista;Colisão traseira;Com Vítimas Feridas;Plena Noite;Crescente;Céu Claro;Dupla;Curva;-22,7442683;-43,5128582
15/02/2026;03:50:00;UBERLANDIA;Velocidade Incompatível;Saída de leito carroçável;Com Vítimas Feridas;Plena Noite;Decrescente;Nublado;Dupla;"Curva;Rotatória";-18,87528548;-48,25902343
15/02/2026;06:20:00;RIO VERDE;Ultrapassagem Indevida;Colisão frontal;Com Vítimas Fatais;Pleno dia;Crescente;Céu Claro;Simples;Reta;-17,850122;-50,772852
15/02/2026;10:35:00;BREJOES;Ultrapassagem Indevida;Colisão frontal;Com Vítimas Feridas;Pleno dia;Crescente;Céu Claro;Simples;Curva;-13,06423;-39,95785
15/02/2026;18:10:00;AGUAS MORNAS;Velocidade Incompatível;Colisão frontal;Com Vítimas Fatais;Pleno dia;Crescente;Chuva;Simples;Curva;-27,68801;-48,977585
15/02/2026;23:25:00;PALHOCA;Ultrapassagem Indevida;Colisão frontal;Com Vítimas Fatais;Plena Noite;Decrescente;Céu Claro;Simples;Reta;-27,658833;-48,68205
15/02/2026;22:29:00;NOVA MUTUM;Chuva;Saída de leito carroçável;Com Vítimas Feridas;Plena Noite;Crescente;Chuva;Dupla;Reta;-13,5403526;-56,02675349
15/02/2026;00:30:00;IMBITUBA;Acumulo de água sobre o pavimento;Colisão com objeto;Com Vítimas Feridas;Plena Noite;Decrescente;Chuva;Múltipla;"Curva;Interseção de Vias";-28,260147;-48,704276
15/02/2026;03:37:00;SAO JOSE DOS PINHAIS;Animais na Pista;Atropelamento de Animal;Com Vítimas Fatais;Plena Noite;Decrescente;Nublado;Dupla;Reta;-25,57035;-49,18867
15/02/2026;02:20:00;SAO MIGUEL DO OESTE;Velocidade Incompatível;Colisão com objeto;Com Vítimas Feridas;Plena Noite;Decrescente;Nublado;Simples;"Curva;Ponte;Declive";-26,68784148;-53,54906917
15/02/2026;04:45:00;SABARA;Velocidade Incompatível;Tombamento;Com Vítimas Feridas;Plena Noite;Crescente;Céu Claro;Simples;"Curva;Declive";-19,7865496;-43,71511208
15/02/2026;05:00:00;MORRETES;Velocidade Incompatível;Tombamento;Com Vítimas Feridas;Amanhecer;Decrescente;Nublado;Dupla;"Declive;Curva";-25,57340282;-48,83207671
15/02/2026;06:08:00;MARABA;Animais na Pista;Atropelamento de Animal;Com Vítimas Feridas;Pleno dia;Decrescente;Céu Claro;Simples;"Reta;Declive";-5,36550648;-49,19852507