data_inversa;horario;municipio;causa_acidente;tipo_acidente;classificacao_acidente;fase_dia;sentido_via;condicao_metereologica;tipo_pista;tracado_via;latitude;longitude
12/02/2026;17:50:00;ESTANCIA VELHA;Conversão proibida;Colisão transversal;Com Vítimas Feridas;Anoitecer;Crescente;Chuva;Dupla;Reta;-29,62744839;-51,13870589
12/02/2026;19:45:00;JOAO PESSOA;Demais falhas na via;Saída de leito carroçável;Com Vítimas Feridas;Plena Noite;Decrescente;Céu Claro;Dupla;Reta;-7,16439813;-34,86305797
12/02/2026;20:05:00;IRATI;Velocidade Incompatível;Saída de leito carroçável;Com Vítimas Fatais;Plena Noite;Crescente;Chuva;Simples;Curva;-25,443956;-50,681847
12/02/2026;20:20:00;PIRAI;Pista esburacada;Queda de ocupante de veículo;Com Vítimas Feridas;Plena Noite;Decrescente;Céu Claro;Dupla;Curva;-22,66670584;-43,84154422
12/02/2026;23:00:00;BARREIRAS;Animais na Pista;Atropelamento de Animal;Com Vítimas Feridas;Plena Noite;Crescente;Céu Claro;Simples;Reta;-12,21044195;-45,01682281
12/02/2026;22:15:00;PAPANDUVA;Ultrapassagem Indevida;Colisão frontal;Com Vítimas Feridas;Plena Noite;Crescente;Céu Claro;Simples;Reta;-26,408662;-50,226745
12/02/2026;20:45:00;NITEROI;Condutor usando celular;Engavetamento;Com Vítimas Feridas;Plena Noite;Decrescente;Céu Claro;Múltipla;"Reta;Ponte";-22,87680783;-43,11893463
12/02/2026;19:30:00;GILBUES;Animais na Pista;Atropelamento de Animal;Com Vítimas Feridas;Plena Noite;Crescente;Céu Claro;Simples;Reta;-9,92771606;-45,33337493
12/02/2026;22:30:00;LAGES;Velocidade Incompatível;Saída de leito carroçável;Com Vítimas Feridas;Plena Noite;Crescente;Nublado;Simples;Rotatória;-27,79462938;-50,32815456
12/02/2026;12:10:00;MONTE CASTELO;Acesso irregular;Colisão transversal;Com Vítimas Feridas;Pleno dia;Crescente;Céu Claro;Simples;Reta;-26,489944;-50,232859
12/02/2026;20:17:00;BALSAS;Retorno proibido;Colisão transversal;Com Vítimas Fatais;Plena Noite;Crescente;Céu Claro;Simples;Reta;-7,519778;-46,06285
11/02/2026;06:47:00;ITAPISSUMA;Ultrapassagem Indevida;Colisão traseira;Com Vítimas Feridas;Amanhecer;Decrescente;Nublado;Dupla;Reta;-7,79516;-34,92753
11/02/2026;11:12:00;JATAI;Ultrapassagem Indevida;Colisão lateral mesmo sentido;Com Vítimas Feridas;Pleno dia;Crescente;Chuva;Simples;"Em Obras;Curva";-17,921403;-51,744307
11/02/2026;06:30:00;DIVINO;Conversão proibida;Colisão transversal;Com Vítimas Feridas;Pleno dia;Crescente;Nublado;Simples;Curva;-20,626;-42,222
11/02/2026;11:00:00;CAMPOS DE JULIO;Acumulo de água sobre o pavimento;Colisão lateral sentido oposto;Com Vítimas Fatais;Pleno dia;Crescente;Chuva;Simples;Curva;-13,55203789;-59,03633481
11/02/2026;14:20:00;EUNAPOLIS;Curva acentuada;Tombamento;Com Vítimas Feridas;Pleno dia;Crescente;Sol;Simples;Curva;-16,255135;-39,597277
11/02/2026;17:10:00;CAMBE;Velocidade Incompatível;Colisão traseira;Com Vítimas Feridas;Pleno dia;Decrescente;Nublado;Dupla;Reta;-23,2953684;-51,308994
11/02/2026;17:35:00;RIO NOVO DO SUL;Acostamento em desnível;Tombamento;Com Vítimas Feridas;Anoitecer;Crescente;Céu Claro;Simples;"Curva;Aclive";-20,865363;-40,927797
11/02/2026;17:00:00;GUAPO;Chuva;Colisão com objeto;Com Vítimas Feridas;Pleno dia;Decrescente;Chuva;Dupla;Curva;-16,898708;-49,637077
11/02/2026;16:30:00;BARRA DO GARCAS;Acumulo de água sobre o pavimento;Colisão frontal;Com Vítimas Fatais;Pleno dia;Decrescente;Chuva;Simples;"Curva;Declive";-15,71815;-52,66088
11/02/2026;15:58:00;ENGENHEIRO CALDAS;Conversão proibida;Colisão transversal;Com Vítimas Feridas;Pleno dia;Decrescente;Nublado;Simples;Reta;-19,044507;-41,992976
11/02/2026;21:10:00;DUQUE DE CAXIAS;Pista Escorregadia;Colisão com objeto;Com Vítimas Fatais;Plena Noite;Crescente;Garoa/Chuvisco;Dupla;"Declive;Curva";-22,57113985;-43,28115463
11/02/2026;01:41:00;SAO DESIDERIO;Acumulo de água sobre o pavimento;Saída de leito carroçável;Com Vítimas Feridas;Plena Noite;Crescente;Chuva;Simples;Reta;-12,72465;-45,937775
11/02/2026;05:45:00;MURICI;Ultrapassagem Indevida;Saída de leito carroçável;Sem Vítimas;Pleno dia;Crescente;Chuva;Simples;Curva;-9,33154445;-35,91494434
11/02/2026;07:30:00;PALHOCA;Acesso irregular;Colisão transversal;Com Vítimas Feridas;Pleno dia;Crescente;Céu Claro;Dupla;Reta;-27,6606;-48,68384
11/02/2026;07:25:00;FLORIANO;Conversão proibida;Colisão transversal;Com Vítimas Feridas;Pleno dia;Decrescente;Garoa/Chuvisco;Simples;"Interseção de Vias;Reta";-6,78774807;-43,04412051
11/02/2026;08:05:00;CASCAVEL;Ultrapassagem Indevida;Colisão transversal;Com Vítimas Feridas;Pleno dia;Decrescente;Céu Claro;Dupla;Reta;-24,98088;-53,37883
11/02/2026;07:50:00;RIO NEGRO;Ultrapassagem Indevida;Colisão lateral mesmo sentido;Com Vítimas Feridas;Pleno dia;Decrescente;Céu Claro;Simples;Reta;-26,090832;-49,779921
11/02/2026;06:00:00;DUQUE DE CAXIAS;Velocidade Incompatível;Saída de leito carroçável;Com Vítimas Feridas;Pleno dia;Decrescente;Céu Claro;Dupla;Curva;-22,80224676;-43,29014904
11/02/2026;10:30:00;LINHARES;Ausência de sinalização;Colisão traseira;Com Vítimas Feridas;Pleno dia;Decrescente;Céu Claro;Simples;Curva;-19,37548839;-40,06601265
11/02/2026;11:30:00;LUZIANIA;Acumulo de água sobre o pavimento;Saída de leito carroçável;Com Vítimas Fatais;Pleno dia;Crescente;Chuva;Simples;Curva;-16,449298;-47,808376
11/02/2026;14:50:00;ELESBAO VELOSO;Pista Escorregadia;Colisão frontal;Com Vítimas Feridas;Pleno dia;Crescente;Chuva;Simples;"Curva;Aclive";-6,126817;-42,156988
11/02/2026;16:30:00;OIAPOQUE;Velocidade Incompatível;Saída de leito carroçável;Com Vítimas Feridas;Anoitecer;Crescente;Chuva;Simples;"Reta;Declive";3,68135;-51,772353
11/02/2026;18:25:00;PORTO GRANDE;Ultrapassagem Indevida;Colisão lateral mesmo sentido;Com Vítimas Feridas;Anoitecer;Crescente;Céu Claro;Simples;Reta;0,700717;-51,402884
11/02/2026;14:10:00;BRUMADINHO;Chuva;Capotamento;Sem Vítimas;Pleno dia;Crescente;Chuva;Dupla;"Curva;Declive";-20,15109934;-44,32626598
11/02/2026;13:10:00;EXTREMA;Modificação proibida;Colisão transversal;Com Vítimas Feridas;Pleno dia;Crescente;Chuva;Dupla;"Reta;Retorno Regulamentado";-22,86436015;-46,34640885
11/02/2026;22:00:00;ALAGOINHAS;Deficiência do Sistema de Iluminação/Sinalização;Colisão traseira;Com Vítimas Feridas;Plena Noite;Crescente;Céu Claro;Simples;Reta;-12,06924069;-38,3505766
11/02/2026;10:10:00;NAVEGANTES;Velocidade Incompatível;Saída de leito carroçável;Com Vítimas Feridas;Pleno dia;Decrescente;Céu Claro;Múltipla;Reta;-26,84257503;-48,71699333
11/02/2026;01:20:00;RIO DE JANEIRO;Retorno proibido;Colisão transversal;Com Vítimas Feridas;Plena Noite;Crescente;Céu Claro;Simples;Reta;-22,88583;-43,65085
10/02/2026;03:40:00;MOSSORO;Velocidade Incompatível;Colisão traseira;Com Vítimas Feridas;Plena Noite;Crescente;Nublado;Simples;Reta;-5,362712;-37,247803
10/02/2026;11:30:00;REGISTRO;Pista Escorregadia;Queda de ocupante de veículo;Com Vítimas Feridas;Pleno dia;Crescente;Garoa/Chuvisco;Dupla;Reta;-24,46833624;-47,82211002
10/02/2026;12:30:00;SEROPEDICA;Conversão proibida;Colisão transversal;Com Vítimas Feridas;Pleno dia;Crescente;Céu Claro;Simples;Reta;-22,79290151;-43,64992785
10/02/2026;10:40:00;CAMPINA GRANDE DO SUL;Velocidade Incompatível;Tombamento;Com Vítimas Feridas;Pleno dia;Decrescente;Céu Claro;Dupla;"Curva;Aclive";-25,111132;-48,802248
10/02/2026;12:30:00;CANDIDO SALES;Velocidade Incompatível;Saída de leito carroçável;Com Vítimas Feridas;Pleno dia;Crescente;Céu Claro;Simples;"Curva;Declive";-15,369718;-41,187485
10/02/2026;15:50:00;TIANGUA;Declive acentuado;Colisão frontal;Com Vítimas Fatais;Pleno dia;Decrescente;Nublado;Simples;"Curva;Declive";-3,66971855;-40,95799534
10/02/2026;17:30:00;CORBELIA;Acesso irregular;Colisão transversal;Com Vítimas Feridas;Pleno dia;Crescente;Céu Claro;Simples;Interseção de Vias;-24,81277591;-53,29488628
10/02/2026;14:18:00;VILHENA;Pista Escorregadia;Colisão transversal;Com Vítimas Feridas;Pleno dia;Crescente;Garoa/Chuvisco;Simples;Curva;-12,501477;-60,488772
10/02/2026;15:10:00;GRAO MOGOL;Pista Escorregadia;Saída de leito carroçável;Com Vítimas Feridas;Pleno dia;Decrescente;Chuva;Simples;Curva;-16,43472298;-43,27433378
10/02/2026;22:00:00;ITABELA;Velocidade Incompatível;Tombamento;Com Vítimas Feridas;Plena Noite;Crescente;Nublado;Simples;"Declive;Curva";-16,748515;-39,450938
10/02/2026;05:00:00;FEIRA DE SANTANA;Animais na Pista;Colisão com objeto;Com Vítimas Feridas;Amanhecer;Crescente;Céu Claro;Múltipla;Reta;-12,17663675;-38,96520138
10/02/2026;01:57:00;CIDELANDIA;Animais na Pista;Atropelamento de Animal;Sem Vítimas;Plena Noite;Decrescente;Céu Claro;Simples;Reta;-5,131415;-47,545375
10/02/2026;02:00:00;FEIRA DE SANTANA;Animais na Pista;Atropelamento de Animal;Com Vítimas Feridas;Plena Noite;Crescente;Céu Claro;Múltipla;Reta;-12,17677309;-38,96515846
10/02/2026;06:50:00;SAO LEOPOLDO;Conversão proibida;Colisão transversal;Com Vítimas Feridas;Pleno dia;Crescente;Céu Claro;Dupla;"Reta;Interseção de Vias;Viaduto";-29,77270149;-51,15438893
10/02/2026;05:30:00;CAMBARA;Ultrapassagem Indevida;Colisão transversal;Com Vítimas Fatais;Amanhecer;Crescente;Céu Claro;Simples;"Reta;Declive";-23,04028505;-50,11834145
10/02/2026;07:30:00;MANGARATIBA;Velocidade Incompatível;Saída de leito carroçável;Com Vítimas Feridas;Pleno dia;Decrescente;Chuva;Simples;Curva;-22,93693446;-44,01032925
10/02/2026;07:40:00;CAMANDUCAIA;Velocidade Incompatível;Colisão com objeto;Sem Vítimas;Pleno dia;Crescente;Chuva;Dupla;Curva;-22,72023744;-46,12912551
10/02/2026;08:30:00;NOVA SERRANA;Chuva;Queda de ocupante de veículo;Com Vítimas Feridas;Pleno dia;Decrescente;Chuva;Simples;Reta;-19,86057486;-45,00575066
10/02/2026;12:00:00;ARAPONGAS;Velocidade Incompatível;Queda de ocupante de veículo;Com Vítimas Feridas;Pleno dia;Decrescente;Céu Claro;Dupla;Rotatória;-23,41714706;-51,42671285
10/02/2026;13:00:00;ITATIAIUCU;Declive acentuado;Tombamento;Com Vítimas Feridas;Pleno dia;Decrescente;Nublado;Dupla;Curva;-20,16437989;-44,36652303
10/02/2026;14:40:00;OLIVEIRA FORTES;Velocidade Incompatível;Colisão com objeto;Com Vítimas Feridas;Pleno dia;Crescente;Ignorado;Dupla;"Curva;Declive";-21,34606461;-43,58267784
10/02/2026;14:20:00;SAO MIGUEL DE TAIPU;Velocidade Incompatível;Saída de leito carroçável;Com Vítimas Feridas;Pleno dia;Decrescente;Céu Claro;Dupla;Curva;-7,1910467;-35,1838983
10/02/2026;15:30:00;PRACUUBA;Acumulo de água sobre o pavimento;Saída de leito carroçável;Com Vítimas Feridas;Pleno dia;Crescente;Chuva;Simples;Curva;1,803024;-50,878418
10/02/2026;14:00:00;DUQUE DE CAXIAS;Pista Escorregadia;Tombamento;Com Vítimas Feridas;Pleno dia;Decrescente;Chuva;Dupla;Reta;-22,67045102;-43,27445736
10/02/2026;15:50:00;GURINHATA;Chuva;Saída de leito carroçável;Com Vítimas Feridas;Pleno dia;Crescente;Chuva;Dupla;Interseção de Vias;-18,931446;-49,838519
10/02/2026;17:10:00;CRISTALINA;Chuva;Saída de leito carroçável;Com Vítimas Feridas;Pleno dia;Decrescente;Chuva;Dupla;Reta;-16,816712;-47,670122
10/02/2026;11:00:00;MONTE NEGRO;Ultrapassagem Indevida;Colisão frontal;Com Vítimas Fatais;Pleno dia;Decrescente;Nublado;Simples;"Declive;Reta";-10,25203;-63,280763
10/02/2026;17:50:00;INHAPIM;Acumulo de água sobre o pavimento;Colisão frontal;Com Vítimas Feridas;Anoitecer;Crescente;Chuva;Simples;Reta;-19,516692;-42,128172
10/02/2026;14:38:00;ACREUNA;Chuva;Saída de leito carroçável;Com Vítimas Feridas;Pleno dia;Crescente;Chuva;Dupla;Curva;-17,37527;-50,356432
10/02/2026;18:25:00;CHAPECO;Conversão proibida;Colisão transversal;Com Vítimas Feridas;Pleno dia;Crescente;Sol;Simples;Interseção de Vias;-27,05535491;-52,61993408
10/02/2026;15:40:00;REGISTRO;Velocidade Incompatível;Saída de leito carroçável;Com Vítimas Feridas;Pleno dia;Decrescente;Chuva;Dupla;Reta;-24,55681414;-47,86576049
10/02/2026;19:00:00;JABOATAO DOS GUARARAPES;Acumulo de água sobre o pavimento;Queda de ocupante de veículo;Com Vítimas Feridas;Plena Noite;Crescente;Céu Claro;Dupla;Reta;-8,14224;-34,94652
10/02/2026;19:00:00;ARIQUEMES;Velocidade Incompatível;Saída de leito carroçável;Com Vítimas Feridas;Plena Noite;Decrescente;Nublado;Simples;Reta;-10,279752;-62,680855
10/02/2026;18:06:00;JUSCIMEIRA;Chuva;Saída de leito carroçável;Sem Vítimas;Pleno dia;Decrescente;Chuva;Dupla;"Declive;Curva";-16,168638;-54,793128
10/02/2026;21:40:00;MAMANGUAPE;Animais na Pista;Atropelamento de Animal;Com Vítimas Feridas;Plena Noite;Decrescente;Céu Claro;Dupla;"Declive;Reta";-6,869427;-35,132712
10/02/2026;21:35:00;XAMBIOA;Animais na Pista;Atropelamento de Animal;Com Vítimas Fatais;Plena Noite;Decrescente;Céu Claro;Simples;Reta;-6,45483;-48,50372
10/02/2026;21:40:00;CORONEL FABRICIANO;Retorno proibido;Colisão transversal;Com Vítimas Feridas;Plena Noite;Decrescente;Chuva;Simples;Curva;-19,532399;-42,599685
10/02/2026;21:50:00;VACARIA;Iluminação deficiente;Colisão com objeto;Sem Vítimas;Plena Noite;Crescente;Céu Claro;Simples;Reta;-28,49573;-50,95324
10/02/2026;23:00:00;CACAPAVA;Animais na Pista;Atropelamento de Animal;Com Vítimas Feridas;Plena Noite;Decrescente;Chuva;Dupla;Reta;-23,1123047;-45,70593193
10/02/2026;20:00:00;ITABERABA;Velocidade Incompatível;Saída de leito carroçável;Com Vítimas Fatais;Plena Noite;Decrescente;Céu Claro;Simples;Curva;-12,51057;-40,44094
10/02/2026;20:00:00;CONQUISTA DOESTE;Animais na Pista;Atropelamento de Animal;Com Vítimas Feridas;Plena Noite;Decrescente;Céu Claro;Simples;Reta;-14,814817;-59,322543
10/02/2026;04:30:00;PORTO MURTINHO;Animais na Pista;Atropelamento de Animal;Com Vítimas Feridas;Amanhecer;Decrescente;Céu Claro;Simples;Reta;-21,710196;-57,7294727
09/02/2026;05:20:00;TRES MARIAS;Redutor de velocidade em desacordo;Colisão com objeto;Sem Vítimas;Amanhecer;Decrescente;Chuva;Simples;Declive;-18,3528714;-45,0933283
09/02/2026;07:50:00;RIO CRESPO;Ultrapassagem Indevida;Colisão lateral sentido oposto;Com Vítimas Feridas;Pleno dia;Crescente;Nublado;Simples;Curva;-9,650288;-63,0755943
09/02/2026;08:30:00;CAMPO VERDE;Chuva;Tombamento;Sem Vítimas;Pleno dia;Crescente;Chuva;Simples;Curva;-15,46741255;-54,94460106
09/02/2026;05:10:00;HIDROLANDIA;Ausência de sinalização;Colisão com objeto;Com Vítimas Feridas;Plena Noite;Decrescente;Céu Claro;Dupla;Reta;-17,059283;-49,225736
09/02/2026;10:20:00;CAMPO GRANDE;Conversão proibida;Colisão transversal;Com Vítimas Fatais;Pleno dia;Crescente;Céu Claro;Dupla;Reta;-20,41244;-54,71539
09/02/2026;06:25:00;SABARA;Chuva;Colisão lateral sentido oposto;Com Vítimas Feridas;Amanhecer;Crescente;Chuva;Simples;Curva;-19,78696533;-43,70068498
09/02/2026;11:30:00;PATOS DE MINAS;Acumulo de água sobre o pavimento;Tombamento;Com Vítimas Feridas;Pleno dia;Decrescente;Chuva;Simples;"Curva;Declive";-18,63412823;-46,35882211
09/02/2026;11:00:00;BARRA MANSA;Pista Escorregadia;Tombamento;Sem Vítimas;Pleno dia;Crescente;Chuva;Simples;Curva;-22,45185829;-44,30066966
09/02/2026;16:22:00;RIBEIRAO DAS NEVES;Condutor usando celular;Colisão traseira;Com Vítimas Fatais;Pleno dia;Decrescente;Nublado;Dupla;"Reta;Aclive";-19,79772;-44,10671
09/02/2026;13:30:00;IBAITI;Curva acentuada;Tombamento;Com Vítimas Feridas;Pleno dia;Decrescente;Nublado;Simples;Curva;-23,96820433;-50,23564752
09/02/2026;16:30:00;CAMPANHA;Ultrapassagem Indevida;Colisão lateral mesmo sentido;Sem Vítimas;Pleno dia;Crescente;Chuva;Dupla;Reta;-21,8308632;-45,4979942
09/02/2026;21:30:00;BARRA MANSA;Acumulo de água sobre o pavimento;Colisão transversal;Com Vítimas Feridas;Plena Noite;Crescente;Chuva;Múltipla;Curva;-22,559286;-44,123674
09/02/2026;21:30:00;PLANALTO;Declive acentuado;Tombamento;Com Vítimas Feridas;Plena Noite;Decrescente;Céu Claro;Simples;Reta;-14,68017759;-40,5205071
09/02/2026;23:30:00;PIRACANJUBA;Pista esburacada;Saída de leito carroçável;Com Vítimas Feridas;Plena Noite;Crescente;Chuva;Dupla;Declive;-17,442018;-49,231932
09/02/2026;01:10:00;SAO JOSE DA VITORIA;Velocidade Incompatível;Colisão traseira;Com Vítimas Fatais;Plena Noite;Crescente;Céu Claro;Simples;Interseção de Vias;-15,08244161;-39,34030294
09/02/2026;05:20:00;NOSSA SENHORA DO SOCORRO;Ultrapassagem Indevida;Colisão frontal;Com Vítimas Feridas;Pleno dia;Crescente;Céu Claro;Simples;"Declive;Viaduto";-10,8843745;-37,1336593
09/02/2026;05:00:00;MIRACATU;Demais falhas na via;Tombamento;Com Vítimas Feridas;Plena Noite;Decrescente;Nublado;Dupla;Curva;-24,02605101;-47,17298736
09/02/2026;06:50:00;PALHOCA;Velocidade Incompatível;Queda de ocupante de veículo;Com Vítimas Feridas;Pleno dia;Decrescente;Nublado;Dupla;Reta;-27,70338744;-48,65876645
09/02/2026;07:20:00;BLUMENAU;Acesso irregular;Colisão lateral mesmo sentido;Com Vítimas Feridas;Pleno dia;Crescente;Céu Claro;Simples;Reta;-26,88431302;-49,14833514
09/02/2026;06:30:00;PIRACANJUBA;Pista esburacada;Tombamento;Com Vítimas Feridas;Amanhecer;Crescente;Nublado;Dupla;Reta;-17,485345;-49,209965
09/02/2026;03:40:00;MIRASSOL DOESTE;Animais na Pista;Atropelamento de Animal;Sem Vítimas;Plena Noite;Decrescente;Nublado;Simples;Reta;-15,82198414;-58,03218842
09/02/2026;08:10:00;SETE LAGOAS;Chuva;Saída de leito carroçável;Com Vítimas Feridas;Pleno dia;Decrescente;Chuva;Dupla;Reta;-19,45005692;-44,31695879
09/02/2026;07:10:00;CRUZEIRO DO SUL;Ultrapassagem Indevida;Colisão traseira;Com Vítimas Feridas;Pleno dia;Crescente;Céu Claro;Simples;Curva;-7,659737;-72,647704
09/02/2026;10:00:00;ALHANDRA;Acostamento em desnível;Queda de ocupante de veículo;Com Vítimas Feridas;Pleno dia;Crescente;Céu Claro;Dupla;Reta;-7,3337565;-34,9476738
09/02/2026;10:20:00;MARECHAL FLORIANO;Velocidade Incompatível;Tombamento;Com Vítimas Feridas;Pleno dia;Crescente;Céu Claro;Simples;Curva;-20,42353858;-40,79893682
09/02/2026;08:44:00;PORTO ALEGRE;Faixas de trânsito com largura insuficiente;Colisão lateral sentido oposto;Sem Vítimas;Pleno dia;Crescente;Sol;Simples;Reta;-29,98891977;-51,26334278
09/02/2026;11:05:00;QUARAI;Velocidade Incompatível;Saída de leito carroçável;Com Vítimas Feridas;Pleno dia;Decrescente;Céu Claro;Simples;Reta;-30,39224;-56,43455
09/02/2026;12:50:00;PELOTAS;Ultrapassagem Indevida;Colisão lateral mesmo sentido;Com Vítimas Feridas;Pleno dia;Decrescente;Céu Claro;Dupla;Reta;-31,69735454;-52,35766411
09/02/2026;12:10:00;IMBITUVA;Ultrapassagem Indevida;Colisão frontal;Com Vítimas Feridas;Pleno dia;Crescente;Sol;Simples;"Reta;Aclive";-25,216892;-50,592
09/02/2026;12:00:00;IVINHEMA;Pista esburacada;Saída de leito carroçável;Com Vítimas Feridas;Pleno dia;Crescente;Sol;Simples;Reta;-22,383495;-53,66312
09/02/2026;13:00:00;TRES RIOS;Chuva;Saída de leito carroçável;Com Vítimas Feridas;Pleno dia;Crescente;Chuva;Dupla;Curva;-22,12814822;-43,15670935
09/02/2026;13:00:00;ITAPUA DO OESTE;Acumulo de água sobre o pavimento;Saída de leito carroçável;Com Vítimas Feridas;Pleno dia;Crescente;Chuva;Simples;Reta;-9,12351;-63,25699
09/02/2026;16:22:00;GUARULHOS;Chuva;Queda de ocupante de veículo;Com Vítimas Feridas;Pleno dia;Decrescente;Chuva;Múltipla;Reta;-23,454422;-46,47190746
09/02/2026;16:00:00;POUSO ALEGRE;Chuva;Colisão com objeto;Com Vítimas Feridas;Pleno dia;Crescente;Chuva;Dupla;Reta;-22,27717;-45,894285
09/02/2026;14:30:00;MURITIBA;Pista Escorregadia;Tombamento;Com Vítimas Feridas;Pleno dia;Decrescente;Chuva;Simples;Declive;-12,59782;-38,9974
09/02/2026;14:30:00;ANGRA DOS REIS;Chuva;Saída de leito carroçável;Com Vítimas Feridas;Pleno dia;Decrescente;Chuva;Simples;"Curva;Aclive";-22,95471695;-44,32355627
09/02/2026;17:00:00;CATALAO;Chuva;Saída de leito carroçável;Sem Vítimas;Pleno dia;Decrescente;Chuva;Dupla;"Reta;Aclive";-18,086132;-47,870378
09/02/2026;17:00:00;TIANGUA;Animais na Pista;Atropelamento de Animal;Com Vítimas Feridas;Pleno dia;Decrescente;Céu Claro;Múltipla;Curva;-3,71780534;-40,99297285
09/02/2026;17:19:00;POCINHOS;Animais na Pista;Atropelamento de Animal;Com Vítimas Feridas;Anoitecer;Crescente;Céu Claro;Simples;"Reta;Em Obras";-7,151593;-36,108855
09/02/2026;17:30:00;SAO MIGUEL DO OESTE;Conversão proibida;Colisão lateral mesmo sentido;Com Vítimas Feridas;Pleno dia;Decrescente;Céu Claro;Simples;Reta;-26,77228174;-53,46181065
09/02/2026;19:50:00;PATROCINIO;Deficiência do Sistema de Iluminação/Sinalização;Colisão frontal;Com Vítimas Feridas;Plena Noite;Decrescente;Chuva;Simples;Reta;-18,83880514;-46,84611452
09/02/2026;20:00:00;DELTA;Acesso irregular;Saída de leito carroçável;Com Vítimas Feridas;Plena Noite;Crescente;Chuva;Dupla;"Reta;Declive";-19,91127349;-47,83205355
09/02/2026;19:00:00;ANGRA DOS REIS;Chuva;Queda de ocupante de veículo;Com Vítimas Feridas;Plena Noite;Decrescente;Chuva;Simples;Curva;-23,004465;-44,259344
09/02/2026;20:50:00;UBERABA;Chuva;Colisão com objeto;Sem Vítimas;Plena Noite;Decrescente;Céu Claro;Dupla;Reta;-19,7031472;-47,9854795
09/02/2026;19:28:00;SAO LUIS;Afundamento ou ondulação no pavimento;Tombamento;Com Vítimas Feridas;Plena Noite;Decrescente;Céu Claro;Dupla;Reta;-2,633227;-44,313188
09/02/2026;22:50:00;SAO JOSE DOS CAMPOS;Acumulo de água sobre o pavimento;Colisão com objeto;Com Vítimas Feridas;Plena Noite;Decrescente;Chuva;Dupla;Reta;-23,23700979;-45,91834512
09/02/2026;23:30:00;RIO VERDE;Chuva;Saída de leito carroçável;Sem Vítimas;Plena Noite;Decrescente;Chuva;Dupla;Reta;-17,72805401;-50,86530883
09/02/2026;03:35:00;VIANA;Velocidade Incompatível;Colisão com objeto;Com Vítimas Feridas;Plena Noite;Decrescente;Céu Claro;Simples;Reta;-20,39286959;-40,4841345
09/02/2026;14:00:00;SAO JOSE;Deficiência do Sistema de Iluminação/Sinalização;Colisão com objeto;Sem Vítimas;Pleno dia;Não Informado;Sol;Simples;"Declive;Interseção de Vias";-27,57444442;-48,6129216
08/02/2026;01:13:00;MIRACATU;Velocidade Incompatível;Tombamento;Com Vítimas Feridas;Plena Noite;Crescente;Ignorado;Dupla;Curva;-24,11947261;-47,26567268
08/02/2026;02:30:00;GRAO MOGOL;Velocidade Incompatível;Saída de leito carroçável;Com Vítimas Feridas;Plena Noite;Decrescente;Céu Claro;Simples;"Curva;Declive";-16,325168;-43,122734
08/02/2026;05:24:00;GRAO MOGOL;Ausência de sinalização;Colisão lateral mesmo sentido;Com Vítimas Feridas;Pleno dia;Crescente;Céu Claro;Simples;Curva;-16,325164;-43,12274
08/02/2026;05:00:00;JUAZEIRO;Chuva;Colisão lateral sentido oposto;Sem Vítimas;Amanhecer;Crescente;Chuva;Simples;Reta;-9,80057;-40,322372
08/02/2026;09:00:00;ITAJA;Velocidade Incompatível;Colisão frontal;Com Vítimas Feridas;Pleno dia;Crescente;Nublado;Simples;Reta;-5,65958;-36,75733
08/02/2026;14:00:00;CACOAL;Ultrapassagem Indevida;Colisão frontal;Com Vítimas Feridas;Pleno dia;Crescente;Céu Claro;Simples;"Reta;Aclive";-11,438201;-61,550483
08/02/2026;15:00:00;PATOS DE MINAS;Chuva;Colisão com objeto;Com Vítimas Feridas;Pleno dia;Crescente;Chuva;Simples;Reta;-18,54;-46,196
08/02/2026;17:20:00;ITAMONTE;Velocidade Incompatível;Colisão frontal;Com Vítimas Feridas;Pleno dia;Decrescente;Garoa/Chuvisco;Simples;"Curva;Declive";-22,33761;-44,825966
08/02/2026;18:00:00;ORTIGUEIRA;Pista Escorregadia;Colisão transversal;Com Vítimas Feridas;Anoitecer;Crescente;Chuva;Dupla;Reta;-24,36275;-50,80965
08/02/2026;20:00:00;CACHOEIRA ALTA;Acumulo de água sobre o pavimento;Colisão frontal;Com Vítimas Feridas;Plena Noite;Crescente;Chuva;Simples;"Reta;Ponte;Em Obras";-18,30128496;-51,14682823
08/02/2026;04:18:00;NOVO PROGRESSO;Ultrapassagem Indevida;Colisão lateral sentido oposto;Com Vítimas Feridas;Plena Noite;Decrescente;Céu Claro;Simples;"Reta;Aclive";-6,5138863;-55,5385849
08/02/2026;14:10:00;JAGUAQUARA;Ultrapassagem Indevida;Colisão lateral mesmo sentido;Com Vítimas Feridas;Pleno dia;Crescente;Céu Claro;Simples;"Reta;Declive";-13,48311873;-40,04241943
08/02/2026;01:30:00;ATIBAIA;Ausência de sinalização;Colisão com objeto;Sem Vítimas;Plena Noite;Decrescente;Nublado;Múltipla;Reta;-23,1178965;-46,57350987
08/02/2026;02:20:00;AGUAS MORNAS;Velocidade Incompatível;Saída de leito carroçável;Com Vítimas Feridas;Plena Noite;Decrescente;Nublado;Simples;Reta;-27,703445;-48,83079
08/02/2026;04:30:00;ITABAIANA;Velocidade Incompatível;Colisão traseira;Com Vítimas Fatais;Plena Noite;Decrescente;Céu Claro;Simples;"Reta;Declive";-10,725029;-37,416649
08/02/2026;06:05:00;DOMINGOS MARTINS;Velocidade Incompatível;Saída de leito carroçável;Com Vítimas Fatais;Pleno dia;Decrescente;Céu Claro;Simples;Curva;-20,3797773;-40,6119937