data_inversa;horario;municipio;causa_acidente;tipo_acidente;classificacao_acidente;fase_dia;sentido_via;condicao_metereologica;tipo_pista;tracado_via;latitude;longitude
06/02/2026;18:30:00;SANTA VITORIA;Velocidade Incompatível;Colisão frontal;Com Vítimas Feridas;Anoitecer;Crescente;Céu Claro;Simples;Reta;-18,891385;-50,165168
06/02/2026;18:30:00;SAO JOSE DOS CAMPOS;Acumulo de água sobre o pavimento;Colisão com objeto;Com Vítimas Feridas;Plena Noite;Decrescente;Chuva;Múltipla;"Reta;Em Obras";-23,244931;-45,927263
06/02/2026;19:57:00;CABEDELO;Acostamento em desnível;Tombamento;Com Vítimas Feridas;Plena Noite;Decrescente;Nublado;Dupla;"Reta;Interseção de Vias";-7,0583279;-34,8506059
06/02/2026;20:00:00;PARANAGUA;Animais na Pista;Atropelamento de Animal;Com Vítimas Feridas;Plena Noite;Crescente;Céu Claro;Dupla;Reta;-25,550165;-48,550256
06/02/2026;20:30:00;ANAPOLIS;Velocidade Incompatível;Colisão traseira;Com Vítimas Feridas;Plena Noite;Crescente;Nublado;Dupla;"Reta;Interseção de Vias";-16,315361;-48,92164
06/02/2026;18:40:00;MANCIO LIMA;Ultrapassagem Indevida;Colisão lateral sentido oposto;Com Vítimas Feridas;Plena Noite;Não Informado;Nublado;Simples;Reta;-7,64938642;-72,83575058
06/02/2026;22:30:00;NOVA SERRANA;Conversão proibida;Colisão lateral mesmo sentido;Com Vítimas Feridas;Plena Noite;Decrescente;Vento;Dupla;Reta;-19,87082926;-44,98398099
06/02/2026;22:00:00;LAGOA DO PIAUI;Demais Fenômenos da natureza;Colisão com objeto;Com Vítimas Feridas;Plena Noite;Crescente;Vento;Simples;Reta;-5,47933557;-42,63825417
06/02/2026;23:45:00;LONDRINA;Conversão proibida;Colisão traseira;Com Vítimas Feridas;Plena Noite;Decrescente;Céu Claro;Simples;Reta;-23,29291519;-51,09679498
06/02/2026;18:30:00;ANGRA DOS REIS;Velocidade Incompatível;Colisão frontal;Com Vítimas Feridas;Plena Noite;Decrescente;Chuva;Simples;Reta;-23,03141588;-44,17687867
06/02/2026;16:22:00;CARACARAI;Ultrapassagem Indevida;Colisão lateral mesmo sentido;Com Vítimas Feridas;Pleno dia;Decrescente;Céu Claro;Simples;Reta;1,83021049;-61,12801552
06/02/2026;23:05:00;SABARA;Demais falhas na via;Atropelamento de Pedestre;Com Vítimas Feridas;Plena Noite;Decrescente;Nublado;Simples;Reta;-19,79685;-43,7557
06/02/2026;15:30:00;RIACHAO DO BACAMARTE;Velocidade Incompatível;Saída de leito carroçável;Sem Vítimas;Anoitecer;Crescente;Céu Claro;Simples;"Aclive;Reta";-7,247615;-35,679318
05/02/2026;02:30:00;TRES MARIAS;Pista esburacada;Colisão lateral sentido oposto;Com Vítimas Feridas;Plena Noite;Crescente;Chuva;Simples;Aclive;-18,520874;-45,07474
05/02/2026;06:30:00;ITAPEVA;Velocidade Incompatível;Saída de leito carroçável;Com Vítimas Feridas;Pleno dia;Crescente;Céu Claro;Dupla;Curva;-22,77174971;-46,20574951
05/02/2026;05:40:00;TEODORO SAMPAIO;Curva acentuada;Capotamento;Com Vítimas Feridas;Amanhecer;Decrescente;Céu Claro;Simples;Curva;-12,27023127;-38,67324829
05/02/2026;07:00:00;SAO SEBASTIAO DO PASSE;Demais falhas na via;Colisão lateral mesmo sentido;Sem Vítimas;Pleno dia;Decrescente;Céu Claro;Múltipla;Reta;-12,57756404;-38,53874803
05/02/2026;17:14:00;TEREZOPOLIS DE GOIAS;Ultrapassagem Indevida;Colisão lateral mesmo sentido;Com Vítimas Feridas;Pleno dia;Decrescente;Nublado;Dupla;Reta;-16,486583;-49,095152
05/02/2026;08:40:00;TRES RIOS;Velocidade Incompatível;Tombamento;Com Vítimas Fatais;Pleno dia;Decrescente;Nublado;Simples;Curva;-22,11108807;-43,08288574
05/02/2026;13:08:00;GUARAPUAVA;Ultrapassagem Indevida;Colisão lateral sentido oposto;Com Vítimas Feridas;Pleno dia;Crescente;Céu Claro;Simples;"Reta;Aclive";-25,353179;-51,364408
05/02/2026;20:35:00;CIANORTE;Acesso irregular;Colisão transversal;Com Vítimas Fatais;Plena Noite;Crescente;Céu Claro;Simples;"Reta;Declive";-23,938288;-52,670348
05/02/2026;20:50:00;ITAITUBA;Falta de acostamento;Colisão transversal;Com Vítimas Feridas;Plena Noite;Crescente;Nublado;Simples;Curva;-4,50521;-55,866242
05/02/2026;21:00:00;UBERLANDIA;Velocidade Incompatível;Tombamento;Com Vítimas Feridas;Plena Noite;Decrescente;Nublado;Dupla;Curva;-18,779578;-48,23872
05/02/2026;20:57:00;SAPUCAIA DO SUL;Condutor usando celular;Colisão traseira;Com Vítimas Feridas;Plena Noite;Decrescente;Céu Claro;Múltipla;"Reta;Aclive;Viaduto";-29,819921;-51,170513
05/02/2026;20:45:00;FERNANDES PINHEIRO;Velocidade Incompatível;Tombamento;Com Vítimas Feridas;Plena Noite;Decrescente;Céu Claro;Simples;"Curva;Declive";-25,47070863;-50,46689987
05/02/2026;16:45:00;BARRA MANSA;Velocidade Incompatível;Colisão traseira;Com Vítimas Feridas;Pleno dia;Crescente;Chuva;Dupla;"Aclive;Curva";-22,56139546;-44,17185036
05/02/2026;01:00:00;CAMPOS DOS GOYTACAZES;Acumulo de água sobre o pavimento;Saída de leito carroçável;Com Vítimas Feridas;Plena Noite;Decrescente;Chuva;Dupla;Curva;-21,83536842;-41,50360107
05/02/2026;06:10:00;UBIRATA;Afundamento ou ondulação no pavimento;Queda de ocupante de veículo;Com Vítimas Feridas;Amanhecer;Crescente;Céu Claro;Simples;Curva;-24,5304333;-52,9475183
05/02/2026;07:35:00;MORRETES;Velocidade Incompatível;Saída de leito carroçável;Com Vítimas Feridas;Pleno dia;Decrescente;Sol;Dupla;"Aclive;Retorno Regulamentado";-25,53332912;-48,75624983
05/02/2026;06:30:00;SANTA CRUZ;Velocidade Incompatível;Saída de leito carroçável;Com Vítimas Feridas;Pleno dia;Decrescente;Céu Claro;Simples;Curva;-6,24869528;-35,9370549
05/02/2026;07:35:00;FOZ DO IGUACU;Retorno proibido;Colisão lateral mesmo sentido;Com Vítimas Feridas;Pleno dia;Crescente;Céu Claro;Simples;Reta;-25,534031;-54,528401
05/02/2026;09:50:00;ITATIAIUCU;Velocidade Incompatível;Capotamento;Com Vítimas Feridas;Pleno dia;Crescente;Chuva;Dupla;Reta;-20,170991;-44,373311
05/02/2026;05:00:00;SAO GONCALO;Animais na Pista;Atropelamento de Animal;Com Vítimas Fatais;Amanhecer;Decrescente;Nublado;Dupla;Reta;-22,78456273;-42,98483418
05/02/2026;10:58:00;ITAPISSUMA;Acesso irregular;Colisão lateral mesmo sentido;Com Vítimas Feridas;Pleno dia;Crescente;Céu Claro;Dupla;Reta;-7,7980519;-34,9270535
05/02/2026;10:25:00;PAULISTA;Acesso irregular;Colisão lateral mesmo sentido;Com Vítimas Feridas;Pleno dia;Decrescente;Céu Claro;Dupla;"Reta;Interseção de Vias";-7,9208853;-34,893867
05/02/2026;13:00:00;PARACATU;Acumulo de água sobre o pavimento;Saída de leito carroçável;Com Vítimas Feridas;Pleno dia;Crescente;Garoa/Chuvisco;Simples;"Reta;Declive";-17,41502079;-46,71603268
05/02/2026;06:50:00;PARIQUERA-ACU;Chuva;Queda de ocupante de veículo;Com Vítimas Feridas;Pleno dia;Decrescente;Chuva;Simples;"Declive;Curva";-24,62097925;-47,89277825
05/02/2026;16:09:00;IGARASSU;Animais na Pista;Tombamento;Com Vítimas Feridas;Pleno dia;Decrescente;Céu Claro;Múltipla;Reta;-7,854038;-34,908973
05/02/2026;14:00:00;TIANGUA;Chuva;Tombamento;Sem Vítimas;Pleno dia;Decrescente;Chuva;Dupla;Reta;-3,70404769;-40,97617149
05/02/2026;16:15:00;MARECHAL CANDIDO RONDON;Acumulo de areia ou detritos sobre o pavimento;Queda de ocupante de veículo;Com Vítimas Feridas;Pleno dia;Decrescente;Sol;Simples;Rotatória;-24,50580096;-54,12924707
05/02/2026;17:40:00;SIMAO PEREIRA;Pista Escorregadia;Tombamento;Com Vítimas Feridas;Pleno dia;Decrescente;Nublado;Dupla;"Curva;Retorno Regulamentado;Aclive";-21,98566881;-43,28139989
05/02/2026;18:11:00;ILHOTA;Ultrapassagem Indevida;Colisão lateral mesmo sentido;Com Vítimas Feridas;Anoitecer;Decrescente;Céu Claro;Dupla;Reta;-26,890451;-48,883112
05/02/2026;19:15:00;GOIANIA;Animais na Pista;Atropelamento de Animal;Com Vítimas Feridas;Plena Noite;Crescente;Céu Claro;Dupla;Curva;-16,737272;-49,406453
05/02/2026;17:20:00;SANTANA DO PARAISO;Velocidade Incompatível;Saída de leito carroçável;Com Vítimas Feridas;Pleno dia;Decrescente;Céu Claro;Simples;Reta;-19,44490308;-42,51296997
05/02/2026;19:50:00;PETROLINA;Animais na Pista;Atropelamento de Animal;Com Vítimas Feridas;Plena Noite;Decrescente;Céu Claro;Dupla;Reta;-9,32894685;-40,46444742
05/02/2026;21:02:00;PETROLINA;Retorno proibido;Colisão transversal;Com Vítimas Feridas;Plena Noite;Crescente;Céu Claro;Múltipla;Ponte;-9,40593467;-40,50449657
05/02/2026;18:15:00;JI-PARANA;Acesso irregular;Atropelamento de Pedestre;Com Vítimas Feridas;Pleno dia;Crescente;Chuva;Dupla;Reta;-10,877718;-61,946938
05/02/2026;21:00:00;SANTOS DUMONT;Acumulo de água sobre o pavimento;Colisão frontal;Com Vítimas Feridas;Plena Noite;Crescente;Chuva;Simples;"Curva;Aclive";-21,49155677;-43,53570398
05/02/2026;19:55:00;ARIQUEMES;Acostamento em desnível;Tombamento;Com Vítimas Feridas;Plena Noite;Crescente;Céu Claro;Simples;Reta;-9,864597;-63,058093
05/02/2026;21:15:00;PRIMAVERA DO LESTE;Ultrapassagem Indevida;Saída de leito carroçável;Sem Vítimas;Plena Noite;Decrescente;Céu Claro;Simples;Reta;-15,5734764;-54,31846619
05/02/2026;20:00:00;SAPUCAIA;Acumulo de água sobre o pavimento;Colisão frontal;Com Vítimas Fatais;Plena Noite;Crescente;Chuva;Simples;Reta;-21,88557156;-42,6943671
04/02/2026;01:15:00;DIVINO;Velocidade Incompatível;Tombamento;Com Vítimas Feridas;Plena Noite;Decrescente;Chuva;Simples;"Curva;Declive";-20,64097;-42,24441
04/02/2026;12:17:00;CHAPECO;Velocidade Incompatível;Saída de leito carroçável;Com Vítimas Feridas;Pleno dia;Crescente;Céu Claro;Múltipla;Reta;-27,0346017;-52,6339815
04/02/2026;13:00:00;GUARANTA DO NORTE;Velocidade Incompatível;Tombamento;Com Vítimas Feridas;Pleno dia;Decrescente;Céu Claro;Simples;"Curva;Declive";-9,75964037;-54,89571818
04/02/2026;23:30:00;CORREGO DANTA;Velocidade Incompatível;Tombamento;Com Vítimas Feridas;Plena Noite;Decrescente;Chuva;Simples;"Curva;Declive";-19,74126;-45,94348
04/02/2026;23:00:00;RIO CASCA;Afundamento ou ondulação no pavimento;Queda de ocupante de veículo;Com Vítimas Feridas;Plena Noite;Decrescente;Chuva;Simples;Curva;-20,21806629;-42,65147924
04/02/2026;13:30:00;ARAQUARI;Ultrapassagem Indevida;Colisão transversal;Com Vítimas Feridas;Pleno dia;Crescente;Céu Claro;Simples;Reta;-26,39647021;-48,74019949
04/02/2026;01:29:00;RIO BRANCO;Animais na Pista;Engavetamento;Com Vítimas Feridas;Plena Noite;Decrescente;Garoa/Chuvisco;Dupla;Reta;-9,90501266;-67,89182246
04/02/2026;05:55:00;SALVADOR;Pista Escorregadia;Tombamento;Com Vítimas Feridas;Pleno dia;Crescente;Céu Claro;Múltipla;"Curva;Aclive";-12,890641;-38,445234
04/02/2026;07:30:00;NOVA IGUACU;Desvio temporário;Queda de ocupante de veículo;Com Vítimas Feridas;Pleno dia;Decrescente;Nublado;Dupla;Reta;-22,7438894;-43,45298767
04/02/2026;08:30:00;UBERLANDIA;Chuva;Saída de leito carroçável;Com Vítimas Feridas;Pleno dia;Decrescente;Chuva;Dupla;"Ponte;Declive";-18,89040306;-48,43346886
04/02/2026;10:12:00;NATAL;Conversão proibida;Colisão transversal;Com Vítimas Feridas;Pleno dia;Crescente;Céu Claro;Dupla;Reta;-5,811;-35,245
04/02/2026;12:53:00;SAO JOSE DE MIPIBU;Conversão proibida;Colisão frontal;Com Vítimas Feridas;Pleno dia;Crescente;Céu Claro;Simples;Curva;-6,05614861;-35,24259567
04/02/2026;14:00:00;RIO CASCA;Acumulo de água sobre o pavimento;Colisão frontal;Com Vítimas Feridas;Pleno dia;Crescente;Chuva;Simples;Curva;-20,05728845;-42,72027971
04/02/2026;14:30:00;SAO JOSE DOS PINHAIS;Velocidade Incompatível;Colisão traseira;Com Vítimas Feridas;Pleno dia;Decrescente;Céu Claro;Dupla;"Reta;Aclive";-25,50367981;-49,14580313
04/02/2026;13:00:00;OLINDINA;Velocidade Incompatível;Colisão frontal;Com Vítimas Fatais;Pleno dia;Crescente;Céu Claro;Simples;Reta;-11,51729291;-38,29692078
04/02/2026;16:05:00;CAUCAIA;Animais na Pista;Atropelamento de Animal;Com Vítimas Feridas;Pleno dia;Decrescente;Nublado;Múltipla;Reta;-3,73189951;-38,75994299
04/02/2026;15:20:00;PARATY;Pista Escorregadia;Colisão transversal;Com Vítimas Feridas;Pleno dia;Crescente;Chuva;Simples;Reta;-23,15479173;-44,70263656
04/02/2026;17:39:00;OLIVEIRA;Acumulo de água sobre o pavimento;Saída de leito carroçável;Com Vítimas Fatais;Pleno dia;Decrescente;Chuva;Dupla;Reta;-20,71543261;-44,75946809
04/02/2026;15:30:00;VILHENA;Ultrapassagem Indevida;Colisão frontal;Com Vítimas Feridas;Pleno dia;Decrescente;Céu Claro;Simples;Interseção de Vias;-12,734;-60,155
04/02/2026;18:30:00;IGARAPE;Chuva;Saída de leito carroçável;Com Vítimas Feridas;Plena Noite;Decrescente;Chuva;Dupla;Curva;-20,08352021;-44,3084812
04/02/2026;18:30:00;BLUMENAU;Velocidade Incompatível;Colisão com objeto;Com Vítimas Feridas;Pleno dia;Decrescente;Nublado;Simples;"Reta;Em Obras";-26,87655491;-49,12089229
04/02/2026;19:45:00;JOAO PESSOA;Velocidade Incompatível;Colisão traseira;Com Vítimas Feridas;Plena Noite;Decrescente;Céu Claro;Dupla;Reta;-7,13;-34,854
04/02/2026;18:50:00;GOIATUBA;Velocidade Incompatível;Saída de leito carroçável;Com Vítimas Feridas;Anoitecer;Crescente;Céu Claro;Dupla;Reta;-18,12307408;-49,28261876
04/02/2026;20:40:00;RIO BRANCO;Acumulo de areia ou detritos sobre o pavimento;Tombamento;Com Vítimas Feridas;Plena Noite;Crescente;Céu Claro;Dupla;Reta;-9,953502;-67,862838
04/02/2026;21:20:00;PEDRA PRETA;Ausência de sinalização;Saída de leito carroçável;Com Vítimas Feridas;Plena Noite;Crescente;Céu Claro;Múltipla;Curva;-16,788088;-54,168528
04/02/2026;18:30:00;CACERES;Acumulo de água sobre o pavimento;Saída de leito carroçável;Sem Vítimas;Pleno dia;Crescente;Chuva;Simples;Curva;-16,16457765;-57,35290423
04/02/2026;10:00:00;CAMPINA GRANDE;Retorno proibido;Colisão transversal;Com Vítimas Feridas;Pleno dia;Crescente;Sol;Simples;Reta;-7,282212;-35,889028
03/02/2026;00:55:00;SAO MATEUS DO SUL;Velocidade Incompatível;Colisão frontal;Com Vítimas Fatais;Plena Noite;Decrescente;Céu Claro;Simples;Reta;-25,89703;-50,43833
03/02/2026;07:20:00;PRADO;Acostamento em desnível;Colisão lateral mesmo sentido;Com Vítimas Feridas;Pleno dia;Decrescente;Céu Claro;Simples;Reta;-17,14021353;-39,56854248
03/02/2026;05:30:00;PORTO SEGURO;Demais falhas na via;Colisão frontal;Com Vítimas Feridas;Amanhecer;Crescente;Céu Claro;Simples;Reta;-16,4266;-39,098567
03/02/2026;10:40:00;CAREACU;Sinalização mal posicionada;Colisão traseira;Com Vítimas Feridas;Pleno dia;Crescente;Chuva;Dupla;"Declive;Curva";-22,02063;-45,6818
03/02/2026;04:50:00;MARTINS SOARES;Acumulo de água sobre o pavimento;Colisão frontal;Com Vítimas Feridas;Amanhecer;Crescente;Chuva;Simples;"Curva;Declive";-20,2554133;-41,7808933
03/02/2026;08:00:00;ITAGUAI;Animais na Pista;Colisão lateral mesmo sentido;Com Vítimas Feridas;Pleno dia;Crescente;Céu Claro;Dupla;Reta;-22,85890867;-43,75939612
03/02/2026;11:10:00;BETIM;Ultrapassagem Indevida;Colisão lateral mesmo sentido;Com Vítimas Feridas;Pleno dia;Crescente;Nublado;Dupla;Reta;-19,981319;-44,16275
03/02/2026;11:30:00;BARRA DO PIRAI;Conversão proibida;Colisão transversal;Com Vítimas Feridas;Pleno dia;Crescente;Sol;Simples;Reta;-22,464807;-43,855924
03/02/2026;11:45:00;PORTO REAL DO COLEGIO;Velocidade Incompatível;Tombamento;Com Vítimas Feridas;Pleno dia;Crescente;Céu Claro;Dupla;Curva;-10,20203518;-36,81756115
03/02/2026;15:20:00;SENADOR JOSE BENTO;Restrição de visibilidade em curvas horizontais;Colisão transversal;Com Vítimas Feridas;Pleno dia;Crescente;Nublado;Simples;"Curva;Aclive;Interseção de Vias";-22,13343198;-46,15644962
03/02/2026;17:00:00;APODI;Acesso irregular;Colisão lateral mesmo sentido;Com Vítimas Fatais;Pleno dia;Crescente;Céu Claro;Simples;Reta;-5,70155513;-37,80252594
03/02/2026;18:15:00;ANTONINA;Chuva;Saída de leito carroçável;Com Vítimas Feridas;Plena Noite;Decrescente;Chuva;Dupla;"Curva;Declive";-25,113287;-48,758342
03/02/2026;19:15:00;CARANDAI;Acostamento em desnível;Saída de leito carroçável;Com Vítimas Feridas;Plena Noite;Decrescente;Chuva;Simples;"Reta;Declive";-20,92366;-43,82117
03/02/2026;22:00:00;ALTAMIRA;Ultrapassagem Indevida;Saída de leito carroçável;Com Vítimas Feridas;Plena Noite;Crescente;Nublado;Simples;Reta;-8,4372;-55,1164
03/02/2026;12:30:00;LAGES;Velocidade Incompatível;Saída de leito carroçável;Com Vítimas Feridas;Pleno dia;Crescente;Nublado;Simples;"Declive;Curva";-27,83180695;-50,38140647
03/02/2026;09:50:00;CURITIBA;Velocidade Incompatível;Engavetamento;Com Vítimas Feridas;Pleno dia;Decrescente;Sol;Dupla;Reta;-25,53997736;-49,31156365
03/02/2026;03:20:00;POUSO ALTO;Animais na Pista;Atropelamento de Animal;Com Vítimas Feridas;Plena Noite;Decrescente;Céu Claro;Simples;"Curva;Declive";-22,205612;-44,957812
03/02/2026;05:45:00;GUAPIMIRIM;Velocidade Incompatível;Colisão frontal;Com Vítimas Fatais;Plena Noite;Crescente;Céu Claro;Simples;Curva;-22,5359395;-42,9855591
03/02/2026;07:20:00;EUSEBIO;Acumulo de areia ou detritos sobre o pavimento;Queda de ocupante de veículo;Com Vítimas Feridas;Pleno dia;Crescente;Céu Claro;Múltipla;Retorno Regulamentado;-3,9185993;-38,5071546
03/02/2026;04:40:00;ACARI;Animais na Pista;Atropelamento de Animal;Com Vítimas Feridas;Plena Noite;Decrescente;Céu Claro;Simples;"Declive;Reta";-6,347212;-36,58915
03/02/2026;07:20:00;ALFREDO WAGNER;Velocidade Incompatível;Saída de leito carroçável;Com Vítimas Feridas;Pleno dia;Decrescente;Garoa/Chuvisco;Simples;Reta;-27,694173;-49,312033
03/02/2026;12:00:00;ANAPOLIS;Acesso irregular;Colisão transversal;Com Vítimas Feridas;Pleno dia;Crescente;Céu Claro;Simples;"Declive;Reta";-16,28299381;-48,94294882
03/02/2026;12:00:00;GUARAPARI;Acumulo de areia ou detritos sobre o pavimento;Colisão com objeto;Com Vítimas Feridas;Pleno dia;Crescente;Céu Claro;Dupla;"Curva;Viaduto";-20,62766342;-40,52785635
03/02/2026;11:00:00;BARRA DO GARCAS;Pista Escorregadia;Colisão lateral mesmo sentido;Com Vítimas Feridas;Pleno dia;Decrescente;Chuva;Simples;Declive;-15,88988803;-52,264494
03/02/2026;13:20:00;BETIM;Velocidade Incompatível;Saída de leito carroçável;Com Vítimas Feridas;Pleno dia;Crescente;Céu Claro;Dupla;Curva;-19,988779;-44,195671
03/02/2026;11:35:00;ANAPOLIS;Afundamento ou ondulação no pavimento;Tombamento;Com Vítimas Feridas;Pleno dia;Decrescente;Nublado;Dupla;Interseção de Vias;-16,360763;-48,932524
03/02/2026;13:30:00;JOAO PESSOA;Velocidade Incompatível;Engavetamento;Com Vítimas Feridas;Pleno dia;Decrescente;Sol;Dupla;Reta;-7,160522;-34,85977
03/02/2026;14:30:00;SANTA ISABEL;Chuva;Saída de leito carroçável;Com Vítimas Feridas;Pleno dia;Crescente;Chuva;Dupla;Curva;-23,36919392;-46,23683866
03/02/2026;15:15:00;SANTO ANTONIO DO DESCOBERTO;Acumulo de água sobre o pavimento;Saída de leito carroçável;Com Vítimas Feridas;Pleno dia;Decrescente;Chuva;Dupla;"Curva;Declive";-16,102893;-48,289478
03/02/2026;15:30:00;ANGRA DOS REIS;Chuva;Colisão transversal;Com Vítimas Feridas;Pleno dia;Decrescente;Chuva;Simples;Curva;-22,98087866;-44,4429779
03/02/2026;16:00:00;RIO LARGO;Acumulo de areia ou detritos sobre o pavimento;Colisão transversal;Com Vítimas Feridas;Pleno dia;Decrescente;Céu Claro;Dupla;Curva;-9,486918;-35,816636
03/02/2026;17:00:00;SAO MATEUS;Demais falhas na via;Tombamento;Com Vítimas Feridas;Pleno dia;Decrescente;Sol;Simples;Reta;-18,63742777;-39,87688271
03/02/2026;16:10:00;CAMPINA GRANDE DO SUL;Chuva;Saída de leito carroçável;Com Vítimas Feridas;Pleno dia;Crescente;Chuva;Dupla;"Curva;Aclive";-25,244244;-48,902538
03/02/2026;16:00:00;NOVA LIMA;Ultrapassagem Indevida;Colisão lateral mesmo sentido;Sem Vítimas;Pleno dia;Crescente;Chuva;Simples;Reta;-20,06776953;-43,981814
03/02/2026;16:30:00;IMBITUBA;Pista Escorregadia;Tombamento;Com Vítimas Feridas;Pleno dia;Decrescente;Chuva;Múltipla;"Viaduto;Retorno Regulamentado;Rotatória";-28,18169961;-48,69552612
03/02/2026;16:30:00;IGARAPE;Pista esburacada;Saída de leito carroçável;Sem Vítimas;Pleno dia;Decrescente;Céu Claro;Dupla;"Declive;Reta";-20,06206784;-44,29251608
03/02/2026;17:00:00;GENERAL CARNEIRO;Retorno proibido;Colisão transversal;Com Vítimas Feridas;Pleno dia;Crescente;Nublado;Simples;Interseção de Vias;-26,38567065;-51,2707758
03/02/2026;17:40:00;MORRETES;Chuva;Colisão com objeto;Sem Vítimas;Pleno dia;Crescente;Chuva;Dupla;Curva;-25,572765;-48,83323845
03/02/2026;18:20:00;GUAIRACA;Acesso irregular;Colisão transversal;Com Vítimas Feridas;Anoitecer;Decrescente;Céu Claro;Simples;"Reta;Interseção de Vias;Rotatória";-22,95412013;-52,70155398
03/02/2026;19:50:00;CAUCAIA;Retorno proibido;Colisão transversal;Com Vítimas Feridas;Plena Noite;Decrescente;Céu Claro;Simples;Reta;-3,77254472;-38,67509365
03/02/2026;19:43:00;JABOATAO DOS GUARARAPES;Ausência de sinalização;Colisão com objeto;Com Vítimas Feridas;Plena Noite;Crescente;Céu Claro;Dupla;Reta;-8,14455;-34,94738
03/02/2026;20:21:00;ANAPOLIS;Afundamento ou ondulação no pavimento;Tombamento;Com Vítimas Feridas;Plena Noite;Decrescente;Nublado;Dupla;Interseção de Vias;-16,360763;-48,932524
03/02/2026;19:25:00;BRASILIA;Animais na Pista;Atropelamento de Animal;Com Vítimas Feridas;Plena Noite;Decrescente;Chuva;Simples;"Reta;Declive";-15,94445;-47,78562
03/02/2026;20:15:00;MONTES CLAROS;Animais na Pista;Queda de ocupante de veículo;Com Vítimas Feridas;Plena Noite;Decrescente;Céu Claro;Simples;"Reta;Declive";-16,65407224;-43,71757346
03/02/2026;20:48:00;JOAO PESSOA;Velocidade Incompatível;Tombamento;Com Vítimas Feridas;Plena Noite;Crescente;Céu Claro;Simples;Curva;-7,16514118;-34,89833862
03/02/2026;22:20:00;UBERABA;Velocidade Incompatível;Capotamento;Com Vítimas Feridas;Anoitecer;Decrescente;Garoa/Chuvisco;Dupla;Reta;-19,678;-47,996
03/02/2026;23:00:00;ARAGUARI;Chuva;Saída de leito carroçável;Com Vítimas Feridas;Plena Noite;Crescente;Chuva;Dupla;Reta;-18,722161;-48,203644
03/02/2026;20:45:00;ALEM PARAIBA;Acostamento em desnível;Queda de ocupante de veículo;Com Vítimas Feridas;Plena Noite;Crescente;Chuva;Simples;Curva;-21,8500385;-42,6649986
03/02/2026;21:50:00;XAPURI;Animais na Pista;Atropelamento de Animal;Com Vítimas Feridas;Plena Noite;Decrescente;Nublado;Simples;Reta;-10,42839086;-68,70574951
03/02/2026;13:00:00;GOIANIA;Pista esburacada;Colisão lateral mesmo sentido;Sem Vítimas;Pleno dia;Decrescente;Nublado;Múltipla;"Viaduto;Curva";-16,70168789;-49,33583228
03/02/2026;19:00:00;QUEIMADOS;Animais na Pista;Atropelamento de Animal;Sem Vítimas;Anoitecer;Decrescente;Céu Claro;Dupla;Reta;-22,7376;-43,5365
03/02/2026;00:05:00;MINEIROS;Chuva;Saída de leito carroçável;Com Vítimas Feridas;Plena Noite;Crescente;Garoa/Chuvisco;Simples;Curva;-17,37984238;-52,92501569
03/02/2026;16:00:00;SANTO AMARO DA IMPERATRIZ;Retorno proibido;Colisão lateral mesmo sentido;Com Vítimas Feridas;Pleno dia;Crescente;Garoa/Chuvisco;Simples;Reta;-27,694752;-48,793422
02/02/2026;07:00:00;BARRA DO PIRAI;Velocidade Incompatível;Saída de leito carroçável;Com Vítimas Feridas;Pleno dia;Decrescente;Céu Claro;Simples;Curva;-22,488208;-43,915153
02/02/2026;07:40:00;TRES CORACOES;Velocidade Incompatível;Saída de leito carroçável;Com Vítimas Feridas;Pleno dia;Decrescente;Nublado;Dupla;Curva;-21,61818;-45,243969
02/02/2026;09:30:00;BARRA DO TURVO;Velocidade Incompatível;Tombamento;Com Vítimas Feridas;Pleno dia;Decrescente;Céu Claro;Simples;Curva;-25,0557476;-48,5552688
02/02/2026;12:00:00;SORRISO;Acumulo de água sobre o pavimento;Saída de leito carroçável;Sem Vítimas;Pleno dia;Decrescente;Chuva;Dupla;Reta;-12,5309301;-55,7038832
02/02/2026;14:40:00;PARANAGUA;Falta de acostamento;Colisão lateral mesmo sentido;Com Vítimas Feridas;Pleno dia;Crescente;Garoa/Chuvisco;Simples;"Declive;Reta";-25,51969;-48,543472
02/02/2026;15:25:00;ITAJAI;Ultrapassagem Indevida;Saída de leito carroçável;Com Vítimas Feridas;Pleno dia;Crescente;Sol;Dupla;Reta;-26,878052;-48,726661
02/02/2026;14:30:00;NOVA ITARANA;Demais falhas na via;Tombamento;Com Vítimas Feridas;Pleno dia;Crescente;Céu Claro;Simples;Curva;-13,1226066;-39,9915839
02/02/2026;22:30:00;XEXEU;Velocidade Incompatível;Tombamento;Com Vítimas Feridas;Plena Noite;Decrescente;Céu Claro;Dupla;"Curva;Declive";-8,78849;-35,62204
02/02/2026;14:45:00;JATAI;Acumulo de água sobre o pavimento;Saída de leito carroçável;Com Vítimas Feridas;Pleno dia;Decrescente;Garoa/Chuvisco;Dupla;"Reta;Aclive";-17,843165;-51,455648
02/02/2026;00:20:00;PELOTAS;Animais na Pista;Atropelamento de Animal;Com Vítimas Feridas;Plena Noite;Crescente;Nublado;Dupla;Reta;-31,593563;-52,285627
02/02/2026;00:30:00;VACARIA;Velocidade Incompatível;Saída de leito carroçável;Com Vítimas Feridas;Plena Noite;Crescente;Céu Claro;Simples;Reta;-28,43481324;-51,01026074