data_inversa;horario;municipio;causa_acidente;tipo_acidente;classificacao_acidente;fase_dia;sentido_via;condicao_metereologica;tipo_pista;tracado_via;latitude;longitude
22/01/2026;09:20:00;SETE LAGOAS;Chuva;Tombamento;Com Vítimas Feridas;Pleno dia;Decrescente;Chuva;Dupla;"Reta;Aclive";-19,46129835;-44,30085182
22/01/2026;10:15:00;ARROIO GRANDE;Ultrapassagem Indevida;Queda de ocupante de veículo;Com Vítimas Feridas;Pleno dia;Decrescente;Céu Claro;Simples;"Ponte;Reta";-32,25568573;-53,08126895
22/01/2026;11:45:00;JOAO NEIVA;Acesso irregular;Colisão transversal;Com Vítimas Feridas;Pleno dia;Crescente;Nublado;Múltipla;Reta;-19,75565833;-40,37958167
22/01/2026;11:10:00;PADRE PARAISO;Velocidade Incompatível;Atropelamento de Pedestre;Com Vítimas Feridas;Pleno dia;Decrescente;Nublado;Simples;"Declive;Curva";-17,073788;-41,486405
22/01/2026;09:25:00;MATARACA;Acumulo de água sobre o pavimento;Colisão com objeto;Com Vítimas Feridas;Pleno dia;Decrescente;Chuva;Dupla;Reta;-6,54029;-35,11699
22/01/2026;09:30:00;CASIMIRO DE ABREU;Ultrapassagem Indevida;Saída de leito carroçável;Com Vítimas Feridas;Pleno dia;Decrescente;Chuva;Simples;Curva;-22,46;-42,06
22/01/2026;12:45:00;OLIVEIRA;Chuva;Saída de leito carroçável;Com Vítimas Feridas;Pleno dia;Decrescente;Chuva;Dupla;Curva;-20,83221404;-44,8235009
22/01/2026;13:30:00;TEIXEIRA DE FREITAS;Acostamento em desnível;Saída de leito carroçável;Com Vítimas Feridas;Pleno dia;Crescente;Céu Claro;Simples;Reta;-17,37865;-39,658807
22/01/2026;15:05:00;CANOAS;Sinalização encoberta;Colisão lateral mesmo sentido;Com Vítimas Feridas;Pleno dia;Decrescente;Céu Claro;Dupla;Reta;-29,92559103;-51,17773567
22/01/2026;15:10:00;TERESINA;Acumulo de areia ou detritos sobre o pavimento;Tombamento;Com Vítimas Feridas;Pleno dia;Crescente;Sol;Múltipla;Reta;-5,07740127;-42,74606824
22/01/2026;15:40:00;NOVO HAMBURGO;Ultrapassagem Indevida;Colisão lateral mesmo sentido;Com Vítimas Feridas;Pleno dia;Decrescente;Céu Claro;Múltipla;"Declive;Viaduto;Reta";-29,66774135;-51,14322351
22/01/2026;15:30:00;PETROPOLIS;Pista Escorregadia;Tombamento;Com Vítimas Feridas;Pleno dia;Crescente;Garoa/Chuvisco;Simples;Curva;-22,57001877;-43,2516654
22/01/2026;16:00:00;FEIRA DE SANTANA;Ultrapassagem Indevida;Colisão transversal;Com Vítimas Feridas;Pleno dia;Crescente;Sol;Simples;Reta;-12,25757;-38,93228
22/01/2026;17:10:00;ANAPOLIS;Animais na Pista;Atropelamento de Animal;Com Vítimas Feridas;Pleno dia;Decrescente;Garoa/Chuvisco;Dupla;Reta;-16,28377338;-48,95254109
22/01/2026;15:45:00;ALEXANIA;Chuva;Saída de leito carroçável;Com Vítimas Feridas;Pleno dia;Decrescente;Chuva;Dupla;"Curva;Declive";-16,110421;-48,574573
22/01/2026;18:00:00;TERESINA;Conversão proibida;Colisão transversal;Com Vítimas Feridas;Amanhecer;Decrescente;Céu Claro;Dupla;Rotatória;-5,12008318;-42,78921515
22/01/2026;19:30:00;MOSSORO;Animais na Pista;Atropelamento de Animal;Com Vítimas Feridas;Plena Noite;Crescente;Céu Claro;Simples;"Reta;Ponte";-5,168787;-37,238832
22/01/2026;18:45:00;PORTO SEGURO;Velocidade Incompatível;Colisão transversal;Com Vítimas Fatais;Plena Noite;Decrescente;Nublado;Simples;Reta;-16,82322;-39,480393
22/01/2026;20:10:00;NOVA VICOSA;Pista esburacada;Capotamento;Com Vítimas Feridas;Plena Noite;Decrescente;Nublado;Simples;Reta;-17,89383648;-39,81213284
22/01/2026;21:30:00;SANTO ANTONIO DO AMPARO;Velocidade Incompatível;Colisão traseira;Sem Vítimas;Plena Noite;Crescente;Chuva;Dupla;Curva;-20,94613008;-44,8816824
22/01/2026;22:40:00;ESMERALDAS;Chuva;Saída de leito carroçável;Com Vítimas Feridas;Plena Noite;Crescente;Chuva;Dupla;Aclive;-19,715517;-44,160167
22/01/2026;19:30:00;JANDAIA;Velocidade Incompatível;Saída de leito carroçável;Com Vítimas Feridas;Anoitecer;Crescente;Nublado;Dupla;Curva;-17,252313;-50,220593
22/01/2026;18:30:00;ATALAIA;Velocidade Incompatível;Colisão lateral sentido oposto;Com Vítimas Fatais;Plena Noite;Crescente;Céu Claro;Simples;Reta;-9,492595;-36,142168
22/01/2026;10:30:00;PETROPOLIS;Pista Escorregadia;Colisão com objeto;Com Vítimas Feridas;Pleno dia;Crescente;Garoa/Chuvisco;Dupla;Curva;-22,53097854;-43,2361065
21/01/2026;06:45:00;MANDIRITUBA;Ultrapassagem Indevida;Colisão lateral mesmo sentido;Sem Vítimas;Pleno dia;Decrescente;Nublado;Simples;Reta;-25,797348;-49,329097
21/01/2026;07:30:00;BADY BASSITT;Velocidade Incompatível;Colisão traseira;Com Vítimas Feridas;Pleno dia;Decrescente;Sol;Dupla;Aclive;-20,901783;-49,4518
21/01/2026;06:55:00;NOVA ERA;Ultrapassagem Indevida;Colisão frontal;Com Vítimas Fatais;Pleno dia;Decrescente;Chuva;Simples;Curva;-19,67548;-42,97838
21/01/2026;08:00:00;TEOFILANDIA;Acesso irregular;Colisão lateral sentido oposto;Com Vítimas Feridas;Pleno dia;Crescente;Céu Claro;Simples;Reta;-11,493326;-38,997398
21/01/2026;09:50:00;PERDOES;Condutor usando celular;Tombamento;Com Vítimas Feridas;Pleno dia;Crescente;Nublado;Dupla;Reta;-21,10884375;-45,09132385
21/01/2026;10:35:00;TERRA NOVA DO NORTE;Acumulo de água sobre o pavimento;Colisão lateral sentido oposto;Com Vítimas Feridas;Pleno dia;Crescente;Chuva;Simples;"Declive;Curva";-10,71924113;-55,12778313
21/01/2026;12:05:00;CAUCAIA;Conversão proibida;Colisão lateral mesmo sentido;Com Vítimas Feridas;Pleno dia;Crescente;Céu Claro;Dupla;Reta;-3,727767;-38,774558
21/01/2026;13:30:00;COCALZINHO DE GOIAS;Ultrapassagem Indevida;Colisão traseira;Com Vítimas Feridas;Pleno dia;Crescente;Céu Claro;Simples;"Reta;Aclive";-15,743248;-48,369097
21/01/2026;15:05:00;EPITACIOLANDIA;Acumulo de água sobre o pavimento;Saída de leito carroçável;Sem Vítimas;Pleno dia;Decrescente;Chuva;Simples;"Declive;Curva";-10,97618832;-68,63897324
21/01/2026;16:10:00;PIRACANJUBA;Chuva;Saída de leito carroçável;Com Vítimas Feridas;Pleno dia;Crescente;Chuva;Dupla;Curva;-17,37561266;-49,23871703
21/01/2026;15:00:00;TRES RIOS;Chuva;Colisão com objeto;Com Vítimas Feridas;Pleno dia;Crescente;Chuva;Dupla;Curva;-22,10317577;-43,16996098
21/01/2026;21:40:00;BRASILIA;Chuva;Saída de leito carroçável;Sem Vítimas;Plena Noite;Crescente;Chuva;Múltipla;Reta;-15,58930053;-47,61997163
21/01/2026;23:45:00;TAUBATE;Velocidade Incompatível;Colisão traseira;Com Vítimas Feridas;Plena Noite;Decrescente;Céu Claro;Dupla;Reta;-23,00003651;-45,49963792
21/01/2026;21:30:00;POMBOS;Velocidade Incompatível;Tombamento;Sem Vítimas;Plena Noite;Decrescente;Nublado;Dupla;"Curva;Declive";-8,158717;-35,430975
21/01/2026;05:30:00;SINOP;Desvio temporário;Colisão transversal;Com Vítimas Feridas;Amanhecer;Decrescente;Garoa/Chuvisco;Simples;Desvio Temporário;-12,028753;-55,517387
21/01/2026;01:30:00;SERRA TALHADA;Animais na Pista;Atropelamento de Animal;Sem Vítimas;Plena Noite;Decrescente;Ignorado;Simples;Reta;-8,006278;-38,24432
21/01/2026;02:11:00;BALNEARIO CAMBORIU;Velocidade Incompatível;Colisão lateral mesmo sentido;Com Vítimas Feridas;Plena Noite;Crescente;Nublado;Dupla;Reta;-27,01002258;-48,61522548
21/01/2026;01:20:00;MONSENHOR GIL;Animais na Pista;Atropelamento de Animal;Sem Vítimas;Plena Noite;Crescente;Nublado;Simples;Reta;-5,52705819;-42,63652325
21/01/2026;01:40:00;TRES LAGOAS;Animais na Pista;Atropelamento de Animal;Com Vítimas Feridas;Plena Noite;Crescente;Céu Claro;Dupla;Reta;-20,8476;-51,7379
21/01/2026;02:00:00;NOVA ANDRADINA;Animais na Pista;Atropelamento de Animal;Com Vítimas Fatais;Plena Noite;Decrescente;Céu Claro;Simples;Reta;-21,70847301;-53,3605957
21/01/2026;05:00:00;EXTREMA;Velocidade Incompatível;Tombamento;Com Vítimas Feridas;Amanhecer;Crescente;Nublado;Dupla;Curva;-22,82418756;-46,30879496
21/01/2026;05:40:00;FOZ DO IGUACU;Ausência de sinalização;Colisão com objeto;Com Vítimas Feridas;Amanhecer;Decrescente;Céu Claro;Dupla;"Reta;Em Obras";-25,58162078;-54,52894449
21/01/2026;05:50:00;RIO BRILHANTE;Demais falhas na via;Tombamento;Com Vítimas Feridas;Amanhecer;Crescente;Céu Claro;Dupla;Reta;-21,8685;-54,527
21/01/2026;07:50:00;SAO JOSE;Pista Escorregadia;Tombamento;Com Vítimas Feridas;Pleno dia;Crescente;Nublado;Múltipla;Curva;-27,58457609;-48,61717192
21/01/2026;07:20:00;SAO JOSE;Pista Escorregadia;Tombamento;Com Vítimas Feridas;Pleno dia;Crescente;Nublado;Múltipla;Curva;-27,58457609;-48,61717192
21/01/2026;07:20:00;TAQUARITINGA DO NORTE;Velocidade Incompatível;Capotamento;Com Vítimas Feridas;Pleno dia;Decrescente;Céu Claro;Dupla;Curva;-7,97535;-36,10524
21/01/2026;10:20:00;MIRACATU;Ultrapassagem Indevida;Colisão lateral mesmo sentido;Sem Vítimas;Pleno dia;Decrescente;Céu Claro;Dupla;Reta;-24,28737602;-47,45315054
21/01/2026;10:20:00;CAETANOPOLIS;Acumulo de água sobre o pavimento;Saída de leito carroçável;Com Vítimas Feridas;Pleno dia;Crescente;Chuva;Dupla;Curva;-19,3578143;-44,3471937
21/01/2026;09:30:00;PATOS DE MINAS;Chuva;Queda de ocupante de veículo;Com Vítimas Feridas;Pleno dia;Crescente;Chuva;Simples;Reta;-18,590064;-46,276006
21/01/2026;10:45:00;PORTO SEGURO;Velocidade Incompatível;Saída de leito carroçável;Com Vítimas Feridas;Pleno dia;Crescente;Chuva;Simples;Curva;-16,378363;-39,319422
21/01/2026;12:30:00;LEOPOLDINA;Velocidade Incompatível;Colisão com objeto;Com Vítimas Feridas;Pleno dia;Crescente;Chuva;Simples;"Ponte;Curva;Declive";-21,469146;-42,557523
21/01/2026;12:50:00;PETROLINA;Acesso irregular;Colisão transversal;Com Vítimas Feridas;Pleno dia;Crescente;Nublado;Dupla;Reta;-9,38969402;-40,52335477
21/01/2026;13:40:00;BRUMADINHO;Velocidade Incompatível;Saída de leito carroçável;Com Vítimas Feridas;Pleno dia;Crescente;Chuva;Dupla;"Curva;Declive";-20,16305289;-44,33999268
21/01/2026;11:00:00;ITATIAIUCU;Chuva;Saída de leito carroçável;Com Vítimas Feridas;Pleno dia;Crescente;Chuva;Dupla;Curva;-20,17395944;-44,37556967
21/01/2026;08:40:00;SANTANA DO PARAISO;Acumulo de água sobre o pavimento;Tombamento;Com Vítimas Feridas;Pleno dia;Decrescente;Chuva;Simples;Curva;-19,42506519;-42,49761164
21/01/2026;15:15:00;FLORESTAL;Velocidade Incompatível;Saída de leito carroçável;Sem Vítimas;Pleno dia;Crescente;Chuva;Dupla;Curva;-19,91925155;-44,48818307
21/01/2026;16:00:00;MANGARATIBA;Chuva;Colisão frontal;Com Vítimas Feridas;Pleno dia;Crescente;Chuva;Simples;Curva;-22,92392022;-43,95734724
21/01/2026;15:30:00;SAPUCAIA;Pista Escorregadia;Saída de leito carroçável;Com Vítimas Feridas;Pleno dia;Decrescente;Chuva;Simples;"Aclive;Curva";-21,95974784;-42,73596028
21/01/2026;14:30:00;AREAL;Chuva;Saída de leito carroçável;Com Vítimas Feridas;Pleno dia;Decrescente;Chuva;Simples;Curva;-22,2197159;-43,1274929
21/01/2026;17:30:00;JUIZ DE FORA;Acumulo de água sobre o pavimento;Saída de leito carroçável;Com Vítimas Feridas;Pleno dia;Decrescente;Chuva;Simples;"Declive;Reta";-21,57355015;-43,47624175
21/01/2026;17:50:00;GUARAMIRIM;Retorno proibido;Colisão traseira;Com Vítimas Feridas;Pleno dia;Decrescente;Céu Claro;Dupla;"Em Obras;Curva";-26,462954;-48,948378
21/01/2026;18:10:00;SAO JOSE DOS PINHAIS;Velocidade Incompatível;Saída de leito carroçável;Com Vítimas Feridas;Pleno dia;Crescente;Nublado;Dupla;Curva;-25,575333;-48,975677
21/01/2026;18:00:00;BLUMENAU;Conversão proibida;Colisão lateral sentido oposto;Com Vítimas Feridas;Anoitecer;Crescente;Nublado;Simples;Reta;-26,85905;-49,0575
21/01/2026;14:20:00;MORRINHOS;Acumulo de água sobre o pavimento;Saída de leito carroçável;Com Vítimas Feridas;Pleno dia;Crescente;Chuva;Dupla;Reta;-17,532621;-49,214075
21/01/2026;17:20:00;PROFESSOR JAMIL;Acumulo de água sobre o pavimento;Saída de leito carroçável;Com Vítimas Feridas;Anoitecer;Decrescente;Chuva;Dupla;Curva;-17,338503;-49,239497
21/01/2026;19:30:00;SERRA;Acumulo de água sobre o pavimento;Colisão com objeto;Com Vítimas Feridas;Plena Noite;Crescente;Chuva;Dupla;Curva;-20,18988833;-40,336165
21/01/2026;19:10:00;EXTREMOZ;Acumulo de areia ou detritos sobre o pavimento;Capotamento;Sem Vítimas;Plena Noite;Crescente;Céu Claro;Simples;Curva;-5,69067;-35,26325
21/01/2026;15:45:00;PATOS DE MINAS;Chuva;Saída de leito carroçável;Com Vítimas Feridas;Pleno dia;Crescente;Chuva;Simples;"Curva;Declive";-18,677463;-46,549533
21/01/2026;16:45:00;ACAILANDIA;Velocidade Incompatível;Colisão transversal;Com Vítimas Feridas;Pleno dia;Decrescente;Sol;Simples;Reta;-4,956263;-47,496567
21/01/2026;20:15:00;MANDAGUARI;Demais falhas na via;Tombamento;Com Vítimas Feridas;Plena Noite;Crescente;Céu Claro;Simples;Reta;-23,5636168;-51,6583403
21/01/2026;20:20:00;SAO MIGUEL DO OESTE;Ausência de sinalização;Saída de leito carroçável;Com Vítimas Feridas;Plena Noite;Decrescente;Céu Claro;Simples;Reta;-26,70130552;-53,51365177
21/01/2026;21:25:00;ANAPOLIS;Acumulo de água sobre o pavimento;Colisão com objeto;Com Vítimas Feridas;Plena Noite;Crescente;Chuva;Dupla;"Curva;Aclive";-16,282558;-48,956798
21/01/2026;23:00:00;APARECIDA DE GOIANIA;Pista esburacada;Colisão com objeto;Com Vítimas Feridas;Plena Noite;Crescente;Chuva;Múltipla;"Declive;Reta";-16,75153236;-49,24142444
21/01/2026;22:00:00;MATOZINHOS;Chuva;Saída de leito carroçável;Sem Vítimas;Plena Noite;Crescente;Chuva;Dupla;Reta;-19,65779314;-44,19792362
21/01/2026;10:00:00;PETROPOLIS;Pista Escorregadia;Colisão com objeto;Com Vítimas Feridas;Pleno dia;Crescente;Chuva;Dupla;Curva;-22,52864002;-43,22290352
21/01/2026;17:30:00;ANGRA DOS REIS;Velocidade Incompatível;Colisão frontal;Com Vítimas Feridas;Pleno dia;Crescente;Chuva;Simples;Reta;-22,92173191;-44,32479713
20/01/2026;06:50:00;CONCORDIA;Retorno proibido;Colisão frontal;Com Vítimas Feridas;Pleno dia;Decrescente;Céu Claro;Simples;Curva;-27,233578;-51,9499692
20/01/2026;06:20:00;CUIABA;Desvio temporário;Tombamento;Com Vítimas Feridas;Pleno dia;Crescente;Céu Claro;Simples;"Desvio Temporário;Curva;Em Obras";-15,66110257;-56,0070017
20/01/2026;10:10:00;PORTO VITORIA;Ultrapassagem Indevida;Colisão lateral sentido oposto;Com Vítimas Feridas;Pleno dia;Decrescente;Céu Claro;Simples;"Curva;Declive";-26,23381411;-51,1478072
20/01/2026;11:39:00;SETE LAGOAS;Acumulo de água sobre o pavimento;Colisão traseira;Com Vítimas Feridas;Pleno dia;Crescente;Chuva;Dupla;"Declive;Reta";-19,41278;-44,3375
20/01/2026;06:00:00;UBAITABA;Afundamento ou ondulação no pavimento;Colisão com objeto;Com Vítimas Feridas;Amanhecer;Crescente;Garoa/Chuvisco;Simples;Reta;-14,305077;-39,322935
20/01/2026;11:30:00;UBERABA;Demais Fenômenos da natureza;Colisão com objeto;Com Vítimas Feridas;Pleno dia;Decrescente;Sol;Dupla;"Curva;Aclive";-19,41153416;-48,07374716
20/01/2026;11:45:00;JANGADA;Curva acentuada;Saída de leito carroçável;Com Vítimas Feridas;Pleno dia;Crescente;Chuva;Simples;Curva;-15,2900411;-56,434703
20/01/2026;10:15:00;SANTA LUZIA;Velocidade Incompatível;Saída de leito carroçável;Com Vítimas Feridas;Pleno dia;Crescente;Chuva;Simples;"Declive;Curva";-19,81597328;-43,80212399
20/01/2026;14:45:00;ELDORADO DO CARAJAS;Ultrapassagem Indevida;Colisão lateral sentido oposto;Com Vítimas Feridas;Pleno dia;Decrescente;Céu Claro;Simples;Reta;-5,85347;-49,19383
20/01/2026;11:00:00;VARGEM BONITA;Velocidade Incompatível;Tombamento;Com Vítimas Feridas;Pleno dia;Decrescente;Céu Claro;Simples;"Curva;Declive";-26,99233694;-51,75195979
20/01/2026;17:35:00;SAO JOSE DOS PINHAIS;Acesso irregular;Atropelamento de Pedestre;Com Vítimas Fatais;Pleno dia;Crescente;Céu Claro;Dupla;Reta;-25,654685;-49,156623
20/01/2026;20:40:00;ITATIM;Velocidade Incompatível;Engavetamento;Com Vítimas Fatais;Plena Noite;Crescente;Chuva;Simples;Reta;-12,728941;-39,776478
20/01/2026;20:40:00;VARJAO DE MINAS;Acumulo de água sobre o pavimento;Saída de leito carroçável;Sem Vítimas;Plena Noite;Decrescente;Chuva;Simples;"Reta;Declive";-18,35997;-46,01888
20/01/2026;06:40:00;SANTO ANTONIO DA PLATINA;Velocidade Incompatível;Saída de leito carroçável;Com Vítimas Fatais;Pleno dia;Crescente;Céu Claro;Simples;"Curva;Declive";-23,24405314;-50,03876352
20/01/2026;00:20:00;OLIVEIRA;Acesso irregular;Colisão frontal;Com Vítimas Feridas;Plena Noite;Crescente;Nublado;Dupla;Curva;-20,73160645;-44,77273862
20/01/2026;06:30:00;SETE LAGOAS;Acumulo de água sobre o pavimento;Tombamento;Com Vítimas Feridas;Pleno dia;Decrescente;Chuva;Dupla;"Declive;Reta";-19,45628418;-44,3090415
20/01/2026;06:45:00;GUARAPARI;Velocidade Incompatível;Colisão com objeto;Com Vítimas Feridas;Pleno dia;Decrescente;Chuva;Dupla;Curva;-20,66390337;-40,59335455
20/01/2026;04:10:00;CAMAPUA;Animais na Pista;Atropelamento de Animal;Com Vítimas Feridas;Amanhecer;Crescente;Céu Claro;Simples;"Aclive;Reta";-19,64221067;-54,15144185
20/01/2026;06:10:00;ITAPERUNA;Acumulo de água sobre o pavimento;Saída de leito carroçável;Com Vítimas Feridas;Pleno dia;Crescente;Chuva;Simples;Curva;-21,177106;-42,024762
20/01/2026;07:30:00;CAMPOS DOS GOYTACAZES;Acumulo de água sobre o pavimento;Capotamento;Com Vítimas Feridas;Pleno dia;Decrescente;Chuva;Dupla;"Curva;Rotatória";-21,73398864;-41,32781982
20/01/2026;08:40:00;BALNEARIO CAMBORIU;Condutor usando celular;Colisão traseira;Com Vítimas Feridas;Pleno dia;Decrescente;Sol;Dupla;Reta;-27,0146402;-48,61231025
20/01/2026;08:25:00;RIBEIRAO DAS NEVES;Chuva;Tombamento;Com Vítimas Feridas;Pleno dia;Decrescente;Chuva;Dupla;Curva;-19,82962364;-44,08322096
20/01/2026;09:30:00;RIO BRILHANTE;Afundamento ou ondulação no pavimento;Tombamento;Com Vítimas Feridas;Pleno dia;Crescente;Céu Claro;Dupla;Reta;-21,84894;-54,53511
20/01/2026;12:35:00;IGARATINGA;Velocidade Incompatível;Saída de leito carroçável;Com Vítimas Feridas;Pleno dia;Crescente;Chuva;Dupla;Reta;-19,88767;-44,71574
20/01/2026;13:00:00;NOVA ERA;Velocidade Incompatível;Colisão com objeto;Com Vítimas Feridas;Pleno dia;Crescente;Chuva;Simples;Curva;-19,79884809;-43,05524826
20/01/2026;09:10:00;MURIAE;Chuva;Colisão lateral sentido oposto;Com Vítimas Feridas;Pleno dia;Decrescente;Chuva;Simples;"Declive;Curva";-21,07552035;-42,3717463
20/01/2026;13:40:00;BRASILIA;Pista Escorregadia;Saída de leito carroçável;Com Vítimas Feridas;Pleno dia;Decrescente;Chuva;Dupla;Reta;-15,5888895;-47,582402
20/01/2026;17:30:00;CARMOPOLIS DE MINAS;Condutor usando celular;Colisão com objeto;Com Vítimas Feridas;Pleno dia;Decrescente;Nublado;Simples;Interseção de Vias;-20,5430947;-44,64528322
20/01/2026;16:40:00;SAO LUIS;Velocidade Incompatível;Saída de leito carroçável;Com Vítimas Feridas;Pleno dia;Decrescente;Céu Claro;Dupla;Reta;-2,69839592;-44,30699992
20/01/2026;18:10:00;PETROLINA;Animais na Pista;Tombamento;Com Vítimas Feridas;Plena Noite;Crescente;Nublado;Múltipla;Reta;-9,3769348;-40,4989772
20/01/2026;18:15:00;ARAQUARI;Ultrapassagem Indevida;Colisão frontal;Com Vítimas Feridas;Anoitecer;Crescente;Nublado;Simples;"Em Obras;Reta";-26,40422827;-48,74535084
20/01/2026;19:00:00;JOAO PESSOA;Iluminação deficiente;Colisão com objeto;Com Vítimas Feridas;Plena Noite;Crescente;Céu Claro;Dupla;"Declive;Reta;Retorno Regulamentado";-7,20177981;-34,90752029
20/01/2026;18:00:00;ARACRUZ;Acostamento em desnível;Tombamento;Com Vítimas Feridas;Plena Noite;Crescente;Chuva;Simples;Reta;-19,695247;-40,297911
20/01/2026;12:15:00;SERITINGA;Ultrapassagem Indevida;Colisão frontal;Com Vítimas Feridas;Pleno dia;Crescente;Nublado;Simples;Curva;-21,92008888;-44,4147411
20/01/2026;18:20:00;ITABAIANA;Animais na Pista;Atropelamento de Animal;Com Vítimas Feridas;Plena Noite;Crescente;Nublado;Simples;Reta;-10,71347453;-37,42487848
20/01/2026;21:30:00;MORRETES;Animais na Pista;Tombamento;Com Vítimas Feridas;Plena Noite;Crescente;Nublado;Dupla;"Declive;Reta";-25,5338675;-48,7594117
20/01/2026;15:30:00;GOVERNADOR MANGABEIRA;Ultrapassagem Indevida;Saída de leito carroçável;Com Vítimas Feridas;Pleno dia;Crescente;Céu Claro;Simples;"Reta;Declive";-12,597728;-39,030141
20/01/2026;19:45:00;FRONTEIRA;Afundamento ou ondulação no pavimento;Tombamento;Com Vítimas Feridas;Plena Noite;Crescente;Céu Claro;Simples;"Interseção de Vias;Reta;Rotatória";-20,290669;-49,202104
19/01/2026;04:00:00;PIRAPORA;Acesso irregular;Colisão transversal;Com Vítimas Feridas;Amanhecer;Decrescente;Nublado;Simples;Reta;-17,31034;-44,89496
19/01/2026;06:40:00;BACABEIRA;Acumulo de água sobre o pavimento;Tombamento;Com Vítimas Feridas;Pleno dia;Decrescente;Chuva;Dupla;Reta;-2,954843;-44,324234
19/01/2026;09:10:00;FLEXEIRAS;Velocidade Incompatível;Colisão com objeto;Com Vítimas Fatais;Pleno dia;Decrescente;Céu Claro;Dupla;"Aclive;Curva";-9,193588;-35,787355
19/01/2026;14:50:00;IRATI;Ultrapassagem Indevida;Colisão transversal;Com Vítimas Feridas;Pleno dia;Decrescente;Céu Claro;Simples;Reta;-25,47799232;-50,6401062
19/01/2026;19:25:00;VILHENA;Demais falhas na via;Colisão traseira;Com Vítimas Feridas;Plena Noite;Crescente;Céu Claro;Simples;Reta;-12,79459794;-60,08700639
19/01/2026;18:30:00;PEDRA;Ultrapassagem Indevida;Colisão frontal;Com Vítimas Feridas;Plena Noite;Crescente;Céu Claro;Simples;Reta;-8,535265;-36,914164
19/01/2026;20:00:00;CAMPOS DOS GOYTACAZES;Condutor usando celular;Saída de leito carroçável;Com Vítimas Feridas;Plena Noite;Crescente;Céu Claro;Simples;Reta;-21,453087;-41,3434
19/01/2026;23:30:00;MATOES DO NORTE;Afundamento ou ondulação no pavimento;Saída de leito carroçável;Com Vítimas Feridas;Plena Noite;Decrescente;Céu Claro;Simples;Reta;-3,9083;-44,479938
19/01/2026;21:05:00;FRUTAL;Demais falhas na via;Colisão lateral sentido oposto;Com Vítimas Feridas;Plena Noite;Decrescente;Chuva;Simples;"Declive;Reta;Ponte";-19,92689728;-48,95818949
19/01/2026;22:30:00;COREAU;Acesso irregular;Colisão transversal;Sem Vítimas;Plena Noite;Crescente;Céu Claro;Simples;Reta;-3,74877699;-40,69362827
19/01/2026;22:00:00;IRAJUBA;Velocidade Incompatível;Colisão traseira;Com Vítimas Fatais;Plena Noite;Crescente;Chuva;Simples;Curva;-13,21843;-40,02919
19/01/2026;11:00:00;ESPLANADA;Curva acentuada;Tombamento;Com Vítimas Feridas;Pleno dia;Crescente;Nublado;Dupla;"Declive;Curva";-11,74227412;-37,93841869
19/01/2026;08:42:00;CAMPINA GRANDE;Ultrapassagem Indevida;Colisão lateral mesmo sentido;Com Vítimas Feridas;Pleno dia;Decrescente;Céu Claro;Dupla;"Desvio Temporário;Em Obras;Reta";-7,253101;-35,932585
19/01/2026;00:03:00;CURVELO;Chuva;Colisão traseira;Com Vítimas Feridas;Plena Noite;Crescente;Chuva;Simples;Reta;-18,968797;-44,674727
19/01/2026;02:12:00;PORTO ALEGRE;Acumulo de água sobre o pavimento;Saída de leito carroçável;Com Vítimas Feridas;Plena Noite;Decrescente;Nublado;Dupla;Reta;-29,97066768;-51,17648591
19/01/2026;02:50:00;MAGE;Animais na Pista;Atropelamento de Animal;Com Vítimas Feridas;Plena Noite;Decrescente;Céu Claro;Simples;Reta;-22,659447;-43,091244
19/01/2026;03:30:00;JOINVILLE;Velocidade Incompatível;Saída de leito carroçável;Sem Vítimas;Plena Noite;Decrescente;Chuva;Dupla;Curva;-26,3169384;-48,87306087
19/01/2026;04:30:00;CONCEICAO DO CASTELO;Demais Fenômenos da natureza;Colisão com objeto;Com Vítimas Feridas;Amanhecer;Decrescente;Nublado;Simples;Curva;-20,30814775;-41,24052129
19/01/2026;04:20:00;BUERAREMA;Animais na Pista;Atropelamento de Animal;Com Vítimas Fatais;Plena Noite;Crescente;Céu Claro;Simples;Reta;-14,978842;-39,3315
19/01/2026;05:30:00;PORTO REAL DO COLEGIO;Animais na Pista;Atropelamento de Animal;Com Vítimas Feridas;Pleno dia;Crescente;Nublado;Dupla;Reta;-10,17118287;-36,82221763
19/01/2026;05:00:00;VILA BELA DA SANTISSIMA TRINDADE;Animais na Pista;Atropelamento de Animal;Com Vítimas Feridas;Amanhecer;Decrescente;Nevoeiro/Neblina;Simples;Reta;-15,156693;-59,579085
19/01/2026;07:45:00;PETROPOLIS;Velocidade Incompatível;Colisão com objeto;Com Vítimas Feridas;Pleno dia;Decrescente;Chuva;Dupla;Curva;-22,2824857;-43,119292
19/01/2026;08:05:00;CAMPINA GRANDE DO SUL;Velocidade Incompatível;Saída de leito carroçável;Com Vítimas Feridas;Pleno dia;Decrescente;Chuva;Dupla;Curva;-25,24396721;-48,90222861
19/01/2026;07:50:00;SAO LUIS;Chuva;Colisão com objeto;Com Vítimas Feridas;Pleno dia;Decrescente;Chuva;Dupla;Curva;-2,67469;-44,29586
19/01/2026;09:20:00;CAMPINA GRANDE DO SUL;Chuva;Capotamento;Com Vítimas Feridas;Pleno dia;Decrescente;Chuva;Simples;Curva;-25,10829534;-48,81933689
19/01/2026;10:00:00;CAMPINA GRANDE DO SUL;Velocidade Incompatível;Saída de leito carroçável;Com Vítimas Feridas;Pleno dia;Decrescente;Chuva;Dupla;Curva;-25,11214631;-48,8150982
19/01/2026;10:20:00;OCAUCU;Deficiência do Sistema de Iluminação/Sinalização;Colisão traseira;Com Vítimas Feridas;Pleno dia;Decrescente;Céu Claro;Simples;"Reta;Declive";-22,4920642;-49,8894216