data_inversa;horario;municipio;causa_acidente;tipo_acidente;classificacao_acidente;fase_dia;sentido_via;condicao_metereologica;tipo_pista;tracado_via;latitude;longitude
19/01/2026;12:00:00;CALDAS BRANDAO;Velocidade Incompatível;Colisão traseira;Sem Vítimas;Pleno dia;Crescente;Céu Claro;Dupla;"Aclive;Reta";-7,16295201;-35,3467891
19/01/2026;13:30:00;QUEIMADAS;Acesso irregular;Colisão transversal;Com Vítimas Feridas;Pleno dia;Decrescente;Sol;Simples;Reta;-7,302365;-35,89229
19/01/2026;10:45:00;REALEZA;Velocidade Incompatível;Saída de leito carroçável;Com Vítimas Feridas;Pleno dia;Crescente;Sol;Simples;"Em Obras;Curva";-25,604817;-53,564033
19/01/2026;14:30:00;ARAPORA;Acumulo de água sobre o pavimento;Saída de leito carroçável;Com Vítimas Feridas;Pleno dia;Crescente;Chuva;Dupla;Curva;-18,44395666;-49,187946
19/01/2026;15:20:00;SAO PAULO;Chuva;Colisão com objeto;Com Vítimas Feridas;Pleno dia;Decrescente;Chuva;Dupla;"Curva;Aclive";-23,38756145;-46,56924248
19/01/2026;16:50:00;JACAREI;Chuva;Colisão com objeto;Com Vítimas Feridas;Anoitecer;Decrescente;Chuva;Dupla;Reta;-23,30699;-46,04058
19/01/2026;17:25:00;SAO JOSE;Ausência de sinalização;Colisão traseira;Com Vítimas Feridas;Pleno dia;Decrescente;Nublado;Múltipla;Reta;-27,560022;-48,617397
19/01/2026;16:20:00;FAXINAL DOS GUEDES;Ultrapassagem Indevida;Colisão lateral mesmo sentido;Com Vítimas Feridas;Pleno dia;Decrescente;Céu Claro;Simples;Rotatória;-26,872111;-52,297774
19/01/2026;16:35:00;FLORIANO;Deficiência do Sistema de Iluminação/Sinalização;Incêndio;Sem Vítimas;Pleno dia;Crescente;Garoa/Chuvisco;Simples;Reta;-6,808512;-42,935778
19/01/2026;17:15:00;SAO JOAQUIM DE BICAS;Animais na Pista;Atropelamento de Animal;Com Vítimas Feridas;Pleno dia;Decrescente;Céu Claro;Dupla;Reta;-20,0515623;-44,28092122
19/01/2026;17:10:00;RIO NEGRO;Ultrapassagem Indevida;Colisão lateral mesmo sentido;Com Vítimas Feridas;Pleno dia;Crescente;Céu Claro;Simples;"Interseção de Vias;Reta";-26,08106901;-49,77192879
19/01/2026;18:15:00;RECIFE;Ausência de sinalização;Colisão traseira;Com Vítimas Feridas;Plena Noite;Decrescente;Céu Claro;Múltipla;Reta;-8,06843955;-34,94600773
19/01/2026;18:10:00;MANGARATIBA;Chuva;Saída de leito carroçável;Com Vítimas Feridas;Anoitecer;Crescente;Chuva;Simples;"Declive;Reta";-23,03087028;-44,15969476
19/01/2026;17:55:00;PARNAMIRIM;Velocidade Incompatível;Colisão traseira;Com Vítimas Feridas;Plena Noite;Crescente;Céu Claro;Múltipla;Reta;-5,898248;-35,258658
19/01/2026;11:30:00;ITAMARAJU;Ultrapassagem Indevida;Colisão frontal;Com Vítimas Fatais;Pleno dia;Crescente;Sol;Simples;Declive;-16,88;-39,513
19/01/2026;17:50:00;SAO JOSE DOS PINHAIS;Condutor usando celular;Colisão traseira;Com Vítimas Feridas;Anoitecer;Crescente;Céu Claro;Múltipla;Reta;-25,54945416;-49,18830005
19/01/2026;19:09:00;ANGRA DOS REIS;Chuva;Colisão com objeto;Com Vítimas Feridas;Plena Noite;Crescente;Chuva;Simples;Curva;-23,024868;-44,219889
19/01/2026;18:44:00;MACAIBA;Deficiência do Sistema de Iluminação/Sinalização;Saída de leito carroçável;Com Vítimas Feridas;Plena Noite;Decrescente;Céu Claro;Dupla;Reta;-5,88;-35,46
19/01/2026;19:09:00;ARAGUAINA;Animais na Pista;Atropelamento de Animal;Com Vítimas Feridas;Plena Noite;Decrescente;Garoa/Chuvisco;Simples;Reta;-7,267585;-48,263908
19/01/2026;20:00:00;FOZ DO IGUACU;Acesso irregular;Colisão transversal;Com Vítimas Feridas;Plena Noite;Crescente;Céu Claro;Simples;Reta;-25,51857195;-54,52674357
19/01/2026;17:00:00;LAVRAS;Chuva;Capotamento;Com Vítimas Feridas;Pleno dia;Crescente;Chuva;Dupla;Reta;-21,28937436;-45,14007568
19/01/2026;23:37:00;PIQUETE;Pista Escorregadia;Capotamento;Sem Vítimas;Plena Noite;Crescente;Garoa/Chuvisco;Simples;"Curva;Declive";-22,56965998;-45,21618739
19/01/2026;22:00:00;MILAGRES;Chuva;Colisão lateral sentido oposto;Com Vítimas Feridas;Plena Noite;Crescente;Chuva;Simples;Curva;-12,90381;-39,86132
19/01/2026;06:40:00;BALSA NOVA;Chuva;Tombamento;Com Vítimas Feridas;Amanhecer;Decrescente;Chuva;Dupla;"Curva;Declive";-25,47687319;-49,63942615
19/01/2026;14:50:00;ALEXANIA;Acumulo de água sobre o pavimento;Capotamento;Com Vítimas Feridas;Pleno dia;Crescente;Chuva;Dupla;Curva;-16,097388;-48,521287
18/01/2026;09:25:00;RIO DOS BOIS;Acostamento em desnível;Tombamento;Com Vítimas Feridas;Pleno dia;Crescente;Garoa/Chuvisco;Simples;Reta;-9,314137;-48,545355
18/01/2026;14:20:00;PARAGOMINAS;Velocidade Incompatível;Tombamento;Com Vítimas Feridas;Pleno dia;Crescente;Céu Claro;Simples;Rotatória;-2,894757;-47,433507
18/01/2026;14:50:00;SERRA;Ultrapassagem Indevida;Colisão lateral mesmo sentido;Com Vítimas Feridas;Pleno dia;Crescente;Céu Claro;Dupla;"Em Obras;Reta;Aclive";-20,165819;-40,272872
18/01/2026;15:00:00;PAULA FREITAS;Velocidade Incompatível;Tombamento;Com Vítimas Feridas;Pleno dia;Crescente;Céu Claro;Simples;Curva;-26,09693111;-50,79166564
18/01/2026;19:46:00;DOM CAVATI;Ultrapassagem Indevida;Colisão transversal;Com Vítimas Feridas;Plena Noite;Decrescente;Céu Claro;Simples;Reta;-19,38015054;-42,11093188
18/01/2026;03:30:00;MURIAE;Velocidade Incompatível;Tombamento;Com Vítimas Feridas;Plena Noite;Decrescente;Céu Claro;Simples;"Declive;Curva";-21,178425;-42,372915
18/01/2026;00:20:00;SAO GONCALO DO AMARANTE;Ultrapassagem Indevida;Colisão traseira;Com Vítimas Feridas;Plena Noite;Crescente;Céu Claro;Simples;Reta;-5,73981902;-35,34995604
18/01/2026;00:34:00;JANDAIA;Animais na Pista;Atropelamento de Animal;Com Vítimas Feridas;Plena Noite;Decrescente;Céu Claro;Dupla;Reta;-17,25119526;-50,21916032
18/01/2026;01:50:00;BETIM;Velocidade Incompatível;Colisão com objeto;Sem Vítimas;Plena Noite;Crescente;Céu Claro;Dupla;Reta;-20,00086;-44,21155
18/01/2026;00:05:00;IRATI;Ultrapassagem Indevida;Colisão transversal;Com Vítimas Feridas;Plena Noite;Crescente;Nublado;Simples;Reta;-25,412004;-50,608655
18/01/2026;04:06:00;SAPUCAIA DO SUL;Chuva;Colisão com objeto;Sem Vítimas;Plena Noite;Decrescente;Chuva;Dupla;Reta;-29,8142747;-51,1684167
18/01/2026;00:10:00;CEDRO DE SAO JOAO;Velocidade Incompatível;Saída de leito carroçável;Sem Vítimas;Plena Noite;Decrescente;Céu Claro;Dupla;Reta;-10,24358811;-36,85424924
18/01/2026;04:30:00;POUSO ALTO;Chuva;Saída de leito carroçável;Com Vítimas Feridas;Plena Noite;Decrescente;Chuva;Simples;"Curva;Declive";-22,14730402;-44,96592522
18/01/2026;03:05:00;DUQUE DE CAXIAS;Velocidade Incompatível;Queda de ocupante de veículo;Com Vítimas Feridas;Plena Noite;Decrescente;Céu Claro;Simples;Reta;-22,6682449;-43,2675234
18/01/2026;09:20:00;CARANDAI;Acumulo de água sobre o pavimento;Saída de leito carroçável;Com Vítimas Feridas;Pleno dia;Decrescente;Chuva;Simples;Curva;-20,908849;-43,82889
18/01/2026;09:00:00;MATEUS LEME;Velocidade Incompatível;Saída de leito carroçável;Com Vítimas Feridas;Pleno dia;Crescente;Chuva;Dupla;Curva;-19,922816;-44,465275
18/01/2026;09:00:00;TRIUNFO;Velocidade Incompatível;Saída de leito carroçável;Com Vítimas Feridas;Pleno dia;Decrescente;Chuva;Simples;"Declive;Reta";-29,7467473;-51,6088688
18/01/2026;08:30:00;SABARA;Velocidade Incompatível;Saída de leito carroçável;Com Vítimas Feridas;Pleno dia;Crescente;Nublado;Simples;"Declive;Curva";-19,786957;-43,701557
18/01/2026;09:44:00;JABOATAO DOS GUARARAPES;Retorno proibido;Colisão traseira;Com Vítimas Feridas;Pleno dia;Decrescente;Céu Claro;Simples;"Rotatória;Curva";-8,08188;-34,9908
18/01/2026;10:40:00;SETE LAGOAS;Chuva;Saída de leito carroçável;Com Vítimas Feridas;Pleno dia;Crescente;Chuva;Dupla;"Curva;Aclive";-19,433158;-44,335698
18/01/2026;10:37:00;ITAGUARA;Chuva;Saída de leito carroçável;Com Vítimas Feridas;Pleno dia;Decrescente;Chuva;Dupla;Curva;-20,30070887;-44,44162242
18/01/2026;12:10:00;GRAVATAI;Velocidade Incompatível;Saída de leito carroçável;Com Vítimas Feridas;Pleno dia;Decrescente;Chuva;Dupla;Curva;-29,95471192;-51,00217478
18/01/2026;13:20:00;RIO GRANDE;Condutor usando celular;Colisão com objeto;Sem Vítimas;Pleno dia;Crescente;Céu Claro;Dupla;Reta;-32,086364;-52,193345
18/01/2026;14:13:00;CARMOPOLIS DE MINAS;Velocidade Incompatível;Saída de leito carroçável;Com Vítimas Feridas;Pleno dia;Decrescente;Chuva;Dupla;"Declive;Curva";-20,60705789;-44,72596407
18/01/2026;14:10:00;CAETE;Velocidade Incompatível;Saída de leito carroçável;Com Vítimas Feridas;Pleno dia;Decrescente;Nublado;Dupla;Retorno Regulamentado;-19,79196341;-43,68067503
18/01/2026;15:00:00;UBATUBA;Conversão proibida;Colisão transversal;Com Vítimas Feridas;Pleno dia;Crescente;Céu Claro;Simples;Reta;-23,435177;-45,086965
18/01/2026;14:45:00;NOVA SERRANA;Chuva;Colisão transversal;Com Vítimas Feridas;Pleno dia;Decrescente;Chuva;Dupla;Reta;-19,875153;-44,950787
18/01/2026;08:15:00;CAMPOS NOVOS;Velocidade Incompatível;Colisão frontal;Com Vítimas Fatais;Pleno dia;Crescente;Chuva;Simples;"Aclive;Reta";-27,359218;-51,279318
18/01/2026;14:45:00;POUSO NOVO;Acumulo de água sobre o pavimento;Saída de leito carroçável;Sem Vítimas;Pleno dia;Decrescente;Chuva;Simples;Curva;-29,1981;-52,18215
18/01/2026;15:00:00;SERRA TALHADA;Velocidade Incompatível;Colisão com objeto;Com Vítimas Feridas;Pleno dia;Crescente;Céu Claro;Simples;"Interseção de Vias;Reta;Rotatória";-7,98468207;-38,27484369
18/01/2026;15:50:00;MATEUS LEME;Velocidade Incompatível;Saída de leito carroçável;Com Vítimas Feridas;Pleno dia;Crescente;Chuva;Dupla;Curva;-19,921735;-44,473702
18/01/2026;12:20:00;VITORIA DA CONQUISTA;Velocidade Incompatível;Capotamento;Com Vítimas Feridas;Pleno dia;Decrescente;Chuva;Simples;Curva;-14,85172955;-40,80193955
18/01/2026;15:33:00;IGARAPE-ACU;Pista Escorregadia;Saída de leito carroçável;Com Vítimas Feridas;Pleno dia;Decrescente;Chuva;Simples;Reta;-1,328583;-47,640493
18/01/2026;12:00:00;RORAINOPOLIS;Velocidade Incompatível;Saída de leito carroçável;Com Vítimas Feridas;Pleno dia;Crescente;Chuva;Simples;Curva;0,60709;-60,46155333
18/01/2026;17:00:00;CORDILHEIRA ALTA;Acumulo de água sobre o pavimento;Tombamento;Com Vítimas Feridas;Pleno dia;Crescente;Chuva;Múltipla;"Declive;Curva";-26,98661723;-52,60975454
18/01/2026;06:07:00;PACAJUS;Velocidade Incompatível;Saída de leito carroçável;Sem Vítimas;Pleno dia;Crescente;Nublado;Dupla;Curva;-4,14411111;-38,47825
18/01/2026;16:08:00;SETE LAGOAS;Chuva;Colisão traseira;Com Vítimas Feridas;Pleno dia;Crescente;Chuva;Dupla;"Reta;Declive";-19,412458;-44,337411
18/01/2026;13:15:00;SANTANA DO PARAISO;Ultrapassagem Indevida;Engavetamento;Sem Vítimas;Pleno dia;Crescente;Céu Claro;Simples;Reta;-19,39245711;-42,48094797
18/01/2026;17:20:00;TRIUNFO;Acumulo de água sobre o pavimento;Colisão com objeto;Com Vítimas Feridas;Pleno dia;Decrescente;Chuva;Simples;Curva;-29,74924191;-51,60993934
18/01/2026;16:40:00;JANDAIA DO SUL;Velocidade Incompatível;Saída de leito carroçável;Com Vítimas Feridas;Pleno dia;Crescente;Céu Claro;Dupla;"Curva;Declive";-23,6024529;-51,59651756
18/01/2026;18:00:00;GOIANIA;Velocidade Incompatível;Colisão lateral mesmo sentido;Com Vítimas Feridas;Pleno dia;Crescente;Céu Claro;Dupla;Rotatória;-16,739276;-49,346121
18/01/2026;18:13:00;OLIVEIRA;Velocidade Incompatível;Saída de leito carroçável;Com Vítimas Feridas;Anoitecer;Decrescente;Chuva;Dupla;"Curva;Aclive";-20,81905082;-44,79960211
18/01/2026;16:50:00;TRES BARRAS;Velocidade Incompatível;Colisão transversal;Com Vítimas Feridas;Pleno dia;Decrescente;Céu Claro;Simples;"Declive;Reta";-26,17343215;-50,27600018
18/01/2026;17:00:00;AGUAS MORNAS;Velocidade Incompatível;Saída de leito carroçável;Com Vítimas Feridas;Pleno dia;Decrescente;Chuva;Simples;"Declive;Curva";-27,72032663;-48,90292038
18/01/2026;18:15:00;PONTA GROSSA;Chuva;Saída de leito carroçável;Com Vítimas Feridas;Pleno dia;Decrescente;Chuva;Dupla;Curva;-25,02505;-50,31627
18/01/2026;19:25:00;BARREIRAS;Chuva;Queda de ocupante de veículo;Com Vítimas Feridas;Plena Noite;Decrescente;Garoa/Chuvisco;Simples;Reta;-12,120084;-44,951866
18/01/2026;21:20:00;LINHARES;Animais na Pista;Atropelamento de Animal;Com Vítimas Feridas;Plena Noite;Crescente;Céu Claro;Dupla;Reta;-19,3561352;-40,063597
18/01/2026;16:05:00;NOVA LONDRINA;Ultrapassagem Indevida;Saída de leito carroçável;Com Vítimas Feridas;Pleno dia;Decrescente;Nublado;Simples;Reta;-22,83779442;-52,98671119
18/01/2026;21:20:00;GUAPIMIRIM;Velocidade Incompatível;Atropelamento de Pedestre;Com Vítimas Feridas;Plena Noite;Decrescente;Céu Claro;Simples;Reta;-22,56085371;-42,99646728
18/01/2026;21:50:00;GANDU;Velocidade Incompatível;Colisão frontal;Com Vítimas Feridas;Plena Noite;Decrescente;Nublado;Simples;Reta;-13,74399636;-39,48287071
18/01/2026;22:49:00;SOORETAMA;Velocidade Incompatível;Saída de leito carroçável;Com Vítimas Feridas;Plena Noite;Decrescente;Céu Claro;Simples;Reta;-19,221902;-40,093685
18/01/2026;23:30:00;UBATUBA;Retorno proibido;Colisão transversal;Com Vítimas Feridas;Plena Noite;Decrescente;Céu Claro;Simples;Reta;-23,459782;-45,067498
18/01/2026;22:30:00;BALNEARIO CAMBORIU;Chuva;Capotamento;Com Vítimas Feridas;Plena Noite;Crescente;Chuva;Simples;"Curva;Declive";-27,05303765;-48,60029094
18/01/2026;23:40:00;GOVERNADOR VALADARES;Condutor usando celular;Saída de leito carroçável;Com Vítimas Feridas;Plena Noite;Decrescente;Céu Claro;Simples;Curva;-18,92326069;-42,0238173
18/01/2026;21:00:00;NOVA IGUACU;Conversão proibida;Colisão transversal;Com Vítimas Feridas;Plena Noite;Crescente;Céu Claro;Simples;Reta;-22,84103757;-43,60927932
18/01/2026;22:50:00;CAMAQUA;Chuva;Saída de leito carroçável;Com Vítimas Feridas;Plena Noite;Decrescente;Chuva;Dupla;Reta;-30,836885;-51,739147
18/01/2026;23:00:00;EPITACIOLANDIA;Animais na Pista;Atropelamento de Animal;Com Vítimas Feridas;Plena Noite;Decrescente;Nublado;Simples;Declive;-10,96994352;-68,61671736
18/01/2026;20:10:00;VITORIA DA CONQUISTA;Velocidade Incompatível;Colisão lateral mesmo sentido;Com Vítimas Feridas;Plena Noite;Decrescente;Céu Claro;Simples;Reta;-14,88266428;-40,80674681
18/01/2026;10:00:00;TRIUNFO;Demais falhas na via;Colisão com objeto;Com Vítimas Feridas;Pleno dia;Crescente;Chuva;Dupla;Reta;-29,80114723;-51,51506667
18/01/2026;18:30:00;PAULO FRONTIN;Chuva;Saída de leito carroçável;Com Vítimas Feridas;Anoitecer;Crescente;Céu Claro;Simples;Reta;-26,0595661;-50,71649411
18/01/2026;06:40:00;LONDRINA;Acesso irregular;Colisão frontal;Com Vítimas Feridas;Amanhecer;Crescente;Céu Claro;Dupla;"Interseção de Vias;Reta";-23,29399528;-51,21158687
18/01/2026;21:00:00;UBERLANDIA;Acumulo de água sobre o pavimento;Saída de leito carroçável;Com Vítimas Feridas;Plena Noite;Crescente;Chuva;Dupla;"Declive;Reta";-18,98792736;-48,21166277
18/01/2026;11:20:00;OURO PRETO;Velocidade Incompatível;Colisão traseira;Com Vítimas Feridas;Pleno dia;Crescente;Chuva;Simples;"Curva;Declive";-20,4031632;-43,897359
17/01/2026;00:05:00;CASCAVEL;Velocidade Incompatível;Saída de leito carroçável;Com Vítimas Feridas;Plena Noite;Decrescente;Ignorado;Dupla;Curva;-24,96539002;-53,40374705
17/01/2026;02:00:00;CAMPINA GRANDE DO SUL;Neblina;Colisão traseira;Com Vítimas Feridas;Plena Noite;Decrescente;Nevoeiro/Neblina;Dupla;Aclive;-25,2745211;-48,9223706
17/01/2026;06:20:00;CABEDELO;Retorno proibido;Colisão lateral mesmo sentido;Com Vítimas Feridas;Pleno dia;Decrescente;Nublado;Dupla;"Em Obras;Desvio Temporário";-7,082288;-34,848795
17/01/2026;07:00:00;GUARAI;Ultrapassagem Indevida;Colisão lateral mesmo sentido;Sem Vítimas;Pleno dia;Crescente;Céu Claro;Simples;"Declive;Reta";-8,716175;-48,506122
17/01/2026;09:15:00;CAETE;Velocidade Incompatível;Colisão lateral mesmo sentido;Com Vítimas Fatais;Pleno dia;Decrescente;Céu Claro;Dupla;"Viaduto;Reta";-19,783649;-43,666443
17/01/2026;09:30:00;SIMOES FILHO;Pista Escorregadia;Saída de leito carroçável;Sem Vítimas;Pleno dia;Decrescente;Chuva;Dupla;Reta;-12,78265931;-38,41390228
17/01/2026;06:30:00;INHAMBUPE;Velocidade Incompatível;Saída de leito carroçável;Com Vítimas Fatais;Pleno dia;Decrescente;Céu Claro;Simples;"Curva;Declive";-11,76095979;-38,32912581
17/01/2026;14:20:00;ALFREDO WAGNER;Pista Escorregadia;Saída de leito carroçável;Com Vítimas Feridas;Pleno dia;Crescente;Garoa/Chuvisco;Simples;Curva;-27,71121806;-49,35662873
17/01/2026;14:40:00;RESENDE;Acumulo de água sobre o pavimento;Colisão traseira;Com Vítimas Feridas;Pleno dia;Decrescente;Chuva;Dupla;Curva;-22,46096376;-44,44320409
17/01/2026;15:45:00;SANTO ANTONIO DO LEVERGER;Velocidade Incompatível;Saída de leito carroçável;Com Vítimas Feridas;Pleno dia;Crescente;Céu Claro;Simples;"Declive;Curva";-15,79359782;-55,58605492
17/01/2026;16:35:00;TIANGUA;Chuva;Saída de leito carroçável;Sem Vítimas;Pleno dia;Decrescente;Chuva;Simples;Curva;-3,69969502;-40,97603051
17/01/2026;17:40:00;PIRAI;Acumulo de água sobre o pavimento;Saída de leito carroçável;Sem Vítimas;Anoitecer;Decrescente;Chuva;Dupla;"Declive;Curva";-22,61403104;-43,93166397
17/01/2026;17:30:00;NOVA OLINDA DO MARANHAO;Pista esburacada;Colisão frontal;Com Vítimas Fatais;Pleno dia;Decrescente;Céu Claro;Simples;Reta;-2,77982309;-45,71273804
17/01/2026;09:40:00;FEIRA DE SANTANA;Pista Escorregadia;Colisão lateral mesmo sentido;Com Vítimas Feridas;Pleno dia;Crescente;Nublado;Dupla;Reta;-12,34229978;-38,84414256
17/01/2026;12:30:00;PORTO VITORIA;Velocidade Incompatível;Tombamento;Com Vítimas Feridas;Pleno dia;Crescente;Céu Claro;Simples;Curva;-26,2889867;-51,1991464
17/01/2026;02:50:00;BOM RETIRO;Velocidade Incompatível;Colisão traseira;Com Vítimas Feridas;Plena Noite;Decrescente;Nublado;Simples;"Declive;Reta";-27,8039879;-49,4963485
17/01/2026;03:12:00;JOAO PESSOA;Velocidade Incompatível;Colisão com objeto;Com Vítimas Feridas;Plena Noite;Decrescente;Céu Claro;Dupla;"Declive;Reta";-7,10047745;-34,84773159
17/01/2026;06:20:00;BIGUACU;Velocidade Incompatível;Saída de leito carroçável;Com Vítimas Feridas;Pleno dia;Decrescente;Céu Claro;Dupla;Reta;-27,50024924;-48,65467072
17/01/2026;06:10:00;PALHOCA;Velocidade Incompatível;Colisão com objeto;Com Vítimas Feridas;Pleno dia;Decrescente;Nublado;Dupla;Reta;-27,6749746;-48,70274353
17/01/2026;07:45:00;ITAJAI;Afundamento ou ondulação no pavimento;Tombamento;Com Vítimas Feridas;Pleno dia;Decrescente;Nublado;Dupla;"Reta;Ponte";-26,933128;-48,7019981
17/01/2026;06:30:00;CARMO DA CACHOEIRA;Chuva;Colisão com objeto;Com Vítimas Feridas;Pleno dia;Crescente;Chuva;Dupla;Curva;-21,522907;-45,22407
17/01/2026;09:44:00;JOAO PESSOA;Animais na Pista;Atropelamento de Animal;Com Vítimas Feridas;Pleno dia;Decrescente;Céu Claro;Dupla;Retorno Regulamentado;-7,177858;-34,899595
17/01/2026;09:07:00;PESCARIA BRAVA;Ultrapassagem Indevida;Colisão traseira;Com Vítimas Feridas;Pleno dia;Decrescente;Céu Claro;Múltipla;"Aclive;Reta";-28,4247692;-48,89791489
17/01/2026;10:30:00;JABOATAO DOS GUARARAPES;Velocidade Incompatível;Colisão traseira;Com Vítimas Feridas;Pleno dia;Crescente;Céu Claro;Múltipla;Reta;-8,16837644;-34,93667412
17/01/2026;10:30:00;CAMPOS DOS GOYTACAZES;Velocidade Incompatível;Queda de ocupante de veículo;Com Vítimas Feridas;Pleno dia;Crescente;Céu Claro;Simples;Reta;-21,757308;-41,241805
17/01/2026;12:09:00;SAO JOSE;Acesso irregular;Colisão transversal;Com Vítimas Feridas;Pleno dia;Crescente;Garoa/Chuvisco;Dupla;"Reta;Interseção de Vias";-27,57286956;-48,61387817
17/01/2026;09:10:00;CUNHA PORA;Ultrapassagem Indevida;Colisão frontal;Com Vítimas Fatais;Pleno dia;Decrescente;Sol;Simples;Reta;-26,806212;-53,177502
17/01/2026;12:20:00;ESPLANADA;Velocidade Incompatível;Saída de leito carroçável;Com Vítimas Feridas;Pleno dia;Decrescente;Chuva;Dupla;Curva;-11,871498;-37,99124
17/01/2026;15:40:00;JUIZ DE FORA;Velocidade Incompatível;Colisão traseira;Com Vítimas Feridas;Pleno dia;Crescente;Céu Claro;Simples;Reta;-21,70509836;-43,51373283
17/01/2026;16:00:00;SANTA TEREZINHA DE ITAIPU;Chuva;Saída de leito carroçável;Com Vítimas Feridas;Pleno dia;Decrescente;Chuva;Dupla;Reta;-25,47783;-54,47968
17/01/2026;09:00:00;AURELINO LEAL;Chuva;Colisão traseira;Com Vítimas Feridas;Pleno dia;Crescente;Chuva;Simples;Reta;-14,31792;-39,314535
17/01/2026;11:30:00;POCONE;Velocidade Incompatível;Saída de leito carroçável;Com Vítimas Feridas;Pleno dia;Crescente;Sol;Simples;Reta;-15,839729;-56,779115
17/01/2026;17:10:00;ALEM PARAIBA;Velocidade Incompatível;Colisão lateral sentido oposto;Com Vítimas Feridas;Pleno dia;Decrescente;Chuva;Simples;Curva;-21,80332139;-42,70644307
17/01/2026;17:45:00;VIRMOND;Acumulo de água sobre o pavimento;Saída de leito carroçável;Com Vítimas Feridas;Pleno dia;Decrescente;Chuva;Simples;"Declive;Curva";-25,37907523;-52,20934283
17/01/2026;17:10:00;JOINVILLE;Velocidade Incompatível;Colisão com objeto;Sem Vítimas;Pleno dia;Crescente;Chuva;Múltipla;"Curva;Declive";-26,31667965;-48,87338575
17/01/2026;19:00:00;TERESINA;Animais na Pista;Atropelamento de Animal;Com Vítimas Feridas;Plena Noite;Crescente;Nublado;Dupla;Reta;-5,07534;-42,73833
17/01/2026;17:45:00;CANAS;Chuva;Tombamento;Com Vítimas Feridas;Anoitecer;Crescente;Chuva;Dupla;Curva;-22,71178;-45,051117
17/01/2026;18:35:00;XANXERE;Velocidade Incompatível;Colisão com objeto;Com Vítimas Feridas;Anoitecer;Decrescente;Céu Claro;Dupla;Curva;-26,882353;-52,404127
17/01/2026;19:35:00;BRASILIA;Chuva;Tombamento;Com Vítimas Feridas;Plena Noite;Decrescente;Chuva;Dupla;Reta;-15,79946185;-48,07538976
17/01/2026;21:10:00;SAO SEBASTIAO DA BELA VISTA;Velocidade Incompatível;Colisão lateral mesmo sentido;Com Vítimas Feridas;Plena Noite;Crescente;Chuva;Dupla;Reta;-22,12754467;-45,80121714
17/01/2026;19:40:00;ARAXA;Chuva;Tombamento;Com Vítimas Feridas;Plena Noite;Crescente;Chuva;Simples;Reta;-19,553003;-46,8785754
17/01/2026;20:20:00;GRAVATA;Velocidade Incompatível;Colisão lateral sentido oposto;Com Vítimas Feridas;Plena Noite;Crescente;Céu Claro;Simples;Reta;-8,19615;-35,56848
17/01/2026;19:00:00;GUAMIRANGA;Velocidade Incompatível;Colisão com objeto;Com Vítimas Feridas;Plena Noite;Crescente;Nublado;Simples;"Declive;Curva";-25,191944;-50,793056
17/01/2026;21:35:00;JABOATAO DOS GUARARAPES;Velocidade Incompatível;Saída de leito carroçável;Com Vítimas Feridas;Plena Noite;Crescente;Céu Claro;Dupla;Curva;-8,096944;-35,0543941
17/01/2026;15:50:00;VILHENA;Ultrapassagem Indevida;Colisão lateral mesmo sentido;Com Vítimas Feridas;Pleno dia;Crescente;Nublado;Dupla;Reta;-12,71561881;-60,12662888
17/01/2026;23:05:00;CACHOEIRINHA;Velocidade Incompatível;Colisão com objeto;Sem Vítimas;Plena Noite;Decrescente;Céu Claro;Simples;Aclive;-29,96396396;-51,07956144
17/01/2026;22:20:00;ACREUNA;Animais na Pista;Saída de leito carroçável;Com Vítimas Feridas;Plena Noite;Crescente;Nublado;Dupla;Reta;-17,545457;-50,510985
17/01/2026;20:45:00;CASCAVEL;Velocidade Incompatível;Saída de leito carroçável;Com Vítimas Feridas;Plena Noite;Crescente;Céu Claro;Dupla;"Curva;Declive";-24,80505;-53,67192
17/01/2026;22:47:00;SANTA CRUZ;Conversão proibida;Colisão transversal;Com Vítimas Feridas;Plena Noite;Decrescente;Céu Claro;Simples;Reta;-6,21856;-36,019882
17/01/2026;20:20:00;GOVERNADOR VALADARES;Velocidade Incompatível;Saída de leito carroçável;Com Vítimas Feridas;Plena Noite;Crescente;Ignorado;Simples;Reta;-18,92877741;-42,0426178
17/01/2026;18:05:00;MORRETES;Velocidade Incompatível;Colisão lateral mesmo sentido;Com Vítimas Feridas;Anoitecer;Crescente;Chuva;Dupla;"Curva;Aclive";-25,5930329;-48,8904913
17/01/2026;18:15:00;ITUMBIARA;Velocidade Incompatível;Queda de ocupante de veículo;Com Vítimas Feridas;Anoitecer;Crescente;Nublado;Simples;Reta;-18,39022859;-49,3369031
16/01/2026;10:00:00;IRINEOPOLIS;Afundamento ou ondulação no pavimento;Colisão frontal;Com Vítimas Feridas;Pleno dia;Crescente;Céu Claro;Simples;"Declive;Reta";-26,26264819;-50,68248644
16/01/2026;10:40:00;JOAO MONLEVADE;Acesso irregular;Colisão lateral mesmo sentido;Com Vítimas Feridas;Pleno dia;Decrescente;Céu Claro;Simples;Reta;-19,8499906;-43,1510488
16/01/2026;08:43:00;VILHENA;Ultrapassagem Indevida;Colisão frontal;Com Vítimas Feridas;Pleno dia;Crescente;Chuva;Simples;Reta;-12,790132;-60,35831
16/01/2026;05:00:00;AMELIA RODRIGUES;Demais falhas na via;Saída de leito carroçável;Sem Vítimas;Amanhecer;Crescente;Céu Claro;Dupla;Aclive;-12,448047;-38,7134732