data_inversa;horario;municipio;causa_acidente;tipo_acidente;classificacao_acidente;fase_dia;sentido_via;condicao_metereologica;tipo_pista;tracado_via;latitude;longitude
03/01/2026;14:30:00;PACAJA;Ultrapassagem Indevida;Colisão lateral mesmo sentido;Com Vítimas Fatais;Pleno dia;Crescente;Nublado;Simples;Aclive;-3,92447;-50,340835
03/01/2026;16:15:00;BRUMADINHO;Velocidade Incompatível;Saída de leito carroçável;Com Vítimas Feridas;Pleno dia;Decrescente;Chuva;Dupla;"Curva;Aclive";-20,12190264;-44,30073436
03/01/2026;15:50:00;PONTA GROSSA;Velocidade Incompatível;Saída de leito carroçável;Com Vítimas Feridas;Pleno dia;Crescente;Céu Claro;Dupla;"Aclive;Curva";-25,04196736;-50,30943811
03/01/2026;17:00:00;PARACAMBI;Chuva;Queda de ocupante de veículo;Com Vítimas Feridas;Anoitecer;Crescente;Garoa/Chuvisco;Simples;"Curva;Em Obras";-22,678145;-43,81510442
03/01/2026;18:50:00;FLORIANOPOLIS;Retorno proibido;Colisão transversal;Com Vítimas Feridas;Anoitecer;Crescente;Nublado;Simples;Reta;-27,5939328;-48,5556224
03/01/2026;18:57:00;JOINVILLE;Chuva;Capotamento;Com Vítimas Feridas;Anoitecer;Crescente;Chuva;Dupla;"Viaduto;Curva";-26,31855057;-48,87191741
03/01/2026;16:45:00;ITAIOPOLIS;Velocidade Incompatível;Saída de leito carroçável;Sem Vítimas;Pleno dia;Decrescente;Céu Claro;Simples;"Reta;Declive";-26,303513;-49,953171
03/01/2026;18:50:00;ITAPEMA;Condutor usando celular;Engavetamento;Com Vítimas Feridas;Anoitecer;Decrescente;Nublado;Dupla;Reta;-27,07643185;-48,59823553
03/01/2026;20:15:00;SANTO ANTONIO DO AMPARO;Velocidade Incompatível;Saída de leito carroçável;Com Vítimas Feridas;Plena Noite;Decrescente;Ignorado;Dupla;"Curva;Aclive";-20,86491129;-44,84089029
03/01/2026;20:25:00;CAPANEMA;Velocidade Incompatível;Colisão traseira;Com Vítimas Fatais;Plena Noite;Crescente;Céu Claro;Dupla;"Aclive;Reta;Interseção de Vias";-25,688227;-53,785051
03/01/2026;18:30:00;CORONEL VIVIDA;Velocidade Incompatível;Saída de leito carroçável;Com Vítimas Feridas;Pleno dia;Decrescente;Céu Claro;Simples;"Curva;Interseção de Vias";-25,98350856;-52,54245758
03/01/2026;20:30:00;JUIZ DE FORA;Animais na Pista;Atropelamento de Animal;Com Vítimas Feridas;Plena Noite;Decrescente;Chuva;Dupla;Reta;-21,70935296;-43,44982193
03/01/2026;19:30:00;FLORESTAL;Acumulo de água sobre o pavimento;Saída de leito carroçável;Com Vítimas Feridas;Plena Noite;Crescente;Chuva;Dupla;"Curva;Aclive";-19,91493426;-44,49806213
03/01/2026;19:40:00;MAFRA;Velocidade Incompatível;Colisão com objeto;Sem Vítimas;Plena Noite;Crescente;Céu Claro;Simples;"Declive;Ponte;Reta";-26,168402;-49,958596
03/01/2026;19:50:00;PETROPOLIS;Pista Escorregadia;Tombamento;Com Vítimas Feridas;Plena Noite;Decrescente;Chuva;Dupla;"Aclive;Curva";-22,56229257;-43,236233
03/01/2026;21:10:00;MAGE;Chuva;Tombamento;Com Vítimas Feridas;Plena Noite;Crescente;Chuva;Dupla;Reta;-22,6623488;-43,0833664
03/01/2026;20:00:00;GOVERNADOR NUNES FREIRE;Deficiência do Sistema de Iluminação/Sinalização;Colisão traseira;Com Vítimas Feridas;Plena Noite;Crescente;Céu Claro;Simples;Reta;-2,0755883;-45,9362917
03/01/2026;15:00:00;BETIM;Pista Escorregadia;Colisão com objeto;Com Vítimas Feridas;Pleno dia;Decrescente;Céu Claro;Dupla;Aclive;-19,96011866;-44,08092499
03/01/2026;12:00:00;OLIVEIRA DOS BREJINHOS;Pista esburacada;Tombamento;Com Vítimas Feridas;Pleno dia;Crescente;Céu Claro;Simples;"Curva;Declive";-12,411331;-42,363148
03/01/2026;08:30:00;COMENDADOR GOMES;Chuva;Tombamento;Com Vítimas Feridas;Pleno dia;Decrescente;Chuva;Simples;Curva;-19,64121;-48,86236
02/01/2026;11:26:00;PELOTAS;Velocidade Incompatível;Colisão frontal;Com Vítimas Fatais;Pleno dia;Decrescente;Céu Claro;Simples;"Desvio Temporário;Reta;Em Obras";-31,48153925;-52,21285466
02/01/2026;17:30:00;TEOTONIO VILELA;Velocidade Incompatível;Colisão traseira;Com Vítimas Feridas;Plena Noite;Crescente;Céu Claro;Simples;Curva;-9,907679;-36,336623
02/01/2026;14:42:00;MIRANDA;Ultrapassagem Indevida;Colisão lateral mesmo sentido;Com Vítimas Feridas;Pleno dia;Crescente;Nublado;Simples;"Declive;Reta";-20,29418;-56,27963
02/01/2026;18:00:00;IRATI;Condutor usando celular;Colisão lateral sentido oposto;Com Vítimas Feridas;Pleno dia;Decrescente;Nublado;Simples;Reta;-25,503;-50,65
02/01/2026;15:20:00;OURO PRETO DO OESTE;Acesso irregular;Colisão traseira;Com Vítimas Feridas;Pleno dia;Crescente;Céu Claro;Simples;"Reta;Declive";-10,67572833;-62,28339167
02/01/2026;22:00:00;CENTRALINA;Velocidade Incompatível;Saída de leito carroçável;Com Vítimas Feridas;Plena Noite;Decrescente;Chuva;Dupla;Reta;-18,63218;-49,18311
02/01/2026;01:33:00;JATAI;Animais na Pista;Queda de ocupante de veículo;Com Vítimas Feridas;Plena Noite;Crescente;Chuva;Dupla;Aclive;-18,153508;-51,43965
02/01/2026;03:00:00;SAO PAULO;Animais na Pista;Atropelamento de Animal;Com Vítimas Feridas;Plena Noite;Decrescente;Nublado;Múltipla;Reta;-23,4090074;-46,58082835
02/01/2026;03:30:00;ATIBAIA;Velocidade Incompatível;Colisão com objeto;Com Vítimas Feridas;Plena Noite;Crescente;Chuva;Dupla;Curva;-23,07510269;-46,56608895
02/01/2026;04:40:00;ITAPEVA;Chuva;Colisão com objeto;Com Vítimas Feridas;Amanhecer;Decrescente;Chuva;Dupla;Curva;-22,7672064;-46,219264
02/01/2026;04:30:00;PARANAIBA;Velocidade Incompatível;Atropelamento de Pedestre;Com Vítimas Feridas;Amanhecer;Crescente;Céu Claro;Dupla;"Reta;Aclive";-19,683678;-51,200654
02/01/2026;05:20:00;EXTREMA;Velocidade Incompatível;Capotamento;Com Vítimas Feridas;Pleno dia;Crescente;Chuva;Dupla;Curva;-22,80896283;-46,27955708
02/01/2026;05:55:00;ESTIVA;Velocidade Incompatível;Colisão com objeto;Sem Vítimas;Pleno dia;Decrescente;Chuva;Dupla;Curva;-22,41921826;-45,96468254
02/01/2026;06:30:00;CAMBUI;Velocidade Incompatível;Colisão com objeto;Com Vítimas Feridas;Pleno dia;Decrescente;Nublado;Dupla;Curva;-22,54111922;-46,03762221
02/01/2026;05:15:00;CAMBUI;Velocidade Incompatível;Capotamento;Com Vítimas Feridas;Amanhecer;Decrescente;Chuva;Dupla;Curva;-22,674575;-46,09723
02/01/2026;07:20:00;PETROLINA;Ultrapassagem Indevida;Colisão frontal;Com Vítimas Feridas;Pleno dia;Crescente;Céu Claro;Simples;"Declive;Curva";-9,213457;-40,632337
02/01/2026;06:00:00;OLIVEIRA;Pista Escorregadia;Saída de leito carroçável;Com Vítimas Feridas;Amanhecer;Crescente;Chuva;Dupla;"Declive;Curva";-20,717806;-44,766056
02/01/2026;05:36:00;NOVA MUTUM;Chuva;Saída de leito carroçável;Com Vítimas Feridas;Amanhecer;Decrescente;Chuva;Dupla;Reta;-13,594;-56,031
02/01/2026;09:10:00;AGUAS LINDAS DE GOIAS;Acesso irregular;Colisão transversal;Com Vítimas Feridas;Pleno dia;Crescente;Céu Claro;Dupla;Reta;-15,7360886;-48,28437785
02/01/2026;09:45:00;PIRENOPOLIS;Afundamento ou ondulação no pavimento;Queda de ocupante de veículo;Com Vítimas Feridas;Pleno dia;Decrescente;Céu Claro;Simples;Reta;-16;-49
02/01/2026;10:35:00;MATIAS BARBOSA;Velocidade Incompatível;Colisão traseira;Com Vítimas Fatais;Pleno dia;Crescente;Céu Claro;Dupla;"Curva;Declive";-21,863362;-43,373239
02/01/2026;09:10:00;CONQUISTA DOESTE;Acumulo de água sobre o pavimento;Saída de leito carroçável;Com Vítimas Feridas;Pleno dia;Decrescente;Garoa/Chuvisco;Simples;Curva;-14,4944;-59,5697
02/01/2026;11:15:00;CAMPOS DOS GOYTACAZES;Acesso irregular;Colisão frontal;Com Vítimas Feridas;Pleno dia;Decrescente;Céu Claro;Simples;Reta;-21,70216318;-41,31004214
02/01/2026;12:20:00;BOM RETIRO;Conversão proibida;Colisão transversal;Com Vítimas Feridas;Pleno dia;Decrescente;Céu Claro;Simples;Reta;-27,82124316;-49,56530062
02/01/2026;14:10:00;SANTA BARBARA;Ultrapassagem Indevida;Colisão frontal;Com Vítimas Feridas;Pleno dia;Decrescente;Céu Claro;Simples;Reta;-11,89581625;-38,98164332
02/01/2026;13:00:00;TEOFILO OTONI;Ultrapassagem Indevida;Colisão lateral mesmo sentido;Com Vítimas Feridas;Pleno dia;Crescente;Céu Claro;Simples;Reta;-17,8603;-41,515263
02/01/2026;16:30:00;UBATUBA;Retorno proibido;Colisão transversal;Com Vítimas Feridas;Pleno dia;Crescente;Garoa/Chuvisco;Simples;Curva;-23,46615407;-45,06230084
02/01/2026;15:30:00;BRUMADINHO;Velocidade Incompatível;Colisão com objeto;Com Vítimas Feridas;Pleno dia;Decrescente;Chuva;Dupla;Curva;-20,16767902;-44,33262348
02/01/2026;15:45:00;ITAPEVA;Velocidade Incompatível;Colisão com objeto;Com Vítimas Fatais;Pleno dia;Crescente;Nublado;Dupla;Curva;-22,77103847;-46,23699099
02/01/2026;17:55:00;PALHOCA;Acumulo de areia ou detritos sobre o pavimento;Tombamento;Com Vítimas Feridas;Anoitecer;Crescente;Céu Claro;Simples;"Interseção de Vias;Retorno Regulamentado;Curva";-27,7549;-48,63352
02/01/2026;18:10:00;RECIFE;Curva acentuada;Tombamento;Com Vítimas Feridas;Plena Noite;Decrescente;Céu Claro;Simples;"Retorno Regulamentado;Curva";-8,09626;-34,94954
02/01/2026;18:30:00;JAGUARE;Ultrapassagem Indevida;Colisão lateral mesmo sentido;Com Vítimas Feridas;Plena Noite;Decrescente;Céu Claro;Simples;"Reta;Aclive";-18,9945166;-40,00220474
02/01/2026;16:05:00;ESTIVA;Chuva;Saída de leito carroçável;Com Vítimas Feridas;Pleno dia;Decrescente;Chuva;Dupla;"Aclive;Curva";-22,439183;-45,98459
02/01/2026;17:30:00;CAMPINA GRANDE DO SUL;Chuva;Saída de leito carroçável;Com Vítimas Feridas;Pleno dia;Crescente;Chuva;Dupla;"Curva;Declive";-25,257251;-48,913383
02/01/2026;15:30:00;ITAGUARA;Acumulo de água sobre o pavimento;Saída de leito carroçável;Com Vítimas Feridas;Pleno dia;Crescente;Chuva;Dupla;Curva;-20,40223732;-44,51007843
02/01/2026;20:45:00;LAJEADO;Velocidade Incompatível;Tombamento;Com Vítimas Feridas;Plena Noite;Crescente;Nublado;Múltipla;Reta;-29,43458423;-52,00588552
02/01/2026;18:50:00;CAMPOS NOVOS;Ultrapassagem Indevida;Colisão lateral sentido oposto;Com Vítimas Feridas;Anoitecer;Decrescente;Céu Claro;Simples;Reta;-27,43758382;-51,2442255
02/01/2026;20:15:00;ROSARIO OESTE;Demais falhas na via;Queda de ocupante de veículo;Com Vítimas Feridas;Plena Noite;Decrescente;Céu Claro;Simples;Reta;-15,13513514;-56,51905176
02/01/2026;22:50:00;SEBERI;Pista esburacada;Queda de ocupante de veículo;Com Vítimas Feridas;Plena Noite;Decrescente;Céu Claro;Simples;Reta;-27,46551;-53,40471
02/01/2026;23:15:00;GOVERNADOR VALADARES;Conversão proibida;Colisão transversal;Com Vítimas Feridas;Plena Noite;Crescente;Chuva;Simples;Curva;-18,896041;-41,947833
02/01/2026;17:10:00;PICOS;Animais na Pista;Atropelamento de Animal;Com Vítimas Feridas;Anoitecer;Decrescente;Céu Claro;Dupla;Reta;-7,080182;-41,42863
01/01/2026;08:50:00;BARRA DO TURVO;Velocidade Incompatível;Colisão com objeto;Com Vítimas Feridas;Pleno dia;Decrescente;Céu Claro;Dupla;"Declive;Curva";-25,05566;-48,5546
01/01/2026;12:00:00;PATOS DE MINAS;Chuva;Colisão frontal;Com Vítimas Feridas;Pleno dia;Decrescente;Chuva;Simples;"Aclive;Curva";-18,63407;-46,3586
01/01/2026;13:30:00;CRISTALINA;Velocidade Incompatível;Colisão traseira;Sem Vítimas;Pleno dia;Decrescente;Nublado;Simples;Reta;-16,812437;-47,559095
01/01/2026;10:35:00;SANTA BARBARA;Ultrapassagem Indevida;Saída de leito carroçável;Sem Vítimas;Pleno dia;Decrescente;Sol;Simples;Aclive;-11,904926;-38,982753
01/01/2026;13:20:00;SANTO ANTONIO DO LEVERGER;Chuva;Saída de leito carroçável;Com Vítimas Feridas;Pleno dia;Crescente;Chuva;Dupla;"Declive;Curva";-15,83158478;-55,43872744
01/01/2026;20:10:00;CAARAPO;Chuva;Colisão lateral sentido oposto;Sem Vítimas;Plena Noite;Decrescente;Chuva;Simples;"Reta;Aclive";-22,53273479;-54,85010147
01/01/2026;18:30:00;CAMPINA GRANDE DO SUL;Velocidade Incompatível;Saída de leito carroçável;Com Vítimas Feridas;Anoitecer;Decrescente;Chuva;Dupla;Curva;-25,243394;-48,902142
01/01/2026;21:35:00;FRANCISCO SA;Velocidade Incompatível;Saída de leito carroçável;Com Vítimas Feridas;Plena Noite;Crescente;Nublado;Simples;"Curva;Declive";-16,470903;-43,442353
01/01/2026;09:30:00;LAVRAS;Velocidade Incompatível;Saída de leito carroçável;Com Vítimas Feridas;Pleno dia;Decrescente;Céu Claro;Dupla;Curva;-21,18708;-45,116793
01/01/2026;09:15:00;CAMPINA GRANDE DO SUL;Velocidade Incompatível;Saída de leito carroçável;Com Vítimas Feridas;Pleno dia;Crescente;Garoa/Chuvisco;Dupla;Curva;-25,17692;-48,878041
01/01/2026;00:05:00;SANTO ANTONIO DO GRAMA;Animais na Pista;Atropelamento de Animal;Sem Vítimas;Plena Noite;Decrescente;Céu Claro;Simples;Curva;-20,27038974;-42,57027627
01/01/2026;01:10:00;TIJUCAS;Velocidade Incompatível;Colisão traseira;Com Vítimas Feridas;Plena Noite;Crescente;Nublado;Dupla;"Ponte;Declive";-27,24354098;-48,63071172
01/01/2026;03:10:00;ARAQUARI;Chuva;Queda de ocupante de veículo;Com Vítimas Feridas;Plena Noite;Decrescente;Chuva;Múltipla;"Declive;Reta";-26,4395075;-48,80195014
01/01/2026;02:40:00;BELO JARDIM;Animais na Pista;Atropelamento de Animal;Com Vítimas Feridas;Amanhecer;Decrescente;Céu Claro;Simples;Reta;-8,338803;-36,363531
01/01/2026;03:40:00;CALDAS BRANDAO;Acesso irregular;Saída de leito carroçável;Com Vítimas Fatais;Plena Noite;Crescente;Céu Claro;Dupla;Curva;-7,16305203;-35,34746158
01/01/2026;05:00:00;CAREACU;Velocidade Incompatível;Saída de leito carroçável;Com Vítimas Feridas;Amanhecer;Decrescente;Chuva;Dupla;Curva;-22,0381175;-45,6848563
01/01/2026;05:00:00;BETIM;Ultrapassagem Indevida;Colisão traseira;Sem Vítimas;Amanhecer;Crescente;Céu Claro;Múltipla;Reta;-19,96190795;-44,16185653
01/01/2026;04:00:00;SANHARO;Curva acentuada;Capotamento;Com Vítimas Feridas;Pleno dia;Crescente;Céu Claro;Simples;Curva;-8,368075;-36,568699
01/01/2026;05:10:00;UBATUBA;Velocidade Incompatível;Tombamento;Com Vítimas Feridas;Amanhecer;Decrescente;Céu Claro;Simples;Curva;-23,35596734;-44,9460125
01/01/2026;00:30:00;QUATRO BARRAS;Velocidade Incompatível;Tombamento;Sem Vítimas;Plena Noite;Decrescente;Garoa/Chuvisco;Dupla;Reta;-25,37000747;-49,11821934
01/01/2026;07:20:00;GUARAQUECABA;Pista Escorregadia;Saída de leito carroçável;Com Vítimas Feridas;Pleno dia;Decrescente;Garoa/Chuvisco;Simples;Curva;-25,1125;-48,47638
01/01/2026;10:45:00;AGUAS LINDAS DE GOIAS;Velocidade Incompatível;Colisão lateral mesmo sentido;Com Vítimas Feridas;Pleno dia;Decrescente;Céu Claro;Dupla;Curva;-15,76380648;-48,23072361
01/01/2026;13:30:00;JANDAIA DO SUL;Chuva;Saída de leito carroçável;Com Vítimas Feridas;Pleno dia;Crescente;Chuva;Dupla;Curva;-23,59419433;-51,61514282
01/01/2026;13:46:00;ARARANGUA;Acumulo de água sobre o pavimento;Capotamento;Com Vítimas Feridas;Pleno dia;Crescente;Chuva;Dupla;Reta;-28,918898;-49,48962
01/01/2026;15:20:00;SAO GONCALO DO SAPUCAI;Velocidade Incompatível;Saída de leito carroçável;Com Vítimas Feridas;Pleno dia;Crescente;Chuva;Dupla;Curva;-21,90737455;-45,55892944
01/01/2026;16:50:00;SETE LAGOAS;Acumulo de água sobre o pavimento;Tombamento;Com Vítimas Feridas;Pleno dia;Crescente;Chuva;Dupla;"Túnel;Curva;Declive";-19,47770882;-44,28846359
01/01/2026;17:40:00;AGUAS MORNAS;Velocidade Incompatível;Colisão frontal;Com Vítimas Fatais;Pleno dia;Crescente;Chuva;Simples;"Curva;Aclive";-27,703767;-48,818373
01/01/2026;18:00:00;LINDOESTE;Acumulo de água sobre o pavimento;Saída de leito carroçável;Com Vítimas Feridas;Anoitecer;Crescente;Chuva;Dupla;Curva;-25,170436;-53,601942
01/01/2026;18:28:00;CACHOEIRA PAULISTA;Pista Escorregadia;Saída de leito carroçável;Com Vítimas Feridas;Anoitecer;Crescente;Céu Claro;Simples;Curva;-22,66980837;-44,9918139
01/01/2026;18:30:00;JUATUBA;Velocidade Incompatível;Saída de leito carroçável;Sem Vítimas;Plena Noite;Crescente;Chuva;Dupla;"Curva;Declive";-19,93025;-44,40819
01/01/2026;19:30:00;MACAIBA;Ausência de sinalização;Tombamento;Com Vítimas Feridas;Plena Noite;Crescente;Céu Claro;Dupla;"Desvio Temporário;Em Obras;Reta";-5,867125;-35,3663383
01/01/2026;17:45:00;PONTA GROSSA;Velocidade Incompatível;Saída de leito carroçável;Com Vítimas Feridas;Pleno dia;Decrescente;Nublado;Dupla;"Curva;Declive";-25,270277;-49,939167
01/01/2026;16:45:00;BRUMADINHO;Pista Escorregadia;Saída de leito carroçável;Com Vítimas Feridas;Pleno dia;Decrescente;Chuva;Dupla;"Curva;Aclive";-20,121676;-44,301072
01/01/2026;19:20:00;SAO JOAO DO MANHUACU;Velocidade Incompatível;Saída de leito carroçável;Com Vítimas Feridas;Anoitecer;Decrescente;Nublado;Simples;Curva;-20,417;-42,153
01/01/2026;21:26:00;PORTO REAL DO COLEGIO;Velocidade Incompatível;Capotamento;Sem Vítimas;Plena Noite;Decrescente;Céu Claro;Dupla;Reta;-10,1975204;-36,8224462
01/01/2026;21:45:00;SIMOES FILHO;Afundamento ou ondulação no pavimento;Tombamento;Com Vítimas Feridas;Plena Noite;Decrescente;Céu Claro;Dupla;Reta;-12,840483;-38,415167
01/01/2026;20:16:00;TRAIRAO;Animais na Pista;Atropelamento de Animal;Com Vítimas Feridas;Plena Noite;Decrescente;Céu Claro;Simples;"Declive;Reta";-5,050557;-56,17529
01/01/2026;22:30:00;VARGEM;Acumulo de água sobre o pavimento;Saída de leito carroçável;Com Vítimas Feridas;Plena Noite;Crescente;Chuva;Dupla;"Declive;Reta";-22,9262449;-46,45598227
01/01/2026;23:30:00;BETIM;Velocidade Incompatível;Colisão traseira;Com Vítimas Feridas;Plena Noite;Crescente;Céu Claro;Múltipla;Reta;-19,9561096;-44,10361497
01/01/2026;02:20:00;PORTO VITORIA;Velocidade Incompatível;Capotamento;Com Vítimas Feridas;Plena Noite;Decrescente;Garoa/Chuvisco;Simples;Curva;-26,22860145;-51,14065647
01/01/2026;22:50:00;MALTA;Animais na Pista;Atropelamento de Animal;Com Vítimas Feridas;Plena Noite;Crescente;Céu Claro;Simples;Reta;-6,9053707;-37,5216389
01/01/2026;17:40:00;ANGRA DOS REIS;Velocidade Incompatível;Colisão frontal;Com Vítimas Feridas;Pleno dia;Decrescente;Chuva;Simples;Reta;-23,00544492;-44,47067007
31/12/2025;08:00:00;CAMPO GRANDE;Acostamento em desnível;Saída de leito carroçável;Com Vítimas Feridas;Amanhecer;Crescente;Céu Claro;Simples;Reta;-20,56791643;-54,68835032
31/12/2025;16:00:00;FRANCISCO SA;Pista Escorregadia;Colisão frontal;Com Vítimas Feridas;Pleno dia;Crescente;Chuva;Simples;"Declive;Reta";-16,63874497;-43,68086035
31/12/2025;00:30:00;IBAITI;Velocidade Incompatível;Tombamento;Com Vítimas Feridas;Plena Noite;Crescente;Céu Claro;Simples;"Declive;Curva";-23,96956633;-50,23553646
31/12/2025;16:35:00;APARECIDA DE GOIANIA;Acumulo de água sobre o pavimento;Colisão com objeto;Com Vítimas Feridas;Pleno dia;Decrescente;Chuva;Dupla;"Declive;Reta";-16,761793;-49,240097
31/12/2025;17:15:00;SERRA TALHADA;Redutor de velocidade em desacordo;Saída de leito carroçável;Com Vítimas Feridas;Anoitecer;Crescente;Chuva;Simples;"Reta;Declive";-8,0320816;-38,1187207
31/12/2025;00:55:00;MAIRIPORA;Acumulo de água sobre o pavimento;Colisão transversal;Sem Vítimas;Plena Noite;Crescente;Chuva;Dupla;Curva;-23,29128732;-46,58565458
31/12/2025;07:10:00;LAVRAS;Chuva;Saída de leito carroçável;Sem Vítimas;Pleno dia;Crescente;Chuva;Dupla;"Curva;Aclive";-21,2604621;-45,13999495
31/12/2025;08:05:00;NOVA ERECHIM;Conversão proibida;Colisão transversal;Com Vítimas Feridas;Pleno dia;Crescente;Sol;Simples;"Curva;Aclive";-26,898589;-52,876605
31/12/2025;10:00:00;CHAPECO;Velocidade Incompatível;Tombamento;Com Vítimas Feridas;Pleno dia;Decrescente;Nublado;Simples;"Curva;Retorno Regulamentado;Interseção de Vias";-26,99754309;-52,70172857
31/12/2025;10:30:00;RECIFE;Acesso irregular;Colisão transversal;Com Vítimas Feridas;Pleno dia;Crescente;Céu Claro;Dupla;Reta;-7,96279;-34,91523
31/12/2025;10:30:00;ITABORAI;Acesso irregular;Atropelamento de Pedestre;Com Vítimas Feridas;Pleno dia;Decrescente;Céu Claro;Dupla;Reta;-22,77386889;-42,93723678
31/12/2025;10:25:00;SENTINELA DO SUL;Ultrapassagem Indevida;Colisão lateral mesmo sentido;Com Vítimas Feridas;Pleno dia;Crescente;Céu Claro;Simples;Rotatória;-30,63721;-51,553529
31/12/2025;08:45:00;MAQUINE;Velocidade Incompatível;Saída de leito carroçável;Com Vítimas Feridas;Pleno dia;Crescente;Céu Claro;Dupla;Curva;-29,67568789;-50,1416537
31/12/2025;11:30:00;MURIAE;Acesso irregular;Colisão traseira;Com Vítimas Feridas;Pleno dia;Decrescente;Céu Claro;Simples;Curva;-21,1464635;-42,3813569
31/12/2025;14:10:00;CAMPINA GRANDE DO SUL;Velocidade Incompatível;Tombamento;Com Vítimas Feridas;Pleno dia;Decrescente;Chuva;Dupla;Curva;-25,17651861;-48,87416017
31/12/2025;12:40:00;CHOPINZINHO;Velocidade Incompatível;Saída de leito carroçável;Com Vítimas Feridas;Pleno dia;Decrescente;Nublado;Simples;"Curva;Aclive";-25,79618192;-52,27226257
31/12/2025;06:20:00;SERRA;Acesso irregular;Colisão lateral mesmo sentido;Com Vítimas Feridas;Amanhecer;Crescente;Céu Claro;Dupla;Reta;-20,12374993;-40,30476843
31/12/2025;14:45:00;BRASILIA;Acumulo de água sobre o pavimento;Colisão traseira;Sem Vítimas;Pleno dia;Crescente;Chuva;Dupla;Reta;-15,79721112;-48,17642033
31/12/2025;14:00:00;LONDRINA;Velocidade Incompatível;Colisão traseira;Com Vítimas Feridas;Pleno dia;Crescente;Céu Claro;Dupla;Reta;-23,29329316;-51,18693922
31/12/2025;15:45:00;BRASILIA;Pista Escorregadia;Saída de leito carroçável;Com Vítimas Fatais;Pleno dia;Decrescente;Garoa/Chuvisco;Dupla;Reta;-15,789325;-48,147852
31/12/2025;15:10:00;MANGARATIBA;Retorno proibido;Colisão transversal;Sem Vítimas;Pleno dia;Crescente;Sol;Simples;Curva;-23,0309;-44,1597
31/12/2025;18:45:00;PANAMBI;Chuva;Saída de leito carroçável;Com Vítimas Feridas;Anoitecer;Decrescente;Chuva;Simples;Reta;-28,34226611;-53,54542907
31/12/2025;16:30:00;BETIM;Ultrapassagem Indevida;Colisão com objeto;Com Vítimas Feridas;Pleno dia;Decrescente;Céu Claro;Dupla;"Aclive;Reta";-19,97977622;-44,20027649
31/12/2025;19:12:00;SALGUEIRO;Animais na Pista;Atropelamento de Animal;Com Vítimas Feridas;Plena Noite;Crescente;Céu Claro;Simples;Curva;-8,046616;-39,1384016
31/12/2025;18:00:00;BALNEARIO PICARRAS;Acumulo de água sobre o pavimento;Saída de leito carroçável;Com Vítimas Feridas;Plena Noite;Decrescente;Chuva;Múltipla;"Declive;Reta";-26,79108;-48,680969
31/12/2025;19:00:00;BARRA VELHA;Velocidade Incompatível;Colisão com objeto;Sem Vítimas;Anoitecer;Decrescente;Chuva;Múltipla;"Declive;Curva";-26,64779148;-48,6867377
31/12/2025;19:50:00;MANDAGUARI;Acumulo de água sobre o pavimento;Capotamento;Com Vítimas Feridas;Plena Noite;Crescente;Chuva;Dupla;"Reta;Declive";-23,52036629;-51,71845531
31/12/2025;16:00:00;CLARO DOS POCOES;Chuva;Tombamento;Com Vítimas Feridas;Pleno dia;Crescente;Chuva;Simples;"Declive;Curva";-16,957812;-44,249823
31/12/2025;09:55:00;CANDOI;Velocidade Incompatível;Saída de leito carroçável;Com Vítimas Feridas;Pleno dia;Decrescente;Céu Claro;Simples;Curva;-25,4171389;-52,0580472
31/12/2025;17:50:00;OIAPOQUE;Demais falhas na via;Colisão frontal;Sem Vítimas;Pleno dia;Crescente;Sol;Simples;"Reta;Declive";3,73086329;-51,77419136
31/12/2025;20:45:00;MANHUACU;Conversão proibida;Colisão transversal;Com Vítimas Feridas;Plena Noite;Decrescente;Céu Claro;Simples;Reta;-20,25959197;-42,03231096
31/12/2025;18:14:00;CAMPINA GRANDE DO SUL;Chuva;Saída de leito carroçável;Com Vítimas Feridas;Plena Noite;Decrescente;Chuva;Dupla;Curva;-25,07336387;-48,5862821
31/12/2025;21:20:00;AREIA BRANCA;Animais na Pista;Atropelamento de Animal;Com Vítimas Feridas;Plena Noite;Crescente;Nublado;Simples;Reta;-5,036298;-37,132845
31/12/2025;18:00:00;APARECIDA DO TABOADO;Chuva;Colisão lateral sentido oposto;Com Vítimas Feridas;Pleno dia;Decrescente;Chuva;Simples;"Declive;Reta";-19,984454;-51,113275
31/12/2025;20:30:00;CACHOEIRA DO SUL;Animais na Pista;Capotamento;Com Vítimas Feridas;Plena Noite;Crescente;Céu Claro;Simples;Reta;-30,27473574;-52,94532236
31/12/2025;22:45:00;MOSSORO;Velocidade Incompatível;Saída de leito carroçável;Com Vítimas Feridas;Plena Noite;Crescente;Céu Claro;Simples;Rotatória;-5,066408;-37,330782
31/12/2025;16:00:00;FRANCISCO SA;Pista Escorregadia;Colisão lateral sentido oposto;Sem Vítimas;Pleno dia;Decrescente;Chuva;Simples;Reta;-16,49499141;-43,52508545
31/12/2025;07:20:00;RODEIO;Velocidade Incompatível;Colisão com objeto;Com Vítimas Feridas;Pleno dia;Crescente;Nublado;Simples;"Curva;Ponte";-26,9482588;-49,31890368
30/12/2025;04:00:00;CARIACICA;Velocidade Incompatível;Tombamento;Com Vítimas Feridas;Plena Noite;Decrescente;Céu Claro;Múltipla;Curva;-20,3420281;-40,40477514
30/12/2025;03:13:00;ALTAMIRA;Velocidade Incompatível;Tombamento;Com Vítimas Feridas;Amanhecer;Crescente;Nublado;Simples;Curva;-8,72638;-54,9733
30/12/2025;04:30:00;GUAPIMIRIM;Velocidade Incompatível;Tombamento;Sem Vítimas;Plena Noite;Crescente;Céu Claro;Simples;Curva;-22,50267957;-43,00088374