data_inversa;horario;municipio;causa_acidente;tipo_acidente;classificacao_acidente;fase_dia;sentido_via;condicao_metereologica;tipo_pista;tracado_via;latitude;longitude
30/12/2025;08:04:00;ILHEUS;Ultrapassagem Indevida;Colisão lateral mesmo sentido;Com Vítimas Feridas;Pleno dia;Crescente;Céu Claro;Dupla;Reta;-14,78245287;-39,23702359
30/12/2025;12:30:00;OURO PRETO DO OESTE;Acesso irregular;Colisão lateral mesmo sentido;Com Vítimas Feridas;Pleno dia;Decrescente;Sol;Simples;Reta;-10,768658;-62,113457
30/12/2025;07:36:00;VACARIA;Velocidade Incompatível;Tombamento;Com Vítimas Feridas;Pleno dia;Decrescente;Garoa/Chuvisco;Simples;Curva;-28,583832;-51,028038
30/12/2025;16:00:00;MIRACATU;Chuva;Tombamento;Com Vítimas Fatais;Pleno dia;Crescente;Chuva;Simples;Curva;-24,11106014;-47,26598181
30/12/2025;12:35:00;BARRA MANSA;Velocidade Incompatível;Capotamento;Com Vítimas Feridas;Pleno dia;Decrescente;Céu Claro;Múltipla;"Declive;Curva";-22,55968959;-44,12336753
30/12/2025;12:45:00;NOVA ERA;Ultrapassagem Indevida;Colisão frontal;Com Vítimas Fatais;Pleno dia;Decrescente;Céu Claro;Simples;Reta;-19,70869776;-43,00023079
30/12/2025;22:10:00;LINHARES;Ultrapassagem Indevida;Saída de leito carroçável;Com Vítimas Feridas;Plena Noite;Decrescente;Céu Claro;Simples;"Reta;Declive";-19,14645111;-40,07635164
30/12/2025;22:39:00;SALGUEIRO;Velocidade Incompatível;Tombamento;Com Vítimas Feridas;Plena Noite;Crescente;Nublado;Simples;Reta;-8,0999;-39,12475
30/12/2025;05:40:00;SANTA RITA;Animais na Pista;Atropelamento de Animal;Com Vítimas Feridas;Amanhecer;Decrescente;Sol;Dupla;Curva;-7,14210999;-34,99324369
30/12/2025;05:20:00;ITAGUARA;Chuva;Saída de leito carroçável;Com Vítimas Feridas;Amanhecer;Crescente;Chuva;Dupla;"Declive;Curva";-20,33137995;-44,45229721
30/12/2025;07:00:00;DUQUE DE CAXIAS;Pista Escorregadia;Queda de ocupante de veículo;Com Vítimas Feridas;Pleno dia;Decrescente;Céu Claro;Dupla;Curva;-22,6719828;-43,2845762
30/12/2025;08:54:00;BARRA DO GARCAS;Ultrapassagem Indevida;Colisão frontal;Com Vítimas Feridas;Pleno dia;Crescente;Céu Claro;Simples;Aclive;-15,85230895;-52,34188199
30/12/2025;10:00:00;ITAOBIM;Conversão proibida;Colisão transversal;Com Vítimas Feridas;Pleno dia;Decrescente;Céu Claro;Simples;"Interseção de Vias;Declive;Reta";-16,558633;-41,502512
30/12/2025;08:45:00;PIMENTA BUENO;Ultrapassagem Indevida;Colisão frontal;Com Vítimas Feridas;Pleno dia;Crescente;Chuva;Simples;"Reta;Aclive";-12,2360606;-60,6813179
30/12/2025;11:00:00;NOVA OLINDA DO MARANHAO;Pista esburacada;Saída de leito carroçável;Com Vítimas Feridas;Pleno dia;Decrescente;Céu Claro;Simples;Reta;-2,77006415;-45,71382523
30/12/2025;14:15:00;PONTA GROSSA;Velocidade Incompatível;Colisão com objeto;Com Vítimas Feridas;Pleno dia;Crescente;Chuva;Dupla;"Viaduto;Curva";-25,03624501;-50,29802196
30/12/2025;15:00:00;ANGRA DOS REIS;Conversão proibida;Colisão lateral mesmo sentido;Com Vítimas Feridas;Pleno dia;Crescente;Sol;Simples;Reta;-23,00696;-44,22225
30/12/2025;14:00:00;CONSELHEIRO LAFAIETE;Ultrapassagem Indevida;Colisão lateral mesmo sentido;Com Vítimas Feridas;Pleno dia;Decrescente;Céu Claro;Simples;Curva;-20,68450497;-43,79356384
30/12/2025;14:50:00;JUSSARA;Retorno proibido;Colisão transversal;Com Vítimas Fatais;Pleno dia;Decrescente;Céu Claro;Dupla;Reta;-15,8763159;-50,8949743
30/12/2025;15:00:00;ANGRA DOS REIS;Animais na Pista;Atropelamento de Animal;Com Vítimas Feridas;Pleno dia;Crescente;Garoa/Chuvisco;Simples;Curva;-22,934738;-44,405493
30/12/2025;10:40:00;SINOP;Ultrapassagem Indevida;Colisão frontal;Com Vítimas Feridas;Pleno dia;Crescente;Céu Claro;Simples;"Reta;Aclive";-11,536;-55,391
30/12/2025;17:30:00;SAO GONCALO DO RIO ABAIXO;Velocidade Incompatível;Colisão frontal;Com Vítimas Feridas;Anoitecer;Decrescente;Chuva;Simples;Curva;-19,821714;-43,387856
30/12/2025;16:00:00;LUZIANIA;Demais Fenômenos da natureza;Eventos atípicos;Com Vítimas Fatais;Pleno dia;Crescente;Chuva;Simples;Reta;-16,412732;-47,823844
30/12/2025;17:55:00;FLORES DE GOIAS;Pista Escorregadia;Saída de leito carroçável;Com Vítimas Feridas;Anoitecer;Decrescente;Chuva;Simples;Reta;-14,844255;-46,740206
30/12/2025;17:00:00;ORIZANIA;Chuva;Colisão com objeto;Com Vítimas Feridas;Pleno dia;Decrescente;Chuva;Simples;Curva;-20,52911426;-42,19969869
30/12/2025;18:40:00;BELO HORIZONTE;Acesso irregular;Queda de ocupante de veículo;Com Vítimas Feridas;Plena Noite;Decrescente;Céu Claro;Dupla;Reta;-19,844966;-43,886502
30/12/2025;19:55:00;ARACATI;Animais na Pista;Atropelamento de Animal;Com Vítimas Feridas;Plena Noite;Crescente;Céu Claro;Simples;Reta;-4,581321;-37,717391
30/12/2025;20:10:00;CABEDELO;Acumulo de areia ou detritos sobre o pavimento;Tombamento;Com Vítimas Feridas;Pleno dia;Decrescente;Céu Claro;Dupla;Interseção de Vias;-7,07202;-34,849642
30/12/2025;20:45:00;JABOATAO DOS GUARARAPES;Acostamento em desnível;Queda de ocupante de veículo;Com Vítimas Feridas;Plena Noite;Decrescente;Céu Claro;Dupla;Curva;-8,21051625;-34,97557068
30/12/2025;18:40:00;SAO JOSE;Pista Escorregadia;Tombamento;Com Vítimas Feridas;Anoitecer;Crescente;Garoa/Chuvisco;Dupla;Curva;-27,58473003;-48,61749222
30/12/2025;19:10:00;ITAJAI;Animais na Pista;Atropelamento de Animal;Com Vítimas Feridas;Anoitecer;Crescente;Chuva;Múltipla;Reta;-26,93477295;-48,70136261
30/12/2025;19:55:00;SAO MARCOS;Ultrapassagem Indevida;Colisão lateral mesmo sentido;Com Vítimas Feridas;Plena Noite;Crescente;Nublado;Simples;Reta;-28,96980318;-51,07153114
30/12/2025;23:05:00;SANTA RITA;Animais na Pista;Colisão traseira;Com Vítimas Feridas;Plena Noite;Decrescente;Céu Claro;Dupla;Curva;-7,130167;-34,954336
30/12/2025;21:00:00;PALMITOS;Velocidade Incompatível;Saída de leito carroçável;Sem Vítimas;Plena Noite;Crescente;Céu Claro;Simples;Reta;-27,094918;-53,218904
30/12/2025;17:00:00;PARATY;Velocidade Incompatível;Colisão transversal;Com Vítimas Feridas;Pleno dia;Crescente;Céu Claro;Simples;Reta;-23,23535218;-44,7102356
29/12/2025;04:00:00;SANTO ANTONIO DA PLATINA;Chuva;Saída de leito carroçável;Com Vítimas Feridas;Plena Noite;Crescente;Chuva;Simples;"Declive;Reta";-23,24108794;-50,03821246
29/12/2025;06:00:00;TUPANCIRETA;Ultrapassagem Indevida;Saída de leito carroçável;Com Vítimas Feridas;Amanhecer;Decrescente;Nublado;Simples;Reta;-29,018208;-53,646848
29/12/2025;07:39:00;POMBOS;Velocidade Incompatível;Colisão traseira;Com Vítimas Feridas;Pleno dia;Decrescente;Sol;Simples;"Reta;Declive";-8,16432345;-35,44460742
29/12/2025;14:15:00;BRASILIA;Velocidade Incompatível;Saída de leito carroçável;Sem Vítimas;Pleno dia;Crescente;Chuva;Dupla;"Reta;Declive";-15,58182992;-47,53574887
29/12/2025;16:10:00;CAETANOPOLIS;Velocidade Incompatível;Saída de leito carroçável;Com Vítimas Feridas;Pleno dia;Crescente;Chuva;Dupla;Reta;-19,3531309;-44,350384
29/12/2025;22:20:00;PORTO VITORIA;Velocidade Incompatível;Colisão lateral sentido oposto;Com Vítimas Feridas;Plena Noite;Decrescente;Chuva;Simples;Curva;-26,28485;-51,19488
29/12/2025;23:38:00;JABOATAO DOS GUARARAPES;Deficiência do Sistema de Iluminação/Sinalização;Colisão traseira;Com Vítimas Feridas;Plena Noite;Crescente;Céu Claro;Dupla;Curva;-8,17150838;-34,93946314
29/12/2025;22:00:00;SANTA LUZIA DO PARUA;Animais na Pista;Atropelamento de Animal;Com Vítimas Feridas;Anoitecer;Crescente;Céu Claro;Simples;Reta;-2,61088446;-45,75729847
29/12/2025;00:00:00;PADRE BERNARDO;Ultrapassagem Indevida;Colisão transversal;Com Vítimas Feridas;Plena Noite;Crescente;Céu Claro;Dupla;Reta;-15,21794;-48,28072
29/12/2025;00:30:00;VARJAO;Velocidade Incompatível;Saída de leito carroçável;Sem Vítimas;Plena Noite;Decrescente;Céu Claro;Dupla;Interseção de Vias;-16,95251568;-49,68341296
29/12/2025;02:20:00;SAO JOSE DO CERRITO;Velocidade Incompatível;Colisão com objeto;Sem Vítimas;Plena Noite;Crescente;Chuva;Simples;"Declive;Curva";-27,60294127;-50,72539743
29/12/2025;04:00:00;CRISTIANO OTONI;Conversão proibida;Colisão frontal;Com Vítimas Fatais;Plena Noite;Crescente;Céu Claro;Simples;Reta;-20,78881853;-43,81144009
29/12/2025;03:00:00;IBATIBA;Pista esburacada;Tombamento;Com Vítimas Feridas;Plena Noite;Crescente;Nublado;Simples;"Declive;Curva";-20,214575;-41,426832
29/12/2025;06:50:00;VIANA;Animais na Pista;Atropelamento de Animal;Com Vítimas Feridas;Pleno dia;Decrescente;Céu Claro;Simples;"Reta;Aclive";-20,37496802;-40,51571285
29/12/2025;03:30:00;TROMBUDO CENTRAL;Velocidade Incompatível;Colisão frontal;Com Vítimas Feridas;Plena Noite;Crescente;Garoa/Chuvisco;Simples;Curva;-27,2837275;-49,8132983
29/12/2025;07:20:00;TIJUCAS DO SUL;Pista Escorregadia;Colisão com objeto;Com Vítimas Feridas;Pleno dia;Decrescente;Garoa/Chuvisco;Dupla;"Curva;Declive";-25,8414436;-49,04852843
29/12/2025;06:53:00;CAMPINA GRANDE DO SUL;Chuva;Capotamento;Com Vítimas Feridas;Pleno dia;Crescente;Chuva;Dupla;Curva;-25,155525;-48,861363
29/12/2025;08:15:00;CAMPINA GRANDE DO SUL;Chuva;Colisão traseira;Sem Vítimas;Pleno dia;Decrescente;Chuva;Dupla;"Declive;Curva";-25,111449;-48,811878
29/12/2025;08:20:00;CONTENDA;Pista Escorregadia;Colisão com objeto;Com Vítimas Feridas;Pleno dia;Crescente;Garoa/Chuvisco;Dupla;Curva;-25,68155023;-49,52586142
29/12/2025;11:30:00;SAO JOSE;Velocidade Incompatível;Colisão traseira;Com Vítimas Feridas;Pleno dia;Decrescente;Céu Claro;Múltipla;Reta;-27,60492404;-48,63364069
29/12/2025;10:15:00;CANTAGALO;Velocidade Incompatível;Colisão lateral mesmo sentido;Com Vítimas Feridas;Pleno dia;Crescente;Céu Claro;Simples;"Curva;Aclive";-25,40407924;-52,10097671
29/12/2025;07:40:00;CURITIBA;Chuva;Tombamento;Com Vítimas Feridas;Pleno dia;Decrescente;Chuva;Dupla;"Viaduto;Curva";-25,443769;-49,2338699
29/12/2025;12:10:00;ARAQUARI;Retorno proibido;Colisão transversal;Com Vítimas Feridas;Pleno dia;Crescente;Céu Claro;Simples;Reta;-26,385302;-48,72874
29/12/2025;12:05:00;JATAIZINHO;Conversão proibida;Colisão transversal;Com Vítimas Feridas;Plena Noite;Decrescente;Céu Claro;Simples;Reta;-23,26314921;-50,97674271
29/12/2025;12:45:00;LAGUNA;Condutor usando celular;Colisão com objeto;Com Vítimas Feridas;Pleno dia;Decrescente;Nublado;Múltipla;Curva;-28,40739544;-48,79130714
29/12/2025;13:30:00;CALIFORNIA;Velocidade Incompatível;Saída de leito carroçável;Com Vítimas Feridas;Pleno dia;Decrescente;Garoa/Chuvisco;Dupla;Curva;-23,69691748;-51,33663783
29/12/2025;14:30:00;AGRONOMICA;Retorno proibido;Colisão transversal;Com Vítimas Feridas;Pleno dia;Crescente;Nublado;Simples;Reta;-27,2566;-49,71186
29/12/2025;13:30:00;AGUAS LINDAS DE GOIAS;Chuva;Tombamento;Com Vítimas Feridas;Pleno dia;Decrescente;Garoa/Chuvisco;Dupla;Reta;-15,770013;-48,230217
29/12/2025;17:15:00;NATAL;Conversão proibida;Colisão lateral sentido oposto;Com Vítimas Feridas;Anoitecer;Decrescente;Céu Claro;Simples;Reta;-5,809142;-35,243923
29/12/2025;18:10:00;GUARAMIRIM;Chuva;Colisão com objeto;Com Vítimas Feridas;Anoitecer;Decrescente;Chuva;Dupla;Rotatória;-26,474037;-49,020393
29/12/2025;17:25:00;VACARIA;Acumulo de água sobre o pavimento;Saída de leito carroçável;Com Vítimas Feridas;Pleno dia;Crescente;Chuva;Simples;Curva;-28,51045227;-50,87902514
29/12/2025;16:00:00;CAMPINA GRANDE DO SUL;Chuva;Colisão com objeto;Com Vítimas Feridas;Pleno dia;Decrescente;Chuva;Dupla;"Declive;Curva";-25,112188;-48,814941
29/12/2025;16:50:00;TRES RIOS;Chuva;Tombamento;Com Vítimas Feridas;Pleno dia;Crescente;Chuva;Dupla;"Declive;Curva";-22,07409181;-43,18298796
29/12/2025;16:00:00;ANTONINA;Chuva;Saída de leito carroçável;Com Vítimas Feridas;Pleno dia;Crescente;Chuva;Dupla;"Declive;Curva";-25,11112;-48,750844
29/12/2025;17:30:00;JACIARA;Chuva;Saída de leito carroçável;Com Vítimas Feridas;Pleno dia;Decrescente;Chuva;Dupla;Reta;-15,817752;-55,224352
29/12/2025;19:00:00;IGARAPE DO MEIO;Animais na Pista;Atropelamento de Animal;Com Vítimas Feridas;Plena Noite;Crescente;Garoa/Chuvisco;Simples;Reta;-3,648432;-45,200177
29/12/2025;19:10:00;PATO BRANCO;Chuva;Saída de leito carroçável;Com Vítimas Feridas;Plena Noite;Decrescente;Chuva;Simples;Reta;-26,10096;-52,64349444
29/12/2025;19:50:00;AGUA BRANCA;Animais na Pista;Atropelamento de Animal;Com Vítimas Feridas;Plena Noite;Crescente;Céu Claro;Simples;Reta;-9,30259;-37,879052
29/12/2025;19:30:00;BOCAINA DO SUL;Chuva;Colisão traseira;Com Vítimas Feridas;Plena Noite;Decrescente;Chuva;Simples;"Reta;Declive";-27,733428;-49,970278
29/12/2025;19:20:00;ITABORAI;Ausência de sinalização;Atropelamento de Pedestre;Com Vítimas Feridas;Plena Noite;Crescente;Céu Claro;Dupla;Reta;-22,7787139;-42,89611816
28/12/2025;08:25:00;JABOTICABA;Velocidade Incompatível;Tombamento;Com Vítimas Feridas;Pleno dia;Decrescente;Céu Claro;Simples;"Interseção de Vias;Retorno Regulamentado";-27,6853437;-53,3059835
28/12/2025;15:00:00;CATU;Velocidade Incompatível;Colisão lateral sentido oposto;Com Vítimas Feridas;Pleno dia;Crescente;Céu Claro;Simples;Declive;-12,40589783;-38,40305328
28/12/2025;20:30:00;FRANCISCO SA;Velocidade Incompatível;Saída de leito carroçável;Com Vítimas Feridas;Plena Noite;Crescente;Céu Claro;Simples;"Curva;Declive";-16,46818861;-43,43976974
28/12/2025;00:13:00;VERA;Velocidade Incompatível;Saída de leito carroçável;Sem Vítimas;Plena Noite;Crescente;Céu Claro;Simples;"Em Obras;Curva;Desvio Temporário";-12,1955543;-55,53457635
28/12/2025;02:30:00;TIMBAUBA;Ultrapassagem Indevida;Colisão frontal;Sem Vítimas;Plena Noite;Crescente;Céu Claro;Simples;Reta;-7,54029;-35,27836
28/12/2025;04:30:00;FLORES DE GOIAS;Ultrapassagem Indevida;Colisão frontal;Com Vítimas Feridas;Plena Noite;Decrescente;Nublado;Simples;Reta;-14,8;-46,8
28/12/2025;08:30:00;JUATUBA;Velocidade Incompatível;Tombamento;Com Vítimas Feridas;Pleno dia;Crescente;Sol;Dupla;Curva;-19,93498644;-44,43553448
28/12/2025;08:56:00;BRASILIA;Chuva;Saída de leito carroçável;Sem Vítimas;Pleno dia;Crescente;Chuva;Múltipla;Reta;-15,57923117;-47,38325358
28/12/2025;08:50:00;CORNELIO PROCOPIO;Chuva;Colisão com objeto;Com Vítimas Feridas;Pleno dia;Crescente;Chuva;Simples;"Aclive;Curva";-23,17890399;-50,62333552
28/12/2025;08:45:00;CAMPO GRANDE;Acostamento em desnível;Tombamento;Com Vítimas Feridas;Pleno dia;Decrescente;Céu Claro;Simples;Reta;-20,58099413;-54,71350545
28/12/2025;09:45:00;GUAIBA;Acesso irregular;Colisão frontal;Com Vítimas Feridas;Pleno dia;Decrescente;Céu Claro;Simples;"Em Obras;Reta";-30,1422732;-51,3609442
28/12/2025;10:10:00;CANOAS;Velocidade Incompatível;Colisão lateral mesmo sentido;Com Vítimas Feridas;Pleno dia;Crescente;Nublado;Múltipla;"Aclive;Reta;Viaduto";-29,91562124;-51,1775659
28/12/2025;11:41:00;JUATUBA;Velocidade Incompatível;Tombamento;Com Vítimas Feridas;Pleno dia;Crescente;Céu Claro;Dupla;Reta;-19,935877;-44,43357
28/12/2025;10:15:00;POCONE;Acesso irregular;Saída de leito carroçável;Com Vítimas Feridas;Pleno dia;Decrescente;Céu Claro;Simples;Reta;-15,93937711;-57,04496384
28/12/2025;09:40:00;TRES CORACOES;Velocidade Incompatível;Colisão lateral mesmo sentido;Com Vítimas Feridas;Pleno dia;Decrescente;Céu Claro;Dupla;Reta;-21,61131763;-45,24094174
28/12/2025;13:00:00;MORRETES;Velocidade Incompatível;Tombamento;Com Vítimas Feridas;Pleno dia;Crescente;Sol;Dupla;"Aclive;Curva";-25,57458971;-48,84843199
28/12/2025;13:00:00;CABEDELO;Acesso irregular;Colisão lateral mesmo sentido;Com Vítimas Feridas;Pleno dia;Crescente;Sol;Dupla;"Interseção de Vias;Reta";-7,03356;-34,841805
28/12/2025;11:30:00;ANGRA DOS REIS;Conversão proibida;Colisão lateral mesmo sentido;Com Vítimas Feridas;Pleno dia;Crescente;Céu Claro;Simples;"Curva;Aclive";-23,00956008;-44,4520247
28/12/2025;13:30:00;NOVA LARANJEIRAS;Velocidade Incompatível;Saída de leito carroçável;Com Vítimas Feridas;Pleno dia;Crescente;Céu Claro;Simples;Curva;-25,25818886;-52,62652338
28/12/2025;12:25:00;ARGIRITA;Pista esburacada;Tombamento;Com Vítimas Feridas;Pleno dia;Crescente;Céu Claro;Simples;Curva;-21,61776128;-42,81115651
28/12/2025;14:15:00;UBERABA;Acumulo de água sobre o pavimento;Saída de leito carroçável;Com Vítimas Feridas;Pleno dia;Crescente;Chuva;Dupla;"Retorno Regulamentado;Reta;Aclive";-19,518829;-48,04051
28/12/2025;15:30:00;CAMPOS NOVOS;Conversão proibida;Colisão transversal;Com Vítimas Feridas;Pleno dia;Crescente;Céu Claro;Simples;Curva;-27,39417771;-51,18855453
28/12/2025;16:45:00;SAO PAULO;Pista Escorregadia;Tombamento;Com Vítimas Feridas;Pleno dia;Crescente;Garoa/Chuvisco;Dupla;Curva;-23,389808;-46,569808
28/12/2025;14:50:00;SAO GABRIEL;Acumulo de água sobre o pavimento;Saída de leito carroçável;Com Vítimas Feridas;Pleno dia;Decrescente;Chuva;Simples;"Declive;Curva";-30,2590672;-54,49802399
28/12/2025;16:40:00;CAMPINA GRANDE DO SUL;Acumulo de areia ou detritos sobre o pavimento;Colisão com objeto;Com Vítimas Feridas;Pleno dia;Decrescente;Nublado;Dupla;"Aclive;Curva";-25,303045;-48,961835
28/12/2025;09:45:00;TUCANO;Ultrapassagem Indevida;Colisão frontal;Com Vítimas Feridas;Pleno dia;Crescente;Céu Claro;Simples;Reta;-11,009932;-38,814882
28/12/2025;18:30:00;XANXERE;Acumulo de água sobre o pavimento;Saída de leito carroçável;Com Vítimas Feridas;Plena Noite;Crescente;Chuva;Dupla;"Declive;Rotatória";-26,88070297;-52,35930157
28/12/2025;21:30:00;BETIM;Velocidade Incompatível;Colisão com objeto;Com Vítimas Feridas;Plena Noite;Crescente;Céu Claro;Dupla;Reta;-19,95661;-44,13806
28/12/2025;17:00:00;INHAPIM;Velocidade Incompatível;Saída de leito carroçável;Com Vítimas Feridas;Anoitecer;Crescente;Céu Claro;Simples;Reta;-19,492731;-42,128717
28/12/2025;22:35:00;FOZ DO IGUACU;Sinalização mal posicionada;Colisão com objeto;Sem Vítimas;Plena Noite;Decrescente;Nublado;Simples;"Em Obras;Reta;Desvio Temporário";-25,57821439;-54,54119682
28/12/2025;23:40:00;BAIXIO;Animais na Pista;Atropelamento de Animal;Com Vítimas Feridas;Plena Noite;Decrescente;Céu Claro;Simples;Reta;-6,715534;-38,805011
28/12/2025;19:00:00;CAPIM GROSSO;Conversão proibida;Colisão frontal;Com Vítimas Feridas;Plena Noite;Crescente;Céu Claro;Simples;Reta;-11,388265;-39,986585
28/12/2025;20:20:00;PARATY;Declive acentuado;Queda de ocupante de veículo;Com Vítimas Feridas;Plena Noite;Decrescente;Céu Claro;Dupla;Curva;-23,02729156;-44,53891754
28/12/2025;17:23:00;CAMPINA GRANDE DO SUL;Chuva;Colisão com objeto;Com Vítimas Feridas;Pleno dia;Crescente;Chuva;Dupla;Curva;-25,193571;-48,88873
27/12/2025;03:30:00;AMELIA RODRIGUES;Animais na Pista;Colisão frontal;Com Vítimas Fatais;Plena Noite;Crescente;Nevoeiro/Neblina;Dupla;Reta;-12,4698933;-38,6840033
27/12/2025;01:30:00;MATUPA;Ultrapassagem Indevida;Colisão lateral mesmo sentido;Com Vítimas Fatais;Plena Noite;Decrescente;Chuva;Simples;Reta;-10,21497511;-54,96662736
27/12/2025;00:30:00;GUARATUBA;Acumulo de água sobre o pavimento;Saída de leito carroçável;Com Vítimas Feridas;Plena Noite;Crescente;Chuva;Dupla;"Declive;Curva";-25,866372;-48,946317
27/12/2025;04:10:00;BRAGANCA PAULISTA;Curva acentuada;Queda de ocupante de veículo;Com Vítimas Feridas;Plena Noite;Decrescente;Céu Claro;Simples;"Curva;Rotatória";-23,00439259;-46,51906872
27/12/2025;05:10:00;BENTO GONCALVES;Fumaça;Incêndio;Sem Vítimas;Amanhecer;Decrescente;Nublado;Simples;Reta;-29,08355992;-51,56076606
27/12/2025;05:30:00;SANTO ANTONIO DA PLATINA;Velocidade Incompatível;Saída de leito carroçável;Com Vítimas Feridas;Amanhecer;Crescente;Céu Claro;Simples;Reta;-23,33167031;-50,06648576
27/12/2025;06:10:00;VERA CRUZ;Pista esburacada;Tombamento;Com Vítimas Feridas;Amanhecer;Decrescente;Céu Claro;Simples;Declive;-22,32033832;-49,89824507
27/12/2025;06:40:00;RIO VERDE;Conversão proibida;Colisão transversal;Com Vítimas Feridas;Amanhecer;Crescente;Céu Claro;Dupla;"Retorno Regulamentado;Declive;Reta";-17,81937;-50,943393
27/12/2025;06:00:00;PALMEIRA;Curva acentuada;Colisão frontal;Com Vítimas Feridas;Amanhecer;Crescente;Céu Claro;Simples;Reta;-25,4635;-49,9267
27/12/2025;07:30:00;SERRA;Velocidade Incompatível;Queda de ocupante de veículo;Com Vítimas Feridas;Pleno dia;Crescente;Sol;Dupla;Rotatória;-20,16451613;-40,35058056
27/12/2025;09:20:00;COLOMBO;Conversão proibida;Colisão traseira;Com Vítimas Feridas;Pleno dia;Crescente;Sol;Simples;"Reta;Declive";-25,345437;-49,160517
27/12/2025;09:50:00;NOSSA SENHORA DO SOCORRO;Pista Escorregadia;Queda de ocupante de veículo;Com Vítimas Feridas;Pleno dia;Decrescente;Céu Claro;Dupla;Curva;-10,9047847;-37,13018417
27/12/2025;08:16:00;PETROLINA;Retorno proibido;Colisão transversal;Com Vítimas Feridas;Pleno dia;Decrescente;Céu Claro;Dupla;Reta;-9,40523373;-40,50429583
27/12/2025;15:40:00;VENDA NOVA DO IMIGRANTE;Ultrapassagem Indevida;Colisão lateral mesmo sentido;Com Vítimas Feridas;Pleno dia;Decrescente;Céu Claro;Simples;Reta;-20,33626628;-41,18020244
27/12/2025;16:10:00;CANOAS;Acesso irregular;Colisão traseira;Com Vítimas Feridas;Pleno dia;Decrescente;Chuva;Dupla;Reta;-29,89902837;-51,17616749
27/12/2025;15:50:00;INDAIAL;Velocidade Incompatível;Saída de leito carroçável;Com Vítimas Feridas;Pleno dia;Crescente;Sol;Simples;"Declive;Reta";-26,8743683;-49,1860733
27/12/2025;15:15:00;MANGARATIBA;Ultrapassagem Indevida;Colisão transversal;Com Vítimas Feridas;Pleno dia;Crescente;Sol;Simples;"Interseção de Vias;Reta";-22,92958312;-43,97565365
27/12/2025;16:50:00;PONTA GROSSA;Chuva;Saída de leito carroçável;Com Vítimas Feridas;Pleno dia;Crescente;Chuva;Dupla;Reta;-25,016239;-50,337761
27/12/2025;19:40:00;CAMPINA GRANDE;Retorno proibido;Colisão transversal;Com Vítimas Feridas;Plena Noite;Decrescente;Nublado;Dupla;"Aclive;Reta";-7,24863218;-35,84717274
27/12/2025;18:30:00;NOVA VICOSA;Velocidade Incompatível;Saída de leito carroçável;Com Vítimas Fatais;Anoitecer;Crescente;Nublado;Simples;Reta;-17,93201074;-39,84067261
27/12/2025;20:30:00;TUCANO;Ultrapassagem Indevida;Colisão lateral sentido oposto;Com Vítimas Feridas;Plena Noite;Decrescente;Céu Claro;Simples;Reta;-11,170998;-38,858172
27/12/2025;22:10:00;RESENDE;Ultrapassagem Indevida;Colisão lateral mesmo sentido;Com Vítimas Feridas;Plena Noite;Decrescente;Céu Claro;Simples;"Retorno Regulamentado;Rotatória";-22,46073572;-44,4407222
27/12/2025;20:30:00;GUARAPUAVA;Animais na Pista;Atropelamento de Animal;Com Vítimas Feridas;Plena Noite;Decrescente;Nublado;Dupla;"Aclive;Reta";-25,342191;-51,41213
27/12/2025;22:09:00;CANUTAMA;Deficiência do Sistema de Iluminação/Sinalização;Colisão traseira;Com Vítimas Feridas;Plena Noite;Decrescente;Céu Claro;Simples;Reta;-8,59337;-63,99528
27/12/2025;23:00:00;PIRIPIRI;Animais na Pista;Atropelamento de Animal;Com Vítimas Feridas;Plena Noite;Crescente;Céu Claro;Simples;Reta;-4,28661;-41,765272
27/12/2025;23:55:00;CURITIBANOS;Velocidade Incompatível;Saída de leito carroçável;Sem Vítimas;Plena Noite;Crescente;Céu Claro;Simples;Curva;-27,3127013;-50,5763994
27/12/2025;23:55:00;CURITIBANOS;Velocidade Incompatível;Saída de leito carroçável;Com Vítimas Fatais;Plena Noite;Crescente;Nublado;Simples;Rotatória;-27,31309167;-50,57644892
27/12/2025;20:00:00;IMBITUBA;Acumulo de água sobre o pavimento;Saída de leito carroçável;Com Vítimas Feridas;Plena Noite;Crescente;Chuva;Dupla;Reta;-28,298203;-48,716157
26/12/2025;08:40:00;FLORES DE GOIAS;Ultrapassagem Indevida;Saída de leito carroçável;Sem Vítimas;Pleno dia;Crescente;Nublado;Simples;Reta;-14,848447;-46,760484
26/12/2025;14:55:00;VITORIA DA CONQUISTA;Conversão proibida;Colisão transversal;Com Vítimas Feridas;Pleno dia;Decrescente;Céu Claro;Simples;Curva;-14,827052;-40,82883
26/12/2025;15:27:00;ANCHIETA;Ultrapassagem Indevida;Saída de leito carroçável;Com Vítimas Feridas;Pleno dia;Decrescente;Céu Claro;Simples;"Curva;Interseção de Vias";-20,7100952;-40,72080124
26/12/2025;15:05:00;NAVEGANTES;Retorno proibido;Colisão transversal;Com Vítimas Feridas;Pleno dia;Crescente;Céu Claro;Dupla;Reta;-26,84377782;-48,71493612
26/12/2025;15:50:00;ORTIGUEIRA;Velocidade Incompatível;Tombamento;Com Vítimas Feridas;Pleno dia;Crescente;Céu Claro;Dupla;"Declive;Curva";-23,980762;-51,085538
26/12/2025;14:00:00;NOVA ERA;Velocidade Incompatível;Tombamento;Com Vítimas Feridas;Pleno dia;Crescente;Nublado;Simples;"Curva;Aclive";-19,72364556;-43,0093503
26/12/2025;18:20:00;CAMBUI;Curva acentuada;Tombamento;Com Vítimas Feridas;Plena Noite;Decrescente;Céu Claro;Dupla;"Declive;Curva";-22,67312151;-46,09501362