data_inversa;horario;municipio;causa_acidente;tipo_acidente;classificacao_acidente;fase_dia;sentido_via;condicao_metereologica;tipo_pista;tracado_via;latitude;longitude
26/12/2025;06:10:00;SAO DOMINGOS DO PRATA;Velocidade Incompatível;Colisão lateral sentido oposto;Com Vítimas Feridas;Pleno dia;Crescente;Céu Claro;Simples;Curva;-19,88251684;-43,04803848
26/12/2025;00:00:00;SEROPEDICA;Velocidade Incompatível;Atropelamento de Pedestre;Com Vítimas Feridas;Plena Noite;Crescente;Ignorado;Simples;Reta;-22,7165219;-43,7156752
26/12/2025;04:00:00;SAO GONCALO DOS CAMPOS;Animais na Pista;Atropelamento de Animal;Com Vítimas Fatais;Amanhecer;Crescente;Nevoeiro/Neblina;Simples;Reta;-12,4169674;-38,9052897
26/12/2025;03:20:00;JOINVILLE;Velocidade Incompatível;Colisão com objeto;Com Vítimas Feridas;Plena Noite;Crescente;Céu Claro;Dupla;Curva;-26,26895091;-48,89563736
26/12/2025;05:00:00;RIO DE JANEIRO;Animais na Pista;Queda de ocupante de veículo;Com Vítimas Feridas;Amanhecer;Decrescente;Céu Claro;Dupla;Reta;-22,8044734;-43,345185
26/12/2025;01:40:00;APARECIDA DE GOIANIA;Velocidade Incompatível;Saída de leito carroçável;Com Vítimas Feridas;Plena Noite;Crescente;Céu Claro;Dupla;Reta;-16,79107895;-49,23837371
26/12/2025;06:20:00;ABADIANIA;Velocidade Incompatível;Colisão com objeto;Com Vítimas Feridas;Pleno dia;Decrescente;Céu Claro;Dupla;"Curva;Declive";-16,187168;-48,663055
26/12/2025;07:30:00;PONTO DOS VOLANTES;Ultrapassagem Indevida;Saída de leito carroçável;Com Vítimas Feridas;Pleno dia;Decrescente;Céu Claro;Simples;Reta;-16,837684;-41,479865
26/12/2025;13:00:00;SAO JOSE DO RIO PRETO;Conversão proibida;Colisão frontal;Com Vítimas Feridas;Pleno dia;Decrescente;Céu Claro;Simples;Reta;-20,72283;-49,338534
26/12/2025;13:30:00;PARANAGUA;Velocidade Incompatível;Tombamento;Com Vítimas Feridas;Pleno dia;Decrescente;Céu Claro;Múltipla;"Aclive;Curva";-25,5604498;-48,58308641
26/12/2025;14:00:00;JACIARA;Acumulo de água sobre o pavimento;Saída de leito carroçável;Sem Vítimas;Pleno dia;Crescente;Chuva;Simples;Reta;-15,821003;-55,210407
26/12/2025;14:20:00;SAO GONCALO DO SAPUCAI;Fumaça;Colisão traseira;Com Vítimas Feridas;Pleno dia;Crescente;Céu Claro;Dupla;Reta;-21,851693;-45,520418
26/12/2025;15:30:00;SAO JOSE;Pista Escorregadia;Tombamento;Com Vítimas Feridas;Pleno dia;Decrescente;Garoa/Chuvisco;Múltipla;"Declive;Curva";-27,58736;-48,616381
26/12/2025;16:30:00;EXTREMA;Chuva;Tombamento;Com Vítimas Feridas;Pleno dia;Decrescente;Chuva;Dupla;Curva;-22,83506392;-46,32555485
26/12/2025;15:10:00;ANGRA DOS REIS;Velocidade Incompatível;Colisão lateral sentido oposto;Com Vítimas Fatais;Pleno dia;Decrescente;Sol;Simples;Reta;-22,95413;-44,31937
26/12/2025;15:30:00;XANXERE;Afundamento ou ondulação no pavimento;Tombamento;Com Vítimas Feridas;Pleno dia;Crescente;Nublado;Simples;Reta;-26,88772871;-52,45083311
26/12/2025;17:30:00;GUARAPARI;Conversão proibida;Colisão frontal;Com Vítimas Feridas;Pleno dia;Crescente;Céu Claro;Dupla;Curva;-20,6585554;-40,613513
26/12/2025;11:50:00;SAO GONCALO DO AMARANTE;Ultrapassagem Indevida;Colisão com objeto;Com Vítimas Feridas;Pleno dia;Crescente;Céu Claro;Dupla;Reta;-3,66864084;-39,01245117
26/12/2025;18:35:00;SANTO ANTONIO DA PLATINA;Chuva;Colisão com objeto;Com Vítimas Feridas;Anoitecer;Decrescente;Chuva;Dupla;Rotatória;-23,30944593;-50,07025329
26/12/2025;17:20:00;SANTANA DO LIVRAMENTO;Animais na Pista;Atropelamento de Animal;Com Vítimas Feridas;Pleno dia;Crescente;Nublado;Simples;Reta;-30,81161332;-55,28796281
26/12/2025;17:30:00;SAO GONCALO;Ultrapassagem Indevida;Colisão lateral mesmo sentido;Com Vítimas Feridas;Pleno dia;Decrescente;Céu Claro;Dupla;Reta;-22,78817687;-43,00073504
26/12/2025;19:27:00;SANTO ESTEVAO;Animais na Pista;Atropelamento de Animal;Com Vítimas Feridas;Plena Noite;Crescente;Céu Claro;Dupla;Reta;-12,451215;-39,252698
26/12/2025;18:25:00;FLORIANO;Animais na Pista;Atropelamento de Animal;Com Vítimas Feridas;Anoitecer;Decrescente;Céu Claro;Simples;Reta;-6,791473;-42,92212
26/12/2025;20:50:00;UBATUBA;Acumulo de areia ou detritos sobre o pavimento;Queda de ocupante de veículo;Com Vítimas Feridas;Plena Noite;Crescente;Céu Claro;Simples;Rotatória;-23,40921527;-45,05938589
26/12/2025;20:30:00;EMBU DAS ARTES;Ultrapassagem Indevida;Colisão lateral mesmo sentido;Com Vítimas Feridas;Plena Noite;Crescente;Céu Claro;Dupla;Reta;-23,67959454;-46,85868209
26/12/2025;18:20:00;SAO FRANCISCO DO SUL;Retorno proibido;Colisão transversal;Com Vítimas Feridas;Anoitecer;Crescente;Nublado;Simples;Reta;-26,2547506;-48,6203599
26/12/2025;19:30:00;TUCANO;Ultrapassagem Indevida;Colisão lateral sentido oposto;Com Vítimas Feridas;Plena Noite;Crescente;Céu Claro;Simples;Reta;-11,223805;-38,889335
26/12/2025;17:30:00;EXTREMA;Chuva;Saída de leito carroçável;Sem Vítimas;Pleno dia;Crescente;Céu Claro;Dupla;Curva;-22,84070654;-46,33001805
26/12/2025;23:35:00;RIO DO SUL;Animais na Pista;Atropelamento de Animal;Com Vítimas Feridas;Plena Noite;Decrescente;Céu Claro;Simples;Reta;-27,2095082;-49,6505904
26/12/2025;20:00:00;PALMITAL;Animais na Pista;Atropelamento de Animal;Com Vítimas Feridas;Plena Noite;Crescente;Céu Claro;Simples;"Declive;Reta";-24,9729961;-52,30006166
26/12/2025;17:20:00;IRATI;Conversão proibida;Colisão transversal;Com Vítimas Feridas;Pleno dia;Decrescente;Céu Claro;Simples;"Reta;Aclive";-25,46269894;-50,59538768
26/12/2025;13:10:00;GUARARA;Ultrapassagem Indevida;Colisão transversal;Com Vítimas Feridas;Pleno dia;Decrescente;Céu Claro;Simples;Reta;-21,71875954;-43,02876949
26/12/2025;23:45:00;SAO SIMAO;Animais na Pista;Atropelamento de Animal;Com Vítimas Feridas;Plena Noite;Decrescente;Céu Claro;Simples;Reta;-18,952928;-50,625744
25/12/2025;00:15:00;SAO MIGUEL DO IGUACU;Iluminação deficiente;Colisão traseira;Com Vítimas Feridas;Pleno dia;Decrescente;Céu Claro;Dupla;Reta;-25,33378638;-54,19315338
25/12/2025;10:30:00;GUARANTA DO NORTE;Velocidade Incompatível;Tombamento;Com Vítimas Feridas;Pleno dia;Crescente;Céu Claro;Simples;"Declive;Curva";-9,64890014;-54,87267494
25/12/2025;11:30:00;ACAILANDIA;Curva acentuada;Tombamento;Sem Vítimas;Pleno dia;Decrescente;Nublado;Simples;Curva;-4,79914;-47,22818
25/12/2025;20:00:00;SAO DOMINGOS DO PRATA;Velocidade Incompatível;Colisão com objeto;Com Vítimas Feridas;Plena Noite;Decrescente;Céu Claro;Simples;"Ponte;Declive;Curva";-19,98838805;-42,79136002
25/12/2025;19:50:00;SAO FRANCISCO DO BREJAO;Deficiência do Sistema de Iluminação/Sinalização;Colisão traseira;Com Vítimas Feridas;Plena Noite;Crescente;Céu Claro;Simples;"Reta;Aclive";-5,154906;-47,539066
25/12/2025;03:15:00;MACAIBA;Animais na Pista;Atropelamento de Animal;Com Vítimas Fatais;Plena Noite;Crescente;Céu Claro;Simples;Reta;-5,8359469;-35,2824691
25/12/2025;00:20:00;BLUMENAU;Animais na Pista;Colisão traseira;Com Vítimas Feridas;Plena Noite;Crescente;Nublado;Simples;Reta;-26,8795833;-49,17133776
25/12/2025;04:20:00;CASCAVEL;Velocidade Incompatível;Saída de leito carroçável;Sem Vítimas;Plena Noite;Decrescente;Céu Claro;Múltipla;Interseção de Vias;-24,96435239;-53,40823167
25/12/2025;07:30:00;MANGARATIBA;Ultrapassagem Indevida;Colisão lateral mesmo sentido;Com Vítimas Feridas;Pleno dia;Crescente;Céu Claro;Simples;Reta;-22,9408768;-43,9975936
25/12/2025;07:45:00;BLUMENAU;Ultrapassagem Indevida;Colisão traseira;Com Vítimas Feridas;Pleno dia;Crescente;Céu Claro;Múltipla;"Reta;Em Obras";-26,8779216;-49,17681567
25/12/2025;06:30:00;ARIQUEMES;Velocidade Incompatível;Saída de leito carroçável;Com Vítimas Feridas;Amanhecer;Crescente;Nublado;Simples;Reta;-10,09668913;-62,96054933
25/12/2025;09:30:00;ITAJAI;Velocidade Incompatível;Saída de leito carroçável;Com Vítimas Feridas;Pleno dia;Crescente;Céu Claro;Múltipla;"Declive;Rotatória;Curva";-26,91932875;-48,71088831
25/12/2025;10:00:00;PRADO;Ultrapassagem Indevida;Colisão frontal;Com Vítimas Fatais;Pleno dia;Crescente;Céu Claro;Simples;"Declive;Curva";-17,25697402;-39,63111877
25/12/2025;07:00:00;SANTA CECILIA;Acesso irregular;Colisão traseira;Sem Vítimas;Pleno dia;Decrescente;Céu Claro;Simples;Reta;-26,8490953;-50,405571
25/12/2025;10:55:00;ESTRELA;Acumulo de água sobre o pavimento;Capotamento;Com Vítimas Feridas;Pleno dia;Decrescente;Chuva;Dupla;"Curva;Aclive";-29,48976382;-51,95232717
25/12/2025;11:15:00;LUZIANIA;Ultrapassagem Indevida;Colisão traseira;Com Vítimas Feridas;Pleno dia;Crescente;Céu Claro;Simples;"Aclive;Curva";-16,365325;-47,827821
25/12/2025;03:30:00;XANXERE;Velocidade Incompatível;Capotamento;Sem Vítimas;Plena Noite;Decrescente;Nublado;Dupla;Curva;-26,8824092;-52,4046134
25/12/2025;12:40:00;CAREACU;Velocidade Incompatível;Queda de ocupante de veículo;Com Vítimas Feridas;Pleno dia;Decrescente;Céu Claro;Dupla;Curva;-21,99558024;-45,67462921
25/12/2025;16:05:00;URUGUAIANA;Conversão proibida;Colisão frontal;Com Vítimas Feridas;Pleno dia;Crescente;Nublado;Simples;"Rotatória;Interseção de Vias;Reta";-29,77835839;-57,06124594
25/12/2025;16:50:00;MARUIM;Velocidade Incompatível;Queda de ocupante de veículo;Com Vítimas Feridas;Pleno dia;Decrescente;Céu Claro;Dupla;Reta;-10,75911191;-37,10735321
25/12/2025;13:30:00;NOVA SERRANA;Ultrapassagem Indevida;Colisão lateral mesmo sentido;Com Vítimas Feridas;Pleno dia;Crescente;Sol;Simples;Reta;-19,84683489;-45,03451819
25/12/2025;16:00:00;MATIPO;Velocidade Incompatível;Saída de leito carroçável;Com Vítimas Feridas;Pleno dia;Decrescente;Céu Claro;Simples;Curva;-20,32168946;-42,33512878
25/12/2025;15:20:00;SALDANHA MARINHO;Velocidade Incompatível;Saída de leito carroçável;Com Vítimas Feridas;Pleno dia;Crescente;Chuva;Simples;Reta;-28,37529552;-53,00022952
25/12/2025;16:45:00;CAPITAO LEONIDAS MARQUES;Chuva;Saída de leito carroçável;Com Vítimas Feridas;Pleno dia;Decrescente;Chuva;Dupla;Curva;-25,4886846;-53,59319687
25/12/2025;18:40:00;APARECIDA DE GOIANIA;Velocidade Incompatível;Colisão com objeto;Com Vítimas Feridas;Anoitecer;Decrescente;Chuva;Dupla;Reta;-16,76397222;-49,23978422
25/12/2025;18:00:00;OSORIO;Chuva;Saída de leito carroçável;Sem Vítimas;Pleno dia;Decrescente;Chuva;Dupla;Reta;-29,75338;-50,213542
25/12/2025;18:40:00;VENDA NOVA DO IMIGRANTE;Ultrapassagem Indevida;Colisão lateral sentido oposto;Com Vítimas Feridas;Anoitecer;Crescente;Céu Claro;Simples;Curva;-20,33548;-41,16777
25/12/2025;16:45:00;IRACEMA;Acumulo de água sobre o pavimento;Capotamento;Com Vítimas Feridas;Pleno dia;Crescente;Chuva;Simples;Declive;2,105922;-61,081975
25/12/2025;19:50:00;FEIRA DE SANTANA;Animais na Pista;Atropelamento de Animal;Com Vítimas Feridas;Plena Noite;Crescente;Céu Claro;Dupla;Reta;-12,17443;-38,96542
25/12/2025;13:30:00;NOVA ERECHIM;Velocidade Incompatível;Colisão frontal;Com Vítimas Fatais;Pleno dia;Crescente;Chuva;Simples;Curva;-26,90036339;-52,88863577
25/12/2025;18:30:00;ITAGUAI;Ultrapassagem Indevida;Colisão frontal;Com Vítimas Feridas;Plena Noite;Crescente;Céu Claro;Múltipla;Reta;-22,86099101;-43,75888824
25/12/2025;18:45:00;PARNAMIRIM;Ultrapassagem Indevida;Colisão frontal;Com Vítimas Feridas;Plena Noite;Decrescente;Nublado;Simples;Reta;-8,093739;-39,561361
25/12/2025;18:40:00;ITAMARAJU;Velocidade Incompatível;Colisão frontal;Com Vítimas Feridas;Plena Noite;Crescente;Céu Claro;Simples;Curva;-17,037757;-39,546428
25/12/2025;18:25:00;CERRITO;Conversão proibida;Colisão transversal;Com Vítimas Feridas;Pleno dia;Decrescente;Céu Claro;Simples;"Declive;Reta";-31,74115288;-52,78318115
25/12/2025;21:15:00;AGUAS LINDAS DE GOIAS;Velocidade Incompatível;Capotamento;Com Vítimas Fatais;Plena Noite;Crescente;Nublado;Múltipla;Reta;-15,77771703;-48,23324203
24/12/2025;01:40:00;ITAPUA DO OESTE;Deficiência do Sistema de Iluminação/Sinalização;Colisão traseira;Com Vítimas Feridas;Plena Noite;Crescente;Nublado;Simples;Reta;-9,07934353;-63,35568398
24/12/2025;12:20:00;TEIXEIRA DE FREITAS;Retorno proibido;Tombamento;Sem Vítimas;Pleno dia;Decrescente;Céu Claro;Simples;"Declive;Reta";-17,59886661;-39,7492218
24/12/2025;15:50:00;ROSEIRA;Velocidade Incompatível;Tombamento;Com Vítimas Feridas;Pleno dia;Crescente;Céu Claro;Dupla;"Curva;Aclive";-22,9028929;-45,3091467
24/12/2025;17:25:00;IBIRAMA;Velocidade Incompatível;Colisão com objeto;Com Vítimas Feridas;Pleno dia;Crescente;Chuva;Simples;"Curva;Declive";-27,08163377;-49,50265646
24/12/2025;21:05:00;CAMPO MOURAO;Acesso irregular;Colisão traseira;Sem Vítimas;Plena Noite;Crescente;Céu Claro;Simples;Reta;-24,102818;-52,43240118
24/12/2025;23:10:00;JARU;Velocidade Incompatível;Tombamento;Com Vítimas Feridas;Plena Noite;Decrescente;Garoa/Chuvisco;Múltipla;"Interseção de Vias;Aclive";-10,453556;-62,459932
24/12/2025;23:00:00;MANHUACU;Ultrapassagem Indevida;Colisão frontal;Com Vítimas Fatais;Plena Noite;Crescente;Céu Claro;Simples;Reta;-20,250322;-42,1424224
24/12/2025;00:05:00;SOORETAMA;Velocidade Incompatível;Colisão traseira;Com Vítimas Fatais;Plena Noite;Decrescente;Nublado;Simples;Reta;-19,19006711;-40,09455621
24/12/2025;00:00:00;SAO PAULO;Velocidade Incompatível;Colisão traseira;Com Vítimas Feridas;Plena Noite;Decrescente;Céu Claro;Múltipla;Reta;-23,50967013;-46,57242965
24/12/2025;00:00:00;DELTA;Velocidade Incompatível;Capotamento;Com Vítimas Feridas;Plena Noite;Decrescente;Céu Claro;Simples;Viaduto;-19,928157;-47,820393
24/12/2025;03:38:00;RUSSAS;Animais na Pista;Atropelamento de Animal;Com Vítimas Feridas;Pleno dia;Decrescente;Céu Claro;Simples;Reta;-4,976904;-38,015831
24/12/2025;06:20:00;BOM SUCESSO;Ultrapassagem Indevida;Colisão frontal;Com Vítimas Feridas;Amanhecer;Decrescente;Céu Claro;Simples;"Declive;Curva";-23,7006633;-51,7560567
24/12/2025;08:45:00;MARECHAL FLORIANO;Curva acentuada;Tombamento;Com Vítimas Feridas;Pleno dia;Decrescente;Céu Claro;Simples;Curva;-20,41484091;-40,82712293
24/12/2025;02:50:00;VERA;Neblina;Atropelamento de Animal;Sem Vítimas;Plena Noite;Decrescente;Nevoeiro/Neblina;Simples;Reta;-12,20544833;-55,538205
24/12/2025;12:00:00;CANOAS;Acesso irregular;Colisão transversal;Com Vítimas Feridas;Pleno dia;Crescente;Céu Claro;Dupla;Reta;-29,90384281;-51,17666531
24/12/2025;12:48:00;JOACABA;Acumulo de água sobre o pavimento;Tombamento;Com Vítimas Feridas;Pleno dia;Decrescente;Garoa/Chuvisco;Simples;Reta;-27,1846449;-51,5198076
24/12/2025;11:23:00;VITORIA DA CONQUISTA;Ultrapassagem Indevida;Colisão lateral mesmo sentido;Sem Vítimas;Pleno dia;Crescente;Céu Claro;Simples;Reta;-15,029802;-40,959032
24/12/2025;10:55:00;LUCAS DO RIO VERDE;Conversão proibida;Colisão transversal;Com Vítimas Feridas;Pleno dia;Crescente;Sol;Simples;"Reta;Interseção de Vias";-13,0569953;-55,9141884
24/12/2025;08:20:00;RIACHAO;Ultrapassagem Indevida;Colisão frontal;Com Vítimas Feridas;Pleno dia;Crescente;Céu Claro;Simples;"Declive;Curva";-7,399107;-46,645407
24/12/2025;14:35:00;RECIFE;Demais falhas na via;Colisão com objeto;Sem Vítimas;Pleno dia;Crescente;Céu Claro;Simples;Curva;-8,06537;-34,94026
24/12/2025;15:20:00;RIO GRANDE;Acumulo de água sobre o pavimento;Saída de leito carroçável;Com Vítimas Feridas;Pleno dia;Crescente;Nublado;Simples;"Declive;Curva;Viaduto";-32,07106941;-52,26260662
24/12/2025;16:20:00;CURVELO;Retorno proibido;Colisão transversal;Com Vítimas Feridas;Pleno dia;Decrescente;Nublado;Simples;Reta;-19,1518924;-44,5380926
24/12/2025;16:10:00;MEDIANEIRA;Velocidade Incompatível;Colisão traseira;Com Vítimas Feridas;Pleno dia;Crescente;Céu Claro;Dupla;Reta;-25,28662485;-54,09336297
24/12/2025;10:35:00;FAXINAL DOS GUEDES;Velocidade Incompatível;Saída de leito carroçável;Com Vítimas Feridas;Pleno dia;Decrescente;Nublado;Simples;Reta;-26,8626976;-52,22465515
24/12/2025;17:00:00;SAO PAULO;Velocidade Incompatível;Capotamento;Com Vítimas Feridas;Pleno dia;Crescente;Sol;Múltipla;Reta;-23,45299577;-46,56985402
24/12/2025;17:05:00;BIGUACU;Pista Escorregadia;Saída de leito carroçável;Com Vítimas Feridas;Pleno dia;Crescente;Chuva;Dupla;Curva;-27,47768;-48,64173
24/12/2025;16:30:00;BELA VISTA DE MINAS;Acesso irregular;Colisão transversal;Com Vítimas Feridas;Pleno dia;Decrescente;Sol;Simples;"Aclive;Reta";-19,826157;-43,085051
24/12/2025;16:00:00;ANAPOLIS;Demais falhas na via;Queda de ocupante de veículo;Com Vítimas Feridas;Pleno dia;Crescente;Chuva;Simples;Declive;-16,27320884;-48,94058344
24/12/2025;05:15:00;MASCOTE;Velocidade Incompatível;Saída de leito carroçável;Sem Vítimas;Pleno dia;Decrescente;Céu Claro;Simples;Reta;-15,755502;-39,482483
24/12/2025;19:40:00;HORIZONTE;Ultrapassagem Indevida;Tombamento;Com Vítimas Feridas;Plena Noite;Crescente;Céu Claro;Dupla;Reta;-4,10857572;-38,49488005
24/12/2025;21:50:00;EMBU DAS ARTES;Animais na Pista;Atropelamento de Animal;Sem Vítimas;Plena Noite;Crescente;Céu Claro;Dupla;Reta;-23,67734353;-46,85768127
24/12/2025;22:30:00;SABARA;Afundamento ou ondulação no pavimento;Saída de leito carroçável;Com Vítimas Feridas;Plena Noite;Decrescente;Céu Claro;Simples;Reta;-19,82764;-43,83802
24/12/2025;22:00:00;SAO JOSE DOS PINHAIS;Chuva;Colisão com objeto;Com Vítimas Feridas;Plena Noite;Crescente;Chuva;Múltipla;Reta;-25,618165;-49,168932
24/12/2025;21:40:00;COMENDADOR LEVY GASPARIAN;Animais na Pista;Atropelamento de Animal;Com Vítimas Feridas;Plena Noite;Decrescente;Ignorado;Dupla;Reta;-22,02800215;-43,2301926
24/12/2025;21:20:00;SEROPEDICA;Conversão proibida;Colisão frontal;Com Vítimas Feridas;Plena Noite;Crescente;Céu Claro;Simples;Reta;-22,72122706;-43,72453585
24/12/2025;14:55:00;XEXEU;Velocidade Incompatível;Saída de leito carroçável;Com Vítimas Feridas;Pleno dia;Crescente;Nublado;Dupla;Curva;-8,83409;-35,64431
24/12/2025;11:30:00;JOAQUIM GOMES;Chuva;Capotamento;Sem Vítimas;Pleno dia;Crescente;Nublado;Dupla;Curva;-9,09525841;-35,75446576
23/12/2025;06:40:00;POUSO NOVO;Velocidade Incompatível;Colisão frontal;Com Vítimas Feridas;Pleno dia;Decrescente;Nublado;Simples;"Curva;Aclive";-29,18789999;-52,1894544
23/12/2025;08:45:00;CONCEICAO DO ALMEIDA;Acesso irregular;Colisão transversal;Com Vítimas Feridas;Pleno dia;Decrescente;Céu Claro;Simples;"Reta;Declive";-12,891404;-39,229526
23/12/2025;06:00:00;TRIUNFO;Velocidade Incompatível;Tombamento;Com Vítimas Feridas;Pleno dia;Crescente;Céu Claro;Simples;"Curva;Aclive;Interseção de Vias";-29,7086351;-51,6516201
23/12/2025;10:25:00;SANTO ANTONIO DO LEVERGER;Sinalização mal posicionada;Colisão traseira;Sem Vítimas;Pleno dia;Decrescente;Garoa/Chuvisco;Dupla;Reta;-15,79476226;-55,66127658
23/12/2025;12:10:00;TROMBUDO CENTRAL;Ultrapassagem Indevida;Colisão lateral mesmo sentido;Sem Vítimas;Pleno dia;Crescente;Céu Claro;Simples;Reta;-27,28578927;-49,783096
23/12/2025;10:10:00;CHOPINZINHO;Velocidade Incompatível;Saída de leito carroçável;Com Vítimas Fatais;Pleno dia;Decrescente;Céu Claro;Simples;Curva;-25,80421851;-52,28393555
23/12/2025;12:30:00;FORQUILHA;Velocidade Incompatível;Saída de leito carroçável;Com Vítimas Feridas;Pleno dia;Crescente;Nublado;Simples;Curva;-3,77974587;-40,22554843
23/12/2025;14:20:00;FORMOSA;Ultrapassagem Indevida;Colisão frontal;Com Vítimas Fatais;Pleno dia;Crescente;Garoa/Chuvisco;Simples;Reta;-15,069852;-47,083643
23/12/2025;15:06:00;BENTO GONCALVES;Velocidade Incompatível;Colisão frontal;Com Vítimas Feridas;Pleno dia;Crescente;Chuva;Simples;"Curva;Declive";-29,19045278;-51,52202575
23/12/2025;18:00:00;PRIMAVERA DO LESTE;Ultrapassagem Indevida;Colisão lateral mesmo sentido;Com Vítimas Feridas;Anoitecer;Decrescente;Céu Claro;Simples;Reta;-15,5769113;-54,3453594
23/12/2025;22:40:00;GUAPIMIRIM;Velocidade Incompatível;Colisão traseira;Com Vítimas Feridas;Plena Noite;Crescente;Céu Claro;Simples;Reta;-22,66924323;-42,9846947
23/12/2025;16:20:00;PRESIDENTE MEDICI;Ultrapassagem Indevida;Saída de leito carroçável;Sem Vítimas;Pleno dia;Crescente;Chuva;Simples;Reta;-11,37981;-61,806723
23/12/2025;08:50:00;GRAO MOGOL;Ultrapassagem Indevida;Colisão lateral mesmo sentido;Com Vítimas Feridas;Pleno dia;Decrescente;Céu Claro;Simples;Reta;-16,43798765;-43,26129149
23/12/2025;06:30:00;JARU;Velocidade Incompatível;Colisão lateral sentido oposto;Com Vítimas Feridas;Pleno dia;Decrescente;Céu Claro;Simples;"Curva;Declive";-10,381638;-62,549077
23/12/2025;00:15:00;PANAMBI;Velocidade Incompatível;Saída de leito carroçável;Com Vítimas Feridas;Plena Noite;Crescente;Céu Claro;Simples;Reta;-28,347985;-53,502329
23/12/2025;00:00:00;PAUDALHO;Animais na Pista;Atropelamento de Animal;Com Vítimas Fatais;Plena Noite;Crescente;Céu Claro;Dupla;Reta;-7,86508;-35,20613
23/12/2025;08:10:00;BELO HORIZONTE;Pista Escorregadia;Tombamento;Com Vítimas Feridas;Pleno dia;Crescente;Céu Claro;Dupla;"Reta;Declive";-19,923539;-44,018212
23/12/2025;09:40:00;BURITI DOS LOPES;Chuva;Capotamento;Com Vítimas Feridas;Pleno dia;Decrescente;Chuva;Simples;Curva;-3,162495;-41,821302
23/12/2025;08:50:00;SAO LUIZ GONZAGA;Chuva;Saída de leito carroçável;Com Vítimas Feridas;Pleno dia;Crescente;Chuva;Simples;Reta;-28,41986268;-54,86254692
23/12/2025;10:05:00;VITORIA DA CONQUISTA;Conversão proibida;Colisão traseira;Com Vítimas Feridas;Pleno dia;Decrescente;Garoa/Chuvisco;Simples;Reta;-14,82091665;-40,81337869
23/12/2025;11:30:00;CARAVELAS;Ultrapassagem Indevida;Queda de ocupante de veículo;Com Vítimas Feridas;Pleno dia;Crescente;Nublado;Simples;Reta;-17,72197;-39,767168
23/12/2025;11:45:00;RECIFE;Chuva;Queda de ocupante de veículo;Com Vítimas Feridas;Pleno dia;Crescente;Chuva;Dupla;Reta;-8,0835704;-34,9439967
23/12/2025;11:30:00;LAGOA VERMELHA;Velocidade Incompatível;Capotamento;Com Vítimas Feridas;Pleno dia;Crescente;Nublado;Simples;"Declive;Reta";-28,0370511;-51,447217
23/12/2025;12:30:00;ESTRELA;Acumulo de água sobre o pavimento;Colisão com objeto;Sem Vítimas;Pleno dia;Decrescente;Chuva;Dupla;Reta;-29,48981051;-51,95257394
23/12/2025;11:40:00;MARABA;Animais na Pista;Atropelamento de Animal;Com Vítimas Feridas;Pleno dia;Decrescente;Nublado;Simples;Aclive;-5,60723034;-49,08519745
23/12/2025;14:30:00;FAZENDA NOVA;Ausência de sinalização;Colisão com objeto;Sem Vítimas;Pleno dia;Não Informado;Céu Claro;Simples;"Aclive;Rotatória;Interseção de Vias";-16,11475124;-50,81791431
23/12/2025;16:00:00;UBERABA;Velocidade Incompatível;Saída de leito carroçável;Com Vítimas Feridas;Pleno dia;Crescente;Céu Claro;Dupla;Reta;-19,603739;-48,023929
23/12/2025;15:30:00;SAO CRISTOVAO DO SUL;Velocidade Incompatível;Saída de leito carroçável;Com Vítimas Feridas;Pleno dia;Decrescente;Chuva;Simples;"Curva;Declive";-27,2225487;-50,46216913
23/12/2025;17:40:00;CAMPOS DOS GOYTACAZES;Ultrapassagem Indevida;Colisão transversal;Com Vítimas Feridas;Pleno dia;Decrescente;Céu Claro;Simples;Reta;-21,75086806;-41,33804672
23/12/2025;18:00:00;SAO GONCALO;Animais na Pista;Colisão lateral mesmo sentido;Com Vítimas Feridas;Anoitecer;Decrescente;Céu Claro;Simples;Reta;-22,78973189;-43,00816775
23/12/2025;17:00:00;SAO GONCALO;Acesso irregular;Atropelamento de Pedestre;Com Vítimas Feridas;Pleno dia;Decrescente;Céu Claro;Dupla;Reta;-22,77788744;-42,95388071
23/12/2025;20:10:00;FEIRA DE SANTANA;Animais na Pista;Atropelamento de Animal;Com Vítimas Feridas;Plena Noite;Crescente;Céu Claro;Simples;"Reta;Aclive";-12,3610545;-38,8640601
23/12/2025;20:10:00;SERRA;Acesso irregular;Colisão transversal;Com Vítimas Feridas;Plena Noite;Crescente;Nublado;Múltipla;Reta;-20,19125073;-40,26869059
23/12/2025;20:06:00;NATAL;Ultrapassagem Indevida;Colisão transversal;Com Vítimas Feridas;Plena Noite;Crescente;Céu Claro;Múltipla;Reta;-5,85964072;-35,21404624
23/12/2025;20:45:00;BIGUACU;Velocidade Incompatível;Tombamento;Com Vítimas Feridas;Plena Noite;Decrescente;Chuva;Dupla;Curva;-27,47736813;-48,64106353
23/12/2025;20:05:00;GUAPIMIRIM;Ultrapassagem Indevida;Colisão lateral mesmo sentido;Com Vítimas Fatais;Plena Noite;Crescente;Céu Claro;Simples;"Desvio Temporário;Interseção de Vias;Curva";-22,66363067;-42,99590707
23/12/2025;21:05:00;CHOROZINHO;Animais na Pista;Atropelamento de Animal;Sem Vítimas;Plena Noite;Decrescente;Céu Claro;Dupla;Reta;-4,384126;-38,49263
23/12/2025;22:30:00;ALFREDO WAGNER;Velocidade Incompatível;Saída de leito carroçável;Com Vítimas Feridas;Plena Noite;Decrescente;Garoa/Chuvisco;Simples;Curva;-27,725743;-49,359597