data_inversa;horario;municipio;causa_acidente;tipo_acidente;classificacao_acidente;fase_dia;sentido_via;condicao_metereologica;tipo_pista;tracado_via;latitude;longitude
20/12/2025;20:00:00;MONTES CLAROS DE GOIAS;Ultrapassagem Indevida;Colisão frontal;Com Vítimas Fatais;Plena Noite;Crescente;Nublado;Simples;Reta;-15,8848888;-51,457708
20/12/2025;07:30:00;SAO LUIS;Pista Escorregadia;Tombamento;Com Vítimas Feridas;Pleno dia;Crescente;Céu Claro;Dupla;"Reta;Declive";-2,63695406;-44,31143993
20/12/2025;22:00:00;APUCARANA;Animais na Pista;Atropelamento de Animal;Com Vítimas Feridas;Plena Noite;Decrescente;Céu Claro;Dupla;Curva;-23,51836818;-51,42835379
20/12/2025;21:30:00;NOVA SERRANA;Velocidade Incompatível;Colisão com objeto;Com Vítimas Feridas;Plena Noite;Decrescente;Céu Claro;Dupla;"Declive;Curva";-19,89329055;-44,87724571
20/12/2025;22:30:00;ESTANCIA;Velocidade Incompatível;Colisão com objeto;Com Vítimas Feridas;Plena Noite;Crescente;Céu Claro;Dupla;Reta;-11,21427;-37,41607
20/12/2025;21:55:00;SERTANIA;Animais na Pista;Atropelamento de Animal;Sem Vítimas;Plena Noite;Crescente;Ignorado;Simples;Reta;-8,408835;-37,168387
20/12/2025;07:50:00;ITATIAIUCU;Pista Escorregadia;Saída de leito carroçável;Com Vítimas Feridas;Pleno dia;Decrescente;Chuva;Dupla;Curva;-20,20936749;-44,39060211
20/12/2025;20:20:00;BOM JESUS DAS SELVAS;Chuva;Saída de leito carroçável;Com Vítimas Feridas;Plena Noite;Decrescente;Chuva;Simples;Reta;-4,31117;-46,576911
19/12/2025;10:20:00;SAO DOMINGOS DO PRATA;Velocidade Incompatível;Colisão traseira;Com Vítimas Fatais;Pleno dia;Decrescente;Nublado;Simples;"Declive;Curva";-19,90134;-43,03806
19/12/2025;11:00:00;BARRA MANSA;Acumulo de água sobre o pavimento;Capotamento;Com Vítimas Fatais;Pleno dia;Decrescente;Chuva;Dupla;Curva;-22,58565599;-44,10788751
19/12/2025;13:20:00;CONTAGEM;Velocidade Incompatível;Colisão traseira;Sem Vítimas;Pleno dia;Crescente;Céu Claro;Dupla;"Curva;Retorno Regulamentado";-19,920226;-44,024843
19/12/2025;12:30:00;NOVA MUTUM;Acumulo de água sobre o pavimento;Saída de leito carroçável;Com Vítimas Feridas;Pleno dia;Crescente;Chuva;Dupla;Reta;-14,11351158;-56,1180836
19/12/2025;13:30:00;DIAMANTINO;Chuva;Saída de leito carroçável;Com Vítimas Feridas;Pleno dia;Crescente;Chuva;Dupla;Aclive;-14,546552;-56,230014
19/12/2025;16:40:00;EXTREMA;Velocidade Incompatível;Tombamento;Com Vítimas Feridas;Pleno dia;Decrescente;Nublado;Dupla;"Declive;Curva;Interseção de Vias";-22,81230614;-46,28442107
19/12/2025;18:06:00;SANTA CRUZ;Ultrapassagem Indevida;Colisão frontal;Com Vítimas Feridas;Anoitecer;Decrescente;Céu Claro;Simples;Reta;-6,25326804;-35,928541
19/12/2025;21:00:00;PARACATU;Ultrapassagem Indevida;Colisão frontal;Com Vítimas Fatais;Plena Noite;Decrescente;Céu Claro;Simples;"Declive;Reta";-17,46129069;-46,66046185
19/12/2025;20:05:00;ALEM PARAIBA;Chuva;Colisão lateral mesmo sentido;Com Vítimas Feridas;Plena Noite;Crescente;Chuva;Simples;"Curva;Declive";-21,84418102;-42,6756949
19/12/2025;20:40:00;MERCEDES;Ultrapassagem Indevida;Colisão traseira;Com Vítimas Feridas;Plena Noite;Decrescente;Céu Claro;Simples;Aclive;-24,40555959;-54,15948479
19/12/2025;19:00:00;ANTONIO OLINTO;Conversão proibida;Colisão lateral mesmo sentido;Com Vítimas Feridas;Pleno dia;Decrescente;Céu Claro;Simples;Reta;-25,8774275;-50,169846
19/12/2025;20:30:00;RIO PARDO;Acostamento em desnível;Tombamento;Com Vítimas Feridas;Plena Noite;Decrescente;Céu Claro;Simples;Reta;-30,2138616;-52,55251431
19/12/2025;05:00:00;PORANGATU;Demais falhas na via;Incêndio;Sem Vítimas;Plena Noite;Decrescente;Céu Claro;Simples;Reta;-13,21269;-49,15165
19/12/2025;17:30:00;APARECIDA DE GOIANIA;Acumulo de água sobre o pavimento;Colisão lateral mesmo sentido;Com Vítimas Feridas;Anoitecer;Decrescente;Nublado;Múltipla;"Reta;Interseção de Vias";-16,75144201;-49,24116695
19/12/2025;17:05:00;SALINAS;Demais Fenômenos da natureza;Incêndio;Sem Vítimas;Anoitecer;Crescente;Céu Claro;Simples;Reta;-16;-42
19/12/2025;05:00:00;LAVRAS;Velocidade Incompatível;Capotamento;Com Vítimas Feridas;Amanhecer;Decrescente;Chuva;Dupla;Curva;-21,31177374;-45,16538249
19/12/2025;06:00:00;MANGARATIBA;Velocidade Incompatível;Colisão com objeto;Com Vítimas Feridas;Pleno dia;Crescente;Chuva;Simples;Curva;-22,98115259;-44,08538818
19/12/2025;06:40:00;CARMO DA CACHOEIRA;Chuva;Saída de leito carroçável;Com Vítimas Feridas;Pleno dia;Decrescente;Chuva;Dupla;Curva;-21,50799958;-45,21528992
19/12/2025;08:20:00;SANTO AMARO DA IMPERATRIZ;Acesso irregular;Colisão lateral mesmo sentido;Com Vítimas Feridas;Pleno dia;Decrescente;Céu Claro;Simples;Reta;-27,674133;-48,769393
19/12/2025;09:30:00;ABADIANIA;Velocidade Incompatível;Tombamento;Com Vítimas Feridas;Pleno dia;Decrescente;Céu Claro;Dupla;Reta;-16,17223484;-48,64605613
19/12/2025;02:45:00;BOM JARDIM;Animais na Pista;Atropelamento de Animal;Com Vítimas Feridas;Plena Noite;Decrescente;Chuva;Simples;Reta;-3,58837068;-45,55524409
19/12/2025;10:00:00;PONTE ALTA;Acesso irregular;Colisão transversal;Com Vítimas Feridas;Pleno dia;Crescente;Céu Claro;Simples;"Declive;Reta";-27,47898716;-50,3805542
19/12/2025;11:00:00;JUIZ DE FORA;Velocidade Incompatível;Colisão com objeto;Com Vítimas Feridas;Pleno dia;Decrescente;Chuva;Dupla;"Declive;Curva";-21,724158;-43,440022
19/12/2025;11:45:00;JUIZ DE FORA;Velocidade Incompatível;Saída de leito carroçável;Com Vítimas Fatais;Pleno dia;Decrescente;Chuva;Simples;"Curva;Declive";-21,71461312;-43,52276802
19/12/2025;12:15:00;CIPO;Ultrapassagem Indevida;Colisão lateral mesmo sentido;Com Vítimas Feridas;Pleno dia;Crescente;Céu Claro;Simples;Reta;-11,10198874;-38,51647854
19/12/2025;11:15:00;SANTA RITA DE MINAS;Acesso irregular;Colisão transversal;Com Vítimas Feridas;Pleno dia;Crescente;Céu Claro;Simples;Curva;-19,85117004;-42,14166641
19/12/2025;10:00:00;CONCORDIA;Conversão proibida;Colisão frontal;Com Vítimas Feridas;Pleno dia;Crescente;Céu Claro;Simples;Reta;-27,323407;-51,98152
19/12/2025;12:15:00;SALVADOR;Demais falhas na via;Colisão frontal;Com Vítimas Feridas;Pleno dia;Decrescente;Céu Claro;Simples;Reta;-12,863735;-38,423431
19/12/2025;13:40:00;SERRA;Velocidade Incompatível;Colisão com objeto;Com Vítimas Feridas;Pleno dia;Decrescente;Céu Claro;Dupla;Reta;-20,08930678;-40,35913467
19/12/2025;10:45:00;SAO JOSE DA VITORIA;Velocidade Incompatível;Colisão frontal;Com Vítimas Feridas;Pleno dia;Decrescente;Sol;Simples;Curva;-15,100453;-39,35361
19/12/2025;15:10:00;CAMPOS DOS GOYTACAZES;Chuva;Colisão com objeto;Sem Vítimas;Pleno dia;Crescente;Chuva;Dupla;"Curva;Declive";-21,940589;-41,632401
19/12/2025;14:45:00;JOAO PESSOA;Conversão proibida;Colisão lateral mesmo sentido;Com Vítimas Feridas;Pleno dia;Crescente;Céu Claro;Dupla;Reta;-7,181595;-34,9014088
19/12/2025;06:00:00;TERRA NOVA DO NORTE;Velocidade Incompatível;Saída de leito carroçável;Com Vítimas Feridas;Amanhecer;Decrescente;Nublado;Simples;Reta;-10,57141;-55,0919073
19/12/2025;16:20:00;ICARA;Velocidade Incompatível;Colisão transversal;Com Vítimas Feridas;Pleno dia;Crescente;Céu Claro;Múltipla;Reta;-28,762437;-49,290508
19/12/2025;15:30:00;MANGARATIBA;Velocidade Incompatível;Capotamento;Com Vítimas Feridas;Pleno dia;Crescente;Chuva;Simples;"Declive;Curva";-22,939351;-44,053499
19/12/2025;17:30:00;JUIZ DE FORA;Velocidade Incompatível;Colisão com objeto;Com Vítimas Feridas;Anoitecer;Crescente;Chuva;Dupla;Curva;-21,753997;-43,443606
19/12/2025;16:10:00;CENTRALINA;Velocidade Incompatível;Saída de leito carroçável;Com Vítimas Feridas;Pleno dia;Crescente;Céu Claro;Dupla;Reta;-18,62818992;-49,1850361
19/12/2025;17:40:00;LAVRAS;Chuva;Colisão com objeto;Com Vítimas Feridas;Pleno dia;Decrescente;Chuva;Dupla;Curva;-21,311;-45,164
19/12/2025;18:30:00;SAO GONCALO DO SAPUCAI;Velocidade Incompatível;Capotamento;Com Vítimas Feridas;Plena Noite;Decrescente;Nublado;Dupla;Curva;-21,91614866;-45,58280479
19/12/2025;16:50:00;VILHENA;Acesso irregular;Colisão transversal;Com Vítimas Feridas;Anoitecer;Crescente;Chuva;Dupla;Reta;-12,74463283;-60,11825535
19/12/2025;19:42:00;SANTA RITA;Velocidade Incompatível;Tombamento;Com Vítimas Feridas;Plena Noite;Crescente;Céu Claro;Dupla;Declive;-6,941188;-35,097918
19/12/2025;20:25:00;TERESINA;Demais falhas na via;Tombamento;Com Vítimas Feridas;Plena Noite;Decrescente;Céu Claro;Múltipla;Reta;-5,08059;-42,7807
19/12/2025;17:05:00;GOVERNADOR NEWTON BELLO;Ultrapassagem Indevida;Colisão frontal;Com Vítimas Feridas;Anoitecer;Crescente;Céu Claro;Simples;Reta;-3,446225;-45,671298
19/12/2025;20:38:00;PATOS;Animais na Pista;Atropelamento de Animal;Com Vítimas Feridas;Plena Noite;Crescente;Céu Claro;Simples;"Declive;Reta";-7,041407;-37,352016
19/12/2025;18:40:00;MATIPO;Ultrapassagem Indevida;Colisão frontal;Com Vítimas Feridas;Plena Noite;Decrescente;Nublado;Simples;Reta;-20,30797162;-42,29242158
19/12/2025;19:15:00;CAETE;Pista esburacada;Tombamento;Com Vítimas Feridas;Plena Noite;Crescente;Céu Claro;Simples;"Aclive;Curva";-19,79448715;-43,67958069
19/12/2025;22:19:00;COLOMBO;Velocidade Incompatível;Colisão traseira;Com Vítimas Fatais;Plena Noite;Crescente;Céu Claro;Dupla;Reta;-25,34784628;-49,16221976
19/12/2025;23:15:00;JOINVILLE;Ultrapassagem Indevida;Colisão frontal;Sem Vítimas;Plena Noite;Decrescente;Céu Claro;Simples;Reta;-26,17892807;-48,90866367
19/12/2025;21:50:00;RONDONOPOLIS;Acumulo de água sobre o pavimento;Colisão traseira;Sem Vítimas;Plena Noite;Crescente;Chuva;Dupla;"Reta;Aclive";-16,782132;-54,667492
19/12/2025;20:05:00;CACERES;Velocidade Incompatível;Saída de leito carroçável;Com Vítimas Feridas;Plena Noite;Decrescente;Nublado;Simples;Rotatória;-16,0126206;-57,73951069
19/12/2025;13:15:00;DOIS IRMAOS;Acumulo de areia ou detritos sobre o pavimento;Tombamento;Com Vítimas Feridas;Pleno dia;Crescente;Céu Claro;Dupla;Curva;-29,59112357;-51,10987751
19/12/2025;18:56:00;LARANJEIRAS;Ultrapassagem Indevida;Colisão lateral mesmo sentido;Com Vítimas Fatais;Plena Noite;Crescente;Céu Claro;Simples;"Declive;Reta";-10,814491;-37,249336
18/12/2025;02:15:00;CONCEICAO DO JACUIPE;Velocidade Incompatível;Capotamento;Sem Vítimas;Plena Noite;Decrescente;Céu Claro;Dupla;Reta;-12,3566665;-38,82878113
18/12/2025;05:30:00;GUARANTA DO NORTE;Acumulo de areia ou detritos sobre o pavimento;Eventos atípicos;Sem Vítimas;Pleno dia;Decrescente;Chuva;Simples;Curva;-9,59544;-54,89886
18/12/2025;08:00:00;FORQUILHA;Curva acentuada;Colisão lateral mesmo sentido;Com Vítimas Fatais;Pleno dia;Crescente;Céu Claro;Simples;Curva;-3,8134284;-40,27184486
18/12/2025;10:40:00;MACAE;Chuva;Colisão com objeto;Com Vítimas Feridas;Pleno dia;Crescente;Chuva;Simples;Curva;-22,2322658;-41,7861977
18/12/2025;12:56:00;CRISTALINA;Velocidade Incompatível;Tombamento;Com Vítimas Feridas;Pleno dia;Crescente;Nublado;Simples;"Viaduto;Curva";-16,75358248;-47,60380179
18/12/2025;09:53:00;CRICIUMA;Demais Fenômenos da natureza;Incêndio;Sem Vítimas;Pleno dia;Decrescente;Céu Claro;Dupla;Reta;-28,81938047;-49,39712461
18/12/2025;07:50:00;FRECHEIRINHA;Ultrapassagem Indevida;Colisão frontal;Com Vítimas Fatais;Pleno dia;Crescente;Céu Claro;Simples;Aclive;-3,71215242;-40,8612442
18/12/2025;13:35:00;JATAI;Ultrapassagem Indevida;Saída de leito carroçável;Com Vítimas Feridas;Pleno dia;Crescente;Garoa/Chuvisco;Simples;Aclive;-17,90766168;-51,80021524
18/12/2025;08:30:00;ALEXANIA;Velocidade Incompatível;Colisão traseira;Sem Vítimas;Pleno dia;Decrescente;Céu Claro;Dupla;"Reta;Aclive";-16,109814;-48,581042
18/12/2025;11:00:00;COMENDADOR GOMES;Pista Escorregadia;Saída de leito carroçável;Com Vítimas Feridas;Pleno dia;Decrescente;Chuva;Simples;"Reta;Aclive";-19,64;-48,967
18/12/2025;16:10:00;ITAGUAI;Acumulo de água sobre o pavimento;Colisão com objeto;Com Vítimas Feridas;Pleno dia;Crescente;Chuva;Dupla;Reta;-22,850223;-43,781076
18/12/2025;17:20:00;CARPINA;Acesso irregular;Colisão lateral sentido oposto;Com Vítimas Feridas;Anoitecer;Crescente;Céu Claro;Simples;Reta;-7,84132;-35,23902
18/12/2025;19:50:00;BARREIRAS;Chuva;Saída de leito carroçável;Com Vítimas Feridas;Plena Noite;Crescente;Chuva;Simples;Curva;-12,119462;-45,051502
18/12/2025;15:15:00;TERRA ROXA;Conversão proibida;Colisão transversal;Com Vítimas Feridas;Pleno dia;Decrescente;Céu Claro;Simples;Reta;-24,33065191;-54,15391727
18/12/2025;22:50:00;NOVA SERRANA;Velocidade Incompatível;Tombamento;Com Vítimas Feridas;Plena Noite;Decrescente;Chuva;Dupla;Curva;-19,87474965;-44,95394898
18/12/2025;19:00:00;PATOS DE MINAS;Chuva;Colisão lateral sentido oposto;Com Vítimas Fatais;Plena Noite;Decrescente;Chuva;Simples;"Curva;Aclive";-18,7435;-46,6299
18/12/2025;01:50:00;SAO JOSE DE MIPIBU;Animais na Pista;Atropelamento de Animal;Com Vítimas Feridas;Plena Noite;Crescente;Céu Claro;Dupla;Reta;-6,0187104;-35,2522484
18/12/2025;02:40:00;NITEROI;Velocidade Incompatível;Colisão com objeto;Sem Vítimas;Plena Noite;Crescente;Chuva;Dupla;Reta;-22,877576;-43,110734
18/12/2025;03:40:00;PERITORO;Animais na Pista;Atropelamento de Animal;Com Vítimas Feridas;Plena Noite;Decrescente;Nublado;Simples;Reta;-4,410843;-44,251195
18/12/2025;06:05:00;RIO GRANDE;Velocidade Incompatível;Saída de leito carroçável;Com Vítimas Feridas;Amanhecer;Decrescente;Céu Claro;Dupla;Curva;-31,95239748;-52,30788219
18/12/2025;05:45:00;PENHA;Ultrapassagem Indevida;Colisão lateral mesmo sentido;Com Vítimas Feridas;Pleno dia;Crescente;Céu Claro;Múltipla;Reta;-26,80141172;-48,67928696
18/12/2025;00:30:00;UBERABA;Velocidade Incompatível;Queda de ocupante de veículo;Com Vítimas Feridas;Plena Noite;Decrescente;Chuva;Dupla;Reta;-19,27875;-48,12239
18/12/2025;07:00:00;IBIRACU;Acesso irregular;Colisão lateral mesmo sentido;Com Vítimas Feridas;Pleno dia;Crescente;Sol;Simples;Reta;-19,8205687;-40,3686168
18/12/2025;08:10:00;SAO LUIS;Pista Escorregadia;Eventos atípicos;Com Vítimas Feridas;Pleno dia;Decrescente;Garoa/Chuvisco;Dupla;"Declive;Reta";-2,6500978;-44,3062791
18/12/2025;05:25:00;ALTO GARCAS;Animais na Pista;Saída de leito carroçável;Com Vítimas Feridas;Amanhecer;Crescente;Céu Claro;Simples;Reta;-16,909933;-53,637215
18/12/2025;08:00:00;PORTO VELHO;Conversão proibida;Colisão traseira;Sem Vítimas;Pleno dia;Crescente;Nublado;Dupla;"Reta;Aclive";-8,80035078;-63,81041614
18/12/2025;07:15:00;ACREUNA;Pista Escorregadia;Saída de leito carroçável;Com Vítimas Feridas;Amanhecer;Crescente;Chuva;Dupla;Reta;-17,48116518;-50,4473412
18/12/2025;09:29:00;NATAL;Demais falhas na via;Colisão lateral mesmo sentido;Com Vítimas Feridas;Pleno dia;Crescente;Céu Claro;Dupla;Reta;-5,84032686;-35,21084221
18/12/2025;10:50:00;BARREIRAS;Velocidade Incompatível;Tombamento;Com Vítimas Feridas;Pleno dia;Crescente;Céu Claro;Simples;Reta;-12,09553718;-44,97523326
18/12/2025;08:10:00;FEIRA DE SANTANA;Retorno proibido;Colisão transversal;Com Vítimas Feridas;Pleno dia;Crescente;Sol;Múltipla;Reta;-12,231895;-38,954947
18/12/2025;11:50:00;NATAL;Velocidade Incompatível;Colisão traseira;Com Vítimas Feridas;Pleno dia;Decrescente;Céu Claro;Dupla;Reta;-5,78645638;-35,24620056
18/12/2025;09:20:00;CONSELHEIRO LAFAIETE;Conversão proibida;Colisão lateral mesmo sentido;Com Vítimas Feridas;Pleno dia;Decrescente;Céu Claro;Simples;"Interseção de Vias;Declive;Curva";-20,7479334;-43,8007605
18/12/2025;03:00:00;SAO GONCALO;Animais na Pista;Atropelamento de Animal;Com Vítimas Feridas;Plena Noite;Decrescente;Céu Claro;Dupla;Reta;-22,78943922;-43,00689266
18/12/2025;15:30:00;CENTRALINA;Velocidade Incompatível;Saída de leito carroçável;Com Vítimas Fatais;Pleno dia;Decrescente;Chuva;Dupla;Reta;-18,57036;-49,193723
18/12/2025;18:50:00;ITABAIANA;Acesso irregular;Colisão transversal;Sem Vítimas;Plena Noite;Crescente;Céu Claro;Simples;Reta;-10,60422481;-37,47816022
18/12/2025;19:05:00;OIAPOQUE;Conversão proibida;Colisão lateral sentido oposto;Com Vítimas Feridas;Plena Noite;Crescente;Céu Claro;Simples;Reta;3,83940447;-51,8193254
18/12/2025;19:40:00;JOAO PESSOA;Pista Escorregadia;Tombamento;Com Vítimas Feridas;Plena Noite;Crescente;Céu Claro;Dupla;Curva;-7,16516;-34,898267
18/12/2025;19:25:00;JUIZ DE FORA;Velocidade Incompatível;Saída de leito carroçável;Com Vítimas Feridas;Plena Noite;Decrescente;Chuva;Dupla;"Declive;Curva";-21,72170981;-43,44182968
18/12/2025;17:25:00;RIO VERDE;Acesso irregular;Colisão transversal;Com Vítimas Feridas;Anoitecer;Crescente;Chuva;Dupla;Curva;-17,82420343;-50,95561981
18/12/2025;20:00:00;DUQUE DE CAXIAS;Iluminação deficiente;Colisão com objeto;Com Vítimas Feridas;Plena Noite;Crescente;Chuva;Simples;"Viaduto;Curva";-22,764317;-43,287531
18/12/2025;17:25:00;BARRA DO GARCAS;Chuva;Saída de leito carroçável;Sem Vítimas;Pleno dia;Crescente;Chuva;Simples;Curva;-15,86748685;-52,34204292
18/12/2025;21:40:00;MONTES CLAROS;Iluminação deficiente;Colisão com objeto;Sem Vítimas;Plena Noite;Decrescente;Céu Claro;Simples;"Retorno Regulamentado;Reta";-16,653712;-43,71792
18/12/2025;20:25:00;ITABAIANA;Velocidade Incompatível;Colisão transversal;Com Vítimas Feridas;Plena Noite;Decrescente;Céu Claro;Simples;Curva;-10,60733278;-37,47812971
18/12/2025;17:04:00;SANTO ANTONIO DO LEVERGER;Pista Escorregadia;Saída de leito carroçável;Com Vítimas Feridas;Anoitecer;Decrescente;Chuva;Dupla;Curva;-15,7012683;-55,8736656
18/12/2025;21:31:00;SANTO ANTONIO DO AMPARO;Chuva;Saída de leito carroçável;Com Vítimas Feridas;Plena Noite;Decrescente;Chuva;Dupla;"Curva;Aclive";-20,86523009;-44,84092301
18/12/2025;23:25:00;MOSSORO;Animais na Pista;Atropelamento de Animal;Com Vítimas Feridas;Plena Noite;Crescente;Céu Claro;Dupla;Reta;-5,23028319;-37,32103041
18/12/2025;17:50:00;CEZARINA;Chuva;Saída de leito carroçável;Com Vítimas Feridas;Pleno dia;Crescente;Chuva;Dupla;Reta;-17,077396;-49,82522
17/12/2025;02:35:00;NOVA UNIAO;Velocidade Incompatível;Colisão traseira;Com Vítimas Feridas;Plena Noite;Decrescente;Chuva;Dupla;Reta;-19,72628429;-43,58841704
17/12/2025;03:35:00;BREJO SANTO;Ausência de sinalização;Colisão com objeto;Com Vítimas Feridas;Plena Noite;Crescente;Chuva;Simples;Reta;-7,58066811;-39,02206421
17/12/2025;06:40:00;AGUAS MORNAS;Ultrapassagem Indevida;Colisão frontal;Com Vítimas Feridas;Pleno dia;Crescente;Céu Claro;Simples;Curva;-27,70462942;-48,82348761
17/12/2025;04:20:00;CAMPOS DOS GOYTACAZES;Chuva;Tombamento;Com Vítimas Feridas;Amanhecer;Crescente;Chuva;Dupla;Reta;-21,895893;-41,600587
17/12/2025;10:45:00;SENTINELA DO SUL;Condutor usando celular;Colisão traseira;Com Vítimas Feridas;Pleno dia;Decrescente;Céu Claro;Dupla;Reta;-30,74354;-51,62887
17/12/2025;10:40:00;CAMPO GRANDE;Ultrapassagem Indevida;Colisão lateral sentido oposto;Sem Vítimas;Pleno dia;Crescente;Nublado;Dupla;Reta;-20,930246;-54,498678
17/12/2025;11:30:00;TEOTONIO VILELA;Velocidade Incompatível;Tombamento;Com Vítimas Feridas;Pleno dia;Crescente;Céu Claro;Dupla;Curva;-9,908202;-36,33612
17/12/2025;10:05:00;TRES RIOS;Velocidade Incompatível;Tombamento;Com Vítimas Feridas;Pleno dia;Decrescente;Garoa/Chuvisco;Dupla;Curva;-22,10927715;-43,1638328
17/12/2025;09:30:00;PRESIDENTE FIGUEIREDO;Demais falhas na via;Tombamento;Sem Vítimas;Pleno dia;Decrescente;Céu Claro;Simples;Curva;-1,736108;-60,15387
17/12/2025;14:15:00;SABARA;Ultrapassagem Indevida;Colisão lateral sentido oposto;Com Vítimas Feridas;Pleno dia;Crescente;Céu Claro;Simples;Reta;-19,79884907;-43,74889897
17/12/2025;15:10:00;BRASILIA;Velocidade Incompatível;Colisão lateral mesmo sentido;Com Vítimas Feridas;Pleno dia;Decrescente;Céu Claro;Dupla;Reta;-15,625807;-47,725517
17/12/2025;11:20:00;POCOES;Ultrapassagem Indevida;Colisão lateral sentido oposto;Com Vítimas Feridas;Pleno dia;Crescente;Céu Claro;Simples;Reta;-14,561677;-40,413976
17/12/2025;17:30:00;CONGONHAS;Velocidade Incompatível;Colisão frontal;Com Vítimas Feridas;Pleno dia;Decrescente;Chuva;Simples;"Curva;Aclive";-20,45223;-43,84092
17/12/2025;15:00:00;PALMITAL;Velocidade Incompatível;Tombamento;Com Vítimas Feridas;Pleno dia;Crescente;Céu Claro;Simples;Curva;-24,981268;-52,297854
17/12/2025;18:20:00;PALMEIRAS;Demais falhas na via;Tombamento;Com Vítimas Feridas;Plena Noite;Crescente;Céu Claro;Simples;Curva;-12,43214389;-41,50811881
17/12/2025;22:00:00;NOVA MUTUM;Falta de acostamento;Saída de leito carroçável;Com Vítimas Feridas;Plena Noite;Crescente;Nublado;Simples;"Em Obras;Reta";-13,573181;-56,029394
17/12/2025;06:00:00;PUGMIL;Chuva;Colisão traseira;Com Vítimas Feridas;Pleno dia;Decrescente;Chuva;Simples;Reta;-10,372542;-48,892183
17/12/2025;01:30:00;CACERES;Animais na Pista;Saída de leito carroçável;Com Vítimas Feridas;Plena Noite;Decrescente;Céu Claro;Simples;Curva;-16,0424;-57,71985
17/12/2025;06:45:00;ERECHIM;Conversão proibida;Colisão transversal;Com Vítimas Feridas;Pleno dia;Crescente;Céu Claro;Simples;Curva;-27,6680119;-52,2902935
17/12/2025;07:15:00;ANGRA DOS REIS;Pista Escorregadia;Colisão frontal;Com Vítimas Feridas;Pleno dia;Crescente;Chuva;Simples;"Curva;Declive";-23,02619824;-44,50471791
17/12/2025;07:00:00;MESQUITA;Conversão proibida;Colisão lateral mesmo sentido;Com Vítimas Feridas;Pleno dia;Decrescente;Garoa/Chuvisco;Múltipla;Reta;-22,77192592;-43,40581767
17/12/2025;10:10:00;LINHARES;Acumulo de areia ou detritos sobre o pavimento;Saída de leito carroçável;Com Vítimas Feridas;Pleno dia;Crescente;Céu Claro;Dupla;Reta;-19,39654634;-40,06395992
17/12/2025;10:25:00;PETROPOLIS;Pista Escorregadia;Saída de leito carroçável;Com Vítimas Feridas;Pleno dia;Crescente;Chuva;Simples;"Declive;Curva";-22,4693587;-43,2344662
17/12/2025;11:25:00;CATALAO;Acesso irregular;Colisão lateral mesmo sentido;Com Vítimas Feridas;Pleno dia;Crescente;Nublado;Dupla;Rotatória;-18,23648446;-47,98540592
17/12/2025;08:15:00;CAMPOS DOS GOYTACAZES;Chuva;Saída de leito carroçável;Com Vítimas Feridas;Pleno dia;Crescente;Chuva;Simples;Curva;-21,31876167;-41,3269186
17/12/2025;11:00:00;TERESOPOLIS;Chuva;Saída de leito carroçável;Com Vítimas Feridas;Pleno dia;Decrescente;Chuva;Simples;Curva;-22,454445;-42,959697
17/12/2025;09:50:00;ITAOBIM;Ultrapassagem Indevida;Colisão frontal;Com Vítimas Fatais;Pleno dia;Decrescente;Nublado;Simples;Reta;-16,603932;-41,499235
17/12/2025;12:17:00;AGUA BRANCA;Ultrapassagem Indevida;Colisão frontal;Com Vítimas Feridas;Pleno dia;Decrescente;Nublado;Simples;Reta;-5,9024712;-42,6670155
17/12/2025;10:35:00;ANTONIO DIAS;Acumulo de água sobre o pavimento;Saída de leito carroçável;Com Vítimas Feridas;Pleno dia;Decrescente;Chuva;Dupla;"Curva;Declive";-19,6339;-42,88938
17/12/2025;10:20:00;SANTO ANTONIO DO AMPARO;Velocidade Incompatível;Colisão com objeto;Sem Vítimas;Pleno dia;Crescente;Chuva;Dupla;"Declive;Curva;Viaduto";-20,86626932;-44,84135645
17/12/2025;10:35:00;ENGENHEIRO CALDAS;Velocidade Incompatível;Saída de leito carroçável;Com Vítimas Feridas;Pleno dia;Decrescente;Nublado;Simples;Curva;-19,07600791;-41,99951068
17/12/2025;13:45:00;SANTA RITA;Animais na Pista;Colisão com objeto;Com Vítimas Feridas;Pleno dia;Decrescente;Céu Claro;Dupla;Reta;-3,10904165;-44,32281733
17/12/2025;13:15:00;PANELAS;Ultrapassagem Indevida;Colisão lateral mesmo sentido;Com Vítimas Feridas;Pleno dia;Crescente;Céu Claro;Simples;Aclive;-8,63026377;-36,01281881
17/12/2025;16:15:00;DUQUE DE CAXIAS;Pista Escorregadia;Saída de leito carroçável;Com Vítimas Feridas;Pleno dia;Crescente;Chuva;Simples;"Curva;Declive";-22,57026803;-43,27789307
17/12/2025;17:40:00;ANAPOLIS;Animais na Pista;Atropelamento de Animal;Com Vítimas Feridas;Pleno dia;Decrescente;Céu Claro;Dupla;"Reta;Declive";-16,400298;-48,970071
17/12/2025;16:30:00;PETROPOLIS;Pista Escorregadia;Colisão com objeto;Com Vítimas Feridas;Pleno dia;Decrescente;Chuva;Simples;Curva;-22,45037961;-43,20407867
17/12/2025;19:30:00;MAGE;Velocidade Incompatível;Colisão lateral mesmo sentido;Com Vítimas Feridas;Plena Noite;Crescente;Chuva;Dupla;Reta;-22,63738224;-43,05902481
17/12/2025;18:00:00;CENTRALINA;Pista esburacada;Saída de leito carroçável;Sem Vítimas;Plena Noite;Decrescente;Nublado;Dupla;Reta;-18,73553028;-49,10302836
17/12/2025;23:20:00;CAMPOS DOS GOYTACAZES;Demais falhas na via;Tombamento;Com Vítimas Feridas;Plena Noite;Decrescente;Chuva;Dupla;Reta;-21,87145389;-41,54438782