data_inversa;horario;municipio;causa_acidente;tipo_acidente;classificacao_acidente;fase_dia;sentido_via;condicao_metereologica;tipo_pista;tracado_via;latitude;longitude
13/12/2025;05:45:00;PLANALTO;Conversão proibida;Colisão transversal;Com Vítimas Feridas;Amanhecer;Crescente;Céu Claro;Simples;Reta;-14,67149698;-40,47566986
13/12/2025;07:00:00;CANOAS;Ultrapassagem Indevida;Colisão traseira;Com Vítimas Fatais;Pleno dia;Crescente;Céu Claro;Múltipla;Reta;-29,951695;-51,17661
13/12/2025;07:40:00;MARQUES DE SOUZA;Velocidade Incompatível;Tombamento;Com Vítimas Feridas;Pleno dia;Crescente;Sol;Dupla;Curva;-29,371719;-52,062358
13/12/2025;06:05:00;IBAITI;Neblina;Colisão transversal;Com Vítimas Fatais;Amanhecer;Decrescente;Nevoeiro/Neblina;Simples;Interseção de Vias;-23,86332634;-50,20019023
13/12/2025;07:00:00;BARRA MANSA;Acumulo de água sobre o pavimento;Colisão com objeto;Com Vítimas Feridas;Amanhecer;Decrescente;Chuva;Dupla;"Curva;Declive";-22,56145445;-44,14774577
13/12/2025;11:00:00;CAXIAS;Ultrapassagem Indevida;Colisão lateral mesmo sentido;Com Vítimas Feridas;Pleno dia;Crescente;Céu Claro;Simples;Reta;-4,89516993;-43,26600552
13/12/2025;11:15:00;BRUMADINHO;Velocidade Incompatível;Tombamento;Com Vítimas Feridas;Pleno dia;Decrescente;Nublado;Dupla;"Ponte;Aclive;Curva";-20,1499933;-44,32505965
13/12/2025;14:45:00;GUARAPUAVA;Ultrapassagem Indevida;Colisão frontal;Com Vítimas Feridas;Pleno dia;Decrescente;Sol;Simples;"Aclive;Curva";-25,43925;-51,625387
13/12/2025;16:00:00;PARANAIGUARA;Ultrapassagem Indevida;Colisão frontal;Com Vítimas Feridas;Pleno dia;Decrescente;Nublado;Simples;Reta;-18,873607;-50,779937
13/12/2025;16:00:00;CAREACU;Velocidade Incompatível;Tombamento;Com Vítimas Feridas;Pleno dia;Crescente;Chuva;Dupla;Aclive;-22,01436065;-45,67840576
13/12/2025;22:50:00;PERDOES;Velocidade Incompatível;Tombamento;Com Vítimas Feridas;Plena Noite;Decrescente;Chuva;Dupla;Curva;-21,08873355;-45,06685909
13/12/2025;00:15:00;ARAGUAINA;Velocidade Incompatível;Colisão traseira;Com Vítimas Feridas;Plena Noite;Crescente;Nublado;Dupla;Reta;-7,210974;-48,242781
13/12/2025;03:20:00;CUIABA;Acumulo de areia ou detritos sobre o pavimento;Queda de ocupante de veículo;Com Vítimas Feridas;Plena Noite;Crescente;Garoa/Chuvisco;Dupla;"Reta;Retorno Regulamentado";-15,66602909;-55,96076489
13/12/2025;05:10:00;PORTO VITORIA;Pista Escorregadia;Saída de leito carroçável;Com Vítimas Feridas;Amanhecer;Decrescente;Garoa/Chuvisco;Simples;Curva;-26,2962741;-51,2069308
13/12/2025;05:40:00;AQUIRAZ;Velocidade Incompatível;Queda de ocupante de veículo;Com Vítimas Feridas;Pleno dia;Decrescente;Céu Claro;Dupla;Reta;-3,94701731;-38,51108193
13/12/2025;06:20:00;CARMO DA CACHOEIRA;Chuva;Saída de leito carroçável;Com Vítimas Feridas;Pleno dia;Crescente;Chuva;Dupla;Curva;-21,403928;-45,210931
13/12/2025;08:00:00;GUARULHOS;Chuva;Tombamento;Com Vítimas Feridas;Pleno dia;Crescente;Chuva;Múltipla;"Reta;Aclive";-23,4902344;-46,54932079
13/12/2025;08:40:00;PIRAI;Pista Escorregadia;Colisão lateral mesmo sentido;Com Vítimas Feridas;Pleno dia;Decrescente;Chuva;Dupla;"Curva;Declive";-22,6697483;-43,8373433
13/12/2025;07:45:00;CAMANDUCAIA;Velocidade Incompatível;Tombamento;Com Vítimas Feridas;Pleno dia;Crescente;Chuva;Dupla;"Declive;Curva";-22,76317706;-46,17112605
13/12/2025;09:20:00;CRISTALINA;Acumulo de água sobre o pavimento;Saída de leito carroçável;Com Vítimas Feridas;Pleno dia;Crescente;Chuva;Dupla;Curva;-16,86578;-47,411326
13/12/2025;08:30:00;ITAPECURU MIRIM;Conversão proibida;Tombamento;Com Vítimas Feridas;Pleno dia;Decrescente;Céu Claro;Simples;Reta;-3,3822896;-44,3721965
13/12/2025;09:00:00;CAMANDUCAIA;Velocidade Incompatível;Saída de leito carroçável;Sem Vítimas;Pleno dia;Crescente;Chuva;Dupla;Curva;-22,7700283;-46,1941004
13/12/2025;08:10:00;JOAO PINHEIRO;Chuva;Saída de leito carroçável;Com Vítimas Feridas;Pleno dia;Crescente;Chuva;Simples;Reta;-18,31598;-45,97775
13/12/2025;13:35:00;CAMPOS DOS GOYTACAZES;Chuva;Tombamento;Com Vítimas Feridas;Pleno dia;Decrescente;Garoa/Chuvisco;Dupla;"Reta;Interseção de Vias";-21,756888;-41,348108
13/12/2025;08:30:00;DOM ELISEU;Curva acentuada;Saída de leito carroçável;Com Vítimas Feridas;Pleno dia;Crescente;Nublado;Simples;Curva;-4,321168;-47,730552
13/12/2025;12:30:00;SEROPEDICA;Chuva;Saída de leito carroçável;Com Vítimas Feridas;Pleno dia;Decrescente;Chuva;Dupla;Reta;-22,7008293;-43,69412041
13/12/2025;10:20:00;CAMPOS ALTOS;Ultrapassagem Indevida;Colisão frontal;Com Vítimas Feridas;Pleno dia;Decrescente;Chuva;Simples;"Declive;Curva";-19,653241;-46,180774
13/12/2025;14:00:00;ARGIRITA;Velocidade Incompatível;Saída de leito carroçável;Com Vítimas Feridas;Pleno dia;Decrescente;Nublado;Simples;Reta;-21,635003;-42,833568
13/12/2025;14:45:00;CALDAS;Acumulo de areia ou detritos sobre o pavimento;Capotamento;Com Vítimas Feridas;Pleno dia;Crescente;Chuva;Simples;Curva;-21,81433323;-46,46564484
13/12/2025;14:50:00;COMENDADOR LEVY GASPARIAN;Velocidade Incompatível;Colisão com objeto;Com Vítimas Feridas;Pleno dia;Decrescente;Céu Claro;Dupla;Curva;-22,04483374;-43,21969986
13/12/2025;14:50:00;COMENDADOR LEVY GASPARIAN;Velocidade Incompatível;Colisão com objeto;Com Vítimas Feridas;Pleno dia;Crescente;Chuva;Dupla;"Ponte;Curva";-22,011164;-43,266396
13/12/2025;15:36:00;AQUIRAZ;Pista Escorregadia;Engavetamento;Sem Vítimas;Pleno dia;Decrescente;Céu Claro;Dupla;Curva;-4,02107742;-38,51882681
13/12/2025;12:45:00;INDIARA;Velocidade Incompatível;Colisão com objeto;Com Vítimas Feridas;Pleno dia;Decrescente;Nublado;Dupla;Curva;-17,1065138;-49,93018448
13/12/2025;14:30:00;ITABELA;Ultrapassagem Indevida;Queda de ocupante de veículo;Com Vítimas Feridas;Pleno dia;Decrescente;Sol;Simples;Curva;-16,62632307;-39,52606201
13/12/2025;17:15:00;CAMPINA GRANDE DO SUL;Velocidade Incompatível;Saída de leito carroçável;Com Vítimas Feridas;Pleno dia;Crescente;Nublado;Dupla;Curva;-25,305114;-48,949325
13/12/2025;18:10:00;ITABAIANA;Acesso irregular;Colisão lateral mesmo sentido;Com Vítimas Feridas;Plena Noite;Crescente;Céu Claro;Simples;Reta;-10,670629;-37,445193
13/12/2025;17:33:00;RAFAEL FERNANDES;Ultrapassagem Indevida;Colisão transversal;Com Vítimas Feridas;Anoitecer;Crescente;Céu Claro;Simples;"Declive;Reta";-6,18451;-38,220578
13/12/2025;11:40:00;GARANHUNS;Velocidade Incompatível;Saída de leito carroçável;Com Vítimas Feridas;Pleno dia;Decrescente;Céu Claro;Simples;Curva;-8,87952678;-36,47926267
13/12/2025;19:30:00;APUCARANA;Velocidade Incompatível;Colisão traseira;Com Vítimas Feridas;Plena Noite;Crescente;Garoa/Chuvisco;Dupla;Reta;-23,58410686;-51,4651026
13/12/2025;19:00:00;CAMPINA GRANDE DO SUL;Chuva;Saída de leito carroçável;Sem Vítimas;Plena Noite;Decrescente;Chuva;Dupla;"Declive;Curva";-25,163673;-48,861583
13/12/2025;20:15:00;MATO CASTELHANO;Acesso irregular;Colisão frontal;Com Vítimas Feridas;Plena Noite;Decrescente;Céu Claro;Simples;Reta;-28,27143701;-52,20256805
13/12/2025;20:40:00;MAIRIPORA;Pista Escorregadia;Colisão com objeto;Com Vítimas Feridas;Pleno dia;Decrescente;Nublado;Múltipla;Curva;-23,29401096;-46,57203675
13/12/2025;12:20:00;NITEROI;Chuva;Tombamento;Com Vítimas Feridas;Pleno dia;Decrescente;Chuva;Múltipla;Curva;-22,8671604;-43,11015774
13/12/2025;21:23:00;MARINGA;Acumulo de água sobre o pavimento;Saída de leito carroçável;Sem Vítimas;Plena Noite;Decrescente;Chuva;Dupla;"Reta;Declive";-23,39486;-52,00778
13/12/2025;21:30:00;POUSO REDONDO;Ultrapassagem Indevida;Colisão frontal;Com Vítimas Feridas;Plena Noite;Crescente;Céu Claro;Simples;"Reta;Declive";-27,26671947;-49,873583
13/12/2025;21:10:00;MONTE CASTELO;Conversão proibida;Colisão transversal;Sem Vítimas;Plena Noite;Decrescente;Céu Claro;Simples;Reta;-26,4730074;-50,2310686
13/12/2025;22:52:00;SAO CAITANO;Animais na Pista;Tombamento;Com Vítimas Feridas;Plena Noite;Crescente;Céu Claro;Dupla;Reta;-8,34223969;-36,138953
13/12/2025;20:05:00;MILAGRES;Animais na Pista;Atropelamento de Animal;Com Vítimas Feridas;Plena Noite;Decrescente;Céu Claro;Simples;Curva;-7,30896381;-38,93598676
13/12/2025;23:30:00;APUCARANA;Chuva;Queda de ocupante de veículo;Com Vítimas Feridas;Plena Noite;Decrescente;Chuva;Dupla;Reta;-23,6074884;-51,40697068
13/12/2025;22:00:00;PINHALZINHO;Demais falhas na via;Tombamento;Com Vítimas Feridas;Plena Noite;Crescente;Céu Claro;Simples;Reta;-26,84659704;-52,98068762
13/12/2025;23:30:00;PONTES E LACERDA;Animais na Pista;Atropelamento de Animal;Com Vítimas Feridas;Plena Noite;Decrescente;Céu Claro;Simples;Reta;-14,909767;-59,29311
13/12/2025;16:00:00;UBAITABA;Velocidade Incompatível;Queda de ocupante de veículo;Sem Vítimas;Pleno dia;Crescente;Céu Claro;Simples;Reta;-14,2678363;-39,32674795
13/12/2025;03:10:00;CURITIBA;Velocidade Incompatível;Colisão com objeto;Com Vítimas Feridas;Plena Noite;Crescente;Nublado;Dupla;Reta;-25,45874047;-49,22140924
13/12/2025;19:05:00;PARAISO DO TOCANTINS;Ultrapassagem Indevida;Colisão lateral mesmo sentido;Com Vítimas Feridas;Plena Noite;Decrescente;Céu Claro;Simples;"Reta;Declive";-10,178608;-48,880103
13/12/2025;09:30:00;RIO BONITO;Ultrapassagem Indevida;Colisão lateral mesmo sentido;Com Vítimas Feridas;Pleno dia;Decrescente;Céu Claro;Dupla;Curva;-22,70775965;-42,65392224
12/12/2025;03:30:00;TIBAGI;Velocidade Incompatível;Tombamento;Com Vítimas Fatais;Plena Noite;Decrescente;Céu Claro;Dupla;"Curva;Aclive";-24,752116;-50,53631
12/12/2025;06:36:00;SAO LUIS;Pista Escorregadia;Colisão traseira;Sem Vítimas;Pleno dia;Crescente;Nublado;Dupla;"Reta;Aclive;Retorno Regulamentado";-2,63762238;-44,3111971
12/12/2025;07:40:00;TIJUCAS DO SUL;Velocidade Incompatível;Saída de leito carroçável;Com Vítimas Feridas;Pleno dia;Crescente;Céu Claro;Simples;Curva;-25,85201924;-49,00257938
12/12/2025;09:25:00;SAO GONCALO DO SAPUCAI;Velocidade Incompatível;Engavetamento;Com Vítimas Feridas;Pleno dia;Decrescente;Sol;Dupla;"Declive;Curva";-21,9665791;-45,63058734
12/12/2025;11:45:00;MACAIBA;Conversão proibida;Colisão transversal;Com Vítimas Feridas;Pleno dia;Crescente;Céu Claro;Simples;"Aclive;Reta;Em Obras";-5,864602;-35,347047
12/12/2025;15:30:00;SAO LUIS;Demais falhas na via;Colisão transversal;Com Vítimas Feridas;Pleno dia;Decrescente;Céu Claro;Dupla;Reta;-2,6239431;-44,3170735
12/12/2025;17:00:00;VARZEA GRANDE;Afundamento ou ondulação no pavimento;Tombamento;Com Vítimas Feridas;Pleno dia;Crescente;Nublado;Simples;Reta;-15,541123;-56,275705
12/12/2025;17:20:00;BARREIRAS;Velocidade Incompatível;Colisão traseira;Com Vítimas Feridas;Pleno dia;Decrescente;Céu Claro;Simples;"Declive;Reta";-12,162224;-44,851641
12/12/2025;13:20:00;BURITI DOS LOPES;Velocidade Incompatível;Tombamento;Com Vítimas Feridas;Pleno dia;Crescente;Céu Claro;Simples;Reta;-3,303618;-41,758275
12/12/2025;16:50:00;ANGRA DOS REIS;Acesso irregular;Colisão lateral sentido oposto;Sem Vítimas;Pleno dia;Crescente;Céu Claro;Simples;Reta;-22,91579254;-44,35150266
12/12/2025;04:00:00;PALHOCA;Velocidade Incompatível;Colisão com objeto;Sem Vítimas;Plena Noite;Decrescente;Céu Claro;Múltipla;Reta;-27,65916207;-48,67757544
12/12/2025;03:50:00;JOAO PESSOA;Animais na Pista;Atropelamento de Animal;Com Vítimas Feridas;Amanhecer;Decrescente;Céu Claro;Simples;Reta;-7,2082266;-34,90962315
12/12/2025;04:49:00;PALHOCA;Animais na Pista;Atropelamento de Animal;Com Vítimas Feridas;Amanhecer;Decrescente;Céu Claro;Dupla;Reta;-27,65508411;-48,7219137
12/12/2025;03:45:00;SAO JOSE DE MIPIBU;Animais na Pista;Atropelamento de Animal;Com Vítimas Feridas;Plena Noite;Crescente;Céu Claro;Múltipla;Reta;-6,0475777;-35,24505258
12/12/2025;07:30:00;RIO DO SUL;Ultrapassagem Indevida;Colisão transversal;Sem Vítimas;Pleno dia;Crescente;Céu Claro;Simples;"Rotatória;Interseção de Vias";-27,17493158;-49,590072
12/12/2025;08:30:00;ARAGUARI;Velocidade Incompatível;Capotamento;Com Vítimas Feridas;Pleno dia;Crescente;Céu Claro;Dupla;Reta;-18,7246248;-48,20491791
12/12/2025;11:55:00;IGARAPE;Velocidade Incompatível;Saída de leito carroçável;Com Vítimas Feridas;Pleno dia;Crescente;Céu Claro;Dupla;"Aclive;Reta";-20,111;-44,321
12/12/2025;13:40:00;MARECHAL FLORIANO;Conversão proibida;Colisão transversal;Com Vítimas Feridas;Pleno dia;Crescente;Céu Claro;Simples;Reta;-20,41142805;-40,74691772
12/12/2025;11:00:00;TIBAGI;Chuva;Colisão com objeto;Com Vítimas Feridas;Pleno dia;Crescente;Chuva;Dupla;"Declive;Curva";-24,798066;-50,49449
12/12/2025;12:00:00;PRUDENTOPOLIS;Pista Escorregadia;Saída de leito carroçável;Com Vítimas Feridas;Pleno dia;Decrescente;Chuva;Simples;Curva;-25,1885693;-50,8984952
12/12/2025;14:30:00;BRASILIA;Chuva;Saída de leito carroçável;Com Vítimas Feridas;Pleno dia;Decrescente;Chuva;Dupla;Reta;-15,58350106;-47,55360604
12/12/2025;15:04:00;SEROPEDICA;Conversão proibida;Colisão transversal;Com Vítimas Feridas;Pleno dia;Crescente;Céu Claro;Simples;Reta;-22,729547;-43,717012
12/12/2025;14:10:00;TIBAGI;Velocidade Incompatível;Saída de leito carroçável;Com Vítimas Feridas;Pleno dia;Crescente;Garoa/Chuvisco;Dupla;Curva;-24,85665;-50,45887
12/12/2025;14:00:00;ARAGUARI;Velocidade Incompatível;Colisão com objeto;Com Vítimas Feridas;Pleno dia;Decrescente;Nublado;Múltipla;Reta;-18,65571231;-48,14908504
12/12/2025;15:40:00;AREAL;Animais na Pista;Saída de leito carroçável;Com Vítimas Feridas;Pleno dia;Decrescente;Céu Claro;Dupla;Reta;-22,22114;-43,12721
12/12/2025;14:10:00;CORBELIA;Chuva;Colisão com objeto;Com Vítimas Feridas;Pleno dia;Crescente;Chuva;Dupla;Reta;-24,77837257;-53,29194427
12/12/2025;12:30:00;NOVO HAMBURGO;Animais na Pista;Atropelamento de Animal;Com Vítimas Feridas;Pleno dia;Decrescente;Céu Claro;Múltipla;Reta;-29,71349292;-51,14754486
12/12/2025;15:00:00;CAJATI;Chuva;Saída de leito carroçável;Com Vítimas Feridas;Pleno dia;Crescente;Chuva;Múltipla;"Curva;Declive";-24,77885671;-48,21176022
12/12/2025;15:40:00;BARRA DO TURVO;Chuva;Capotamento;Com Vítimas Feridas;Pleno dia;Decrescente;Chuva;Dupla;Curva;-25,02889042;-48,52634177
12/12/2025;16:10:00;SAO MIGUEL DO IGUACU;Velocidade Incompatível;Colisão traseira;Com Vítimas Feridas;Pleno dia;Decrescente;Nublado;Dupla;Reta;-25,37536654;-54,27498071
12/12/2025;17:10:00;ARAQUARI;Ultrapassagem Indevida;Colisão lateral sentido oposto;Com Vítimas Feridas;Pleno dia;Crescente;Nublado;Simples;"Reta;Ponte";-26,38327612;-48,72655425
12/12/2025;14:30:00;CAMPINA GRANDE DO SUL;Pista Escorregadia;Queda de ocupante de veículo;Com Vítimas Feridas;Pleno dia;Decrescente;Garoa/Chuvisco;Dupla;Curva;-25,099199;-48,678206
12/12/2025;15:30:00;CAMPINA GRANDE DO SUL;Velocidade Incompatível;Saída de leito carroçável;Com Vítimas Feridas;Pleno dia;Crescente;Garoa/Chuvisco;Dupla;Curva;-25,192869;-48,888198
12/12/2025;17:30:00;CARDOSO MOREIRA;Conversão proibida;Colisão transversal;Com Vítimas Feridas;Pleno dia;Decrescente;Céu Claro;Simples;"Curva;Interseção de Vias";-21,489876;-41,636016
12/12/2025;15:30:00;POUSO REDONDO;Chuva;Tombamento;Com Vítimas Feridas;Pleno dia;Decrescente;Chuva;Simples;"Curva;Declive";-27,30104594;-50,07970557
12/12/2025;17:00:00;MURIAE;Conversão proibida;Colisão transversal;Com Vítimas Feridas;Pleno dia;Crescente;Céu Claro;Simples;"Reta;Declive";-21,128815;-42,358403
12/12/2025;07:30:00;IMBAU;Velocidade Incompatível;Saída de leito carroçável;Com Vítimas Feridas;Pleno dia;Crescente;Garoa/Chuvisco;Dupla;"Declive;Curva";-24,471469;-50,7398
12/12/2025;19:30:00;MOSSORO;Acesso irregular;Tombamento;Com Vítimas Feridas;Plena Noite;Crescente;Ignorado;Dupla;Reta;-5,22368043;-37,32527554
12/12/2025;19:30:00;CAXIAS;Ultrapassagem Indevida;Colisão frontal;Sem Vítimas;Plena Noite;Crescente;Nublado;Simples;Reta;-4,84581;-43,46001
12/12/2025;19:00:00;NEPOMUCENO;Velocidade Incompatível;Saída de leito carroçável;Com Vítimas Feridas;Plena Noite;Decrescente;Chuva;Dupla;"Curva;Declive";-21,31294965;-45,16703725
12/12/2025;19:00:00;CONCEICAO DO JACUIPE;Ultrapassagem Indevida;Colisão frontal;Com Vítimas Feridas;Plena Noite;Decrescente;Sol;Simples;Curva;-12,361867;-38,826975
12/12/2025;14:40:00;PETROPOLIS;Pista Escorregadia;Queda de ocupante de veículo;Com Vítimas Feridas;Pleno dia;Decrescente;Céu Claro;Dupla;"Curva;Aclive";-22,5284315;-43,2228036
12/12/2025;21:15:00;CAJATI;Chuva;Colisão com objeto;Sem Vítimas;Plena Noite;Crescente;Chuva;Múltipla;"Curva;Aclive";-24,78305078;-48,18259589
12/12/2025;19:00:00;FRUTAL;Deficiência do Sistema de Iluminação/Sinalização;Saída de leito carroçável;Com Vítimas Feridas;Plena Noite;Crescente;Céu Claro;Simples;"Reta;Interseção de Vias";-20,02045192;-49,04743195
12/12/2025;19:30:00;ITAGUAI;Velocidade Incompatível;Colisão traseira;Com Vítimas Feridas;Plena Noite;Crescente;Céu Claro;Dupla;Reta;-22,8589079;-43,7591498
12/12/2025;23:00:00;GASPAR;Conversão proibida;Colisão lateral sentido oposto;Com Vítimas Feridas;Plena Noite;Crescente;Céu Claro;Simples;Reta;-26,91393;-48,96011
12/12/2025;21:15:00;CAMPINA GRANDE DO SUL;Chuva;Colisão lateral mesmo sentido;Sem Vítimas;Plena Noite;Decrescente;Chuva;Dupla;Curva;-25,11219748;-48,77876759
12/12/2025;23:57:00;ITATIAIUCU;Chuva;Saída de leito carroçável;Sem Vítimas;Plena Noite;Decrescente;Chuva;Múltipla;"Declive;Curva";-20,24923298;-44,41167355
12/12/2025;10:55:00;SIDROLANDIA;Animais na Pista;Atropelamento de Animal;Com Vítimas Feridas;Pleno dia;Crescente;Nublado;Simples;Curva;-20,976066;-55,04413883
12/12/2025;21:50:00;TIBAGI;Velocidade Incompatível;Saída de leito carroçável;Com Vítimas Feridas;Plena Noite;Crescente;Garoa/Chuvisco;Dupla;"Declive;Curva";-24,87651079;-50,44298315
12/12/2025;15:50:00;SAO FRANCISCO DO SUL;Acesso irregular;Colisão transversal;Com Vítimas Feridas;Pleno dia;Crescente;Nublado;Simples;"Interseção de Vias;Reta";-26,24077153;-48,61784414
12/12/2025;16:00:00;UBERLANDIA;Chuva;Tombamento;Com Vítimas Feridas;Pleno dia;Decrescente;Chuva;Dupla;Reta;-18,90317755;-48,27858059
12/12/2025;13:10:00;PIANCO;Velocidade Incompatível;Colisão lateral mesmo sentido;Com Vítimas Feridas;Pleno dia;Crescente;Céu Claro;Simples;Declive;-7,241597;-37,938007
12/12/2025;22:58:00;LAGOA SECA;Ausência de sinalização;Tombamento;Com Vítimas Feridas;Plena Noite;Crescente;Céu Claro;Simples;"Declive;Reta";-7,184132;-35,865765
11/12/2025;05:00:00;LAGOA DO PIAUI;Velocidade Incompatível;Tombamento;Com Vítimas Feridas;Amanhecer;Decrescente;Nublado;Simples;"Curva;Declive";-5,51127;-42,63723
11/12/2025;07:10:00;CAUCAIA;Ausência de sinalização;Colisão frontal;Com Vítimas Feridas;Pleno dia;Crescente;Céu Claro;Simples;"Reta;Em Obras";-3,79610794;-38,71221221
11/12/2025;04:30:00;PETROPOLIS;Velocidade Incompatível;Colisão traseira;Com Vítimas Feridas;Pleno dia;Crescente;Céu Claro;Dupla;Curva;-22,460221;-43,220764
11/12/2025;08:59:00;RANCHO QUEIMADO;Ultrapassagem Indevida;Colisão lateral mesmo sentido;Com Vítimas Feridas;Pleno dia;Decrescente;Sol;Simples;Curva;-27,69637224;-49,05622959
11/12/2025;12:36:00;GARANHUNS;Ultrapassagem Indevida;Colisão lateral sentido oposto;Com Vítimas Feridas;Pleno dia;Crescente;Céu Claro;Simples;"Aclive;Reta";-8,826346;-36,552661
11/12/2025;15:30:00;CLAUDIA;Sinalização mal posicionada;Eventos atípicos;Com Vítimas Fatais;Pleno dia;Crescente;Sol;Simples;Reta;-11,4304;-55,35462
11/12/2025;17:20:00;SANTA LUZIA;Retorno proibido;Colisão transversal;Com Vítimas Feridas;Pleno dia;Crescente;Nublado;Simples;Reta;-19,81334752;-43,79815221
11/12/2025;21:30:00;CAMPO GRANDE;Animais na Pista;Atropelamento de Animal;Com Vítimas Fatais;Plena Noite;Crescente;Céu Claro;Dupla;Reta;-20,566714;-54,651229
11/12/2025;17:15:00;PAULA FREITAS;Ultrapassagem Indevida;Colisão lateral sentido oposto;Com Vítimas Feridas;Pleno dia;Crescente;Céu Claro;Simples;Reta;-26,09425572;-50,7878421
11/12/2025;23:40:00;CAMPOS NOVOS;Conversão proibida;Colisão transversal;Sem Vítimas;Plena Noite;Decrescente;Céu Claro;Simples;"Reta;Declive";-27,408642;-51,216622
11/12/2025;06:30:00;CAMPINA GRANDE DO SUL;Ausência de sinalização;Colisão traseira;Com Vítimas Feridas;Pleno dia;Decrescente;Céu Claro;Simples;Reta;-25,08481001;-48,60123508
11/12/2025;10:50:00;PALHOCA;Conversão proibida;Colisão frontal;Com Vítimas Feridas;Pleno dia;Crescente;Sol;Simples;Reta;-27,67549883;-48,69747575
11/12/2025;06:10:00;BRASILIA;Animais na Pista;Atropelamento de Animal;Com Vítimas Feridas;Amanhecer;Decrescente;Nublado;Dupla;Reta;-15,91601;-48,164212
11/12/2025;06:57:00;BRASILIA;Acesso irregular;Colisão transversal;Com Vítimas Feridas;Pleno dia;Decrescente;Céu Claro;Dupla;Reta;-15,89745;-48,109841
11/12/2025;06:45:00;PALHOCA;Retorno proibido;Colisão transversal;Com Vítimas Feridas;Pleno dia;Crescente;Céu Claro;Simples;Reta;-27,67785;-48,669347
11/12/2025;06:15:00;CURITIBA;Velocidade Incompatível;Saída de leito carroçável;Com Vítimas Feridas;Pleno dia;Decrescente;Céu Claro;Dupla;Reta;-25,5003719;-49,3421079
11/12/2025;08:15:00;CATALAO;Velocidade Incompatível;Colisão com objeto;Sem Vítimas;Pleno dia;Crescente;Nublado;Dupla;Retorno Regulamentado;-18,03671;-47,844208
11/12/2025;07:50:00;PALMEIRA;Ultrapassagem Indevida;Colisão lateral sentido oposto;Com Vítimas Fatais;Pleno dia;Crescente;Céu Claro;Simples;"Aclive;Reta";-25,433489;-50,049101
11/12/2025;08:05:00;PONTES E LACERDA;Acesso irregular;Colisão lateral mesmo sentido;Com Vítimas Feridas;Pleno dia;Crescente;Céu Claro;Simples;"Reta;Interseção de Vias";-15,2492442;-59,3232632
11/12/2025;10:00:00;ONDA VERDE;Ultrapassagem Indevida;Colisão frontal;Com Vítimas Feridas;Pleno dia;Crescente;Céu Claro;Simples;Reta;-20,643131;-49,339857
11/12/2025;09:30:00;CANAPI;Pista esburacada;Colisão lateral sentido oposto;Sem Vítimas;Pleno dia;Crescente;Céu Claro;Simples;Reta;-9,12354742;-37,57519182
11/12/2025;16:08:00;SONORA;Demais falhas na via;Tombamento;Com Vítimas Feridas;Pleno dia;Decrescente;Nublado;Dupla;Reta;-17,716;-54,754
11/12/2025;18:15:00;ITAITINGA;Animais na Pista;Queda de ocupante de veículo;Com Vítimas Feridas;Plena Noite;Crescente;Céu Claro;Múltipla;Reta;-3,966898;-38,515287
11/12/2025;18:30:00;ITINGA DO MARANHAO;Ultrapassagem Indevida;Colisão transversal;Com Vítimas Feridas;Anoitecer;Crescente;Céu Claro;Simples;Reta;-4,456975;-47,526138
11/12/2025;22:00:00;PATOS;Animais na Pista;Atropelamento de Animal;Sem Vítimas;Plena Noite;Decrescente;Céu Claro;Simples;Reta;-7,019904;-37,243651
11/12/2025;22:11:00;BARRA DO RIBEIRO;Velocidade Incompatível;Saída de leito carroçável;Sem Vítimas;Plena Noite;Decrescente;Céu Claro;Dupla;Reta;-30,420418;-51,464365
11/12/2025;21:40:00;CUIABA;Iluminação deficiente;Colisão com objeto;Sem Vítimas;Plena Noite;Decrescente;Céu Claro;Simples;"Em Obras;Reta";-15,70049597;-56,04299694
11/12/2025;23:00:00;ITAITINGA;Acostamento em desnível;Tombamento;Com Vítimas Feridas;Plena Noite;Crescente;Garoa/Chuvisco;Múltipla;Reta;-3,9229177;-38,50771534
10/12/2025;00:05:00;RIACHAO DO JACUIPE;Deficiência do Sistema de Iluminação/Sinalização;Colisão traseira;Sem Vítimas;Plena Noite;Crescente;Céu Claro;Simples;Reta;-11,706137;-39,524527
10/12/2025;05:30:00;JUATUBA;Velocidade Incompatível;Colisão traseira;Com Vítimas Feridas;Amanhecer;Decrescente;Garoa/Chuvisco;Dupla;Reta;-19,97182617;-44,28419352
10/12/2025;06:32:00;ITABERABA;Conversão proibida;Colisão frontal;Com Vítimas Feridas;Pleno dia;Decrescente;Céu Claro;Simples;"Reta;Interseção de Vias";-12,51727;-40,28532
10/12/2025;06:00:00;GUARATUBA;Velocidade Incompatível;Colisão traseira;Com Vítimas Fatais;Pleno dia;Crescente;Vento;Simples;"Declive;Curva";-25,85589179;-48,95242877
10/12/2025;11:00:00;NOSSA SENHORA DO SOCORRO;Velocidade Incompatível;Tombamento;Sem Vítimas;Pleno dia;Decrescente;Céu Claro;Simples;"Curva;Viaduto;Declive";-10,884427;-37,132143
10/12/2025;14:50:00;SAO GONCALO DO RIO ABAIXO;Velocidade Incompatível;Tombamento;Com Vítimas Fatais;Pleno dia;Crescente;Céu Claro;Simples;Curva;-19,821714;-43,387856
10/12/2025;11:30:00;ROSARIO OESTE;Conversão proibida;Colisão traseira;Com Vítimas Feridas;Pleno dia;Decrescente;Céu Claro;Simples;Reta;-15,003635;-56,51649999
10/12/2025;16:49:00;ARACRUZ;Ultrapassagem Indevida;Colisão lateral mesmo sentido;Com Vítimas Feridas;Pleno dia;Crescente;Nublado;Simples;"Aclive;Reta";-19,6976989;-40,3027