data_inversa;horario;municipio;causa_acidente;tipo_acidente;classificacao_acidente;fase_dia;sentido_via;condicao_metereologica;tipo_pista;tracado_via;latitude;longitude
10/12/2025;16:40:00;CONTAGEM;Acesso irregular;Colisão lateral mesmo sentido;Com Vítimas Feridas;Pleno dia;Crescente;Céu Claro;Dupla;"Interseção de Vias;Curva";-19,954;-44,015
10/12/2025;18:12:00;CORREIA PINTO;Acesso irregular;Colisão transversal;Com Vítimas Feridas;Anoitecer;Crescente;Chuva;Simples;Reta;-27,5952787;-50,35865664
10/12/2025;21:40:00;SENADOR JOSE BENTO;Animais na Pista;Atropelamento de Animal;Com Vítimas Feridas;Plena Noite;Crescente;Nublado;Simples;Reta;-22,15819481;-46,09904051
10/12/2025;23:00:00;BOM JESUS DO AMPARO;Condutor usando celular;Colisão traseira;Com Vítimas Feridas;Pleno dia;Decrescente;Céu Claro;Dupla;"Curva;Aclive";-19,743669;-43,521016
10/12/2025;19:20:00;BOM DESPACHO;Ultrapassagem Indevida;Colisão traseira;Com Vítimas Fatais;Plena Noite;Crescente;Nublado;Simples;Aclive;-19,78604759;-45,29368043
10/12/2025;01:35:00;BRASILIA;Chuva;Capotamento;Com Vítimas Feridas;Plena Noite;Crescente;Chuva;Dupla;"Reta;Declive";-16,03657472;-47,97935486
10/12/2025;05:02:00;PEIXOTO DE AZEVEDO;Animais na Pista;Atropelamento de Animal;Com Vítimas Feridas;Pleno dia;Decrescente;Céu Claro;Simples;Reta;-10,22284;-54,97214
10/12/2025;06:40:00;GUARAPARI;Velocidade Incompatível;Colisão com objeto;Com Vítimas Feridas;Pleno dia;Crescente;Chuva;Dupla;Curva;-20,61234008;-40,51075459
10/12/2025;08:10:00;MARECHAL FLORIANO;Velocidade Incompatível;Tombamento;Com Vítimas Feridas;Pleno dia;Decrescente;Garoa/Chuvisco;Simples;Curva;-20,415939;-40,706626
10/12/2025;09:40:00;UBATUBA;Pista Escorregadia;Colisão com objeto;Com Vítimas Feridas;Pleno dia;Decrescente;Chuva;Simples;Curva;-23,4113078;-45,01980336
10/12/2025;06:40:00;CARMO DA CACHOEIRA;Velocidade Incompatível;Colisão com objeto;Com Vítimas Feridas;Pleno dia;Crescente;Chuva;Dupla;Curva;-21,41895512;-45,21242452
10/12/2025;11:37:00;MARIALVA;Demais falhas na via;Queda de ocupante de veículo;Com Vítimas Feridas;Pleno dia;Crescente;Céu Claro;Dupla;Reta;-23,506854;-51,734436
10/12/2025;11:00:00;MORRETES;Velocidade Incompatível;Tombamento;Com Vítimas Feridas;Pleno dia;Decrescente;Vento;Dupla;"Curva;Declive";-25,591521;-48,894327
10/12/2025;12:00:00;PERDOES;Velocidade Incompatível;Colisão com objeto;Com Vítimas Feridas;Pleno dia;Crescente;Garoa/Chuvisco;Dupla;"Curva;Declive";-21,065391;-45,052403
10/12/2025;13:00:00;PETROPOLIS;Afundamento ou ondulação no pavimento;Capotamento;Com Vítimas Fatais;Pleno dia;Crescente;Chuva;Dupla;"Declive;Curva";-22,543796;-43,233631
10/12/2025;15:20:00;ARAPORA;Velocidade Incompatível;Colisão traseira;Com Vítimas Feridas;Pleno dia;Crescente;Nublado;Dupla;Reta;-18,438906;-49,189326
10/12/2025;18:40:00;ITATIAIUCU;Velocidade Incompatível;Saída de leito carroçável;Com Vítimas Feridas;Plena Noite;Decrescente;Chuva;Dupla;"Aclive;Curva";-20,2120285;-44,3898323
10/12/2025;18:00:00;BARBACENA;Chuva;Saída de leito carroçável;Com Vítimas Feridas;Anoitecer;Decrescente;Chuva;Dupla;Curva;-21,25406461;-43,66249965
10/12/2025;17:25:00;VARGEM;Velocidade Incompatível;Colisão com objeto;Com Vítimas Feridas;Pleno dia;Decrescente;Nublado;Dupla;Viaduto;-22,88268383;-46,40741793
10/12/2025;18:40:00;BENTO GONCALVES;Acumulo de água sobre o pavimento;Colisão frontal;Com Vítimas Feridas;Anoitecer;Crescente;Chuva;Simples;Curva;-29,18781407;-51,52147436
10/12/2025;19:40:00;CAMPO NOVO;Velocidade Incompatível;Saída de leito carroçável;Com Vítimas Feridas;Anoitecer;Crescente;Garoa/Chuvisco;Simples;Interseção de Vias;-27,6806896;-53,8470679
10/12/2025;18:55:00;PADRE PARAISO;Acumulo de água sobre o pavimento;Colisão frontal;Com Vítimas Feridas;Plena Noite;Crescente;Chuva;Simples;"Curva;Declive";-17,051867;-41,458775
10/12/2025;23:10:00;MONTES CLAROS;Velocidade Incompatível;Saída de leito carroçável;Com Vítimas Feridas;Plena Noite;Decrescente;Nublado;Simples;"Declive;Reta";-16,769421;-43,8591126
10/12/2025;20:45:00;CRUZEIRO DO SUL;Animais na Pista;Atropelamento de Animal;Com Vítimas Feridas;Plena Noite;Decrescente;Ignorado;Simples;Reta;-7,6729596;-72,6394575
10/12/2025;18:30:00;TERESOPOLIS;Chuva;Capotamento;Com Vítimas Feridas;Plena Noite;Crescente;Nublado;Simples;Reta;-22,23612909;-42,91103518
10/12/2025;12:11:00;PORTO ALEGRE;Pista Escorregadia;Colisão com objeto;Com Vítimas Feridas;Pleno dia;Decrescente;Chuva;Simples;"Curva;Aclive";-29,97455672;-51,19775802
09/12/2025;00:50:00;BARRA DO TURVO;Chuva;Colisão com objeto;Com Vítimas Feridas;Plena Noite;Decrescente;Chuva;Dupla;"Curva;Declive";-24,96456266;-48,43141906
09/12/2025;02:25:00;ARCOVERDE;Animais na Pista;Atropelamento de Animal;Sem Vítimas;Plena Noite;Crescente;Céu Claro;Simples;Reta;-8,4091;-37,137042
09/12/2025;02:20:00;IMBAU;Chuva;Saída de leito carroçável;Com Vítimas Feridas;Plena Noite;Decrescente;Chuva;Simples;"Curva;Declive";-24,3946;-50,78383
09/12/2025;06:50:00;PIMENTA BUENO;Ultrapassagem Indevida;Colisão frontal;Com Vítimas Fatais;Pleno dia;Decrescente;Nublado;Simples;"Curva;Declive";-11,982083;-60,953332
09/12/2025;07:25:00;MARINGA;Velocidade Incompatível;Colisão traseira;Sem Vítimas;Pleno dia;Crescente;Chuva;Dupla;"Reta;Declive";-23,39506308;-52,00772636
09/12/2025;09:20:00;JARAGUA;Desvio temporário;Colisão transversal;Com Vítimas Feridas;Pleno dia;Decrescente;Garoa/Chuvisco;Dupla;"Reta;Em Obras;Desvio Temporário";-15,735643;-49,323158
09/12/2025;08:50:00;TRES CORACOES;Velocidade Incompatível;Colisão com objeto;Com Vítimas Feridas;Pleno dia;Crescente;Chuva;Dupla;Curva;-21,5621018;-45,246276
09/12/2025;12:45:00;PRATA;Chuva;Colisão transversal;Com Vítimas Feridas;Pleno dia;Decrescente;Chuva;Simples;Reta;-19,2523929;-48,9256605
09/12/2025;11:00:00;CAMPO GRANDE;Conversão proibida;Tombamento;Com Vítimas Feridas;Pleno dia;Decrescente;Chuva;Simples;Reta;-20,4569613;-54,5462501
09/12/2025;13:30:00;MONTENEGRO;Chuva;Colisão com objeto;Com Vítimas Feridas;Pleno dia;Crescente;Chuva;Dupla;Reta;-29,81668343;-51,41136647
09/12/2025;16:10:00;ATIBAIA;Acumulo de água sobre o pavimento;Colisão lateral mesmo sentido;Com Vítimas Feridas;Pleno dia;Decrescente;Chuva;Dupla;Reta;-23,2259578;-46,5976049
09/12/2025;13:30:00;JOACABA;Pista Escorregadia;Colisão lateral sentido oposto;Com Vítimas Feridas;Pleno dia;Crescente;Chuva;Simples;"Reta;Declive";-27,18661677;-51,51864499
09/12/2025;16:30:00;MAIRIPORA;Acumulo de água sobre o pavimento;Saída de leito carroçável;Com Vítimas Feridas;Pleno dia;Decrescente;Chuva;Dupla;Curva;-23,3535368;-46,547221
09/12/2025;16:28:00;CAUCAIA;Desvio temporário;Colisão lateral mesmo sentido;Com Vítimas Feridas;Pleno dia;Crescente;Sol;Dupla;"Desvio Temporário;Retorno Regulamentado;Em Obras";-3,71321903;-38,81562933
09/12/2025;17:35:00;LUCAS DO RIO VERDE;Chuva;Tombamento;Com Vítimas Fatais;Anoitecer;Decrescente;Chuva;Simples;"Aclive;Reta";-13,1129803;-55,95433474
09/12/2025;14:00:00;PAULA FREITAS;Velocidade Incompatível;Engavetamento;Com Vítimas Feridas;Pleno dia;Decrescente;Chuva;Simples;Reta;-26,11937686;-50,82756042
09/12/2025;15:00:00;NOVA MUTUM;Ultrapassagem Indevida;Saída de leito carroçável;Com Vítimas Feridas;Pleno dia;Crescente;Nublado;Simples;Reta;-13,46590748;-56,02455746
09/12/2025;00:35:00;CAMPANHA;Velocidade Incompatível;Saída de leito carroçável;Com Vítimas Feridas;Plena Noite;Decrescente;Céu Claro;Dupla;"Declive;Curva";-21,80540827;-45,47543764
09/12/2025;00:20:00;ARAGUARI;Chuva;Capotamento;Com Vítimas Feridas;Plena Noite;Decrescente;Chuva;Dupla;Curva;-18,77079;-48,24491501
09/12/2025;03:00:00;MUQUEM DE SAO FRANCISCO;Acostamento em desnível;Saída de leito carroçável;Com Vítimas Feridas;Amanhecer;Decrescente;Céu Claro;Simples;Reta;-12,18124;-43,23566
09/12/2025;06:00:00;JOINVILLE;Chuva;Queda de ocupante de veículo;Com Vítimas Feridas;Pleno dia;Crescente;Chuva;Múltipla;Reta;-26,33993617;-48,85923592
09/12/2025;06:00:00;CORNELIO PROCOPIO;Chuva;Saída de leito carroçável;Com Vítimas Feridas;Amanhecer;Crescente;Chuva;Simples;Reta;-23,17332153;-50,6190512
09/12/2025;07:00:00;GUARAMIRIM;Condutor usando celular;Colisão traseira;Com Vítimas Feridas;Pleno dia;Decrescente;Nublado;Simples;"Em Obras;Reta";-26,47465378;-49,02629312
09/12/2025;07:30:00;SANTO ANTONIO DO AMPARO;Velocidade Incompatível;Saída de leito carroçável;Com Vítimas Feridas;Pleno dia;Decrescente;Chuva;Dupla;Reta;-20,97503;-44,93791
09/12/2025;06:30:00;BENTO GONCALVES;Pista Escorregadia;Colisão com objeto;Com Vítimas Feridas;Pleno dia;Crescente;Garoa/Chuvisco;Dupla;"Curva;Aclive";-29,13212419;-51,5450778
09/12/2025;06:25:00;ITAPERUNA;Ultrapassagem Indevida;Colisão lateral mesmo sentido;Com Vítimas Feridas;Pleno dia;Decrescente;Nublado;Simples;"Em Obras;Reta";-21,271869;-41,748582
09/12/2025;08:25:00;CONGONHAS;Retorno proibido;Colisão transversal;Com Vítimas Feridas;Pleno dia;Crescente;Nublado;Simples;Curva;-20,50721764;-43,83843139
09/12/2025;07:15:00;CURITIBA;Chuva;Saída de leito carroçável;Com Vítimas Feridas;Amanhecer;Crescente;Garoa/Chuvisco;Dupla;Reta;-25,5660537;-49,24296347
09/12/2025;07:00:00;PRUDENTOPOLIS;Acumulo de água sobre o pavimento;Saída de leito carroçável;Com Vítimas Feridas;Pleno dia;Crescente;Chuva;Simples;Reta;-25,22176;-51,15406
09/12/2025;08:50:00;TUBARAO;Acumulo de água sobre o pavimento;Colisão com objeto;Com Vítimas Feridas;Pleno dia;Crescente;Chuva;Múltipla;Reta;-28,51028537;-49,0508008
09/12/2025;11:10:00;TEIXEIRA DE FREITAS;Pista esburacada;Queda de ocupante de veículo;Com Vítimas Feridas;Pleno dia;Decrescente;Céu Claro;Simples;Reta;-17,553492;-39,722995
09/12/2025;09:10:00;DIAMANTINO;Chuva;Saída de leito carroçável;Com Vítimas Feridas;Pleno dia;Crescente;Garoa/Chuvisco;Dupla;Reta;-14,31387239;-56,14069462
09/12/2025;11:30:00;IGARAPE;Acumulo de água sobre o pavimento;Colisão com objeto;Com Vítimas Feridas;Pleno dia;Decrescente;Garoa/Chuvisco;Dupla;Curva;-20,11084332;-44,32270927
09/12/2025;11:15:00;CAXIAS DO SUL;Velocidade Incompatível;Colisão com objeto;Com Vítimas Feridas;Pleno dia;Crescente;Chuva;Dupla;Reta;-29,1499392;-51,1449549
09/12/2025;07:15:00;SAO BENTO DO SUL;Velocidade Incompatível;Saída de leito carroçável;Com Vítimas Feridas;Amanhecer;Decrescente;Chuva;Simples;"Declive;Curva";-26,3714;-49,33055
09/12/2025;07:50:00;SANTA MARIANA;Velocidade Incompatível;Saída de leito carroçável;Com Vítimas Feridas;Pleno dia;Crescente;Chuva;Simples;Reta;-23,1447546;-50,58126776
09/12/2025;11:25:00;JARDIM;Conversão proibida;Colisão frontal;Com Vítimas Feridas;Pleno dia;Crescente;Céu Claro;Simples;"Reta;Interseção de Vias";-21,482478;-56,142727
09/12/2025;13:45:00;AGUAS MORNAS;Velocidade Incompatível;Saída de leito carroçável;Com Vítimas Feridas;Pleno dia;Crescente;Chuva;Simples;"Aclive;Curva";-27,68792978;-48,9773941
09/12/2025;10:20:00;BARRA DO RIBEIRO;Velocidade Incompatível;Saída de leito carroçável;Sem Vítimas;Pleno dia;Decrescente;Chuva;Dupla;Reta;-30,48033763;-51,49051666
09/12/2025;16:51:00;RIACHUELO;Ultrapassagem Indevida;Colisão transversal;Com Vítimas Feridas;Pleno dia;Decrescente;Céu Claro;Simples;Reta;-5,807552;-35,826645
09/12/2025;11:30:00;TRES CORACOES;Chuva;Saída de leito carroçável;Com Vítimas Feridas;Pleno dia;Decrescente;Chuva;Dupla;"Declive;Curva";-21,61917263;-45,2455616
09/12/2025;16:48:00;VACARIA;Conversão proibida;Atropelamento de Pedestre;Com Vítimas Feridas;Pleno dia;Crescente;Nublado;Simples;"Reta;Interseção de Vias";-28,50706965;-50,94134458
09/12/2025;12:10:00;CAMPANHA;Acumulo de água sobre o pavimento;Saída de leito carroçável;Com Vítimas Feridas;Pleno dia;Decrescente;Chuva;Dupla;Aclive;-21,80545227;-45,47544122
09/12/2025;17:15:00;DOM PEDRO DE ALCANTARA;Acumulo de água sobre o pavimento;Capotamento;Com Vítimas Feridas;Pleno dia;Decrescente;Chuva;Dupla;Reta;-29,38455229;-49,83409947
09/12/2025;12:00:00;CAREACU;Chuva;Colisão com objeto;Com Vítimas Feridas;Pleno dia;Crescente;Chuva;Dupla;Reta;-22,00162844;-45,67462921
09/12/2025;15:25:00;BALSAS;Retorno proibido;Colisão transversal;Com Vítimas Feridas;Pleno dia;Decrescente;Nublado;Simples;"Reta;Declive";-7,52127;-46,038442
09/12/2025;18:20:00;SAO JOSE DO RIO PRETO;Pista esburacada;Tombamento;Com Vítimas Feridas;Anoitecer;Decrescente;Chuva;Dupla;Reta;-20,731796;-49,338117
09/12/2025;19:01:00;ARACRUZ;Acesso irregular;Colisão traseira;Com Vítimas Feridas;Plena Noite;Crescente;Céu Claro;Simples;Reta;-19,619935;-40,21807
09/12/2025;15:30:00;ITAPEVA;Velocidade Incompatível;Colisão com objeto;Com Vítimas Feridas;Pleno dia;Crescente;Chuva;Dupla;Curva;-22,78666886;-46,24182844
09/12/2025;15:00:00;ITAPEVA;Velocidade Incompatível;Saída de leito carroçável;Sem Vítimas;Pleno dia;Decrescente;Chuva;Dupla;Curva;-22,787775;-46,24244884
09/12/2025;17:30:00;CAMANDUCAIA;Velocidade Incompatível;Colisão com objeto;Com Vítimas Feridas;Pleno dia;Decrescente;Chuva;Dupla;Curva;-22,74471229;-46,13598257
09/12/2025;19:20:00;PETROPOLIS;Pista Escorregadia;Colisão com objeto;Com Vítimas Feridas;Plena Noite;Crescente;Chuva;Simples;Curva;-22,47171657;-43,23781013
09/12/2025;19:30:00;ITABORAI;Chuva;Queda de ocupante de veículo;Com Vítimas Feridas;Plena Noite;Crescente;Chuva;Dupla;Reta;-22,73249036;-42,95173645
09/12/2025;20:50:00;GILBUES;Animais na Pista;Atropelamento de Animal;Sem Vítimas;Plena Noite;Decrescente;Nublado;Simples;Reta;-9,846222;-45,347178
09/12/2025;15:15:00;SAO JOSE;Chuva;Colisão com objeto;Com Vítimas Feridas;Pleno dia;Crescente;Chuva;Múltipla;"Curva;Declive";-27,58501919;-48,61779249
09/12/2025;21:35:00;SAO LOURENCO DA MATA;Velocidade Incompatível;Colisão lateral mesmo sentido;Com Vítimas Feridas;Plena Noite;Crescente;Céu Claro;Dupla;Reta;-8,05744;-35,03203
09/12/2025;17:50:00;PARATY;Velocidade Incompatível;Colisão com objeto;Com Vítimas Feridas;Pleno dia;Decrescente;Chuva;Simples;Curva;-23,15419629;-44,69908541
09/12/2025;22:50:00;NAQUE;Chuva;Tombamento;Com Vítimas Feridas;Plena Noite;Crescente;Chuva;Simples;Reta;-19,185322;-42,264784
09/12/2025;14:30:00;CORRENTINA;Afundamento ou ondulação no pavimento;Saída de leito carroçável;Com Vítimas Feridas;Pleno dia;Decrescente;Nublado;Simples;Reta;-13,6621;-45,78286
09/12/2025;16:30:00;POUSO REDONDO;Velocidade Incompatível;Colisão frontal;Com Vítimas Feridas;Pleno dia;Crescente;Nublado;Simples;"Aclive;Curva";-27,30155;-50,07969
09/12/2025;09:55:00;JAGUARUNA;Acumulo de água sobre o pavimento;Saída de leito carroçável;Com Vítimas Feridas;Pleno dia;Crescente;Chuva;Múltipla;Reta;-28,5701667;-49,0534917
09/12/2025;16:30:00;ADRIANOPOLIS;Curva acentuada;Queda de ocupante de veículo;Com Vítimas Feridas;Pleno dia;Crescente;Chuva;Simples;Curva;-24,806119;-49,041187
09/12/2025;14:45:00;MANGARATIBA;Velocidade Incompatível;Saída de leito carroçável;Com Vítimas Feridas;Pleno dia;Crescente;Garoa/Chuvisco;Simples;"Curva;Aclive";-22,96357876;-44,08607181
08/12/2025;02:32:00;SAO JOSE DO SUL;Iluminação deficiente;Colisão transversal;Com Vítimas Feridas;Amanhecer;Decrescente;Céu Claro;Simples;Reta;-29,56286156;-51,48319813
08/12/2025;06:00:00;CANDIDO SALES;Ultrapassagem Indevida;Capotamento;Com Vítimas Feridas;Amanhecer;Decrescente;Nublado;Simples;"Aclive;Reta";-15,334419;-41,158799
08/12/2025;08:50:00;CAPAO ALTO;Velocidade Incompatível;Tombamento;Com Vítimas Feridas;Pleno dia;Crescente;Céu Claro;Simples;"Curva;Declive";-28,199098;-50,72785081
08/12/2025;08:10:00;CANDOI;Velocidade Incompatível;Tombamento;Com Vítimas Feridas;Pleno dia;Crescente;Nublado;Simples;Curva;-25,426285;-52,017522
08/12/2025;12:50:00;NOVA ITABERABA;Velocidade Incompatível;Colisão frontal;Com Vítimas Feridas;Pleno dia;Crescente;Chuva;Simples;Rotatória;-26,93689353;-52,80294869
08/12/2025;14:05:00;JACAREZINHO;Chuva;Colisão frontal;Com Vítimas Feridas;Pleno dia;Crescente;Chuva;Simples;Curva;-23,20236556;-49,98502342
08/12/2025;15:00:00;BRAGANCA PAULISTA;Pista Escorregadia;Colisão traseira;Com Vítimas Feridas;Pleno dia;Decrescente;Chuva;Dupla;"Declive;Reta";-22,9706211;-46,48635283
08/12/2025;16:50:00;REGISTRO;Ausência de sinalização;Colisão lateral mesmo sentido;Com Vítimas Feridas;Pleno dia;Crescente;Nublado;Dupla;Reta;-24,42893817;-47,78464436
08/12/2025;17:10:00;FEIRA DE SANTANA;Velocidade Incompatível;Tombamento;Com Vítimas Feridas;Pleno dia;Decrescente;Sol;Dupla;"Curva;Aclive";-12,34313586;-39,083951
08/12/2025;16:15:00;PONTA GROSSA;Velocidade Incompatível;Saída de leito carroçável;Com Vítimas Feridas;Pleno dia;Crescente;Chuva;Dupla;"Reta;Declive";-25,10577814;-50,19402775
08/12/2025;17:27:00;AGRONOMICA;Velocidade Incompatível;Tombamento;Com Vítimas Feridas;Pleno dia;Decrescente;Céu Claro;Simples;Rotatória;-27,29308249;-49,73844702
08/12/2025;19:45:00;VITORIA DA CONQUISTA;Ultrapassagem Indevida;Colisão lateral mesmo sentido;Com Vítimas Feridas;Plena Noite;Crescente;Nublado;Simples;Declive;-14,82468;-40,882913
08/12/2025;22:15:00;ITUMBIARA;Velocidade Incompatível;Colisão lateral mesmo sentido;Com Vítimas Feridas;Plena Noite;Crescente;Chuva;Dupla;"Declive;Curva";-18,412089;-49,195055
08/12/2025;14:15:00;CHAPECO;Velocidade Incompatível;Tombamento;Com Vítimas Feridas;Pleno dia;Decrescente;Chuva;Múltipla;"Curva;Rotatória";-26,99775109;-52,70125437
08/12/2025;21:50:00;DOM ELISEU;Pista esburacada;Colisão com objeto;Com Vítimas Feridas;Plena Noite;Crescente;Céu Claro;Simples;"Aclive;Curva";-4,378399;-47,536946
08/12/2025;23:30:00;CARMOPOLIS DE MINAS;Velocidade Incompatível;Colisão traseira;Com Vítimas Feridas;Plena Noite;Decrescente;Céu Claro;Dupla;Reta;-20,574923;-44,682321
08/12/2025;13:40:00;VARGEM GRANDE;Acostamento em desnível;Tombamento;Sem Vítimas;Pleno dia;Crescente;Céu Claro;Simples;Reta;-3,556261;-43,882145
08/12/2025;00:03:00;SAO MATEUS DO SUL;Velocidade Incompatível;Colisão lateral sentido oposto;Com Vítimas Feridas;Plena Noite;Crescente;Nublado;Simples;"Interseção de Vias;Rotatória;Curva";-25,86916188;-50,39514452
08/12/2025;00:15:00;PALHOCA;Velocidade Incompatível;Colisão com objeto;Com Vítimas Feridas;Plena Noite;Decrescente;Nublado;Múltipla;"Aclive;Reta;Viaduto";-27,65549571;-48,67813937
08/12/2025;00:50:00;REDUTO;Velocidade Incompatível;Capotamento;Com Vítimas Feridas;Plena Noite;Crescente;Chuva;Simples;Reta;-20,24682025;-41,94929213
08/12/2025;06:10:00;NOVA IGUACU;Ultrapassagem Indevida;Colisão lateral mesmo sentido;Com Vítimas Feridas;Pleno dia;Decrescente;Céu Claro;Dupla;Reta;-22,76239596;-43,42375696
08/12/2025;06:30:00;JOAO PINHEIRO;Acumulo de água sobre o pavimento;Saída de leito carroçável;Com Vítimas Feridas;Amanhecer;Crescente;Chuva;Simples;Reta;-17,966;-46,0049
08/12/2025;05:15:00;CACHOEIRA DO SUL;Animais na Pista;Atropelamento de Animal;Com Vítimas Feridas;Amanhecer;Decrescente;Céu Claro;Simples;Reta;-30,335816;-53,289324
08/12/2025;07:21:00;PORTO VELHO;Velocidade Incompatível;Capotamento;Com Vítimas Feridas;Pleno dia;Decrescente;Céu Claro;Dupla;Reta;-8,80052756;-63,72476625
08/12/2025;04:40:00;JEQUIE;Velocidade Incompatível;Colisão frontal;Com Vítimas Fatais;Amanhecer;Crescente;Céu Claro;Simples;Curva;-13,871557;-40,049667
08/12/2025;06:50:00;CAPIXABA;Curva acentuada;Queda de ocupante de veículo;Com Vítimas Feridas;Pleno dia;Decrescente;Céu Claro;Simples;Curva;-10,361332;-67,685158
08/12/2025;12:30:00;TERESOPOLIS;Conversão proibida;Colisão lateral mesmo sentido;Com Vítimas Feridas;Pleno dia;Crescente;Céu Claro;Simples;Reta;-22,400148;-42,981874
08/12/2025;13:00:00;TAQUARITINGA DO NORTE;Conversão proibida;Colisão lateral mesmo sentido;Com Vítimas Feridas;Pleno dia;Decrescente;Céu Claro;Dupla;Reta;-7,94928;-36,12802
08/12/2025;14:10:00;PERDOES;Velocidade Incompatível;Saída de leito carroçável;Com Vítimas Feridas;Pleno dia;Crescente;Chuva;Dupla;"Curva;Declive";-21,065731;-45,052555
08/12/2025;13:30:00;FRUTAL;Chuva;Saída de leito carroçável;Com Vítimas Feridas;Pleno dia;Decrescente;Chuva;Simples;Reta;-20,12186927;-49,10373688
08/12/2025;13:15:00;MORENO;Condutor usando celular;Colisão traseira;Com Vítimas Feridas;Pleno dia;Crescente;Céu Claro;Dupla;Curva;-8,114124;-35,1276141
08/12/2025;11:45:00;ITAGUARA;Chuva;Saída de leito carroçável;Com Vítimas Feridas;Pleno dia;Crescente;Chuva;Dupla;"Declive;Reta";-20,30736642;-44,4482681
08/12/2025;10:00:00;EUNAPOLIS;Velocidade Incompatível;Colisão traseira;Com Vítimas Feridas;Pleno dia;Crescente;Céu Claro;Simples;"Declive;Reta";-16,225437;-39,59711
08/12/2025;15:15:00;ABADIA DE GOIAS;Acumulo de água sobre o pavimento;Saída de leito carroçável;Com Vítimas Feridas;Pleno dia;Crescente;Chuva;Dupla;Reta;-16,7452451;-49,4194267
08/12/2025;14:30:00;MATUPA;Conversão proibida;Colisão lateral mesmo sentido;Com Vítimas Feridas;Pleno dia;Crescente;Nublado;Simples;Reta;-10,1729;-54,9399
08/12/2025;16:22:00;SAO PAULO;Velocidade Incompatível;Saída de leito carroçável;Com Vítimas Feridas;Pleno dia;Crescente;Chuva;Múltipla;"Curva;Declive";-23,38631924;-46,56870722
08/12/2025;07:30:00;MACAMBARA;Velocidade Incompatível;Colisão lateral sentido oposto;Sem Vítimas;Pleno dia;Não Informado;Céu Claro;Simples;Reta;-29,092193;-55,616902
08/12/2025;16:00:00;PONTE ALTA;Ultrapassagem Indevida;Colisão com objeto;Com Vítimas Feridas;Pleno dia;Crescente;Céu Claro;Simples;"Reta;Aclive";-27,49586201;-50,37046909
08/12/2025;16:20:00;ARAQUARI;Conversão proibida;Colisão traseira;Com Vítimas Feridas;Pleno dia;Crescente;Céu Claro;Dupla;Reta;-26,44925874;-48,8445681
08/12/2025;15:15:00;BETIM;Pista Escorregadia;Tombamento;Com Vítimas Feridas;Pleno dia;Crescente;Nublado;Simples;"Declive;Curva";-19,98385;-44,2030456
08/12/2025;16:17:00;SALGUEIRO;Acesso irregular;Colisão transversal;Com Vítimas Feridas;Pleno dia;Decrescente;Céu Claro;Simples;"Interseção de Vias;Reta";-8,07116091;-39,13369004
08/12/2025;17:00:00;SINOP;Conversão proibida;Colisão lateral mesmo sentido;Com Vítimas Feridas;Anoitecer;Crescente;Nublado;Dupla;Reta;-11,8380793;-55,4892159
08/12/2025;16:30:00;ARIQUEMES;Ultrapassagem Indevida;Colisão frontal;Com Vítimas Fatais;Pleno dia;Decrescente;Céu Claro;Simples;Reta;-9,832285;-63,068007
08/12/2025;18:00:00;COLINAS DO TOCANTINS;Acumulo de água sobre o pavimento;Colisão frontal;Com Vítimas Feridas;Anoitecer;Crescente;Chuva;Simples;Reta;-8,181433;-48,462163
08/12/2025;18:20:00;CAPITAO LEONIDAS MARQUES;Chuva;Saída de leito carroçável;Com Vítimas Feridas;Anoitecer;Crescente;Chuva;Dupla;Curva;-25,53249292;-53,59807773
08/12/2025;16:00:00;MAGE;Retorno proibido;Colisão transversal;Sem Vítimas;Pleno dia;Crescente;Céu Claro;Simples;Reta;-22,6575;-43,074001
08/12/2025;14:20:00;PONTE SERRADA;Acumulo de água sobre o pavimento;Capotamento;Com Vítimas Feridas;Pleno dia;Crescente;Chuva;Simples;Reta;-26,88739712;-51,99863434
08/12/2025;20:35:00;ITABIRITO;Retorno proibido;Colisão transversal;Com Vítimas Feridas;Plena Noite;Decrescente;Nublado;Simples;Curva;-20,30241129;-43,93892884
08/12/2025;19:20:00;ANTONINA;Velocidade Incompatível;Saída de leito carroçável;Com Vítimas Feridas;Anoitecer;Crescente;Chuva;Dupla;Curva;-25,104845;-48,738968
08/12/2025;18:30:00;ITAPEBI;Animais na Pista;Colisão lateral mesmo sentido;Com Vítimas Feridas;Plena Noite;Decrescente;Céu Claro;Simples;"Aclive;Curva";-16,022037;-39,608572
08/12/2025;06:00:00;TOLEDO;Velocidade Incompatível;Saída de leito carroçável;Sem Vítimas;Amanhecer;Crescente;Céu Claro;Dupla;Curva;-24,61560311;-53,93295463
08/12/2025;02:31:00;PALMAS;Deficiência do Sistema de Iluminação/Sinalização;Colisão traseira;Com Vítimas Feridas;Plena Noite;Crescente;Nublado;Dupla;Reta;-10,3178816;-48,29713154
08/12/2025;00:30:00;AGRONOMICA;Ultrapassagem Indevida;Colisão frontal;Com Vítimas Feridas;Plena Noite;Crescente;Céu Claro;Simples;Curva;-27,27665432;-49,74047033
08/12/2025;19:15:00;UBERLANDIA;Animais na Pista;Tombamento;Com Vítimas Feridas;Plena Noite;Crescente;Chuva;Dupla;"Reta;Aclive";-18,90907159;-48,30993466
08/12/2025;20:00:00;GOVERNADOR VALADARES;Animais na Pista;Atropelamento de Animal;Com Vítimas Feridas;Plena Noite;Crescente;Céu Claro;Simples;Curva;-18,85820913;-41,96159363
08/12/2025;14:15:00;VITORIA DO MEARIM;Ultrapassagem Indevida;Colisão frontal;Com Vítimas Feridas;Pleno dia;Decrescente;Céu Claro;Simples;Aclive;-3,54314;-44,898279