data_inversa;horario;municipio;causa_acidente;tipo_acidente;classificacao_acidente;fase_dia;sentido_via;condicao_metereologica;tipo_pista;tracado_via;latitude;longitude
04/12/2025;13:15:00;GUAPIMIRIM;Pista Escorregadia;Tombamento;Com Vítimas Feridas;Pleno dia;Crescente;Chuva;Simples;Curva;-22,493928;-43,00352
04/12/2025;16:40:00;VITORIA DA CONQUISTA;Acesso irregular;Colisão frontal;Com Vítimas Feridas;Pleno dia;Decrescente;Céu Claro;Simples;Reta;-14,95099;-40,899615
04/12/2025;14:20:00;NOVA MUTUM;Acumulo de água sobre o pavimento;Saída de leito carroçável;Com Vítimas Feridas;Pleno dia;Decrescente;Chuva;Dupla;Reta;-13,88112514;-56,08872056
04/12/2025;17:30:00;JOINVILLE;Velocidade Incompatível;Saída de leito carroçável;Com Vítimas Feridas;Pleno dia;Decrescente;Céu Claro;Múltipla;Curva;-26,31020491;-48,87738911
04/12/2025;20:00:00;PATROCINIO;Ultrapassagem Indevida;Colisão frontal;Com Vítimas Fatais;Plena Noite;Decrescente;Nublado;Simples;Reta;-18,888241;-46,931978
04/12/2025;23:20:00;PARAIBA DO SUL;Animais na Pista;Atropelamento de Animal;Com Vítimas Feridas;Plena Noite;Crescente;Céu Claro;Simples;Reta;-22,134784;-43,2832512
04/12/2025;23:50:00;POUSO ALEGRE;Animais na Pista;Atropelamento de Animal;Com Vítimas Feridas;Plena Noite;Crescente;Céu Claro;Dupla;Curva;-22,25007761;-45,88705972
03/12/2025;02:15:00;VEREDA;Velocidade Incompatível;Capotamento;Com Vítimas Feridas;Plena Noite;Decrescente;Céu Claro;Simples;"Curva;Declive";-17,184093;-39,581388
03/12/2025;09:30:00;RECIFE;Acumulo de água sobre o pavimento;Colisão traseira;Com Vítimas Feridas;Pleno dia;Crescente;Céu Claro;Dupla;Aclive;-7,996346;-34,939365
03/12/2025;08:30:00;TUCANO;Ultrapassagem Indevida;Engavetamento;Com Vítimas Feridas;Pleno dia;Decrescente;Céu Claro;Simples;Reta;-10,786958;-38,889114
03/12/2025;12:00:00;PETROPOLIS;Conversão proibida;Colisão transversal;Com Vítimas Feridas;Pleno dia;Decrescente;Céu Claro;Dupla;Reta;-22,3634467;-43,12726483
03/12/2025;12:00:00;BARRA DO GARCAS;Ultrapassagem Indevida;Colisão lateral sentido oposto;Com Vítimas Feridas;Pleno dia;Decrescente;Chuva;Simples;Reta;-15,61948567;-52,20741302
03/12/2025;14:55:00;PALMEIRA DOS INDIOS;Retorno proibido;Colisão transversal;Com Vítimas Feridas;Pleno dia;Decrescente;Céu Claro;Simples;Viaduto;-9,42887895;-36,63789153
03/12/2025;15:00:00;JEQUIE;Ultrapassagem Indevida;Tombamento;Com Vítimas Feridas;Pleno dia;Decrescente;Céu Claro;Simples;Curva;-14,085406;-40,214437
03/12/2025;14:20:00;MEDINA;Velocidade Incompatível;Saída de leito carroçável;Com Vítimas Feridas;Pleno dia;Crescente;Chuva;Simples;"Curva;Declive";-16,34965;-41,47565
03/12/2025;18:00:00;JOACABA;Velocidade Incompatível;Tombamento;Com Vítimas Feridas;Anoitecer;Decrescente;Sol;Simples;"Declive;Curva";-27,20471703;-51,5136373
03/12/2025;20:00:00;NOVA IGUACU;Iluminação deficiente;Colisão lateral mesmo sentido;Com Vítimas Feridas;Plena Noite;Crescente;Céu Claro;Múltipla;Reta;-22,74266224;-43,51845844
03/12/2025;20:00:00;ITAPERUNA;Chuva;Colisão com objeto;Com Vítimas Feridas;Plena Noite;Crescente;Chuva;Simples;"Declive;Curva";-21,22309594;-41,81199996
03/12/2025;00:10:00;SAO JOSE DO RIO PRETO;Animais na Pista;Atropelamento de Animal;Sem Vítimas;Plena Noite;Decrescente;Nublado;Dupla;"Reta;Interseção de Vias";-20,81000168;-49,35640023
03/12/2025;05:40:00;MURIBECA;Velocidade Incompatível;Capotamento;Com Vítimas Feridas;Pleno dia;Crescente;Céu Claro;Dupla;Reta;-10,40215646;-36,91851966
03/12/2025;07:40:00;MOSSORO;Retorno proibido;Colisão transversal;Com Vítimas Feridas;Pleno dia;Crescente;Céu Claro;Dupla;Reta;-5,224683;-37,350778
03/12/2025;08:20:00;MURIAE;Conversão proibida;Colisão transversal;Com Vítimas Feridas;Pleno dia;Crescente;Céu Claro;Simples;Reta;-21,12483165;-42,38054613
03/12/2025;10:00:00;RIBEIRAO;Afundamento ou ondulação no pavimento;Queda de ocupante de veículo;Com Vítimas Feridas;Pleno dia;Decrescente;Céu Claro;Dupla;Curva;-8,490865;-35,373888
03/12/2025;09:00:00;PAUDALHO;Chuva;Saída de leito carroçável;Sem Vítimas;Pleno dia;Decrescente;Nublado;Dupla;Reta;-7,96122;-35,094
03/12/2025;07:02:00;CANARANA;Ultrapassagem Indevida;Saída de leito carroçável;Com Vítimas Feridas;Pleno dia;Decrescente;Nublado;Simples;Reta;-13,72;-52,032
03/12/2025;08:30:00;CATANDUVAS;Condutor usando celular;Saída de leito carroçável;Com Vítimas Feridas;Pleno dia;Decrescente;Céu Claro;Simples;Reta;-27,09553324;-51,65587043
03/12/2025;11:50:00;BACABAL;Ultrapassagem Indevida;Colisão transversal;Sem Vítimas;Pleno dia;Crescente;Céu Claro;Simples;Reta;-4,22276467;-44,78919983
03/12/2025;13:30:00;NOVA IGUACU;Acumulo de areia ou detritos sobre o pavimento;Queda de ocupante de veículo;Com Vítimas Feridas;Pleno dia;Crescente;Céu Claro;Dupla;Reta;-22,73874071;-43,49469066
03/12/2025;12:20:00;BATAGUASSU;Acumulo de areia ou detritos sobre o pavimento;Tombamento;Com Vítimas Feridas;Pleno dia;Decrescente;Céu Claro;Simples;Retorno Regulamentado;-21,71985593;-52,42282033
03/12/2025;13:30:00;JUIZ DE FORA;Demais Fenômenos da natureza;Colisão com objeto;Com Vítimas Feridas;Pleno dia;Decrescente;Nublado;Dupla;"Declive;Curva";-21,75224547;-43,44526291
03/12/2025;16:10:00;CAMPINA GRANDE DO SUL;Velocidade Incompatível;Saída de leito carroçável;Com Vítimas Feridas;Pleno dia;Crescente;Garoa/Chuvisco;Dupla;Curva;-25,192652;-48,8877705
03/12/2025;16:30:00;CANOAS;Velocidade Incompatível;Colisão com objeto;Com Vítimas Feridas;Pleno dia;Decrescente;Céu Claro;Dupla;Reta;-29,93793521;-51,17722137
03/12/2025;12:30:00;BOM JESUS DE GOIAS;Ultrapassagem Indevida;Saída de leito carroçável;Com Vítimas Feridas;Pleno dia;Crescente;Céu Claro;Simples;Reta;-18,14061;-49,970092
03/12/2025;17:10:00;MURIAE;Pista Escorregadia;Saída de leito carroçável;Com Vítimas Feridas;Anoitecer;Crescente;Ignorado;Simples;"Curva;Declive";-21,20032946;-42,38414347
03/12/2025;17:00:00;TRES RIOS;Velocidade Incompatível;Colisão com objeto;Com Vítimas Feridas;Anoitecer;Crescente;Nublado;Dupla;Curva;-22,15422896;-43,15794051
03/12/2025;11:45:00;MAGE;Conversão proibida;Colisão transversal;Com Vítimas Feridas;Pleno dia;Crescente;Sol;Simples;Reta;-22,6594109;-43,0910268
03/12/2025;18:30:00;PARANAGUA;Ultrapassagem Indevida;Colisão transversal;Sem Vítimas;Plena Noite;Crescente;Nublado;Simples;"Reta;Interseção de Vias";-25,5136483;-48,5356372
03/12/2025;19:04:00;PALMEIRA DOS INDIOS;Animais na Pista;Colisão lateral mesmo sentido;Com Vítimas Feridas;Plena Noite;Crescente;Céu Claro;Simples;"Aclive;Reta";-9,43298547;-36,61366582
03/12/2025;18:00:00;NOVA IGUACU;Acesso irregular;Colisão transversal;Com Vítimas Feridas;Plena Noite;Crescente;Céu Claro;Simples;Reta;-22,851902;-43,60217784
03/12/2025;19:00:00;FIGUEIROPOLIS;Animais na Pista;Atropelamento de Animal;Sem Vítimas;Plena Noite;Crescente;Nublado;Simples;Reta;-12,20279118;-49,15643692
03/12/2025;19:00:00;CARIACICA;Pista Escorregadia;Tombamento;Com Vítimas Feridas;Plena Noite;Crescente;Chuva;Dupla;Reta;-20,32960171;-40,39912271
03/12/2025;19:10:00;ITABUNA;Ultrapassagem Indevida;Colisão lateral sentido oposto;Com Vítimas Feridas;Plena Noite;Crescente;Céu Claro;Simples;Reta;-14,76824299;-39,29706573
03/12/2025;19:57:00;SANTA MARIA;Demais falhas na via;Queda de ocupante de veículo;Com Vítimas Fatais;Plena Noite;Decrescente;Céu Claro;Simples;Reta;-29,683104;-53,930598
03/12/2025;21:30:00;GOVERNADOR CELSO RAMOS;Animais na Pista;Atropelamento de Animal;Com Vítimas Feridas;Plena Noite;Decrescente;Céu Claro;Dupla;Viaduto;-27,402122;-48,629201
03/12/2025;23:50:00;DUQUE DE CAXIAS;Animais na Pista;Atropelamento de Animal;Com Vítimas Feridas;Plena Noite;Decrescente;Céu Claro;Dupla;Reta;-22,75825903;-43,28689132
03/12/2025;06:00:00;RIO NEGRINHO;Conversão proibida;Colisão lateral mesmo sentido;Com Vítimas Feridas;Pleno dia;Crescente;Sol;Simples;Reta;-26,24261234;-49,51209474
03/12/2025;21:05:00;JARAGUA;Velocidade Incompatível;Colisão traseira;Com Vítimas Feridas;Plena Noite;Decrescente;Nublado;Simples;Reta;-15,6615601;-49,35532557
02/12/2025;04:40:00;MARINGA;Velocidade Incompatível;Tombamento;Com Vítimas Feridas;Amanhecer;Decrescente;Céu Claro;Dupla;Curva;-23,431619;-51,887203
02/12/2025;06:40:00;IBIRAMA;Velocidade Incompatível;Colisão frontal;Com Vítimas Feridas;Pleno dia;Crescente;Nublado;Simples;Reta;-27,09122;-49,52059
02/12/2025;09:50:00;WENCESLAU GUIMARAES;Velocidade Incompatível;Colisão traseira;Com Vítimas Feridas;Pleno dia;Crescente;Céu Claro;Simples;Reta;-13,640678;-39,487565
02/12/2025;12:00:00;RIBEIRA DO POMBAL;Ultrapassagem Indevida;Colisão lateral mesmo sentido;Com Vítimas Feridas;Pleno dia;Decrescente;Céu Claro;Simples;Reta;-10,83492;-38,56238
02/12/2025;11:00:00;CAMPINA GRANDE DO SUL;Acumulo de água sobre o pavimento;Saída de leito carroçável;Com Vítimas Feridas;Pleno dia;Crescente;Chuva;Dupla;Curva;-25,199364;-48,895149
02/12/2025;22:20:00;OURO PRETO;Conversão proibida;Colisão transversal;Com Vítimas Feridas;Plena Noite;Crescente;Chuva;Simples;Reta;-20,420962;-43,880978
02/12/2025;21:50:00;GUAPO;Velocidade Incompatível;Colisão traseira;Com Vítimas Feridas;Plena Noite;Decrescente;Céu Claro;Dupla;"Reta;Aclive";-16,939683;-49,671108
02/12/2025;16:30:00;ALAGOINHAS;Curva acentuada;Tombamento;Com Vítimas Feridas;Pleno dia;Crescente;Sol;Simples;"Curva;Declive";-12,1009812;-38,372359
02/12/2025;04:30:00;PARACAMBI;Acumulo de água sobre o pavimento;Colisão com objeto;Com Vítimas Feridas;Amanhecer;Crescente;Chuva;Simples;"Em Obras;Aclive;Curva";-22,652;-43,828
02/12/2025;07:00:00;NATAL;Velocidade Incompatível;Colisão lateral mesmo sentido;Com Vítimas Feridas;Pleno dia;Decrescente;Céu Claro;Dupla;Desvio Temporário;-5,746633;-35,289495
02/12/2025;07:20:00;RIO MANSO;Velocidade Incompatível;Saída de leito carroçável;Com Vítimas Feridas;Pleno dia;Crescente;Nublado;Dupla;"Curva;Declive";-20,162019;-44,34137821
02/12/2025;08:30:00;TERESINA;Chuva;Colisão com objeto;Com Vítimas Feridas;Pleno dia;Crescente;Chuva;Dupla;Reta;-5,2525892;-42,73003578
02/12/2025;08:20:00;SAO PAULO;Curva acentuada;Queda de ocupante de veículo;Com Vítimas Feridas;Pleno dia;Decrescente;Céu Claro;Dupla;Curva;-23,35990717;-46,55010223
02/12/2025;12:00:00;CARIACICA;Demais falhas na via;Colisão transversal;Com Vítimas Feridas;Pleno dia;Crescente;Céu Claro;Dupla;"Reta;Retorno Regulamentado";-20,29580478;-40,39365856
02/12/2025;12:10:00;SAO PEDRO;Ultrapassagem Indevida;Colisão frontal;Com Vítimas Feridas;Pleno dia;Decrescente;Céu Claro;Simples;Aclive;-5,86925464;-35,59039084
02/12/2025;11:30:00;IRATI;Condutor usando celular;Colisão com objeto;Sem Vítimas;Pleno dia;Crescente;Nublado;Dupla;Reta;-25,461;-50,623
02/12/2025;13:00:00;PINDAMONHANGABA;Acumulo de areia ou detritos sobre o pavimento;Tombamento;Com Vítimas Feridas;Pleno dia;Decrescente;Chuva;Dupla;"Aclive;Interseção de Vias;Curva";-22,98139705;-45,46195967
02/12/2025;13:30:00;CASCAVEL;Velocidade Incompatível;Saída de leito carroçável;Com Vítimas Feridas;Pleno dia;Decrescente;Sol;Dupla;"Aclive;Curva";-24,870971;-53,565916
02/12/2025;13:15:00;ITABORAI;Acumulo de areia ou detritos sobre o pavimento;Queda de ocupante de veículo;Com Vítimas Feridas;Pleno dia;Crescente;Céu Claro;Dupla;Curva;-22,77066152;-42,92207122
02/12/2025;18:12:00;PARNAIBA;Deficiência do Sistema de Iluminação/Sinalização;Colisão transversal;Com Vítimas Feridas;Plena Noite;Crescente;Céu Claro;Simples;Interseção de Vias;-2,949425;-41,757108
02/12/2025;19:00:00;SENADOR JOSE BENTO;Velocidade Incompatível;Saída de leito carroçável;Com Vítimas Feridas;Plena Noite;Crescente;Chuva;Simples;"Declive;Curva";-22,13246694;-46,15537763
02/12/2025;19:30:00;BELA VISTA DE MINAS;Animais na Pista;Atropelamento de Animal;Sem Vítimas;Plena Noite;Crescente;Céu Claro;Simples;Reta;-19,87716311;-43,07258606
02/12/2025;18:30:00;MANAUS;Ultrapassagem Indevida;Colisão traseira;Com Vítimas Feridas;Plena Noite;Crescente;Chuva;Simples;Reta;-2,96141756;-60,03014356
02/12/2025;17:30:00;PETROPOLIS;Pista Escorregadia;Saída de leito carroçável;Com Vítimas Feridas;Anoitecer;Decrescente;Chuva;Dupla;Declive;-22,464317;-43,222312
02/12/2025;20:30:00;MOSSORO;Modificação proibida;Colisão traseira;Com Vítimas Feridas;Plena Noite;Crescente;Céu Claro;Simples;Reta;-5,02896;-37,35486
02/12/2025;16:50:00;DUQUE DE CAXIAS;Pista Escorregadia;Colisão com objeto;Com Vítimas Feridas;Pleno dia;Crescente;Chuva;Dupla;Curva;-22,555935;-43,260482
02/12/2025;20:00:00;NOVA SERRANA;Chuva;Queda de ocupante de veículo;Com Vítimas Feridas;Plena Noite;Crescente;Chuva;Dupla;Reta;-19,86971;-44,98477
02/12/2025;23:10:00;CAMPOS DOS GOYTACAZES;Chuva;Capotamento;Com Vítimas Feridas;Plena Noite;Decrescente;Chuva;Dupla;Reta;-22,00933551;-41,66781563
02/12/2025;22:30:00;SABARA;Acumulo de água sobre o pavimento;Colisão transversal;Com Vítimas Feridas;Plena Noite;Crescente;Chuva;Simples;"Curva;Declive";-19,787367;-43,6918174
02/12/2025;20:40:00;GUARACIABA;Velocidade Incompatível;Tombamento;Sem Vítimas;Plena Noite;Crescente;Céu Claro;Simples;"Interseção de Vias;Rotatória";-26,56580059;-53,509607
01/12/2025;06:00:00;ARACRUZ;Velocidade Incompatível;Saída de leito carroçável;Com Vítimas Feridas;Pleno dia;Decrescente;Céu Claro;Simples;"Reta;Declive";-19,676311;-40,264986
01/12/2025;07:30:00;ATILIO VIVACQUA;Ultrapassagem Indevida;Colisão com objeto;Com Vítimas Feridas;Pleno dia;Crescente;Céu Claro;Simples;Reta;-21,0306909;-41,1798055
01/12/2025;04:30:00;JATI;Deficiência do Sistema de Iluminação/Sinalização;Colisão traseira;Com Vítimas Feridas;Plena Noite;Crescente;Céu Claro;Simples;Reta;-7,67301309;-39,01366353
01/12/2025;10:00:00;BARRA DO GARCAS;Ultrapassagem Indevida;Colisão lateral mesmo sentido;Com Vítimas Feridas;Pleno dia;Crescente;Sol;Simples;Reta;-15,8418021;-52,44632721
01/12/2025;09:00:00;XAXIM;Velocidade Incompatível;Colisão traseira;Com Vítimas Feridas;Pleno dia;Decrescente;Sol;Simples;Reta;-26,94245249;-52,50528987
01/12/2025;09:30:00;BOM RETIRO;Velocidade Incompatível;Saída de leito carroçável;Com Vítimas Feridas;Pleno dia;Decrescente;Nublado;Simples;"Declive;Curva";-27,82740632;-49,57988262
01/12/2025;12:40:00;CANDOI;Curva acentuada;Tombamento;Com Vítimas Feridas;Pleno dia;Crescente;Céu Claro;Simples;"Curva;Declive";-25,42487036;-52,01302707
01/12/2025;12:00:00;CANDEIAS;Ausência de sinalização;Colisão traseira;Com Vítimas Feridas;Pleno dia;Crescente;Céu Claro;Dupla;Reta;-12,707506;-38,460841
01/12/2025;17:50:00;NOVA IGUACU;Ultrapassagem Indevida;Colisão transversal;Com Vítimas Feridas;Anoitecer;Crescente;Céu Claro;Simples;Reta;-22,74875801;-43,44267726
01/12/2025;19:40:00;CATALAO;Acesso irregular;Tombamento;Com Vítimas Feridas;Plena Noite;Crescente;Céu Claro;Dupla;"Em Obras;Reta";-18,1670872;-47,91506767
01/12/2025;19:00:00;TANGUA;Velocidade Incompatível;Colisão transversal;Com Vítimas Feridas;Plena Noite;Crescente;Céu Claro;Dupla;Reta;-22,73648;-42,729474
01/12/2025;20:00:00;JOAO PINHEIRO;Velocidade Incompatível;Saída de leito carroçável;Com Vítimas Feridas;Plena Noite;Crescente;Nublado;Simples;Reta;-17,99669291;-45,91598511
01/12/2025;17:00:00;ARAGUARI;Velocidade Incompatível;Colisão traseira;Com Vítimas Feridas;Pleno dia;Crescente;Sol;Dupla;Reta;-18,48840057;-48,04664612
01/12/2025;20:35:00;GUARAPUAVA;Velocidade Incompatível;Colisão lateral sentido oposto;Com Vítimas Fatais;Plena Noite;Crescente;Chuva;Simples;"Reta;Aclive";-25,31117075;-51,20613813
01/12/2025;00:00:00;SAO LEOPOLDO;Velocidade Incompatível;Capotamento;Com Vítimas Feridas;Plena Noite;Decrescente;Céu Claro;Múltipla;Curva;-29,77010857;-51,15339108
01/12/2025;01:50:00;PIRAI;Animais na Pista;Atropelamento de Animal;Com Vítimas Feridas;Plena Noite;Crescente;Céu Claro;Dupla;Curva;-22,61862665;-43,92762751
01/12/2025;02:20:00;BARRA DO TURVO;Velocidade Incompatível;Colisão com objeto;Com Vítimas Feridas;Plena Noite;Decrescente;Garoa/Chuvisco;Simples;Curva;-25,00782426;-48,50740349
01/12/2025;07:10:00;QUELUZ;Ausência de sinalização;Colisão lateral sentido oposto;Com Vítimas Feridas;Pleno dia;Decrescente;Céu Claro;Simples;Declive;-22,53636;-44,770353
01/12/2025;06:40:00;VIANA;Animais na Pista;Tombamento;Com Vítimas Feridas;Pleno dia;Crescente;Céu Claro;Múltipla;Reta;-20,34947557;-40,41257501
01/12/2025;06:27:00;SAO CAITANO;Demais falhas na via;Colisão lateral mesmo sentido;Com Vítimas Feridas;Pleno dia;Crescente;Céu Claro;Dupla;Reta;-8,35204;-36,171048
01/12/2025;05:00:00;CEU AZUL;Ultrapassagem Indevida;Colisão frontal;Com Vítimas Fatais;Plena Noite;Crescente;Nublado;Simples;"Curva;Aclive";-25,173419;-53,898632
01/12/2025;07:35:00;SAO LUIS;Pista Escorregadia;Queda de ocupante de veículo;Com Vítimas Feridas;Pleno dia;Decrescente;Céu Claro;Dupla;Retorno Regulamentado;-2,56828;-44,35836
01/12/2025;04:30:00;SAO SIMAO;Iluminação deficiente;Atropelamento de Pedestre;Com Vítimas Feridas;Plena Noite;Decrescente;Ignorado;Simples;Reta;-18,938561;-50,640348
01/12/2025;11:15:00;JABOATAO DOS GUARARAPES;Velocidade Incompatível;Tombamento;Com Vítimas Feridas;Pleno dia;Decrescente;Céu Claro;Dupla;Curva;-8,07908;-34,99081
01/12/2025;14:10:00;JOAO MONLEVADE;Acesso irregular;Colisão transversal;Com Vítimas Feridas;Pleno dia;Decrescente;Nublado;Simples;Reta;-19,84228944;-43,17386627
01/12/2025;14:00:00;IPIRANGA;Chuva;Saída de leito carroçável;Com Vítimas Feridas;Pleno dia;Crescente;Chuva;Dupla;Curva;-24,849423;-50,472668
01/12/2025;15:00:00;PONTA GROSSA;Chuva;Saída de leito carroçável;Com Vítimas Feridas;Pleno dia;Decrescente;Chuva;Dupla;Curva;-25,01457735;-50,34274042
01/12/2025;14:50:00;INGA;Condutor usando celular;Saída de leito carroçável;Com Vítimas Feridas;Pleno dia;Crescente;Céu Claro;Dupla;Reta;-7,203513;-35,545358
01/12/2025;19:00:00;RECIFE;Acesso irregular;Colisão lateral mesmo sentido;Com Vítimas Feridas;Plena Noite;Crescente;Céu Claro;Múltipla;Interseção de Vias;-8,07701;-34,975482
01/12/2025;18:40:00;SANTA TEREZINHA DE ITAIPU;Condutor usando celular;Saída de leito carroçável;Com Vítimas Feridas;Anoitecer;Decrescente;Céu Claro;Dupla;Reta;-25,47604462;-54,47585519
01/12/2025;18:50:00;TIANGUA;Animais na Pista;Atropelamento de Animal;Com Vítimas Feridas;Plena Noite;Crescente;Céu Claro;Múltipla;Reta;-3,721587;-40,995825
01/12/2025;18:15:00;ARAQUARI;Conversão proibida;Colisão transversal;Com Vítimas Feridas;Anoitecer;Crescente;Nublado;Simples;Reta;-26,401393;-48,743241
01/12/2025;21:10:00;JABOATAO DOS GUARARAPES;Pista Escorregadia;Tombamento;Com Vítimas Feridas;Plena Noite;Crescente;Céu Claro;Múltipla;Viaduto;-8,07227;-34,99202
01/12/2025;19:20:00;TRES MARIAS;Ultrapassagem Indevida;Colisão frontal;Com Vítimas Feridas;Plena Noite;Crescente;Céu Claro;Simples;Aclive;-18,229901;-45,218673
01/12/2025;20:20:00;BARAO DE GRAJAU;Animais na Pista;Atropelamento de Animal;Com Vítimas Feridas;Plena Noite;Crescente;Céu Claro;Simples;Reta;-6,754225;-43,02625
01/12/2025;22:05:00;XANXERE;Velocidade Incompatível;Saída de leito carroçável;Com Vítimas Feridas;Pleno dia;Crescente;Céu Claro;Dupla;"Curva;Declive";-26,88506659;-52,39377234
01/12/2025;23:25:00;PETROPOLIS;Ultrapassagem Indevida;Colisão lateral mesmo sentido;Com Vítimas Feridas;Plena Noite;Crescente;Céu Claro;Simples;Reta;-22,38930527;-43,12494278
01/12/2025;06:50:00;CAARAPO;Afundamento ou ondulação no pavimento;Tombamento;Com Vítimas Feridas;Pleno dia;Decrescente;Céu Claro;Simples;"Declive;Curva";-22,509731;-54,863501
30/11/2025;05:20:00;GRAO MOGOL;Velocidade Incompatível;Colisão lateral sentido oposto;Com Vítimas Feridas;Amanhecer;Crescente;Nublado;Simples;"Aclive;Reta";-16,419468;-43,26137
30/11/2025;10:04:00;BOCAIUVA DO SUL;Curva acentuada;Colisão lateral sentido oposto;Com Vítimas Feridas;Pleno dia;Crescente;Céu Claro;Simples;Curva;-25,132814;-49,104713
30/11/2025;14:10:00;MANHUACU;Velocidade Incompatível;Tombamento;Com Vítimas Feridas;Pleno dia;Decrescente;Sol;Simples;Curva;-20,010135;-42,152063
30/11/2025;00:10:00;SAO JOSE;Velocidade Incompatível;Colisão traseira;Com Vítimas Feridas;Plena Noite;Crescente;Nublado;Múltipla;Reta;-27,55689869;-48,61876935
30/11/2025;00:50:00;IBIPORA;Velocidade Incompatível;Tombamento;Com Vítimas Feridas;Plena Noite;Crescente;Céu Claro;Simples;Reta;-23,26319455;-51,03301613
30/11/2025;01:10:00;SOLEDADE;Velocidade Incompatível;Saída de leito carroçável;Com Vítimas Feridas;Plena Noite;Decrescente;Céu Claro;Simples;Reta;-28,755861;-52,534734
30/11/2025;03:40:00;CATALAO;Acesso irregular;Saída de leito carroçável;Com Vítimas Feridas;Plena Noite;Decrescente;Céu Claro;Dupla;Em Obras;-18,18458945;-47,94347763
30/11/2025;01:20:00;SAO JOAO DO MANHUACU;Animais na Pista;Atropelamento de Animal;Com Vítimas Feridas;Plena Noite;Crescente;Nublado;Simples;Curva;-20,31981407;-42,1474514
30/11/2025;07:30:00;POMBOS;Velocidade Incompatível;Colisão traseira;Com Vítimas Feridas;Pleno dia;Crescente;Céu Claro;Dupla;"Retorno Regulamentado;Reta";-8,141505;-35,382398
30/11/2025;07:30:00;ITAPEBI;Acostamento em desnível;Saída de leito carroçável;Com Vítimas Feridas;Pleno dia;Crescente;Céu Claro;Simples;Curva;-15,8792874;-39,5315868
30/11/2025;02:30:00;GOVERNADOR VALADARES;Velocidade Incompatível;Colisão com objeto;Com Vítimas Fatais;Plena Noite;Crescente;Chuva;Dupla;Reta;-18,8707839;-41,9581873
30/11/2025;13:20:00;BETIM;Velocidade Incompatível;Tombamento;Com Vítimas Feridas;Pleno dia;Crescente;Céu Claro;Dupla;Reta;-20,037675;-44,249428
30/11/2025;10:20:00;SAO LUIS;Acesso irregular;Colisão transversal;Com Vítimas Feridas;Pleno dia;Decrescente;Céu Claro;Dupla;Reta;-2,66822;-44,28867
30/11/2025;14:20:00;MARABA;Ultrapassagem Indevida;Colisão frontal;Com Vítimas Feridas;Pleno dia;Decrescente;Céu Claro;Dupla;Ponte;-5,35704928;-49,12244282
30/11/2025;13:40:00;CAMPO GRANDE;Afundamento ou ondulação no pavimento;Tombamento;Com Vítimas Feridas;Pleno dia;Decrescente;Céu Claro;Simples;Reta;-20,544117;-54,689281
30/11/2025;17:50:00;MACEIO;Conversão proibida;Colisão frontal;Com Vítimas Feridas;Anoitecer;Crescente;Céu Claro;Simples;Reta;-9,5675562;-35,8088124
30/11/2025;18:00:00;RIO PARDO;Animais na Pista;Atropelamento de Animal;Com Vítimas Feridas;Pleno dia;Decrescente;Nublado;Simples;Reta;-30,061758;-52,366915
30/11/2025;18:45:00;POUSO ALTO;Pista esburacada;Capotamento;Com Vítimas Feridas;Plena Noite;Crescente;Céu Claro;Simples;Reta;-22,18248572;-44,97673273
30/11/2025;20:36:00;SIDROLANDIA;Curva acentuada;Saída de leito carroçável;Com Vítimas Feridas;Plena Noite;Crescente;Céu Claro;Simples;Curva;-20,908816;-54,943789
30/11/2025;21:00:00;MORRETES;Chuva;Colisão com objeto;Com Vítimas Feridas;Plena Noite;Decrescente;Chuva;Simples;"Retorno Regulamentado;Curva";-25,5719342;-48,8408174
30/11/2025;22:00:00;SAUDADES;Acumulo de água sobre o pavimento;Saída de leito carroçável;Com Vítimas Feridas;Plena Noite;Decrescente;Chuva;Simples;"Declive;Reta";-26,82621095;-53,08409905
30/11/2025;22:40:00;TERESINA;Conversão proibida;Colisão transversal;Com Vítimas Feridas;Plena Noite;Crescente;Céu Claro;Múltipla;Interseção de Vias;-5,080937;-42,778098
30/11/2025;22:20:00;RODEIO;Velocidade Incompatível;Saída de leito carroçável;Com Vítimas Feridas;Plena Noite;Crescente;Nublado;Simples;"Declive;Curva";-26,94812491;-49,36582088
30/11/2025;23:30:00;JABOATAO DOS GUARARAPES;Animais na Pista;Atropelamento de Animal;Com Vítimas Feridas;Plena Noite;Crescente;Céu Claro;Dupla;Reta;-8,138762;-35
30/11/2025;23:50:00;MATOZINHOS;Animais na Pista;Atropelamento de Animal;Com Vítimas Feridas;Plena Noite;Decrescente;Nublado;Dupla;"Curva;Declive";-19,654703;-44,198117
30/11/2025;20:50:00;MORMACO;Iluminação deficiente;Colisão com objeto;Com Vítimas Feridas;Plena Noite;Decrescente;Nublado;Simples;"Em Obras;Interseção de Vias";-28,679409;-52,602867
30/11/2025;22:00:00;MESQUITA;Deficiência do Sistema de Iluminação/Sinalização;Atropelamento de Pedestre;Com Vítimas Feridas;Plena Noite;Decrescente;Céu Claro;Dupla;Reta;-22,77497913;-43,40129463
30/11/2025;23:30:00;JI-PARANA;Acesso irregular;Colisão transversal;Com Vítimas Feridas;Plena Noite;Crescente;Ignorado;Múltipla;Reta;-10,89538;-61,930413