data_inversa;horario;municipio;causa_acidente;tipo_acidente;classificacao_acidente;fase_dia;sentido_via;condicao_metereologica;tipo_pista;tracado_via;latitude;longitude
30/11/2025;12:30:00;MANGARATIBA;Curva acentuada;Queda de ocupante de veículo;Com Vítimas Feridas;Pleno dia;Crescente;Céu Claro;Simples;Curva;-22,93467;-44,02866
29/11/2025;07:30:00;ANCHIETA;Velocidade Incompatível;Saída de leito carroçável;Com Vítimas Fatais;Pleno dia;Crescente;Céu Claro;Múltipla;Reta;-20,6596807;-40,64847197
29/11/2025;08:40:00;NOVA ANDRADINA;Ausência de sinalização;Colisão traseira;Sem Vítimas;Pleno dia;Crescente;Céu Claro;Simples;Aclive;-21,67842655;-53,39977741
29/11/2025;08:40:00;LIMOEIRO DO NORTE;Velocidade Incompatível;Tombamento;Com Vítimas Feridas;Pleno dia;Decrescente;Céu Claro;Simples;Curva;-5,14219063;-38,1592539
29/11/2025;06:00:00;CACHOEIRA DE PAJEU;Demais Fenômenos da natureza;Incêndio;Sem Vítimas;Pleno dia;Decrescente;Céu Claro;Simples;Reta;-15,95197044;-41,40347648
29/11/2025;11:20:00;POUSO REDONDO;Velocidade Incompatível;Colisão frontal;Com Vítimas Fatais;Pleno dia;Decrescente;Sol;Simples;"Reta;Aclive";-27,252542;-49,95397568
29/11/2025;13:45:00;TEOFILANDIA;Afundamento ou ondulação no pavimento;Colisão lateral sentido oposto;Com Vítimas Fatais;Pleno dia;Decrescente;Sol;Simples;Aclive;-11,460836;-38,987808
29/11/2025;13:50:00;BARRA MANSA;Ausência de sinalização;Colisão traseira;Com Vítimas Feridas;Pleno dia;Crescente;Céu Claro;Simples;"Em Obras;Curva";-22,56276473;-44,15951371
29/11/2025;16:50:00;GRAO MOGOL;Velocidade Incompatível;Saída de leito carroçável;Com Vítimas Feridas;Pleno dia;Decrescente;Nublado;Simples;"Declive;Curva";-16,21374985;-42,87942338
29/11/2025;14:10:00;CANOINHAS;Conversão proibida;Colisão traseira;Com Vítimas Feridas;Pleno dia;Crescente;Céu Claro;Simples;"Declive;Reta";-26,22346344;-50,45842543
29/11/2025;23:55:00;GOVERNADOR VALADARES;Ultrapassagem Indevida;Atropelamento de Pedestre;Com Vítimas Feridas;Plena Noite;Crescente;Nublado;Simples;"Reta;Declive";-18,878955;-41,961408
29/11/2025;22:00:00;IBAITI;Velocidade Incompatível;Saída de leito carroçável;Com Vítimas Fatais;Plena Noite;Crescente;Céu Claro;Simples;Curva;-23,935145;-50,239518
29/11/2025;04:20:00;ARAGUARI;Velocidade Incompatível;Saída de leito carroçável;Sem Vítimas;Plena Noite;Crescente;Céu Claro;Dupla;"Declive;Curva";-18,731176;-48,21338
29/11/2025;04:40:00;EUSEBIO;Animais na Pista;Atropelamento de Animal;Com Vítimas Feridas;Amanhecer;Crescente;Céu Claro;Dupla;Reta;-3,901383;-38,504375
29/11/2025;01:30:00;ARAQUARI;Afundamento ou ondulação no pavimento;Tombamento;Com Vítimas Feridas;Plena Noite;Decrescente;Nublado;Dupla;Reta;-26,43673204;-48,80976375
29/11/2025;04:18:00;MUNDO NOVO;Velocidade Incompatível;Colisão lateral sentido oposto;Sem Vítimas;Amanhecer;Decrescente;Céu Claro;Simples;Reta;-23,911243;-54,295506
29/11/2025;06:25:00;PALHOCA;Ausência de sinalização;Colisão traseira;Com Vítimas Feridas;Pleno dia;Crescente;Céu Claro;Múltipla;Reta;-27,65035619;-48,67002368
29/11/2025;01:30:00;PINHALZINHO;Velocidade Incompatível;Saída de leito carroçável;Com Vítimas Feridas;Plena Noite;Crescente;Céu Claro;Simples;Curva;-26,82994645;-53,04559205
29/11/2025;09:20:00;JOAO MONLEVADE;Curva acentuada;Queda de ocupante de veículo;Com Vítimas Feridas;Pleno dia;Decrescente;Céu Claro;Simples;Curva;-19,8294185;-43,1771283
29/11/2025;12:00:00;MATIPO;Velocidade Incompatível;Saída de leito carroçável;Com Vítimas Feridas;Pleno dia;Decrescente;Céu Claro;Simples;Reta;-20,333813;-42,387325
29/11/2025;12:00:00;PORTO ALEGRE;Velocidade Incompatível;Colisão com objeto;Com Vítimas Feridas;Pleno dia;Crescente;Céu Claro;Simples;Curva;-29,97265097;-51,17754257
29/11/2025;12:00:00;IBIRAMA;Ultrapassagem Indevida;Atropelamento de Pedestre;Com Vítimas Feridas;Pleno dia;Crescente;Céu Claro;Simples;"Reta;Declive";-27,08114;-49,484486
29/11/2025;12:05:00;ERECHIM;Retorno proibido;Colisão transversal;Com Vítimas Feridas;Pleno dia;Crescente;Sol;Simples;"Reta;Interseção de Vias";-27,64573591;-52,25065474
29/11/2025;12:10:00;MIRACATU;Afundamento ou ondulação no pavimento;Queda de ocupante de veículo;Com Vítimas Feridas;Pleno dia;Decrescente;Céu Claro;Dupla;Reta;-24,15113564;-47,3160999
29/11/2025;08:00:00;FATIMA DO SUL;Acesso irregular;Colisão transversal;Com Vítimas Feridas;Pleno dia;Crescente;Céu Claro;Simples;Reta;-22,332373;-54,570058
29/11/2025;09:45:00;ITAMONTE;Conversão proibida;Colisão transversal;Com Vítimas Feridas;Pleno dia;Crescente;Sol;Simples;Curva;-22,29061631;-44,86588866
29/11/2025;15:08:00;CAMPO MOURAO;Acesso irregular;Colisão transversal;Com Vítimas Feridas;Pleno dia;Crescente;Céu Claro;Simples;Reta;-24,04165371;-52,40376847
29/11/2025;15:05:00;XAXIM;Pista Escorregadia;Tombamento;Com Vítimas Feridas;Pleno dia;Decrescente;Céu Claro;Simples;"Curva;Aclive";-26,95107487;-52,52531139
29/11/2025;15:41:00;MANHUACU;Velocidade Incompatível;Atropelamento de Pedestre;Com Vítimas Feridas;Pleno dia;Crescente;Céu Claro;Simples;Reta;-20,23019412;-42,17305184
29/11/2025;17:00:00;GUARAREMA;Acumulo de areia ou detritos sobre o pavimento;Queda de ocupante de veículo;Com Vítimas Feridas;Anoitecer;Crescente;Céu Claro;Múltipla;Reta;-23,32727019;-46,12755172
29/11/2025;15:00:00;COLATINA;Pista Escorregadia;Tombamento;Com Vítimas Feridas;Pleno dia;Crescente;Céu Claro;Simples;Reta;-19,49735739;-40,64373494
29/11/2025;18:16:00;VACARIA;Velocidade Incompatível;Tombamento;Com Vítimas Feridas;Pleno dia;Crescente;Céu Claro;Simples;Reta;-28,498727;-50,9515214
29/11/2025;16:20:00;IRAI;Afundamento ou ondulação no pavimento;Saída de leito carroçável;Com Vítimas Feridas;Pleno dia;Decrescente;Céu Claro;Simples;Reta;-27,2003;-53,29066
29/11/2025;19:10:00;CARATINGA;Velocidade Incompatível;Colisão traseira;Com Vítimas Feridas;Plena Noite;Crescente;Céu Claro;Simples;Reta;-19,81384906;-42,13553935
29/11/2025;18:30:00;ITAPUA DO OESTE;Chuva;Tombamento;Com Vítimas Feridas;Plena Noite;Decrescente;Chuva;Dupla;Reta;-9,20285493;-63,17844126
29/11/2025;19:20:00;MIRACATU;Velocidade Incompatível;Saída de leito carroçável;Sem Vítimas;Plena Noite;Crescente;Nublado;Dupla;Curva;-24,267552;-47,3932365
29/11/2025;20:40:00;IVOTI;Conversão proibida;Colisão transversal;Com Vítimas Feridas;Plena Noite;Crescente;Céu Claro;Simples;Reta;-29,621508;-51,127675
29/11/2025;21:00:00;ESTRELA;Afundamento ou ondulação no pavimento;Tombamento;Com Vítimas Feridas;Pleno dia;Decrescente;Céu Claro;Dupla;Curva;-29,528433;-51,929356
29/11/2025;20:25:00;CARUARU;Acesso irregular;Colisão lateral sentido oposto;Com Vítimas Feridas;Plena Noite;Decrescente;Céu Claro;Dupla;"Curva;Em Obras";-8,0135952;-36,0567112
29/11/2025;21:28:00;CABEDELO;Velocidade Incompatível;Colisão com objeto;Com Vítimas Feridas;Plena Noite;Crescente;Céu Claro;Dupla;Reta;-7,030567;-34,840652
29/11/2025;08:40:00;ITABORAI;Conversão proibida;Colisão lateral sentido oposto;Com Vítimas Feridas;Pleno dia;Crescente;Céu Claro;Dupla;Reta;-22,77509156;-42,92079057
29/11/2025;19:20:00;SOUSA;Animais na Pista;Atropelamento de Animal;Sem Vítimas;Plena Noite;Decrescente;Céu Claro;Simples;"Reta;Interseção de Vias";-6,778576;-38,234305
29/11/2025;19:00:00;PETROPOLIS;Ultrapassagem Indevida;Colisão frontal;Com Vítimas Feridas;Plena Noite;Crescente;Céu Claro;Simples;Curva;-22,41830625;-43,05832982
29/11/2025;15:00:00;SANTA LUZIA;Ultrapassagem Indevida;Colisão frontal;Com Vítimas Fatais;Pleno dia;Crescente;Sol;Simples;Curva;-4,163573;-46,012738
29/11/2025;21:10:00;PORTO REAL DO COLEGIO;Animais na Pista;Queda de ocupante de veículo;Com Vítimas Feridas;Plena Noite;Crescente;Céu Claro;Dupla;Reta;-10,1709193;-36,821737
29/11/2025;21:58:00;SAO MARCOS;Velocidade Incompatível;Colisão transversal;Com Vítimas Fatais;Plena Noite;Decrescente;Céu Claro;Simples;Reta;-28,95344654;-51,08119933
29/11/2025;22:40:00;CACHOEIRA PAULISTA;Velocidade Incompatível;Colisão com objeto;Com Vítimas Feridas;Plena Noite;Crescente;Céu Claro;Simples;"Curva;Rotatória";-22,65181504;-44,95766831
29/11/2025;23:26:00;CABEDELO;Animais na Pista;Atropelamento de Animal;Com Vítimas Feridas;Plena Noite;Decrescente;Céu Claro;Múltipla;Reta;-7,00956;-34,8309261
29/11/2025;23:55:00;MARINGA;Velocidade Incompatível;Colisão traseira;Com Vítimas Fatais;Plena Noite;Crescente;Céu Claro;Dupla;Reta;-23,391793;-52,011926
29/11/2025;23:00:00;MAE DO RIO;Animais na Pista;Atropelamento de Animal;Com Vítimas Feridas;Plena Noite;Decrescente;Céu Claro;Simples;Reta;-1,95901;-47,52434
29/11/2025;23:00:00;ITAPECURU MIRIM;Animais na Pista;Atropelamento de Animal;Com Vítimas Feridas;Plena Noite;Crescente;Céu Claro;Simples;Reta;-3,3659;-44,47585
29/11/2025;17:25:00;RIO LARGO;Condutor usando celular;Colisão transversal;Com Vítimas Feridas;Anoitecer;Crescente;Céu Claro;Dupla;Reta;-9,52400692;-35,80048625
29/11/2025;19:30:00;APUCARANA;Ultrapassagem Indevida;Colisão frontal;Com Vítimas Feridas;Plena Noite;Decrescente;Nublado;Simples;Curva;-23,52844486;-51,44744202
28/11/2025;01:40:00;CAMPANHA;Acesso irregular;Colisão lateral mesmo sentido;Com Vítimas Feridas;Pleno dia;Crescente;Céu Claro;Dupla;Reta;-21,71918;-45,37932
28/11/2025;06:00:00;FRANCISCO SA;Ultrapassagem Indevida;Colisão traseira;Com Vítimas Feridas;Amanhecer;Decrescente;Céu Claro;Simples;"Aclive;Curva";-16,46953;-43,44276
28/11/2025;05:30:00;SABARA;Velocidade Incompatível;Tombamento;Com Vítimas Feridas;Amanhecer;Crescente;Nublado;Simples;Curva;-19,78814743;-43,699193
28/11/2025;07:30:00;MARQUES DE SOUZA;Ultrapassagem Indevida;Colisão frontal;Com Vítimas Feridas;Pleno dia;Crescente;Céu Claro;Simples;Curva;-29,24236879;-52,15897528
28/11/2025;07:15:00;MORMACO;Velocidade Incompatível;Tombamento;Com Vítimas Feridas;Pleno dia;Crescente;Céu Claro;Simples;"Curva;Em Obras;Desvio Temporário";-28,678479;-52,604193
28/11/2025;11:20:00;FEIRA DE SANTANA;Conversão proibida;Colisão transversal;Com Vítimas Fatais;Pleno dia;Decrescente;Céu Claro;Simples;Reta;-12,05757859;-38,9757362
28/11/2025;13:20:00;PARANAGUA;Ausência de sinalização;Colisão transversal;Com Vítimas Feridas;Pleno dia;Crescente;Céu Claro;Simples;"Reta;Interseção de Vias";-25,53502434;-48,53038184
28/11/2025;13:30:00;ITAJAI;Velocidade Incompatível;Colisão lateral mesmo sentido;Com Vítimas Feridas;Pleno dia;Decrescente;Nublado;Dupla;Reta;-26,92115225;-48,70823038
28/11/2025;14:30:00;ROSARIO OESTE;Chuva;Colisão transversal;Com Vítimas Feridas;Pleno dia;Crescente;Chuva;Dupla;Reta;-14,784474;-56,385853
28/11/2025;16:00:00;RIO NEGRO;Curva acentuada;Colisão lateral sentido oposto;Com Vítimas Feridas;Pleno dia;Decrescente;Chuva;Simples;Curva;-26,05342508;-49,70957547
28/11/2025;16:20:00;LAPA;Ultrapassagem Indevida;Colisão frontal;Com Vítimas Fatais;Pleno dia;Crescente;Céu Claro;Simples;Reta;-25,77531517;-49,76411819
28/11/2025;18:15:00;BOM JESUS DO AMPARO;Velocidade Incompatível;Tombamento;Com Vítimas Feridas;Anoitecer;Decrescente;Céu Claro;Dupla;"Declive;Curva";-19,758293;-43,469877
28/11/2025;18:05:00;FOZ DO IGUACU;Velocidade Incompatível;Colisão traseira;Com Vítimas Feridas;Pleno dia;Crescente;Céu Claro;Dupla;Reta;-25,50995837;-54,56762195
28/11/2025;17:45:00;CANDIOTA;Ultrapassagem Indevida;Colisão lateral mesmo sentido;Com Vítimas Feridas;Pleno dia;Decrescente;Céu Claro;Simples;Reta;-31,4292144;-53,7088676
28/11/2025;11:45:00;MARMELEIRO;Ultrapassagem Indevida;Colisão lateral mesmo sentido;Com Vítimas Feridas;Pleno dia;Decrescente;Céu Claro;Simples;Reta;-26,215105;-53,117855
28/11/2025;21:15:00;GUARAREMA;Retorno proibido;Colisão transversal;Com Vítimas Feridas;Plena Noite;Decrescente;Nublado;Dupla;Reta;-23,33167034;-46,13548486
28/11/2025;22:30:00;TRACUATEUA;Animais na Pista;Tombamento;Com Vítimas Feridas;Plena Noite;Crescente;Céu Claro;Dupla;Curva;-1,07194;-46,8969
28/11/2025;15:30:00;BATAGUASSU;Ultrapassagem Indevida;Capotamento;Com Vítimas Feridas;Pleno dia;Decrescente;Céu Claro;Simples;Reta;-21,7265769;-52,3290614
28/11/2025;14:51:00;ITAITUBA;Acostamento em desnível;Tombamento;Sem Vítimas;Pleno dia;Crescente;Céu Claro;Simples;"Aclive;Curva";-4,5092;-55,8641
28/11/2025;04:50:00;LAGOA GRANDE;Animais na Pista;Atropelamento de Animal;Com Vítimas Feridas;Pleno dia;Decrescente;Nublado;Simples;Reta;-17,649935;-46,417337
28/11/2025;07:10:00;SAO JOSE;Condutor usando celular;Colisão com objeto;Sem Vítimas;Pleno dia;Crescente;Céu Claro;Dupla;Reta;-27,60152318;-48,62613964
28/11/2025;07:35:00;FEIRA DE SANTANA;Pista esburacada;Tombamento;Com Vítimas Feridas;Pleno dia;Crescente;Sol;Dupla;Declive;-12,28761;-38,96008
28/11/2025;08:15:00;FEIRA DE SANTANA;Ultrapassagem Indevida;Colisão transversal;Com Vítimas Feridas;Pleno dia;Decrescente;Sol;Simples;Reta;-12,26216;-38,93279
28/11/2025;08:19:00;GOVERNADOR VALADARES;Ultrapassagem Indevida;Colisão transversal;Com Vítimas Feridas;Pleno dia;Decrescente;Céu Claro;Simples;Reta;-18,90016698;-41,94553167
28/11/2025;11:10:00;ARAQUARI;Ultrapassagem Indevida;Colisão transversal;Com Vítimas Feridas;Pleno dia;Decrescente;Céu Claro;Simples;Reta;-26,39523163;-48,73907757
28/11/2025;09:25:00;RIO BRANCO;Retorno proibido;Colisão transversal;Com Vítimas Feridas;Pleno dia;Crescente;Céu Claro;Dupla;Reta;-10,0134608;-67,80468822
28/11/2025;09:00:00;CARATINGA;Conversão proibida;Colisão transversal;Com Vítimas Feridas;Pleno dia;Decrescente;Nublado;Simples;Reta;-19,76718924;-42,13094741
28/11/2025;12:50:00;MUNDO NOVO;Ultrapassagem Indevida;Eventos atípicos;Com Vítimas Feridas;Pleno dia;Crescente;Sol;Simples;Reta;-23,940511;-54,280764
28/11/2025;14:10:00;FORTALEZA;Condutor usando celular;Colisão traseira;Sem Vítimas;Pleno dia;Não Informado;Céu Claro;Dupla;Reta;-3,773197;-38,573673
28/11/2025;16:20:00;GOIANAPOLIS;Acumulo de água sobre o pavimento;Saída de leito carroçável;Com Vítimas Feridas;Pleno dia;Crescente;Chuva;Dupla;Declive;-16,449993;-49,045392
28/11/2025;16:20:00;SAO JOSE;Chuva;Colisão lateral mesmo sentido;Com Vítimas Feridas;Pleno dia;Decrescente;Chuva;Múltipla;Reta;-27,61445178;-48,64332899
28/11/2025;10:30:00;DUQUE DE CAXIAS;Condutor usando celular;Colisão lateral mesmo sentido;Com Vítimas Feridas;Pleno dia;Decrescente;Céu Claro;Dupla;Reta;-22,66349655;-43,28465257
28/11/2025;17:55:00;SINOP;Animais na Pista;Colisão traseira;Com Vítimas Feridas;Anoitecer;Crescente;Nublado;Dupla;Reta;-11,86131001;-55,49516201
28/11/2025;14:47:00;CACHOEIRA PAULISTA;Ausência de sinalização;Engavetamento;Sem Vítimas;Pleno dia;Decrescente;Céu Claro;Dupla;"Reta;Em Obras";-22,67962546;-45,00516951
28/11/2025;17:52:00;CACOAL;Conversão proibida;Colisão lateral sentido oposto;Com Vítimas Feridas;Anoitecer;Decrescente;Nublado;Simples;Reta;-11,437983;-61,456123
28/11/2025;18:20:00;BARRA MANSA;Acesso irregular;Colisão lateral mesmo sentido;Com Vítimas Feridas;Anoitecer;Crescente;Chuva;Dupla;Reta;-22,56244119;-44,12099719
28/11/2025;18:20:00;MURIAE;Acesso irregular;Colisão transversal;Com Vítimas Feridas;Anoitecer;Decrescente;Garoa/Chuvisco;Simples;Reta;-21,12005784;-42,38002041
28/11/2025;19:30:00;AGUA BRANCA;Acesso irregular;Colisão lateral mesmo sentido;Com Vítimas Feridas;Plena Noite;Decrescente;Céu Claro;Simples;Reta;-5,893187;-42,646497
28/11/2025;21:28:00;GOVERNADOR VALADARES;Conversão proibida;Colisão lateral mesmo sentido;Com Vítimas Feridas;Plena Noite;Crescente;Céu Claro;Simples;"Reta;Viaduto";-18,8734696;-41,9669472
28/11/2025;21:30:00;GUARARA;Chuva;Saída de leito carroçável;Com Vítimas Feridas;Plena Noite;Decrescente;Chuva;Simples;"Curva;Declive";-21,72868281;-43,05660948
28/11/2025;20:35:00;POUSO ALEGRE;Velocidade Incompatível;Colisão com objeto;Sem Vítimas;Plena Noite;Decrescente;Céu Claro;Dupla;Reta;-22,25353069;-45,88777685
28/11/2025;22:45:00;SAO JOSE;Acesso irregular;Colisão traseira;Com Vítimas Feridas;Plena Noite;Decrescente;Céu Claro;Múltipla;Reta;-27,588474;-48,616837
28/11/2025;23:30:00;MANHUACU;Acumulo de água sobre o pavimento;Colisão frontal;Com Vítimas Feridas;Plena Noite;Decrescente;Chuva;Simples;Curva;-20,223804;-42,178543
28/11/2025;22:40:00;MANHUACU;Acumulo de água sobre o pavimento;Saída de leito carroçável;Com Vítimas Feridas;Plena Noite;Decrescente;Chuva;Simples;Aclive;-20,264759;-42,180481
28/11/2025;19:20:00;GOVERNADOR MANGABEIRA;Conversão proibida;Colisão traseira;Com Vítimas Feridas;Plena Noite;Crescente;Céu Claro;Simples;"Reta;Aclive";-12,60038063;-39,0203476
28/11/2025;06:30:00;MAGE;Animais na Pista;Atropelamento de Animal;Com Vítimas Feridas;Pleno dia;Crescente;Céu Claro;Múltipla;"Reta;Aclive";-22,64644613;-43,20045879
27/11/2025;03:10:00;ICONHA;Velocidade Incompatível;Tombamento;Com Vítimas Feridas;Plena Noite;Decrescente;Nublado;Simples;"Curva;Aclive;Ponte";-20,80616779;-40,83191156
27/11/2025;04:30:00;JEQUIE;Acesso irregular;Colisão transversal;Com Vítimas Feridas;Amanhecer;Crescente;Céu Claro;Simples;Curva;-13,8838016;-40,1342464
27/11/2025;08:47:00;MIRANORTE;Pista Escorregadia;Colisão traseira;Com Vítimas Feridas;Pleno dia;Crescente;Chuva;Simples;"Declive;Reta";-9,42951398;-48,57358217
27/11/2025;13:40:00;CARANDAI;Acesso irregular;Colisão transversal;Com Vítimas Feridas;Pleno dia;Crescente;Sol;Simples;Reta;-20,9625816;-43,7879283
27/11/2025;12:40:00;SANTO ANTONIO DO LEVERGER;Curva acentuada;Saída de leito carroçável;Sem Vítimas;Pleno dia;Crescente;Garoa/Chuvisco;Dupla;Curva;-15,80733038;-55,55442721
27/11/2025;16:00:00;SIMOLANDIA;Velocidade Incompatível;Colisão com objeto;Sem Vítimas;Pleno dia;Crescente;Chuva;Simples;Curva;-14,4514189;-46,4691545
27/11/2025;17:15:00;ORTIGUEIRA;Velocidade Incompatível;Colisão traseira;Sem Vítimas;Pleno dia;Crescente;Céu Claro;Dupla;"Declive;Em Obras;Curva";-23,98525498;-51,08330654
27/11/2025;16:00:00;FELIXLANDIA;Ultrapassagem Indevida;Colisão traseira;Com Vítimas Fatais;Pleno dia;Crescente;Nublado;Simples;"Declive;Curva";-18,5906094;-45,00926971
27/11/2025;18:50:00;SONORA;Ultrapassagem Indevida;Colisão frontal;Com Vítimas Feridas;Plena Noite;Crescente;Céu Claro;Simples;Reta;-17,625805;-54,744956
27/11/2025;14:00:00;MANAQUIRI;Pista esburacada;Saída de leito carroçável;Com Vítimas Feridas;Pleno dia;Crescente;Chuva;Simples;Reta;-4,08088438;-60,68058014
27/11/2025;13:00:00;POCOES;Velocidade Incompatível;Saída de leito carroçável;Com Vítimas Feridas;Pleno dia;Crescente;Nublado;Simples;Reta;-14,49329178;-40,34623995
27/11/2025;11:51:00;MORENO;Retorno proibido;Colisão transversal;Com Vítimas Feridas;Pleno dia;Crescente;Sol;Dupla;Reta;-8,11405388;-35,12815889
27/11/2025;22:02:00;CARUARU;Velocidade Incompatível;Colisão traseira;Com Vítimas Feridas;Plena Noite;Crescente;Nublado;Dupla;Reta;-8,30087;-35,98547
27/11/2025;01:30:00;SERRA;Retorno proibido;Colisão transversal;Com Vítimas Feridas;Plena Noite;Decrescente;Céu Claro;Múltipla;Reta;-20,223609;-40,270345
27/11/2025;04:30:00;VENDA NOVA DO IMIGRANTE;Falta de acostamento;Colisão com objeto;Sem Vítimas;Amanhecer;Decrescente;Nublado;Simples;"Aclive;Curva";-20,3409315;-41,1120281
27/11/2025;07:10:00;BARAO DE COCAIS;Velocidade Incompatível;Colisão com objeto;Com Vítimas Feridas;Pleno dia;Crescente;Nublado;Dupla;Reta;-19,793817;-43,426498
27/11/2025;09:00:00;SAO JOAO DO MANHUACU;Velocidade Incompatível;Tombamento;Com Vítimas Feridas;Pleno dia;Crescente;Sol;Simples;Curva;-20,301332;-42,146218
27/11/2025;08:10:00;SAO JOSE;Pista Escorregadia;Tombamento;Com Vítimas Feridas;Pleno dia;Crescente;Céu Claro;Múltipla;"Interseção de Vias;Reta";-27,58312117;-48,61532304
27/11/2025;14:10:00;TEOLANDIA;Chuva;Colisão frontal;Com Vítimas Feridas;Pleno dia;Crescente;Chuva;Simples;Reta;-13,57683;-39,477675
27/11/2025;16:00:00;SAO JOSE;Velocidade Incompatível;Colisão traseira;Com Vítimas Feridas;Pleno dia;Crescente;Nublado;Múltipla;Reta;-27,58103339;-48,61462768
27/11/2025;17:45:00;VITORIA DA CONQUISTA;Ausência de sinalização;Colisão transversal;Com Vítimas Feridas;Anoitecer;Crescente;Garoa/Chuvisco;Simples;"Interseção de Vias;Reta;Rotatória";-14,89987409;-40,85464594
27/11/2025;19:00:00;GARANHUNS;Animais na Pista;Atropelamento de Animal;Com Vítimas Feridas;Plena Noite;Decrescente;Céu Claro;Simples;Reta;-8,877132;-36,50834
27/11/2025;19:15:00;MOSSORO;Ultrapassagem Indevida;Colisão lateral mesmo sentido;Com Vítimas Feridas;Plena Noite;Crescente;Céu Claro;Simples;"Viaduto;Interseção de Vias";-5,15605846;-37,34964162
27/11/2025;18:33:00;FOZ DO IGUACU;Pista Escorregadia;Tombamento;Com Vítimas Feridas;Pleno dia;Crescente;Céu Claro;Dupla;"Declive;Viaduto";-25,50956278;-54,57221389
27/11/2025;18:35:00;FOZ DO IGUACU;Pista Escorregadia;Tombamento;Com Vítimas Feridas;Anoitecer;Crescente;Céu Claro;Simples;"Declive;Retorno Regulamentado";-25,50957882;-54,57205145
27/11/2025;20:40:00;BENTO GONCALVES;Pista Escorregadia;Colisão traseira;Com Vítimas Feridas;Plena Noite;Crescente;Céu Claro;Simples;Curva;-29,15335549;-51,52965395
27/11/2025;19:20:00;TERESINA;Animais na Pista;Atropelamento de Animal;Com Vítimas Feridas;Plena Noite;Decrescente;Céu Claro;Dupla;Reta;-5,24570991;-42,73375422
27/11/2025;19:50:00;MARABA;Animais na Pista;Atropelamento de Animal;Com Vítimas Feridas;Plena Noite;Decrescente;Nublado;Simples;Reta;-5,61771;-49,09191
27/11/2025;22:10:00;BELO HORIZONTE;Conversão proibida;Colisão lateral mesmo sentido;Com Vítimas Feridas;Plena Noite;Decrescente;Céu Claro;Simples;Reta;-19,84281472;-43,88560908
27/11/2025;19:00:00;SANTA RITA DE MINAS;Animais na Pista;Atropelamento de Animal;Sem Vítimas;Plena Noite;Crescente;Céu Claro;Simples;Curva;-19,90997126;-42,13545442
27/11/2025;22:35:00;CABEDELO;Velocidade Incompatível;Queda de ocupante de veículo;Com Vítimas Feridas;Plena Noite;Decrescente;Céu Claro;Dupla;"Reta;Em Obras";-7,078862;-34,848991
27/11/2025;22:15:00;PETROPOLIS;Curva acentuada;Queda de ocupante de veículo;Com Vítimas Feridas;Plena Noite;Decrescente;Nublado;Simples;"Curva;Aclive";-22,5615426;-43,2405129
27/11/2025;23:20:00;BRASILIA;Velocidade Incompatível;Colisão com objeto;Sem Vítimas;Pleno dia;Crescente;Nublado;Dupla;Declive;-15,622027;-47,718301
27/11/2025;18:30:00;AGUAS VERMELHAS;Acesso irregular;Saída de leito carroçável;Com Vítimas Feridas;Anoitecer;Decrescente;Céu Claro;Simples;Reta;-15,86416;-41,50852
27/11/2025;12:40:00;TRES CORACOES;Condutor usando celular;Colisão frontal;Sem Vítimas;Pleno dia;Decrescente;Céu Claro;Simples;Curva;-21,6716;-45,332
27/11/2025;14:30:00;PONTA PORA;Pista esburacada;Saída de leito carroçável;Com Vítimas Feridas;Pleno dia;Crescente;Céu Claro;Simples;Reta;-22,3607648;-55,231006
26/11/2025;11:10:00;OSORIO;Sinalização mal posicionada;Atropelamento de Pedestre;Com Vítimas Feridas;Pleno dia;Crescente;Céu Claro;Dupla;"Reta;Desvio Temporário;Aclive;Em Obras";-29,83101139;-50,24691582
26/11/2025;18:30:00;ATILIO VIVACQUA;Ultrapassagem Indevida;Colisão traseira;Sem Vítimas;Plena Noite;Crescente;Céu Claro;Simples;Reta;-21,02721;-41,17779
26/11/2025;23:35:00;NAVEGANTES;Iluminação deficiente;Colisão traseira;Com Vítimas Feridas;Plena Noite;Decrescente;Nublado;Dupla;Reta;-26,84415424;-48,71526115
26/11/2025;16:20:00;SANTA LUZIA;Ultrapassagem Indevida;Colisão lateral mesmo sentido;Com Vítimas Feridas;Pleno dia;Crescente;Céu Claro;Simples;Reta;-19,80948196;-43,79043672
26/11/2025;04:50:00;NITEROI;Pista Escorregadia;Tombamento;Com Vítimas Feridas;Amanhecer;Decrescente;Chuva;Dupla;Reta;-22,8809661;-43,1108734
26/11/2025;00:14:00;VILHENA;Velocidade Incompatível;Tombamento;Com Vítimas Feridas;Plena Noite;Decrescente;Chuva;Dupla;Rotatória;-12,74087817;-60,13294665
26/11/2025;06:50:00;GOVERNADOR VALADARES;Conversão proibida;Colisão transversal;Com Vítimas Feridas;Pleno dia;Crescente;Nublado;Simples;Reta;-18,8494751;-41,9837992
26/11/2025;08:00:00;JOSE BONIFACIO;Acesso irregular;Colisão transversal;Com Vítimas Feridas;Pleno dia;Crescente;Céu Claro;Simples;Reta;-21,087913;-49,674538
26/11/2025;09:00:00;NOVA UNIAO;Demais falhas na via;Saída de leito carroçável;Com Vítimas Feridas;Pleno dia;Decrescente;Céu Claro;Dupla;Curva;-19,74990181;-43,5408783
26/11/2025;09:10:00;BIGUACU;Chuva;Saída de leito carroçável;Sem Vítimas;Pleno dia;Crescente;Garoa/Chuvisco;Dupla;Curva;-27,43626118;-48,62614125