data_inversa;horario;municipio;causa_acidente;tipo_acidente;classificacao_acidente;fase_dia;sentido_via;condicao_metereologica;tipo_pista;tracado_via;latitude;longitude
26/11/2025;07:30:00;NOVA ALVORADA DO SUL;Acesso irregular;Eventos atípicos;Sem Vítimas;Pleno dia;Decrescente;Céu Claro;Simples;Reta;-21,485008;-54,304142
26/11/2025;18:00:00;SETE LAGOAS;Velocidade Incompatível;Saída de leito carroçável;Com Vítimas Feridas;Pleno dia;Decrescente;Nublado;Dupla;Reta;-19,466;-44,297
26/11/2025;17:40:00;CONTAGEM;Acumulo de areia ou detritos sobre o pavimento;Tombamento;Com Vítimas Feridas;Pleno dia;Decrescente;Céu Claro;Dupla;Curva;-19,8774579;-44,0516489
26/11/2025;18:00:00;BLUMENAU;Acesso irregular;Colisão lateral mesmo sentido;Com Vítimas Feridas;Anoitecer;Crescente;Céu Claro;Dupla;Reta;-26,859649;-49,07475
26/11/2025;16:40:00;JEQUIE;Acumulo de água sobre o pavimento;Colisão lateral sentido oposto;Com Vítimas Feridas;Pleno dia;Crescente;Céu Claro;Simples;Curva;-13,73528996;-40,10004854
26/11/2025;18:10:00;NOVA SANTA RITA;Velocidade Incompatível;Colisão traseira;Com Vítimas Feridas;Pleno dia;Crescente;Céu Claro;Simples;Reta;-29,8445423;-51,28253885
26/11/2025;12:17:00;NITEROI;Pista Escorregadia;Queda de ocupante de veículo;Com Vítimas Feridas;Pleno dia;Crescente;Céu Claro;Dupla;Reta;-22,878067;-43,110794
26/11/2025;19:20:00;SABARA;Retorno proibido;Colisão lateral sentido oposto;Com Vítimas Feridas;Pleno dia;Crescente;Céu Claro;Simples;Reta;-19,78681484;-43,68927956
26/11/2025;17:25:00;FLORIANO;Conversão proibida;Colisão lateral mesmo sentido;Com Vítimas Feridas;Anoitecer;Decrescente;Céu Claro;Simples;Reta;-6,779577;-43,035843
26/11/2025;19:40:00;CONGONHAS;Afundamento ou ondulação no pavimento;Saída de leito carroçável;Com Vítimas Feridas;Plena Noite;Crescente;Céu Claro;Simples;"Em Obras;Declive";-20,48392004;-43,83910328
26/11/2025;19:40:00;GARANHUNS;Deficiência do Sistema de Iluminação/Sinalização;Colisão traseira;Sem Vítimas;Plena Noite;Decrescente;Céu Claro;Simples;Reta;-8,827933;-36,55055
26/11/2025;15:15:00;BONFIM;Acumulo de areia ou detritos sobre o pavimento;Saída de leito carroçável;Com Vítimas Feridas;Anoitecer;Crescente;Céu Claro;Simples;Reta;3,25621167;-60,11510833
26/11/2025;20:30:00;COLATINA;Ultrapassagem Indevida;Colisão lateral mesmo sentido;Com Vítimas Feridas;Plena Noite;Crescente;Céu Claro;Simples;Reta;-19,514704;-40,661239
26/11/2025;18:20:00;CARATINGA;Velocidade Incompatível;Engavetamento;Com Vítimas Feridas;Anoitecer;Decrescente;Céu Claro;Simples;Reta;-19,718783;-42,128839
26/11/2025;20:45:00;CACOAL;Animais na Pista;Atropelamento de Animal;Com Vítimas Feridas;Plena Noite;Crescente;Nublado;Simples;Reta;-11,49082;-61,37982
26/11/2025;21:00:00;JANDUIS;Animais na Pista;Colisão com objeto;Com Vítimas Fatais;Plena Noite;Crescente;Céu Claro;Simples;Reta;-6,005972;-37,392892
26/11/2025;22:50:00;ITABAIANA;Animais na Pista;Atropelamento de Animal;Sem Vítimas;Plena Noite;Decrescente;Céu Claro;Simples;Reta;-10,64508729;-37,45307922
26/11/2025;21:23:00;TERESINA;Conversão proibida;Colisão transversal;Com Vítimas Feridas;Plena Noite;Decrescente;Céu Claro;Simples;Reta;-5,12023635;-42,78907567
26/11/2025;19:05:00;CEU AZUL;Demais falhas na via;Colisão com objeto;Sem Vítimas;Anoitecer;Decrescente;Céu Claro;Simples;Reta;-25,17916011;-53,87605039
26/11/2025;06:30:00;GOVERNADOR VALADARES;Velocidade Incompatível;Tombamento;Com Vítimas Feridas;Pleno dia;Crescente;Céu Claro;Simples;Curva;-18,8707943;-41,9581861
25/11/2025;05:05:00;JUAZEIRO;Ultrapassagem Indevida;Colisão traseira;Com Vítimas Feridas;Amanhecer;Crescente;Céu Claro;Dupla;Reta;-9,4276;-40,5045
25/11/2025;11:45:00;MURIAE;Velocidade Incompatível;Tombamento;Com Vítimas Feridas;Pleno dia;Decrescente;Céu Claro;Simples;"Curva;Declive";-20,98535074;-42,35502139
25/11/2025;15:30:00;VARJAO DE MINAS;Velocidade Incompatível;Saída de leito carroçável;Com Vítimas Feridas;Pleno dia;Crescente;Chuva;Simples;"Reta;Declive";-18,36017;-46,01881
25/11/2025;17:30:00;FLORIANO;Ultrapassagem Indevida;Colisão lateral mesmo sentido;Com Vítimas Feridas;Anoitecer;Decrescente;Céu Claro;Simples;Rotatória;-6,77718;-43,0331
25/11/2025;16:01:00;PRIMAVERA DO LESTE;Ultrapassagem Indevida;Colisão transversal;Com Vítimas Feridas;Pleno dia;Decrescente;Céu Claro;Simples;Reta;-15,5769128;-54,3426267
25/11/2025;20:45:00;QUIJINGUE;Afundamento ou ondulação no pavimento;Tombamento;Com Vítimas Fatais;Plena Noite;Crescente;Céu Claro;Simples;Reta;-10,763823;-38,899967
25/11/2025;18:30:00;BARRA DO GARCAS;Restrição de visibilidade em curvas verticais;Saída de leito carroçável;Com Vítimas Feridas;Plena Noite;Decrescente;Céu Claro;Simples;Curva;-15,8725199;-52,3855256
25/11/2025;00:18:00;BRASILIA;Demais Fenômenos da natureza;Tombamento;Com Vítimas Feridas;Plena Noite;Crescente;Chuva;Dupla;Reta;-15,59331;-47,599
25/11/2025;02:36:00;JOAO PESSOA;Velocidade Incompatível;Colisão com objeto;Com Vítimas Feridas;Plena Noite;Crescente;Céu Claro;Dupla;Curva;-7,14808;-34,850802
25/11/2025;02:35:00;SAO SEBASTIAO DO PASSE;Animais na Pista;Atropelamento de Animal;Com Vítimas Feridas;Plena Noite;Crescente;Céu Claro;Dupla;Reta;-12,597103;-38,51258
25/11/2025;05:30:00;BRASILIA;Velocidade Incompatível;Capotamento;Com Vítimas Feridas;Amanhecer;Crescente;Chuva;Dupla;Curva;-15,59542597;-47,65046096
25/11/2025;02:30:00;CONCORDIA;Condutor usando celular;Saída de leito carroçável;Com Vítimas Feridas;Plena Noite;Decrescente;Céu Claro;Simples;Curva;-27,26348023;-51,95777893
25/11/2025;07:15:00;PALHOCA;Condutor usando celular;Colisão traseira;Com Vítimas Feridas;Pleno dia;Crescente;Céu Claro;Simples;Reta;-27,68148022;-48,70639293
25/11/2025;07:15:00;NITEROI;Chuva;Tombamento;Com Vítimas Feridas;Pleno dia;Crescente;Chuva;Dupla;Reta;-22,87448485;-43,11030865
25/11/2025;06:30:00;RIO DE JANEIRO;Chuva;Tombamento;Com Vítimas Feridas;Pleno dia;Decrescente;Garoa/Chuvisco;Simples;"Reta;Ponte";-22,86812989;-43,19900131
25/11/2025;10:45:00;BALNEARIO CAMBORIU;Pista esburacada;Tombamento;Com Vítimas Feridas;Pleno dia;Crescente;Céu Claro;Simples;"Interseção de Vias;Aclive";-27,0410899;-48,59973757
25/11/2025;10:39:00;COLATINA;Conversão proibida;Colisão transversal;Com Vítimas Feridas;Pleno dia;Crescente;Céu Claro;Simples;"Reta;Interseção de Vias";-19,51219;-40,604095
25/11/2025;10:15:00;GRAVATA;Condutor usando celular;Colisão traseira;Com Vítimas Feridas;Pleno dia;Decrescente;Céu Claro;Simples;Reta;-8,200989;-35,590754
25/11/2025;14:00:00;TEIXEIRA DE FREITAS;Ultrapassagem Indevida;Colisão lateral sentido oposto;Com Vítimas Feridas;Pleno dia;Crescente;Nublado;Simples;Reta;-17,54360442;-39,71745282
25/11/2025;14:20:00;CLARO DOS POCOES;Velocidade Incompatível;Saída de leito carroçável;Com Vítimas Feridas;Pleno dia;Crescente;Garoa/Chuvisco;Simples;"Aclive;Reta";-16,992862;-44,27341
25/11/2025;14:00:00;SAO JERONIMO;Acesso irregular;Colisão lateral mesmo sentido;Com Vítimas Feridas;Pleno dia;Decrescente;Céu Claro;Simples;"Reta;Interseção de Vias";-29,979082;-51,733048
25/11/2025;15:40:00;GOIATUBA;Chuva;Saída de leito carroçável;Sem Vítimas;Pleno dia;Crescente;Chuva;Dupla;Reta;-17,99525;-49,260828
25/11/2025;16:10:00;MURIAE;Conversão proibida;Colisão transversal;Com Vítimas Feridas;Pleno dia;Crescente;Céu Claro;Simples;Curva;-21,1465078;-42,38139
25/11/2025;17:20:00;JARAGUA DO SUL;Retorno proibido;Colisão lateral mesmo sentido;Com Vítimas Feridas;Pleno dia;Crescente;Céu Claro;Simples;Reta;-26,46594812;-49,12440984
25/11/2025;19:27:00;LAJEADO;Demais falhas na via;Tombamento;Com Vítimas Feridas;Anoitecer;Crescente;Céu Claro;Dupla;Reta;-29,45392616;-51,96159518
25/11/2025;20:30:00;FREI PAULO;Animais na Pista;Atropelamento de Animal;Com Vítimas Feridas;Plena Noite;Crescente;Céu Claro;Simples;Reta;-10,54388845;-37,54963875
25/11/2025;21:00:00;NAVEGANTES;Velocidade Incompatível;Colisão com objeto;Com Vítimas Feridas;Plena Noite;Decrescente;Céu Claro;Múltipla;Reta;-26,87378393;-48,67009727
25/11/2025;22:40:00;SAO LUIS;Pista Escorregadia;Saída de leito carroçável;Com Vítimas Feridas;Plena Noite;Decrescente;Céu Claro;Dupla;Reta;-2,641668;-44,309645
25/11/2025;23:25:00;SANTAREM;Pista esburacada;Queda de ocupante de veículo;Com Vítimas Feridas;Plena Noite;Não Informado;Céu Claro;Simples;Reta;-2,559735;-54,72373724
24/11/2025;12:00:00;SANTANA DO PARAISO;Velocidade Incompatível;Saída de leito carroçável;Com Vítimas Feridas;Pleno dia;Decrescente;Chuva;Simples;"Reta;Declive";-19,44208866;-42,51213446
24/11/2025;14:30:00;LAJEADO;Velocidade Incompatível;Tombamento;Com Vítimas Feridas;Pleno dia;Decrescente;Céu Claro;Dupla;Curva;-29,44767;-51,97286
24/11/2025;13:20:00;LINDOESTE;Condutor usando celular;Saída de leito carroçável;Com Vítimas Feridas;Pleno dia;Crescente;Céu Claro;Simples;"Aclive;Reta";-25,253305;-53,577427
24/11/2025;16:40:00;LEOPOLDINA;Velocidade Incompatível;Colisão lateral sentido oposto;Com Vítimas Feridas;Pleno dia;Decrescente;Garoa/Chuvisco;Simples;"Curva;Declive";-21,578167;-42,687646
24/11/2025;18:45:00;AURORA DO PARA;Ultrapassagem Indevida;Colisão frontal;Com Vítimas Fatais;Plena Noite;Crescente;Céu Claro;Simples;Reta;-2,22039891;-47,56324768
24/11/2025;22:30:00;SERTANIA;Pista esburacada;Saída de leito carroçável;Com Vítimas Feridas;Plena Noite;Crescente;Céu Claro;Simples;Reta;-8,419167;-37,39214
24/11/2025;18:00:00;CENTRALINA;Velocidade Incompatível;Colisão traseira;Sem Vítimas;Pleno dia;Decrescente;Nublado;Dupla;"Reta;Declive";-18,5450472;-49,19397622
24/11/2025;12:49:00;NOVO PROGRESSO;Retorno proibido;Saída de leito carroçável;Com Vítimas Feridas;Pleno dia;Crescente;Céu Claro;Simples;Reta;-7,9118;-55,1696
24/11/2025;12:00:00;ITUMBIARA;Demais Fenômenos da natureza;Incêndio;Sem Vítimas;Pleno dia;Decrescente;Céu Claro;Dupla;Reta;-18,376521;-49,210454
24/11/2025;01:10:00;ANGRA DOS REIS;Pista Escorregadia;Queda de ocupante de veículo;Com Vítimas Feridas;Plena Noite;Crescente;Chuva;Simples;Curva;-22,99600727;-44,30168152
24/11/2025;04:30:00;BARRA DO GARCAS;Conversão proibida;Colisão frontal;Com Vítimas Feridas;Amanhecer;Decrescente;Céu Claro;Simples;Reta;-15,8725226;-52,3855256
24/11/2025;06:25:00;SERRA;Ultrapassagem Indevida;Colisão lateral mesmo sentido;Sem Vítimas;Amanhecer;Crescente;Nublado;Simples;Reta;-20,0488473;-40,3867012
24/11/2025;06:20:00;AURELINO LEAL;Acumulo de água sobre o pavimento;Saída de leito carroçável;Com Vítimas Feridas;Pleno dia;Decrescente;Garoa/Chuvisco;Simples;"Declive;Curva";-14,33603;-39,31627
24/11/2025;08:05:00;NATAL;Ultrapassagem Indevida;Colisão lateral mesmo sentido;Com Vítimas Feridas;Pleno dia;Decrescente;Céu Claro;Dupla;Reta;-5,84915495;-35,20757901
24/11/2025;09:20:00;FEIRA DE SANTANA;Ausência de sinalização;Colisão transversal;Com Vítimas Feridas;Pleno dia;Decrescente;Céu Claro;Simples;Curva;-12,23088552;-38,96385179
24/11/2025;09:10:00;CAMPANHA;Chuva;Saída de leito carroçável;Com Vítimas Feridas;Pleno dia;Decrescente;Chuva;Dupla;Curva;-21,804263;-45,474091
24/11/2025;06:40:00;INHAPIM;Retorno proibido;Colisão transversal;Com Vítimas Fatais;Plena Noite;Decrescente;Céu Claro;Simples;"Interseção de Vias;Curva";-19,441705;-42,129747
24/11/2025;11:40:00;MANGARATIBA;Curva acentuada;Tombamento;Com Vítimas Feridas;Pleno dia;Decrescente;Nublado;Simples;Curva;-22,9800333;-44,0831667
24/11/2025;10:15:00;MARACAJA;Velocidade Incompatível;Tombamento;Com Vítimas Feridas;Pleno dia;Crescente;Nublado;Simples;Interseção de Vias;-28,87806135;-49,45782837
24/11/2025;06:00:00;EXTREMA;Chuva;Saída de leito carroçável;Com Vítimas Feridas;Amanhecer;Decrescente;Chuva;Dupla;Reta;-22,828949;-46,314577
24/11/2025;12:30:00;BETIM;Pista Escorregadia;Colisão lateral mesmo sentido;Com Vítimas Feridas;Pleno dia;Crescente;Céu Claro;Dupla;"Reta;Interseção de Vias";-19,97483736;-44,18800145
24/11/2025;13:30:00;CAMPOS DOS GOYTACAZES;Chuva;Capotamento;Com Vítimas Feridas;Pleno dia;Decrescente;Chuva;Dupla;Curva;-21,83583428;-41,42096798
24/11/2025;12:00:00;CASIMIRO DE ABREU;Velocidade Incompatível;Saída de leito carroçável;Com Vítimas Feridas;Pleno dia;Crescente;Chuva;Dupla;Curva;-22,49334575;-42,11409464
24/11/2025;14:00:00;TEIXEIRA DE FREITAS;Ultrapassagem Indevida;Colisão frontal;Com Vítimas Fatais;Pleno dia;Crescente;Chuva;Simples;"Aclive;Reta";-17,450765;-39,696173
24/11/2025;15:00:00;JABOATAO DOS GUARARAPES;Acesso irregular;Engavetamento;Com Vítimas Feridas;Pleno dia;Crescente;Céu Claro;Dupla;Reta;-8,1847037;-34,9688109
24/11/2025;15:40:00;NATAL;Conversão proibida;Colisão transversal;Com Vítimas Feridas;Pleno dia;Crescente;Céu Claro;Simples;Reta;-5,819943;-35,266727
24/11/2025;17:10:00;ANGRA DOS REIS;Velocidade Incompatível;Saída de leito carroçável;Com Vítimas Feridas;Pleno dia;Crescente;Chuva;Simples;Curva;-23,024712;-44,219631
24/11/2025;18:10:00;MIRANDA DO NORTE;Ultrapassagem Indevida;Saída de leito carroçável;Com Vítimas Feridas;Anoitecer;Decrescente;Céu Claro;Simples;Reta;-3,51862333;-44,55332333
24/11/2025;18:50:00;SAO LUIS;Retorno proibido;Colisão transversal;Com Vítimas Feridas;Plena Noite;Decrescente;Céu Claro;Dupla;Reta;-2,6348;-44,26708
24/11/2025;16:30:00;CAMANDUCAIA;Curva acentuada;Tombamento;Com Vítimas Feridas;Pleno dia;Crescente;Garoa/Chuvisco;Dupla;Curva;-22,77460071;-46,18776155
24/11/2025;20:00:00;MAMANGUAPE;Conversão proibida;Colisão transversal;Com Vítimas Feridas;Plena Noite;Decrescente;Céu Claro;Simples;Reta;-6,845247;-35,1355
24/11/2025;19:10:00;GOVERNADOR VALADARES;Animais na Pista;Atropelamento de Animal;Com Vítimas Feridas;Plena Noite;Crescente;Nublado;Simples;"Reta;Aclive";-18,923736;-42,01833308
24/11/2025;20:20:00;CAXIAS;Acostamento em desnível;Queda de ocupante de veículo;Com Vítimas Feridas;Plena Noite;Decrescente;Céu Claro;Simples;Reta;-4,8604749;-43,4282325
24/11/2025;17:40:00;ATIBAIA;Chuva;Colisão lateral mesmo sentido;Com Vítimas Feridas;Anoitecer;Decrescente;Chuva;Dupla;"Aclive;Reta";-23,10970308;-46,57043307
24/11/2025;21:40:00;CARIACICA;Velocidade Incompatível;Colisão com objeto;Com Vítimas Feridas;Plena Noite;Crescente;Chuva;Múltipla;"Curva;Declive";-20,32446078;-40,39551465
24/11/2025;18:30:00;BARRA DO TURVO;Acumulo de água sobre o pavimento;Saída de leito carroçável;Com Vítimas Feridas;Anoitecer;Crescente;Chuva;Dupla;"Declive;Curva";-25,01902854;-48,51263559
24/11/2025;20:45:00;PETROPOLIS;Demais falhas na via;Tombamento;Com Vítimas Feridas;Plena Noite;Crescente;Chuva;Dupla;"Curva;Declive";-22,55227;-43,251172
24/11/2025;21:00:00;SANTO ANTONIO DO LEVERGER;Condutor usando celular;Colisão com objeto;Sem Vítimas;Plena Noite;Decrescente;Céu Claro;Dupla;Curva;-15,80006505;-55,66086974
24/11/2025;19:00:00;FERNANDES PINHEIRO;Acumulo de água sobre o pavimento;Saída de leito carroçável;Sem Vítimas;Plena Noite;Decrescente;Chuva;Simples;Reta;-25,46338576;-50,54796696
24/11/2025;18:30:00;BREJO SANTO;Velocidade Incompatível;Colisão transversal;Com Vítimas Feridas;Plena Noite;Decrescente;Céu Claro;Simples;Reta;-7,549238;-39,01823
24/11/2025;10:30:00;CAMPO VERDE;Ultrapassagem Indevida;Colisão frontal;Com Vítimas Feridas;Pleno dia;Decrescente;Céu Claro;Simples;Curva;-15,673;-55,263
24/11/2025;20:20:00;SAPUCAIA;Conversão proibida;Colisão transversal;Com Vítimas Feridas;Plena Noite;Crescente;Céu Claro;Dupla;Reta;-21,99929076;-42,92452812
23/11/2025;08:00:00;CAMPOS ALTOS;Curva acentuada;Tombamento;Com Vítimas Feridas;Pleno dia;Decrescente;Céu Claro;Simples;Curva;-19,6665383;-46,158835
23/11/2025;07:10:00;CORREGO DANTA;Velocidade Incompatível;Saída de leito carroçável;Com Vítimas Feridas;Pleno dia;Crescente;Chuva;Simples;"Curva;Declive";-19,72776606;-46,02022648
23/11/2025;10:00:00;BOCAIUVA DO SUL;Velocidade Incompatível;Colisão lateral sentido oposto;Com Vítimas Feridas;Pleno dia;Crescente;Nublado;Simples;Curva;-25,1754711;-49,1131758
23/11/2025;10:30:00;MANGARATIBA;Acesso irregular;Colisão com objeto;Sem Vítimas;Pleno dia;Decrescente;Nublado;Simples;"Túnel;Reta";-22,91893985;-43,91942449
23/11/2025;12:40:00;MONTES CLAROS;Velocidade Incompatível;Saída de leito carroçável;Sem Vítimas;Pleno dia;Decrescente;Nublado;Simples;"Reta;Declive";-16,673528;-43,796813
23/11/2025;17:40:00;BRASILIA;Chuva;Saída de leito carroçável;Com Vítimas Feridas;Anoitecer;Crescente;Chuva;Dupla;Aclive;-15,5817;-47,519385
23/11/2025;20:40:00;LUZIANIA;Chuva;Colisão com objeto;Sem Vítimas;Plena Noite;Decrescente;Chuva;Dupla;Reta;-16,12888;-47,95916
23/11/2025;19:30:00;MILAGRES;Conversão proibida;Colisão traseira;Com Vítimas Feridas;Plena Noite;Decrescente;Céu Claro;Simples;"Reta;Interseção de Vias";-7,396142;-38,961648
23/11/2025;21:40:00;BRASILIA;Pista Escorregadia;Saída de leito carroçável;Com Vítimas Feridas;Plena Noite;Crescente;Chuva;Dupla;"Reta;Declive";-15,581742;-47,518943
23/11/2025;21:24:00;CAPAO ALTO;Velocidade Incompatível;Tombamento;Com Vítimas Fatais;Plena Noite;Crescente;Nublado;Simples;"Curva;Declive";-28,1993521;-50,7271534
23/11/2025;05:04:00;ITUIUTABA;Animais na Pista;Atropelamento de Animal;Sem Vítimas;Amanhecer;Decrescente;Nublado;Simples;Declive;-18,959161;-49,668593
23/11/2025;02:20:00;CAETANOPOLIS;Velocidade Incompatível;Colisão traseira;Com Vítimas Feridas;Plena Noite;Crescente;Chuva;Dupla;Reta;-19,393428;-44,334717
23/11/2025;02:50:00;CAETANOPOLIS;Chuva;Tombamento;Com Vítimas Feridas;Plena Noite;Decrescente;Chuva;Dupla;"Reta;Aclive";-19,392798;-44,334758
23/11/2025;03:45:00;AGRESTINA;Animais na Pista;Atropelamento de Animal;Com Vítimas Feridas;Amanhecer;Crescente;Céu Claro;Simples;Reta;-8,39105;-35,97393
23/11/2025;05:20:00;GOVERNADOR CELSO RAMOS;Velocidade Incompatível;Capotamento;Sem Vítimas;Amanhecer;Decrescente;Céu Claro;Dupla;Interseção de Vias;-27,32559439;-48,62701312
23/11/2025;00:20:00;TRES CORACOES;Velocidade Incompatível;Saída de leito carroçável;Com Vítimas Feridas;Plena Noite;Crescente;Nublado;Dupla;Reta;-21,6793088;-45,3476352
23/11/2025;07:10:00;APARECIDA;Velocidade Incompatível;Colisão transversal;Com Vítimas Feridas;Amanhecer;Crescente;Nublado;Dupla;"Declive;Reta";-22,8535506;-45,23227628
23/11/2025;10:30:00;SIMOES FILHO;Demais falhas na via;Saída de leito carroçável;Com Vítimas Feridas;Pleno dia;Crescente;Sol;Dupla;Reta;-12,76465358;-38,4235754
23/11/2025;07:15:00;GUARAMIRIM;Velocidade Incompatível;Colisão com objeto;Com Vítimas Feridas;Pleno dia;Decrescente;Chuva;Simples;Curva;-26,47437073;-49,02069962
23/11/2025;10:45:00;OLIVEIRA;Velocidade Incompatível;Colisão com objeto;Com Vítimas Feridas;Pleno dia;Decrescente;Chuva;Dupla;"Curva;Declive";-20,817881;-44,798687
23/11/2025;10:50:00;CURITIBA;Velocidade Incompatível;Colisão traseira;Com Vítimas Feridas;Plena Noite;Crescente;Céu Claro;Dupla;Reta;-25,43191414;-49,3644139
23/11/2025;10:35:00;MANHUACU;Ultrapassagem Indevida;Colisão transversal;Com Vítimas Feridas;Pleno dia;Decrescente;Céu Claro;Simples;Reta;-20,26246;-42,16859
23/11/2025;12:00:00;PESCARIA BRAVA;Chuva;Colisão traseira;Com Vítimas Feridas;Pleno dia;Crescente;Chuva;Dupla;Reta;-28,4278788;-48,8842389
23/11/2025;11:40:00;LORENA;Velocidade Incompatível;Colisão traseira;Com Vítimas Feridas;Pleno dia;Decrescente;Céu Claro;Dupla;Reta;-22,7340546;-45,0876557
23/11/2025;11:40:00;DOURADOS;Velocidade Incompatível;Colisão com objeto;Sem Vítimas;Pleno dia;Decrescente;Céu Claro;Dupla;Curva;-22,22382688;-54,73218649
23/11/2025;12:55:00;MAIRIPORA;Ultrapassagem Indevida;Colisão traseira;Sem Vítimas;Pleno dia;Crescente;Nublado;Dupla;"Aclive;Reta";-23,27755482;-46,58598516
23/11/2025;13:25:00;ITAPEVA;Velocidade Incompatível;Queda de ocupante de veículo;Com Vítimas Feridas;Pleno dia;Crescente;Chuva;Dupla;Curva;-22,77142127;-46,20296538
23/11/2025;10:40:00;CORUPA;Pista Escorregadia;Colisão frontal;Com Vítimas Feridas;Pleno dia;Crescente;Garoa/Chuvisco;Simples;"Declive;Curva";-26,39527;-49,300138
23/11/2025;13:20:00;SABARA;Chuva;Colisão lateral sentido oposto;Com Vítimas Feridas;Pleno dia;Decrescente;Chuva;Simples;Curva;-19,78679516;-43,70075123
23/11/2025;11:50:00;JEQUITAI;Chuva;Saída de leito carroçável;Com Vítimas Feridas;Pleno dia;Crescente;Chuva;Simples;Curva;-17,21224027;-44,44202006
23/11/2025;12:00:00;ITATIAIUCU;Chuva;Saída de leito carroçável;Com Vítimas Feridas;Pleno dia;Crescente;Chuva;Dupla;"Curva;Declive";-20,174404;-44,375813
23/11/2025;14:20:00;SAO FRANCISCO DO GLORIA;Chuva;Saída de leito carroçável;Com Vítimas Feridas;Pleno dia;Crescente;Chuva;Simples;Curva;-20,741;-42,286
23/11/2025;13:00:00;BRUMADINHO;Chuva;Queda de ocupante de veículo;Com Vítimas Feridas;Pleno dia;Decrescente;Chuva;Dupla;"Reta;Aclive";-20,133803;-44,309718
23/11/2025;14:15:00;SANTA LUCIA;Pista Escorregadia;Tombamento;Com Vítimas Feridas;Pleno dia;Decrescente;Garoa/Chuvisco;Dupla;"Curva;Declive";-25,38699207;-53,57744694
23/11/2025;14:35:00;JOAO MONLEVADE;Pista Escorregadia;Saída de leito carroçável;Com Vítimas Feridas;Pleno dia;Decrescente;Chuva;Simples;Reta;-19,8499756;-43,1510483
23/11/2025;14:35:00;NOVA ALVORADA DO SUL;Conversão proibida;Colisão lateral mesmo sentido;Com Vítimas Feridas;Pleno dia;Decrescente;Nublado;Simples;"Aclive;Reta";-21,025862;-54,505011
23/11/2025;15:20:00;SANTO ANTONIO DO AMPARO;Velocidade Incompatível;Saída de leito carroçável;Com Vítimas Feridas;Pleno dia;Crescente;Nublado;Dupla;"Aclive;Curva";-20,86571982;-44,84099181
23/11/2025;13:20:00;PORTO VELHO;Acumulo de água sobre o pavimento;Saída de leito carroçável;Com Vítimas Feridas;Pleno dia;Crescente;Chuva;Simples;Curva;-9,201413;-64,326282
23/11/2025;16:00:00;ITATIAIUCU;Velocidade Incompatível;Saída de leito carroçável;Com Vítimas Feridas;Pleno dia;Crescente;Chuva;Dupla;Curva;-20,17343954;-44,375453
23/11/2025;13:55:00;TRES CORACOES;Velocidade Incompatível;Saída de leito carroçável;Com Vítimas Feridas;Pleno dia;Crescente;Nublado;Dupla;"Curva;Declive";-21,562228;-45,243762
23/11/2025;16:00:00;CAMPINA GRANDE DO SUL;Chuva;Saída de leito carroçável;Com Vítimas Feridas;Pleno dia;Crescente;Chuva;Dupla;Curva;-25,085806;-48,610094
23/11/2025;16:30:00;URUACU;Chuva;Saída de leito carroçável;Com Vítimas Feridas;Pleno dia;Crescente;Chuva;Simples;Reta;-14,614319;-49,16925
23/11/2025;18:15:00;SAO GONCALO DO RIO ABAIXO;Velocidade Incompatível;Colisão frontal;Com Vítimas Feridas;Anoitecer;Crescente;Garoa/Chuvisco;Simples;Aclive;-19,85747021;-43,23784186
23/11/2025;18:10:00;CAETE;Velocidade Incompatível;Colisão traseira;Com Vítimas Fatais;Anoitecer;Crescente;Chuva;Dupla;"Declive;Curva";-19,778219;-43,656309
23/11/2025;19:00:00;BETIM;Velocidade Incompatível;Capotamento;Com Vítimas Feridas;Anoitecer;Decrescente;Nublado;Simples;Retorno Regulamentado;-19,98671549;-44,2019248
23/11/2025;16:00:00;SAUDADES;Velocidade Incompatível;Colisão com objeto;Sem Vítimas;Pleno dia;Decrescente;Chuva;Simples;Curva;-26,82995797;-53,1255383
23/11/2025;18:30:00;COQUEIRO SECO;Velocidade Incompatível;Saída de leito carroçável;Com Vítimas Fatais;Plena Noite;Crescente;Céu Claro;Simples;Reta;-9,64511;-35,857438
23/11/2025;18:40:00;BARRA DO TURVO;Chuva;Queda de ocupante de veículo;Com Vítimas Feridas;Plena Noite;Crescente;Chuva;Dupla;Curva;-24,928845;-48,271605
23/11/2025;17:05:00;EXTREMA;Chuva;Colisão traseira;Com Vítimas Feridas;Pleno dia;Decrescente;Chuva;Dupla;Curva;-22,7880247;-46,2428818
23/11/2025;18:10:00;FLORIANOPOLIS;Acumulo de água sobre o pavimento;Saída de leito carroçável;Com Vítimas Feridas;Anoitecer;Decrescente;Chuva;Múltipla;Viaduto;-27,5972096;-48,5556224
23/11/2025;17:00:00;EXTREMA;Acumulo de água sobre o pavimento;Saída de leito carroçável;Com Vítimas Feridas;Pleno dia;Decrescente;Chuva;Dupla;Curva;-22,7880247;-46,2428818
23/11/2025;18:30:00;BOM JESUS;Pista esburacada;Tombamento;Com Vítimas Feridas;Plena Noite;Crescente;Nublado;Dupla;"Interseção de Vias;Curva";-9,078082;-44,338043
23/11/2025;18:10:00;ARAQUARI;Acumulo de água sobre o pavimento;Colisão com objeto;Com Vítimas Feridas;Anoitecer;Crescente;Chuva;Dupla;Reta;-26,43629012;-48,8121241
23/11/2025;18:45:00;GUARAPUAVA;Velocidade Incompatível;Colisão frontal;Com Vítimas Feridas;Anoitecer;Crescente;Garoa/Chuvisco;Simples;Curva;-25,366;-51,348