data_inversa;horario;municipio;causa_acidente;tipo_acidente;classificacao_acidente;fase_dia;sentido_via;condicao_metereologica;tipo_pista;tracado_via;latitude;longitude
12/11/2025;18:30:00;VITORIA DA CONQUISTA;Velocidade Incompatível;Tombamento;Com Vítimas Feridas;Plena Noite;Crescente;Nublado;Simples;Reta;-14,78533;-40,745082
12/11/2025;19:00:00;PROFESSOR JAMIL;Chuva;Saída de leito carroçável;Com Vítimas Feridas;Plena Noite;Decrescente;Chuva;Dupla;Reta;-17,278297;-49,23673
12/11/2025;18:30:00;PAULO FRONTIN;Acumulo de água sobre o pavimento;Saída de leito carroçável;Sem Vítimas;Anoitecer;Crescente;Chuva;Simples;Curva;-26,02488164;-50,67259312
12/11/2025;19:30:00;ANGRA DOS REIS;Conversão proibida;Colisão transversal;Com Vítimas Feridas;Plena Noite;Crescente;Céu Claro;Simples;Reta;-22,990534;-44,304098
12/11/2025;18:40:00;JUAZEIRO;Iluminação deficiente;Atropelamento de Pedestre;Com Vítimas Feridas;Plena Noite;Crescente;Céu Claro;Dupla;Reta;-9,431657;-40,502968
12/11/2025;22:00:00;ITABAIANA;Animais na Pista;Atropelamento de Animal;Com Vítimas Feridas;Plena Noite;Crescente;Céu Claro;Simples;Reta;-10,65134471;-37,45084612
12/11/2025;21:45:00;JANDAIA DO SUL;Chuva;Tombamento;Com Vítimas Feridas;Plena Noite;Crescente;Chuva;Dupla;Reta;-23,57274911;-51,65377736
12/11/2025;23:46:00;TRES RIOS;Velocidade Incompatível;Colisão com objeto;Com Vítimas Fatais;Plena Noite;Crescente;Céu Claro;Dupla;"Declive;Curva";-22,098955;-43,172364
12/11/2025;16:45:00;CASSILANDIA;Ultrapassagem Indevida;Colisão transversal;Com Vítimas Feridas;Pleno dia;Crescente;Céu Claro;Simples;Reta;-19,119914;-51,734614
12/11/2025;19:00:00;PAULO AFONSO;Conversão proibida;Colisão traseira;Com Vítimas Feridas;Plena Noite;Decrescente;Céu Claro;Simples;Reta;-9,44271181;-38,20298195
12/11/2025;21:00:00;CAMPO GRANDE;Chuva;Colisão traseira;Com Vítimas Feridas;Plena Noite;Crescente;Chuva;Simples;"Reta;Aclive";-20,4713573;-54,4441568
12/11/2025;18:00:00;IPOJUCA;Demais falhas na via;Tombamento;Com Vítimas Feridas;Plena Noite;Decrescente;Ignorado;Dupla;Reta;-8,35303;-35,16889
11/11/2025;05:20:00;ANCHIETA;Velocidade Incompatível;Tombamento;Com Vítimas Fatais;Pleno dia;Decrescente;Nublado;Dupla;Curva;-20,68936292;-40,69499016
11/11/2025;07:51:00;GUARAPUAVA;Conversão proibida;Colisão traseira;Com Vítimas Feridas;Pleno dia;Decrescente;Céu Claro;Simples;Reta;-25,427517;-51,596439
11/11/2025;08:30:00;POSSE;Ultrapassagem Indevida;Colisão frontal;Com Vítimas Feridas;Pleno dia;Decrescente;Céu Claro;Simples;"Reta;Aclive";-14,25;-46,36
11/11/2025;09:50:00;SAO JOSE;Velocidade Incompatível;Colisão lateral mesmo sentido;Com Vítimas Feridas;Pleno dia;Crescente;Céu Claro;Múltipla;Reta;-27,59314792;-48,61859735
11/11/2025;09:00:00;NOVA SANTA HELENA;Ultrapassagem Indevida;Colisão transversal;Com Vítimas Feridas;Pleno dia;Decrescente;Sol;Simples;Reta;-10,9195;-55,2015
11/11/2025;11:20:00;MATELANDIA;Velocidade Incompatível;Saída de leito carroçável;Com Vítimas Fatais;Pleno dia;Decrescente;Sol;Dupla;Reta;-25,25217;-54,00264
11/11/2025;05:00:00;ARAGUATINS;Velocidade Incompatível;Tombamento;Com Vítimas Feridas;Amanhecer;Crescente;Céu Claro;Simples;Curva;-5,77871323;-48,02752376
11/11/2025;13:15:00;SANTA RITA;Velocidade Incompatível;Saída de leito carroçável;Com Vítimas Fatais;Pleno dia;Crescente;Céu Claro;Dupla;"Reta;Declive";-7,06792324;-35,00440434
11/11/2025;15:00:00;GOVERNADOR VALADARES;Acesso irregular;Colisão traseira;Com Vítimas Feridas;Pleno dia;Crescente;Sol;Simples;Curva;-18,92934777;-42,04370087
11/11/2025;17:10:00;LINHARES;Ultrapassagem Indevida;Colisão frontal;Com Vítimas Fatais;Pleno dia;Crescente;Nublado;Simples;Reta;-19,48465;-40,12098
11/11/2025;18:35:00;MIRACATU;Velocidade Incompatível;Capotamento;Com Vítimas Feridas;Plena Noite;Crescente;Céu Claro;Dupla;Curva;-24,0869302;-47,2553965
11/11/2025;08:50:00;BARRA DO PIRAI;Velocidade Incompatível;Tombamento;Com Vítimas Feridas;Pleno dia;Crescente;Sol;Simples;"Declive;Curva";-22,4742917;-43,993755
11/11/2025;06:40:00;ARAUCARIA;Conversão proibida;Colisão lateral mesmo sentido;Com Vítimas Feridas;Pleno dia;Crescente;Sol;Simples;Reta;-25,63269138;-49,45905927
11/11/2025;04:00:00;ARIQUEMES;Animais na Pista;Atropelamento de Animal;Sem Vítimas;Amanhecer;Crescente;Garoa/Chuvisco;Simples;Reta;-10,09929;-62,95549
11/11/2025;08:00:00;MARACAJA;Acumulo de areia ou detritos sobre o pavimento;Tombamento;Com Vítimas Feridas;Pleno dia;Crescente;Céu Claro;Dupla;Reta;-28,87005167;-49,45141554
11/11/2025;05:25:00;COMODORO;Acumulo de água sobre o pavimento;Saída de leito carroçável;Com Vítimas Feridas;Amanhecer;Crescente;Chuva;Simples;"Reta;Declive";-13,71836213;-59,78024622
11/11/2025;08:00:00;MANGARATIBA;Pista esburacada;Tombamento;Com Vítimas Feridas;Pleno dia;Crescente;Céu Claro;Simples;"Reta;Declive";-23,03340247;-44,15515848
11/11/2025;15:10:00;CAPIVARI DE BAIXO;Afundamento ou ondulação no pavimento;Colisão com objeto;Com Vítimas Feridas;Pleno dia;Decrescente;Céu Claro;Dupla;Reta;-28,42459288;-48,93908914
11/11/2025;17:00:00;SAO GONCALO DO AMARANTE;Deficiência do Sistema de Iluminação/Sinalização;Colisão lateral mesmo sentido;Com Vítimas Feridas;Plena Noite;Crescente;Céu Claro;Simples;Reta;-5,7045359;-35,2658905
11/11/2025;17:45:00;JOAO PESSOA;Velocidade Incompatível;Colisão traseira;Com Vítimas Feridas;Anoitecer;Decrescente;Céu Claro;Dupla;"Aclive;Reta";-7,125752;-34,845212
11/11/2025;10:00:00;BERURI;Velocidade Incompatível;Capotamento;Com Vítimas Fatais;Pleno dia;Decrescente;Céu Claro;Simples;Reta;-4,99901;-61,59312
11/11/2025;16:40:00;BARREIRAS;Conversão proibida;Colisão transversal;Com Vítimas Feridas;Pleno dia;Decrescente;Céu Claro;Simples;"Reta;Aclive";-12,27735;-45,0234
11/11/2025;18:00:00;CAPIVARI DE BAIXO;Velocidade Incompatível;Colisão com objeto;Com Vítimas Feridas;Anoitecer;Crescente;Céu Claro;Múltipla;Curva;-28,45044924;-48,97226572
11/11/2025;18:50:00;DOM ELISEU;Deficiência do Sistema de Iluminação/Sinalização;Colisão traseira;Com Vítimas Fatais;Pleno dia;Decrescente;Céu Claro;Simples;Reta;-4,30437;-47,593716
11/11/2025;20:32:00;ANGRA DOS REIS;Conversão proibida;Colisão transversal;Com Vítimas Feridas;Plena Noite;Crescente;Céu Claro;Simples;Curva;-22,99887135;-44,25349832
11/11/2025;19:00:00;BARRA DO GARCAS;Velocidade Incompatível;Colisão transversal;Com Vítimas Feridas;Plena Noite;Decrescente;Céu Claro;Dupla;Reta;-15,87808304;-52,31253359
10/11/2025;06:50:00;TERESINA;Conversão proibida;Colisão lateral mesmo sentido;Com Vítimas Feridas;Pleno dia;Decrescente;Céu Claro;Dupla;Rotatória;-5,082948;-42,750365
10/11/2025;06:00:00;EXTREMA;Velocidade Incompatível;Colisão com objeto;Com Vítimas Fatais;Pleno dia;Crescente;Céu Claro;Dupla;"Curva;Declive";-22,86195573;-46,34460121
10/11/2025;15:00:00;CONCEICAO DA BARRA;Velocidade Incompatível;Colisão com objeto;Com Vítimas Feridas;Pleno dia;Crescente;Nublado;Simples;"Reta;Aclive";-18,41387882;-39,93650286
10/11/2025;16:40:00;PALMEIRA;Ultrapassagem Indevida;Colisão frontal;Com Vítimas Feridas;Pleno dia;Crescente;Céu Claro;Dupla;"Declive;Reta";-25,459;-50,213
10/11/2025;07:30:00;ELDORADO DO CARAJAS;Falta de acostamento;Tombamento;Com Vítimas Feridas;Pleno dia;Crescente;Céu Claro;Simples;"Reta;Ponte";-5,99890676;-49,24918151
10/11/2025;22:40:00;CAMPOS DOS GOYTACAZES;Conversão proibida;Colisão transversal;Com Vítimas Fatais;Plena Noite;Crescente;Céu Claro;Simples;"Reta;Retorno Regulamentado";-21,775177;-41,363215
10/11/2025;20:30:00;POUSO ALTO;Declive acentuado;Tombamento;Com Vítimas Feridas;Plena Noite;Crescente;Nublado;Simples;Curva;-22,17344749;-44,96430427
10/11/2025;06:05:00;JUATUBA;Animais na Pista;Atropelamento de Animal;Com Vítimas Feridas;Pleno dia;Decrescente;Céu Claro;Dupla;Reta;-19,97261726;-44,27967517
10/11/2025;05:50:00;CONCEICAO DO JACUIPE;Pista Escorregadia;Saída de leito carroçável;Com Vítimas Feridas;Amanhecer;Decrescente;Nublado;Múltipla;Reta;-12,36761575;-38,81547846
10/11/2025;07:50:00;SERRA;Velocidade Incompatível;Saída de leito carroçável;Com Vítimas Feridas;Pleno dia;Crescente;Nublado;Dupla;"Curva;Declive";-20,21752;-40,33552
10/11/2025;07:25:00;TORITAMA;Velocidade Incompatível;Tombamento;Com Vítimas Fatais;Amanhecer;Decrescente;Céu Claro;Dupla;Reta;-8,00200498;-36,09070513
10/11/2025;07:45:00;JUATUBA;Velocidade Incompatível;Tombamento;Com Vítimas Feridas;Pleno dia;Crescente;Nublado;Dupla;"Reta;Viaduto";-19,9565739;-44,3450864
10/11/2025;04:50:00;CACERES;Animais na Pista;Atropelamento de Animal;Sem Vítimas;Amanhecer;Decrescente;Céu Claro;Simples;Reta;-15,927;-57,795
10/11/2025;09:50:00;MAGE;Conversão proibida;Colisão transversal;Com Vítimas Feridas;Pleno dia;Decrescente;Nublado;Dupla;Reta;-22,65932394;-43,0777359
10/11/2025;09:00:00;SALVADOR;Demais falhas na via;Queda de ocupante de veículo;Com Vítimas Feridas;Pleno dia;Crescente;Sol;Múltipla;Reta;-12,89433554;-38,44765523
10/11/2025;08:10:00;UBERABA;Velocidade Incompatível;Saída de leito carroçável;Com Vítimas Feridas;Pleno dia;Crescente;Céu Claro;Dupla;Curva;-19,60289;-48,02622
10/11/2025;07:45:00;FRONTEIRA;Afundamento ou ondulação no pavimento;Tombamento;Com Vítimas Feridas;Pleno dia;Decrescente;Céu Claro;Simples;Reta;-20,140036;-49,110925
10/11/2025;11:20:00;PESQUEIRA;Acesso irregular;Colisão transversal;Com Vítimas Feridas;Pleno dia;Crescente;Céu Claro;Dupla;Reta;-8,375242;-36,718362
10/11/2025;10:15:00;MAGE;Velocidade Incompatível;Capotamento;Com Vítimas Feridas;Pleno dia;Decrescente;Céu Claro;Dupla;"Reta;Declive";-22,66429202;-43,11304231
10/11/2025;16:30:00;CAMPO GRANDE;Ultrapassagem Indevida;Saída de leito carroçável;Com Vítimas Feridas;Pleno dia;Crescente;Céu Claro;Simples;Reta;-20,470982;-54,559526
10/11/2025;15:25:00;SANTA TEREZA DE GOIAS;Chuva;Saída de leito carroçável;Com Vítimas Feridas;Pleno dia;Decrescente;Chuva;Simples;"Declive;Reta";-13,55623;-49,0655
10/11/2025;19:00:00;MORRINHOS;Velocidade Incompatível;Saída de leito carroçável;Com Vítimas Feridas;Anoitecer;Crescente;Céu Claro;Dupla;Reta;-17,89650262;-49,23464924
10/11/2025;20:00:00;MOSSORO;Conversão proibida;Colisão transversal;Com Vítimas Feridas;Plena Noite;Crescente;Ignorado;Simples;Reta;-5,20745;-37,33135
10/11/2025;15:45:00;BARRO ALTO;Acumulo de areia ou detritos sobre o pavimento;Colisão com objeto;Sem Vítimas;Pleno dia;Decrescente;Céu Claro;Simples;Reta;-14,94994122;-48,93317968
10/11/2025;21:55:00;SAO PAULO;Ausência de sinalização;Colisão traseira;Com Vítimas Feridas;Plena Noite;Crescente;Céu Claro;Múltipla;Reta;-23,501796;-46,564382
10/11/2025;19:30:00;JABOATAO DOS GUARARAPES;Velocidade Incompatível;Queda de ocupante de veículo;Com Vítimas Fatais;Plena Noite;Crescente;Céu Claro;Dupla;"Curva;Aclive";-8,141423;-34,946541
10/11/2025;16:30:00;FREI INOCENCIO;Conversão proibida;Colisão traseira;Com Vítimas Feridas;Pleno dia;Decrescente;Nublado;Simples;Reta;-18,446999;-41,844493
10/11/2025;22:30:00;SAO GABRIEL;Afundamento ou ondulação no pavimento;Tombamento;Com Vítimas Feridas;Plena Noite;Crescente;Céu Claro;Simples;Rotatória;-30,33710636;-54,34527604
10/11/2025;04:00:00;PALMEIRA;Deficiência do Sistema de Iluminação/Sinalização;Colisão com objeto;Sem Vítimas;Plena Noite;Crescente;Céu Claro;Dupla;Reta;-25,411054;-49,778265
10/11/2025;16:30:00;BETIM;Velocidade Incompatível;Tombamento;Com Vítimas Feridas;Pleno dia;Crescente;Céu Claro;Múltipla;"Declive;Reta";-19,9581296;-44,076519
10/11/2025;12:47:00;FOZ DO IGUACU;Acumulo de areia ou detritos sobre o pavimento;Tombamento;Com Vítimas Feridas;Pleno dia;Crescente;Céu Claro;Dupla;Reta;-25,58524676;-54,52361075
09/11/2025;14:00:00;CALIFORNIA;Conversão proibida;Colisão transversal;Com Vítimas Feridas;Pleno dia;Decrescente;Céu Claro;Simples;Aclive;-23,672237;-51,355786
09/11/2025;17:20:00;TIANGUA;Velocidade Incompatível;Tombamento;Com Vítimas Fatais;Pleno dia;Decrescente;Céu Claro;Simples;"Declive;Curva";-3,66282;-40,943523
09/11/2025;16:30:00;PEDRA PRETA;Acostamento em desnível;Saída de leito carroçável;Sem Vítimas;Pleno dia;Decrescente;Céu Claro;Simples;Reta;-16,68012124;-54,29507026
09/11/2025;18:30:00;MANHUACU;Velocidade Incompatível;Saída de leito carroçável;Com Vítimas Feridas;Anoitecer;Crescente;Chuva;Simples;Curva;-20,2254745;-42,177796
09/11/2025;09:30:00;JAGUAQUARA;Ultrapassagem Indevida;Colisão frontal;Com Vítimas Feridas;Pleno dia;Crescente;Sol;Simples;Reta;-13,34782309;-40,01653682
09/11/2025;21:25:00;MONTE ALEGRE DE MINAS;Conversão proibida;Colisão lateral mesmo sentido;Com Vítimas Feridas;Plena Noite;Crescente;Céu Claro;Dupla;Aclive;-18,87102671;-49,06569779
09/11/2025;23:45:00;CORREGO DANTA;Velocidade Incompatível;Tombamento;Sem Vítimas;Plena Noite;Decrescente;Céu Claro;Simples;Reta;-19,74942627;-45,98908838
09/11/2025;01:25:00;SAO JOSE DOS PINHAIS;Velocidade Incompatível;Capotamento;Com Vítimas Feridas;Plena Noite;Crescente;Céu Claro;Dupla;Reta;-25,50575;-49,14141
09/11/2025;02:45:00;ARAGUARI;Chuva;Saída de leito carroçável;Sem Vítimas;Plena Noite;Crescente;Chuva;Dupla;"Aclive;Curva";-18,61971571;-48,11011255
09/11/2025;03:00:00;RIACHAO DAS NEVES;Animais na Pista;Atropelamento de Animal;Com Vítimas Feridas;Plena Noite;Crescente;Céu Claro;Simples;Reta;-11,84584704;-44,85168457
09/11/2025;03:30:00;CATALAO;Velocidade Incompatível;Capotamento;Com Vítimas Feridas;Plena Noite;Crescente;Chuva;Dupla;Curva;-18,1644015;-47,9102938
09/11/2025;04:11:00;RECIFE;Velocidade Incompatível;Colisão lateral mesmo sentido;Sem Vítimas;Amanhecer;Crescente;Sol;Dupla;"Viaduto;Aclive";-8;-34,94126
09/11/2025;03:15:00;TUBARAO;Velocidade Incompatível;Colisão traseira;Com Vítimas Feridas;Plena Noite;Crescente;Garoa/Chuvisco;Múltipla;"Aclive;Curva";-28,479608;-49,033973
09/11/2025;04:30:00;JANDAIA DO SUL;Velocidade Incompatível;Colisão com objeto;Com Vítimas Feridas;Plena Noite;Crescente;Nublado;Simples;Rotatória;-23,58819112;-51,64579645
09/11/2025;05:10:00;CARANDAI;Chuva;Tombamento;Sem Vítimas;Amanhecer;Crescente;Chuva;Simples;Reta;-21,01945186;-43,78309099
09/11/2025;05:35:00;BETIM;Pista Escorregadia;Colisão com objeto;Com Vítimas Feridas;Pleno dia;Crescente;Garoa/Chuvisco;Múltipla;Declive;-19,95625;-44,11862
09/11/2025;05:05:00;JACAREZINHO;Velocidade Incompatível;Colisão transversal;Com Vítimas Feridas;Amanhecer;Crescente;Céu Claro;Simples;Interseção de Vias;-23,14364968;-49,94945733
09/11/2025;06:00:00;JARU;Acumulo de areia ou detritos sobre o pavimento;Tombamento;Com Vítimas Feridas;Pleno dia;Crescente;Céu Claro;Simples;Reta;-10,39447035;-62,53395656
09/11/2025;08:10:00;CAMPINA GRANDE DO SUL;Pista Escorregadia;Atropelamento de Pedestre;Com Vítimas Feridas;Pleno dia;Decrescente;Garoa/Chuvisco;Dupla;Curva;-25,16901964;-48,86648449
09/11/2025;07:15:00;BOA VISTA;Acesso irregular;Colisão frontal;Com Vítimas Feridas;Pleno dia;Crescente;Céu Claro;Simples;Reta;2,892098;-60,702731
09/11/2025;03:30:00;PETROLINA;Velocidade Incompatível;Colisão com objeto;Sem Vítimas;Plena Noite;Crescente;Céu Claro;Dupla;Reta;-9,341135;-40,470341
09/11/2025;08:20:00;BELA VISTA DE MINAS;Velocidade Incompatível;Saída de leito carroçável;Sem Vítimas;Pleno dia;Decrescente;Nublado;Simples;Curva;-19,84212935;-43,09771007
09/11/2025;09:20:00;PALHOCA;Velocidade Incompatível;Capotamento;Com Vítimas Feridas;Pleno dia;Crescente;Nublado;Dupla;Reta;-27,75945867;-48,63102134
09/11/2025;09:30:00;HUMAITA;Conversão proibida;Colisão traseira;Com Vítimas Feridas;Pleno dia;Crescente;Céu Claro;Simples;Reta;-7,52030989;-63,03480864
09/11/2025;07:00:00;PRESIDENTE DUTRA;Velocidade Incompatível;Colisão com objeto;Com Vítimas Fatais;Pleno dia;Crescente;Céu Claro;Simples;Reta;-5,304775;-44,371938
09/11/2025;15:10:00;ANAPOLIS;Velocidade Incompatível;Colisão traseira;Com Vítimas Feridas;Pleno dia;Decrescente;Céu Claro;Dupla;Reta;-16,378361;-48,949208
09/11/2025;05:34:00;JOAO PINHEIRO;Animais na Pista;Atropelamento de Animal;Com Vítimas Feridas;Amanhecer;Decrescente;Nevoeiro/Neblina;Simples;Reta;-17,736;-46,191
09/11/2025;17:30:00;JAMPRUCA;Pista Escorregadia;Colisão lateral mesmo sentido;Com Vítimas Feridas;Anoitecer;Crescente;Chuva;Simples;Curva;-18,409083;-41,819253
09/11/2025;17:15:00;CAMPO LARGO;Velocidade Incompatível;Queda de ocupante de veículo;Com Vítimas Feridas;Pleno dia;Crescente;Céu Claro;Dupla;Curva;-25,433088;-49,417315
09/11/2025;18:20:00;BURITI DOS LOPES;Acesso irregular;Colisão traseira;Com Vítimas Feridas;Plena Noite;Decrescente;Céu Claro;Simples;Reta;-3,17899661;-41,86114937
09/11/2025;18:30:00;GOIANA;Deficiência do Sistema de Iluminação/Sinalização;Colisão traseira;Com Vítimas Fatais;Plena Noite;Crescente;Nublado;Dupla;Reta;-7,674655;-34,9294066
09/11/2025;19:10:00;CANOAS;Desvio temporário;Colisão com objeto;Com Vítimas Feridas;Plena Noite;Crescente;Céu Claro;Dupla;Interseção de Vias;-29,9283894;-51,1775632
09/11/2025;19:10:00;IBIRACU;Animais na Pista;Atropelamento de Animal;Com Vítimas Feridas;Plena Noite;Crescente;Nublado;Simples;Curva;-19,78271;-40,371653
09/11/2025;17:40:00;PLANALTO;Velocidade Incompatível;Saída de leito carroçável;Com Vítimas Feridas;Anoitecer;Crescente;Céu Claro;Simples;Curva;-25,729517;-53,78516
09/11/2025;19:50:00;CONSELHEIRO LAFAIETE;Velocidade Incompatível;Colisão traseira;Com Vítimas Feridas;Plena Noite;Decrescente;Céu Claro;Dupla;"Aclive;Reta";-20,593594;-43,804014
09/11/2025;19:30:00;ALTOS;Animais na Pista;Atropelamento de Animal;Com Vítimas Feridas;Plena Noite;Crescente;Céu Claro;Simples;Reta;-4,939178;-42,319018
09/11/2025;21:00:00;CARAVELAS;Velocidade Incompatível;Saída de leito carroçável;Com Vítimas Feridas;Plena Noite;Decrescente;Nublado;Simples;Curva;-17,69228981;-39,77453327
09/11/2025;20:15:00;ACU;Ultrapassagem Indevida;Colisão frontal;Com Vítimas Feridas;Plena Noite;Crescente;Nublado;Simples;"Reta;Declive";-5,531434;-37,098383
09/11/2025;23:30:00;ITAPECERICA DA SERRA;Velocidade Incompatível;Capotamento;Sem Vítimas;Plena Noite;Decrescente;Nublado;Dupla;Curva;-23,68371025;-46,85882803
09/11/2025;23:25:00;REGISTRO;Animais na Pista;Atropelamento de Animal;Com Vítimas Fatais;Plena Noite;Decrescente;Nevoeiro/Neblina;Dupla;Reta;-24,416305;-47,761432
09/11/2025;22:15:00;CENTRALINA;Condutor usando celular;Colisão traseira;Com Vítimas Feridas;Plena Noite;Crescente;Céu Claro;Dupla;Reta;-18,63732128;-49,18052121
09/11/2025;20:33:00;POCO DE JOSE DE MOURA;Animais na Pista;Atropelamento de Animal;Com Vítimas Feridas;Plena Noite;Crescente;Céu Claro;Simples;Reta;-6,53515162;-38,50009921
09/11/2025;19:30:00;PINHALZINHO;Ultrapassagem Indevida;Saída de leito carroçável;Com Vítimas Feridas;Plena Noite;Decrescente;Céu Claro;Simples;Curva;-26,83291626;-53,01292038
09/11/2025;21:10:00;CANDEIAS;Ausência de sinalização;Colisão frontal;Com Vítimas Feridas;Plena Noite;Decrescente;Ignorado;Dupla;Curva;-12,62789796;-38,47849343
09/11/2025;08:15:00;MANGARATIBA;Ultrapassagem Indevida;Colisão frontal;Com Vítimas Feridas;Pleno dia;Decrescente;Garoa/Chuvisco;Simples;Túnel;-22,91982026;-43,91887665
08/11/2025;00:33:00;PALMEIRA;Velocidade Incompatível;Colisão com objeto;Com Vítimas Feridas;Plena Noite;Decrescente;Chuva;Simples;Curva;-25,43273333;-50,1436615
08/11/2025;04:30:00;JOAO MONLEVADE;Velocidade Incompatível;Tombamento;Com Vítimas Fatais;Amanhecer;Crescente;Nublado;Simples;"Declive;Curva";-19,85080675;-43,21643829
08/11/2025;06:50:00;PIRAI;Chuva;Tombamento;Com Vítimas Feridas;Amanhecer;Decrescente;Chuva;Dupla;Curva;-22,667;-43,861
08/11/2025;08:22:00;LAVRAS;Chuva;Saída de leito carroçável;Com Vítimas Feridas;Pleno dia;Crescente;Chuva;Dupla;Curva;-21,17704878;-45,12531281
08/11/2025;10:00:00;SABARA;Chuva;Colisão frontal;Com Vítimas Feridas;Pleno dia;Decrescente;Chuva;Simples;Reta;-19,78796;-43,699156
08/11/2025;09:17:00;ITATIAIUCU;Velocidade Incompatível;Colisão traseira;Com Vítimas Feridas;Pleno dia;Decrescente;Chuva;Dupla;"Declive;Reta";-20,24818614;-44,41171646
08/11/2025;12:27:00;POMBOS;Acesso irregular;Colisão traseira;Sem Vítimas;Pleno dia;Decrescente;Céu Claro;Dupla;Reta;-8,15798702;-35,42867057
08/11/2025;12:00:00;ICARA;Chuva;Colisão lateral mesmo sentido;Com Vítimas Feridas;Pleno dia;Crescente;Chuva;Múltipla;Aclive;-28,699211;-49,191565
08/11/2025;14:30:00;JUQUITIBA;Velocidade Incompatível;Colisão traseira;Com Vítimas Feridas;Pleno dia;Decrescente;Céu Claro;Dupla;"Aclive;Reta";-23,96528712;-47,12757127
08/11/2025;09:45:00;MANHUACU;Velocidade Incompatível;Colisão frontal;Com Vítimas Fatais;Pleno dia;Decrescente;Chuva;Simples;Curva;-20,28141;-42,202137
08/11/2025;14:00:00;NOVA ITARANA;Falta de acostamento;Saída de leito carroçável;Sem Vítimas;Pleno dia;Decrescente;Céu Claro;Simples;Reta;-13,10743;-39,97652
08/11/2025;08:20:00;CAMPO MAIOR;Ultrapassagem Indevida;Colisão frontal;Com Vítimas Feridas;Pleno dia;Decrescente;Céu Claro;Simples;Reta;-4,8463872;-42,1888
08/11/2025;13:50:00;CORUPA;Velocidade Incompatível;Tombamento;Com Vítimas Feridas;Pleno dia;Crescente;Sol;Simples;"Curva;Declive";-26,394954;-49,299862
08/11/2025;17:30:00;URUCUCA;Ultrapassagem Indevida;Colisão transversal;Sem Vítimas;Anoitecer;Crescente;Céu Claro;Simples;Reta;-14,55255637;-39,33641911
08/11/2025;20:15:00;BREJO GRANDE DO ARAGUAIA;Ultrapassagem Indevida;Colisão frontal;Com Vítimas Fatais;Plena Noite;Crescente;Nublado;Simples;"Reta;Declive";-5,67932;-48,28531
08/11/2025;14:34:00;BARRO ALTO;Chuva;Saída de leito carroçável;Com Vítimas Feridas;Pleno dia;Decrescente;Chuva;Dupla;Interseção de Vias;-14,97908203;-48,92981239
08/11/2025;13:05:00;LAGES;Velocidade Incompatível;Colisão lateral mesmo sentido;Sem Vítimas;Pleno dia;Decrescente;Céu Claro;Múltipla;"Interseção de Vias;Declive;Rotatória";-27,8716689;-50,39990902
08/11/2025;09:55:00;FREDERICO WESTPHALEN;Velocidade Incompatível;Colisão lateral sentido oposto;Com Vítimas Fatais;Pleno dia;Decrescente;Nublado;Simples;Curva;-27,32964704;-53,3765173
08/11/2025;01:00:00;CURITIBA;Chuva;Colisão com objeto;Sem Vítimas;Plena Noite;Decrescente;Chuva;Dupla;Reta;-25,45211;-49,226826
08/11/2025;00:30:00;PORTO VELHO;Animais na Pista;Atropelamento de Animal;Com Vítimas Feridas;Plena Noite;Decrescente;Céu Claro;Simples;Reta;-8,8895;-63,9552
08/11/2025;04:00:00;ELDORADO DO SUL;Acumulo de água sobre o pavimento;Saída de leito carroçável;Com Vítimas Feridas;Plena Noite;Decrescente;Chuva;Dupla;Reta;-30,0044827;-51,3124015
08/11/2025;04:00:00;NOVA ERA;Chuva;Saída de leito carroçável;Com Vítimas Fatais;Plena Noite;Decrescente;Garoa/Chuvisco;Simples;Reta;-19,77763;-43,04372
08/11/2025;02:45:00;SAO LUIZ GONZAGA;Animais na Pista;Atropelamento de Animal;Com Vítimas Feridas;Plena Noite;Crescente;Garoa/Chuvisco;Simples;Reta;-28,41422403;-54,9758175
08/11/2025;04:09:00;SAO BENTO DO TOCANTINS;Velocidade Incompatível;Tombamento;Com Vítimas Feridas;Plena Noite;Decrescente;Céu Claro;Simples;"Reta;Rotatória";-5,96827196;-47,88156152
08/11/2025;06:25:00;BIGUACU;Velocidade Incompatível;Colisão com objeto;Sem Vítimas;Pleno dia;Crescente;Sol;Dupla;Reta;-27,34187128;-48,62906702
08/11/2025;06:15:00;POUSO ALEGRE;Chuva;Tombamento;Com Vítimas Feridas;Amanhecer;Decrescente;Garoa/Chuvisco;Dupla;"Reta;Aclive";-22,282183;-45,895495
08/11/2025;07:15:00;MANGARATIBA;Velocidade Incompatível;Queda de ocupante de veículo;Com Vítimas Feridas;Pleno dia;Decrescente;Chuva;Simples;Curva;-22,93794042;-44,01388519
08/11/2025;06:50:00;SAO LUIS;Pista Escorregadia;Queda de ocupante de veículo;Com Vítimas Feridas;Pleno dia;Crescente;Céu Claro;Dupla;"Declive;Reta";-2,634618;-44,312363
08/11/2025;07:30:00;JACAREI;Chuva;Saída de leito carroçável;Com Vítimas Feridas;Pleno dia;Crescente;Chuva;Dupla;Reta;-23,31632544;-46,07935545
08/11/2025;07:45:00;CARMO DA CACHOEIRA;Pista Escorregadia;Saída de leito carroçável;Com Vítimas Feridas;Pleno dia;Crescente;Nublado;Dupla;Curva;-21,502936;-45,215196
08/11/2025;07:10:00;ITAPEVA;Velocidade Incompatível;Saída de leito carroçável;Sem Vítimas;Pleno dia;Crescente;Chuva;Dupla;Curva;-22,77103991;-46,19937336
08/11/2025;04:00:00;SARANDI;Velocidade Incompatível;Saída de leito carroçável;Sem Vítimas;Plena Noite;Decrescente;Chuva;Simples;Curva;-27,85544961;-53,01433325