data_inversa;horario;municipio;causa_acidente;tipo_acidente;classificacao_acidente;fase_dia;sentido_via;condicao_metereologica;tipo_pista;tracado_via;latitude;longitude
31/10/2025;02:30:00;AREAL;Velocidade Incompatível;Tombamento;Com Vítimas Feridas;Plena Noite;Decrescente;Nublado;Dupla;Curva;-22,23000719;-43,1195569
31/10/2025;06:00:00;JOAQUIM GOMES;Curva acentuada;Tombamento;Com Vítimas Feridas;Pleno dia;Decrescente;Céu Claro;Simples;Curva;-9,077393;-35,744041
31/10/2025;07:00:00;CAMBUI;Velocidade Incompatível;Engavetamento;Com Vítimas Feridas;Pleno dia;Decrescente;Nublado;Dupla;"Declive;Curva";-22,661397;-46,088612
31/10/2025;15:05:00;CATALAO;Acesso irregular;Saída de leito carroçável;Sem Vítimas;Pleno dia;Decrescente;Céu Claro;Dupla;"Em Obras;Interseção de Vias";-18,193;-47,955
31/10/2025;15:00:00;PRATA;Velocidade Incompatível;Saída de leito carroçável;Com Vítimas Feridas;Pleno dia;Crescente;Céu Claro;Simples;Reta;-19,18145;-48,94888
31/10/2025;14:20:00;SAO FRANCISCO DO GLORIA;Ultrapassagem Indevida;Colisão frontal;Com Vítimas Fatais;Pleno dia;Decrescente;Céu Claro;Simples;Reta;-20,81074;-42,31285
31/10/2025;17:10:00;VILA BOA;Acostamento em desnível;Tombamento;Sem Vítimas;Pleno dia;Decrescente;Nublado;Simples;Reta;-14,93944152;-46,98473644
31/10/2025;19:20:00;MAFRA;Ausência de sinalização;Colisão traseira;Com Vítimas Feridas;Plena Noite;Crescente;Nublado;Dupla;"Reta;Aclive";-26,162128;-49,845732
31/10/2025;19:40:00;MACAPA;Deficiência do Sistema de Iluminação/Sinalização;Colisão com objeto;Com Vítimas Feridas;Plena Noite;Decrescente;Céu Claro;Simples;Reta;0,36847;-51,0749283
31/10/2025;23:00:00;DIVISA ALEGRE;Velocidade Incompatível;Tombamento;Com Vítimas Feridas;Plena Noite;Decrescente;Céu Claro;Simples;Curva;-15,7512833;-41,3302517
31/10/2025;05:00:00;CORUMBA DE GOIAS;Curva acentuada;Saída de leito carroçável;Com Vítimas Feridas;Amanhecer;Crescente;Chuva;Simples;Declive;-15,88608713;-48,79670975
31/10/2025;04:36:00;NEPOMUCENO;Velocidade Incompatível;Tombamento;Com Vítimas Feridas;Plena Noite;Crescente;Ignorado;Dupla;"Curva;Aclive";-21,33407273;-45,17299175
31/10/2025;09:30:00;PONTES E LACERDA;Ultrapassagem Indevida;Colisão lateral mesmo sentido;Sem Vítimas;Pleno dia;Crescente;Sol;Simples;Reta;-15,042785;-59,296432
31/10/2025;21:30:00;PEDRO CANARIO;Acesso irregular;Colisão transversal;Com Vítimas Feridas;Plena Noite;Crescente;Céu Claro;Simples;Declive;-18,193239;-39,92292
31/10/2025;02:30:00;MALHADA DOS BOIS;Velocidade Incompatível;Saída de leito carroçável;Sem Vítimas;Plena Noite;Crescente;Céu Claro;Dupla;Reta;-10,387846;-36,9159951
31/10/2025;00:45:00;ALVORADA DO NORTE;Velocidade Incompatível;Saída de leito carroçável;Com Vítimas Feridas;Plena Noite;Crescente;Céu Claro;Simples;Reta;-14,632638;-46,622168
31/10/2025;04:35:00;BRUMADINHO;Velocidade Incompatível;Colisão com objeto;Com Vítimas Feridas;Plena Noite;Crescente;Chuva;Dupla;"Curva;Declive";-20,14896593;-44,32427645
31/10/2025;04:25:00;CORUPA;Acesso irregular;Colisão transversal;Com Vítimas Feridas;Amanhecer;Crescente;Chuva;Simples;Reta;-26,43983067;-49,22736375
31/10/2025;07:55:00;ELDORADO DO SUL;Ultrapassagem Indevida;Colisão lateral mesmo sentido;Com Vítimas Feridas;Pleno dia;Decrescente;Céu Claro;Simples;Reta;-30,0031798;-51,3073392
31/10/2025;10:00:00;ANGRA DOS REIS;Chuva;Colisão lateral mesmo sentido;Com Vítimas Feridas;Pleno dia;Crescente;Chuva;Múltipla;Reta;-23,004634;-44,297656
31/10/2025;10:40:00;ITAPECERICA DA SERRA;Velocidade Incompatível;Colisão traseira;Com Vítimas Feridas;Pleno dia;Decrescente;Garoa/Chuvisco;Dupla;Reta;-23,70321069;-46,87173322
31/10/2025;09:30:00;BOA VISTA;Ultrapassagem Indevida;Saída de leito carroçável;Com Vítimas Fatais;Pleno dia;Crescente;Céu Claro;Simples;Reta;2,92208942;-60,71197227
31/10/2025;10:15:00;BRASILIA;Acumulo de água sobre o pavimento;Saída de leito carroçável;Com Vítimas Feridas;Pleno dia;Decrescente;Chuva;Dupla;Reta;-15,6256417;-47,7247917
31/10/2025;11:30:00;SAO PAULO;Pista Escorregadia;Saída de leito carroçável;Com Vítimas Feridas;Pleno dia;Crescente;Garoa/Chuvisco;Dupla;"Curva;Declive";-23,383207;-46,56475917
31/10/2025;10:30:00;ITAPEVA;Velocidade Incompatível;Saída de leito carroçável;Com Vítimas Feridas;Pleno dia;Crescente;Chuva;Dupla;Curva;-22,76668462;-46,21089935
31/10/2025;11:25:00;LINHARES;Velocidade Incompatível;Tombamento;Com Vítimas Feridas;Pleno dia;Crescente;Nublado;Múltipla;Reta;-19,3587967;-40,0646779
31/10/2025;13:30:00;MAIRIPORA;Pista Escorregadia;Saída de leito carroçável;Sem Vítimas;Pleno dia;Crescente;Chuva;Dupla;Curva;-23,35366249;-46,55138969
31/10/2025;14:30:00;SANTOS DUMONT;Chuva;Colisão traseira;Com Vítimas Feridas;Pleno dia;Crescente;Chuva;Simples;Curva;-21,47108139;-43,55695009
31/10/2025;14:25:00;PELOTAS;Velocidade Incompatível;Saída de leito carroçável;Com Vítimas Feridas;Pleno dia;Decrescente;Céu Claro;Dupla;Curva;-31,7835403;-52,35701434
31/10/2025;13:45:00;PIMENTA BUENO;Acesso irregular;Colisão transversal;Com Vítimas Feridas;Pleno dia;Crescente;Céu Claro;Simples;Reta;-11,676513;-61,188695
31/10/2025;15:30:00;ALTAMIRA;Retorno proibido;Colisão transversal;Com Vítimas Feridas;Pleno dia;Decrescente;Céu Claro;Simples;Reta;-3,26925;-52,38796
31/10/2025;17:15:00;JUIZ DE FORA;Chuva;Saída de leito carroçável;Sem Vítimas;Pleno dia;Crescente;Chuva;Simples;Reta;-21,60175907;-43,45838915
31/10/2025;15:15:00;CAJATI;Curva acentuada;Colisão com objeto;Com Vítimas Fatais;Pleno dia;Crescente;Garoa/Chuvisco;Múltipla;"Curva;Declive";-24,78766;-48,2085
31/10/2025;15:50:00;PETROPOLIS;Velocidade Incompatível;Colisão com objeto;Com Vítimas Feridas;Pleno dia;Decrescente;Nublado;Dupla;Curva;-22,44159402;-43,18744898
31/10/2025;17:50:00;SAO JOSE DO RIO PRETO;Pista Escorregadia;Tombamento;Com Vítimas Feridas;Pleno dia;Crescente;Céu Claro;Dupla;"Interseção de Vias;Reta";-20,809727;-49,356559
31/10/2025;11:50:00;MACAPA;Demais falhas na via;Eventos atípicos;Sem Vítimas;Pleno dia;Decrescente;Céu Claro;Dupla;Retorno Regulamentado;0,083991;-51,079692
31/10/2025;13:50:00;DOMINGOS MARTINS;Curva acentuada;Colisão transversal;Com Vítimas Feridas;Pleno dia;Crescente;Chuva;Simples;"Curva;Declive";-20,38389901;-40,6357011
31/10/2025;17:20:00;UBERABA;Acumulo de água sobre o pavimento;Saída de leito carroçável;Com Vítimas Feridas;Pleno dia;Decrescente;Chuva;Dupla;Reta;-19,76455;-48,10786
31/10/2025;15:00:00;DUQUE DE CAXIAS;Chuva;Colisão com objeto;Com Vítimas Feridas;Pleno dia;Decrescente;Chuva;Dupla;"Curva;Aclive";-22,601848;-43,28291
31/10/2025;18:25:00;SAO LUIS DO CURU;Animais na Pista;Atropelamento de Animal;Com Vítimas Feridas;Plena Noite;Crescente;Céu Claro;Simples;"Aclive;Reta";-3,675525;-39,288773
31/10/2025;14:30:00;DUQUE DE CAXIAS;Pista Escorregadia;Queda de ocupante de veículo;Com Vítimas Feridas;Pleno dia;Crescente;Chuva;Simples;"Declive;Curva";-22,558688;-43,266015
31/10/2025;18:30:00;ANGRA DOS REIS;Pista Escorregadia;Colisão lateral sentido oposto;Com Vítimas Feridas;Plena Noite;Decrescente;Chuva;Simples;Curva;-22,98149289;-44,43662195
31/10/2025;18:10:00;PIRAI;Pista Escorregadia;Colisão com objeto;Com Vítimas Feridas;Plena Noite;Decrescente;Garoa/Chuvisco;Simples;"Curva;Declive";-22,67180815;-43,83572817
31/10/2025;19:00:00;TURURU;Velocidade Incompatível;Colisão traseira;Com Vítimas Fatais;Plena Noite;Decrescente;Céu Claro;Simples;Reta;-3,644969;-39,426718
31/10/2025;18:30:00;CARUARU;Velocidade Incompatível;Capotamento;Com Vítimas Feridas;Anoitecer;Decrescente;Céu Claro;Simples;Reta;-8,30687;-36,01701
31/10/2025;18:50:00;CURITIBANOS;Ultrapassagem Indevida;Colisão frontal;Com Vítimas Feridas;Plena Noite;Decrescente;Céu Claro;Simples;Aclive;-27,31282544;-50,73998898
31/10/2025;17:15:00;TERESOPOLIS;Velocidade Incompatível;Queda de ocupante de veículo;Com Vítimas Feridas;Pleno dia;Crescente;Chuva;Simples;"Curva;Declive";-22,281924;-42,929446
31/10/2025;21:00:00;TRES RIOS;Velocidade Incompatível;Saída de leito carroçável;Com Vítimas Feridas;Plena Noite;Decrescente;Chuva;Dupla;Reta;-22,09900076;-43,17146301
31/10/2025;20:46:00;OLIVEIRA;Chuva;Saída de leito carroçável;Com Vítimas Feridas;Plena Noite;Decrescente;Chuva;Dupla;"Curva;Declive";-20,71662077;-44,76636887
31/10/2025;21:00:00;MANGARATIBA;Velocidade Incompatível;Colisão com objeto;Com Vítimas Feridas;Plena Noite;Decrescente;Chuva;Simples;Curva;-22,964012;-44,084664
31/10/2025;20:10:00;SANHARO;Ultrapassagem Indevida;Colisão frontal;Com Vítimas Feridas;Plena Noite;Crescente;Céu Claro;Simples;Reta;-8,369973;-36,600351
31/10/2025;11:25:00;LONDRINA;Conversão proibida;Colisão frontal;Com Vítimas Feridas;Pleno dia;Decrescente;Céu Claro;Simples;"Reta;Viaduto";-23,2928354;-51,0956244
31/10/2025;18:30:00;ARAQUARI;Velocidade Incompatível;Colisão traseira;Com Vítimas Fatais;Anoitecer;Decrescente;Céu Claro;Simples;Reta;-26,415985;-48,769627
30/10/2025;00:10:00;TRES RIOS;Velocidade Incompatível;Tombamento;Com Vítimas Feridas;Plena Noite;Crescente;Céu Claro;Simples;Reta;-22,08137291;-43,0489499
30/10/2025;09:05:00;GUARULHOS;Chuva;Colisão traseira;Com Vítimas Feridas;Amanhecer;Crescente;Chuva;Múltipla;Declive;-23,43916714;-46,43593522
30/10/2025;08:30:00;ESTANCIA;Velocidade Incompatível;Tombamento;Com Vítimas Feridas;Pleno dia;Decrescente;Céu Claro;Simples;"Declive;Curva";-11,29163182;-37,47024536
30/10/2025;11:30:00;IBITIARA;Demais falhas na via;Tombamento;Com Vítimas Feridas;Pleno dia;Crescente;Céu Claro;Simples;"Declive;Reta";-12,448227;-42,139755
30/10/2025;16:00:00;DILERMANDO DE AGUIAR;Ultrapassagem Indevida;Colisão frontal;Com Vítimas Feridas;Pleno dia;Crescente;Céu Claro;Simples;Reta;-29,818776;-54,13937
30/10/2025;16:50:00;BELO JARDIM;Acesso irregular;Colisão lateral mesmo sentido;Com Vítimas Feridas;Pleno dia;Crescente;Céu Claro;Simples;Reta;-8,34719;-36,442718
30/10/2025;23:00:00;PATOS DE MINAS;Chuva;Tombamento;Com Vítimas Feridas;Plena Noite;Decrescente;Chuva;Simples;Curva;-18,68424234;-46,57696545
30/10/2025;21:30:00;LIMOEIRO DO NORTE;Pista esburacada;Tombamento;Com Vítimas Feridas;Plena Noite;Decrescente;Céu Claro;Simples;Reta;-5,17761126;-38,17835927
30/10/2025;13:00:00;ICO;Acostamento em desnível;Tombamento;Sem Vítimas;Pleno dia;Decrescente;Sol;Simples;"Aclive;Em Obras";-6,52079;-38,86165
30/10/2025;02:40:00;UBERLANDIA;Animais na Pista;Atropelamento de Animal;Com Vítimas Feridas;Plena Noite;Decrescente;Nublado;Simples;Reta;-18,93845894;-48,21998119
30/10/2025;01:15:00;CAMPINA GRANDE DO SUL;Chuva;Saída de leito carroçável;Com Vítimas Feridas;Plena Noite;Crescente;Chuva;Dupla;"Aclive;Reta";-25,081705;-48,625709
30/10/2025;09:40:00;SAO PAULO;Chuva;Capotamento;Com Vítimas Feridas;Pleno dia;Decrescente;Garoa/Chuvisco;Múltipla;Aclive;-23,3769025;-46,5630655
30/10/2025;11:30:00;CANTAGALO;Ultrapassagem Indevida;Colisão frontal;Com Vítimas Feridas;Pleno dia;Crescente;Céu Claro;Simples;"Declive;Reta";-25,38383219;-52,14270651
30/10/2025;13:20:00;SOMBRIO;Animais na Pista;Atropelamento de Animal;Com Vítimas Feridas;Pleno dia;Crescente;Nublado;Simples;Reta;-29,124815;-49,670778
30/10/2025;16:15:00;ABADIANIA;Animais na Pista;Capotamento;Com Vítimas Feridas;Pleno dia;Crescente;Chuva;Dupla;Curva;-16,172266;-48,646584
30/10/2025;16:20:00;COMENDADOR LEVY GASPARIAN;Chuva;Saída de leito carroçável;Com Vítimas Feridas;Pleno dia;Decrescente;Chuva;Dupla;Curva;-22,03159547;-43,22497552
30/10/2025;17:12:00;INDAIAL;Acesso irregular;Colisão frontal;Com Vítimas Feridas;Anoitecer;Decrescente;Nevoeiro/Neblina;Simples;Reta;-26,87119472;-49,21906885
30/10/2025;16:50:00;MURIAE;Chuva;Colisão com objeto;Com Vítimas Feridas;Pleno dia;Decrescente;Chuva;Simples;"Curva;Declive";-21,20226747;-42,38568306
30/10/2025;14:20:00;NITEROI;Pista Escorregadia;Tombamento;Com Vítimas Feridas;Pleno dia;Decrescente;Chuva;Múltipla;Reta;-22,87807988;-43,11407687
30/10/2025;16:05:00;CONTAGEM;Pista Escorregadia;Tombamento;Com Vítimas Feridas;Pleno dia;Crescente;Chuva;Dupla;Reta;-19,872963;-44,054756
30/10/2025;18:20:00;MAIRIPORA;Chuva;Tombamento;Com Vítimas Feridas;Anoitecer;Decrescente;Garoa/Chuvisco;Múltipla;"Aclive;Curva";-23,35559064;-46,54877949
30/10/2025;14:30:00;GARANHUNS;Ultrapassagem Indevida;Colisão transversal;Com Vítimas Feridas;Pleno dia;Decrescente;Céu Claro;Simples;"Declive;Reta;Retorno Regulamentado";-8,86160147;-36,46400975
30/10/2025;17:30:00;SAPUCAIA;Velocidade Incompatível;Saída de leito carroçável;Com Vítimas Feridas;Pleno dia;Crescente;Nublado;Simples;Curva;-22,05000477;-43,02014351
30/10/2025;19:00:00;GENERAL CARNEIRO;Animais na Pista;Atropelamento de Animal;Com Vítimas Feridas;Plena Noite;Crescente;Céu Claro;Simples;Reta;-15,711822;-53,748585
30/10/2025;22:00:00;NOVA LARANJEIRAS;Acesso irregular;Colisão transversal;Sem Vítimas;Plena Noite;Decrescente;Céu Claro;Simples;Reta;-25,18381613;-52,66637564
30/10/2025;06:50:00;FEIRA DE SANTANA;Conversão proibida;Colisão transversal;Com Vítimas Feridas;Pleno dia;Crescente;Céu Claro;Simples;Reta;-12,24073709;-38,93828631
29/10/2025;03:16:00;ANCHIETA;Velocidade Incompatível;Tombamento;Sem Vítimas;Plena Noite;Crescente;Nublado;Simples;Curva;-20,736934;-40,760356
29/10/2025;02:30:00;AMELIA RODRIGUES;Desvio temporário;Colisão traseira;Sem Vítimas;Plena Noite;Crescente;Céu Claro;Dupla;"Reta;Declive";-12,461145;-38,695805
29/10/2025;08:10:00;TUBARAO;Acumulo de água sobre o pavimento;Colisão transversal;Com Vítimas Feridas;Pleno dia;Decrescente;Chuva;Dupla;Reta;-28,500261;-49,046281
29/10/2025;11:45:00;MURIAE;Velocidade Incompatível;Tombamento;Com Vítimas Feridas;Pleno dia;Crescente;Céu Claro;Simples;"Curva;Declive";-21,222561;-42,394508
29/10/2025;13:53:00;RIACHUELO;Pista esburacada;Saída de leito carroçável;Sem Vítimas;Pleno dia;Crescente;Céu Claro;Simples;Reta;-5,81557476;-35,81654549
29/10/2025;14:45:00;TRES CORACOES;Velocidade Incompatível;Colisão traseira;Com Vítimas Feridas;Pleno dia;Crescente;Nublado;Dupla;Reta;-21,692416;-45,3541888
29/10/2025;14:25:00;PEDRA;Ultrapassagem Indevida;Colisão traseira;Com Vítimas Feridas;Pleno dia;Decrescente;Céu Claro;Simples;Curva;-8,496715;-36,937968
29/10/2025;17:08:00;CAMPOS DOS GOYTACAZES;Acesso irregular;Colisão transversal;Com Vítimas Feridas;Anoitecer;Crescente;Céu Claro;Simples;Reta;-21,8358607;-41,420591
29/10/2025;03:01:00;PACAJUS;Ausência de sinalização;Capotamento;Sem Vítimas;Plena Noite;Crescente;Céu Claro;Dupla;Retorno Regulamentado;-4,17478836;-38,46602887
29/10/2025;08:23:00;FEIRA DE SANTANA;Conversão proibida;Colisão transversal;Com Vítimas Feridas;Pleno dia;Decrescente;Céu Claro;Simples;Reta;-12,2626;-38,9322
29/10/2025;09:30:00;SAO JOSE;Chuva;Tombamento;Com Vítimas Feridas;Pleno dia;Decrescente;Chuva;Múltipla;"Retorno Regulamentado;Declive";-27,5873908;-48,61628143
29/10/2025;09:30:00;NAQUE;Acumulo de areia ou detritos sobre o pavimento;Tombamento;Com Vítimas Feridas;Pleno dia;Decrescente;Céu Claro;Simples;Reta;-19,185225;-42,264802
29/10/2025;10:20:00;BARRA DO GARCAS;Ultrapassagem Indevida;Colisão transversal;Com Vítimas Feridas;Pleno dia;Decrescente;Céu Claro;Dupla;"Declive;Reta";-15,88227271;-52,27620576
29/10/2025;12:15:00;PORTO ALEGRE;Pista Escorregadia;Colisão com objeto;Com Vítimas Feridas;Pleno dia;Crescente;Nublado;Simples;"Aclive;Curva";-29,97429134;-51,1976397
29/10/2025;12:00:00;EXTREMA;Ultrapassagem Indevida;Colisão frontal;Com Vítimas Feridas;Pleno dia;Crescente;Garoa/Chuvisco;Simples;Interseção de Vias;-22,86367852;-46,34559667
29/10/2025;14:55:00;ITAPEVA;Velocidade Incompatível;Tombamento;Com Vítimas Feridas;Pleno dia;Decrescente;Garoa/Chuvisco;Dupla;"Declive;Curva";-22,76969847;-46,20519537
29/10/2025;16:45:00;ALEXANIA;Condutor usando celular;Saída de leito carroçável;Com Vítimas Feridas;Pleno dia;Crescente;Céu Claro;Dupla;Curva;-16,122235;-48,410578
29/10/2025;12:10:00;CANGUCU;Pista Escorregadia;Colisão com objeto;Com Vítimas Feridas;Pleno dia;Crescente;Chuva;Simples;"Curva;Aclive";-31,3916787;-52,6874226
29/10/2025;15:00:00;BARBACENA;Animais na Pista;Colisão com objeto;Com Vítimas Feridas;Pleno dia;Decrescente;Sol;Dupla;"Declive;Curva";-21,205442;-43,749103
29/10/2025;09:25:00;TANGARA DA SERRA;Chuva;Saída de leito carroçável;Com Vítimas Feridas;Pleno dia;Decrescente;Chuva;Simples;Curva;-14,299;-57,83
29/10/2025;19:00:00;RECIFE;Demais falhas na via;Colisão com objeto;Com Vítimas Feridas;Plena Noite;Crescente;Céu Claro;Dupla;Reta;-8,07350254;-34,96253794
29/10/2025;18:10:00;CAMPINA GRANDE DO SUL;Chuva;Colisão com objeto;Com Vítimas Feridas;Anoitecer;Decrescente;Chuva;Dupla;"Aclive;Curva";-25,111929;-48,802807
29/10/2025;18:10:00;BRASILIA;Velocidade Incompatível;Saída de leito carroçável;Sem Vítimas;Plena Noite;Crescente;Nublado;Dupla;Reta;-15,79149896;-48,15698583
29/10/2025;18:50:00;ESTIVA;Chuva;Saída de leito carroçável;Com Vítimas Feridas;Plena Noite;Crescente;Chuva;Dupla;"Aclive;Reta";-22,45314291;-46,00346054
29/10/2025;18:46:00;ARAGUAINA;Iluminação deficiente;Atropelamento de Pedestre;Com Vítimas Fatais;Plena Noite;Crescente;Céu Claro;Dupla;Reta;-7,21205631;-48,2433598
29/10/2025;18:15:00;VENTUROSA;Velocidade Incompatível;Tombamento;Com Vítimas Fatais;Plena Noite;Decrescente;Céu Claro;Simples;Curva;-8,718738;-36,773845
29/10/2025;20:55:00;CAMPOS DOS GOYTACAZES;Ultrapassagem Indevida;Colisão lateral sentido oposto;Com Vítimas Feridas;Plena Noite;Crescente;Céu Claro;Simples;Reta;-21,8358716;-41,4205836
29/10/2025;21:20:00;BOM JESUS;Retorno proibido;Colisão transversal;Com Vítimas Feridas;Plena Noite;Decrescente;Céu Claro;Simples;Reta;-9,07575378;-44,34753567
29/10/2025;23:15:00;BETIM;Velocidade Incompatível;Saída de leito carroçável;Sem Vítimas;Plena Noite;Decrescente;Nublado;Dupla;Reta;-19,95557055;-44,13816333
29/10/2025;18:15:00;RIO BRANCO;Velocidade Incompatível;Colisão traseira;Com Vítimas Feridas;Plena Noite;Crescente;Céu Claro;Dupla;Reta;-9,961839;-67,856123
29/10/2025;07:00:00;SANGAO;Acumulo de água sobre o pavimento;Tombamento;Com Vítimas Feridas;Amanhecer;Crescente;Chuva;Dupla;Reta;-28,64173004;-49,10320044
29/10/2025;07:11:00;BARRA DO GARCAS;Velocidade Incompatível;Atropelamento de Pedestre;Com Vítimas Feridas;Pleno dia;Crescente;Céu Claro;Simples;Reta;-15,88986288;-52,2644949
29/10/2025;19:55:00;PORTO VELHO;Sinalização mal posicionada;Colisão com objeto;Com Vítimas Feridas;Plena Noite;Crescente;Nublado;Simples;Reta;-8,63465519;-63,9963913
28/10/2025;07:30:00;SALVADOR;Pista esburacada;Colisão com objeto;Com Vítimas Feridas;Pleno dia;Decrescente;Céu Claro;Dupla;Reta;-12,902818;-38,4533
28/10/2025;11:20:00;BARRA MANSA;Velocidade Incompatível;Colisão traseira;Com Vítimas Feridas;Pleno dia;Decrescente;Garoa/Chuvisco;Dupla;"Declive;Reta";-22,56255242;-44,16006549
28/10/2025;07:45:00;POUSO ALTO;Velocidade Incompatível;Tombamento;Com Vítimas Feridas;Pleno dia;Crescente;Nublado;Simples;Rotatória;-22,14099476;-44,97114569
28/10/2025;14:00:00;BARAO;Conversão proibida;Colisão transversal;Com Vítimas Feridas;Pleno dia;Crescente;Garoa/Chuvisco;Simples;"Aclive;Interseção de Vias;Curva";-29,36113666;-51,51981962
28/10/2025;14:05:00;PARANAIBA;Velocidade Incompatível;Tombamento;Sem Vítimas;Pleno dia;Decrescente;Céu Claro;Simples;"Curva;Aclive;Ponte";-19,815642;-51,11544
28/10/2025;16:35:00;MIRACATU;Velocidade Incompatível;Tombamento;Com Vítimas Feridas;Pleno dia;Crescente;Nublado;Dupla;"Curva;Declive";-24,07405146;-47,24910736
28/10/2025;18:00:00;CAJATI;Chuva;Colisão com objeto;Com Vítimas Feridas;Plena Noite;Crescente;Chuva;Múltipla;"Declive;Curva";-24,7782272;-48,2116925
28/10/2025;19:45:00;CARAZINHO;Ultrapassagem Indevida;Colisão lateral mesmo sentido;Com Vítimas Feridas;Plena Noite;Decrescente;Chuva;Simples;Reta;-28,3397367;-52,90709
28/10/2025;20:00:00;CARMO DA CACHOEIRA;Acesso irregular;Colisão com objeto;Sem Vítimas;Anoitecer;Decrescente;Céu Claro;Dupla;Reta;-21,545462;-45,239821
28/10/2025;05:25:00;PINDAMONHANGABA;Pista Escorregadia;Saída de leito carroçável;Com Vítimas Feridas;Amanhecer;Crescente;Chuva;Dupla;Reta;-22,99622454;-45,492239
28/10/2025;07:14:00;ITAPEVA;Velocidade Incompatível;Capotamento;Com Vítimas Feridas;Pleno dia;Crescente;Chuva;Dupla;Curva;-22,77064816;-46,20122945
28/10/2025;01:45:00;CONGONHAS;Velocidade Incompatível;Saída de leito carroçável;Com Vítimas Feridas;Plena Noite;Crescente;Chuva;Dupla;"Declive;Reta;Em Obras";-20,48945368;-43,83718425
28/10/2025;06:30:00;CAMPINA GRANDE DO SUL;Velocidade Incompatível;Saída de leito carroçável;Com Vítimas Feridas;Pleno dia;Decrescente;Chuva;Dupla;Curva;-25,102654;-48,700016
28/10/2025;06:30:00;BARRA MANSA;Demais falhas na via;Tombamento;Com Vítimas Feridas;Amanhecer;Decrescente;Chuva;Dupla;Reta;-22,56669399;-44,12192792
28/10/2025;07:15:00;MARUIM;Velocidade Incompatível;Saída de leito carroçável;Com Vítimas Feridas;Pleno dia;Crescente;Garoa/Chuvisco;Dupla;Declive;-10,765253;-37,115313
28/10/2025;07:30:00;SAO JOSE DOS PINHAIS;Velocidade Incompatível;Saída de leito carroçável;Com Vítimas Fatais;Pleno dia;Decrescente;Céu Claro;Simples;"Declive;Curva";-25,59690128;-49,17364173
28/10/2025;08:00:00;BAYEUX;Pista esburacada;Tombamento;Com Vítimas Feridas;Pleno dia;Crescente;Nublado;Simples;Reta;-7,14124596;-34,92137343
28/10/2025;10:45:00;CAMPINA GRANDE DO SUL;Velocidade Incompatível;Saída de leito carroçável;Sem Vítimas;Pleno dia;Decrescente;Garoa/Chuvisco;Dupla;Curva;-25,09990125;-48,67527008
28/10/2025;10:50:00;SINOP;Declive acentuado;Queda de ocupante de veículo;Com Vítimas Feridas;Pleno dia;Crescente;Nublado;Simples;Reta;-11,78124603;-55,47439668
28/10/2025;15:50:00;PARNAMIRIM;Ultrapassagem Indevida;Colisão lateral mesmo sentido;Com Vítimas Feridas;Pleno dia;Crescente;Céu Claro;Múltipla;Reta;-5,9065032;-35,2609652
28/10/2025;15:45:00;BARRA MANSA;Ultrapassagem Indevida;Colisão transversal;Sem Vítimas;Pleno dia;Decrescente;Céu Claro;Simples;Reta;-22,56103924;-44,15351093
28/10/2025;16:30:00;JUQUITIBA;Pista Escorregadia;Capotamento;Com Vítimas Feridas;Pleno dia;Crescente;Garoa/Chuvisco;Dupla;Curva;-23,976923;-47,14413
28/10/2025;17:05:00;ITAARA;Acesso irregular;Colisão traseira;Com Vítimas Feridas;Pleno dia;Decrescente;Chuva;Simples;"Interseção de Vias;Reta";-29,63415642;-53,76735806
28/10/2025;14:10:00;RIO DE JANEIRO;Velocidade Incompatível;Colisão frontal;Com Vítimas Feridas;Pleno dia;Não Informado;Céu Claro;Simples;Reta;-22,81773698;-43,31897227
28/10/2025;18:15:00;JAGUARUNA;Acumulo de água sobre o pavimento;Colisão com objeto;Com Vítimas Feridas;Anoitecer;Crescente;Chuva;Dupla;Curva;-28,59197592;-49,04517621
28/10/2025;17:50:00;PARATY;Velocidade Incompatível;Saída de leito carroçável;Com Vítimas Feridas;Anoitecer;Decrescente;Garoa/Chuvisco;Simples;"Declive;Curva";-23,04225964;-44,59846258
28/10/2025;17:55:00;ANGRA DOS REIS;Pista Escorregadia;Colisão com objeto;Com Vítimas Feridas;Anoitecer;Decrescente;Garoa/Chuvisco;Simples;Reta;-22,94448299;-44,42905426
28/10/2025;19:40:00;SAO JOSE DOS PINHAIS;Iluminação deficiente;Colisão traseira;Com Vítimas Feridas;Plena Noite;Decrescente;Garoa/Chuvisco;Dupla;Viaduto;-25,512048;-49,12733
28/10/2025;19:50:00;TOLEDO;Chuva;Saída de leito carroçável;Com Vítimas Feridas;Plena Noite;Decrescente;Chuva;Dupla;Curva;-24,67735443;-53,7923011
28/10/2025;17:35:00;CAETE;Velocidade Incompatível;Queda de ocupante de veículo;Com Vítimas Feridas;Plena Noite;Crescente;Céu Claro;Dupla;Curva;-19,7506582;-43,62786468
28/10/2025;21:00:00;BARRA DO TURVO;Pista Escorregadia;Colisão com objeto;Com Vítimas Feridas;Plena Noite;Crescente;Chuva;Dupla;"Aclive;Curva";-24,9728104;-48,40232246
28/10/2025;14:20:00;NOSSA SENHORA DO LIVRAMENTO;Acumulo de água sobre o pavimento;Saída de leito carroçável;Com Vítimas Feridas;Pleno dia;Crescente;Chuva;Simples;Reta;-15,5557438;-56,5912654
28/10/2025;22:40:00;ARUJA;Iluminação deficiente;Saída de leito carroçável;Sem Vítimas;Plena Noite;Crescente;Nevoeiro/Neblina;Dupla;"Interseção de Vias;Reta";-23,41143171;-46,35273147
28/10/2025;13:15:00;ITAPERUNA;Afundamento ou ondulação no pavimento;Queda de ocupante de veículo;Com Vítimas Feridas;Pleno dia;Decrescente;Céu Claro;Simples;"Em Obras;Reta";-21,25956575;-41,77053301