data_inversa;horario;municipio;causa_acidente;tipo_acidente;classificacao_acidente;fase_dia;sentido_via;condicao_metereologica;tipo_pista;tracado_via;latitude;longitude
28/10/2025;21:00:00;PARANAIBA;Animais na Pista;Atropelamento de Animal;Com Vítimas Feridas;Plena Noite;Crescente;Céu Claro;Simples;"Declive;Reta";-19,61822373;-51,21409357
28/10/2025;17:30:00;SAO SEBASTIAO DO PASSE;Demais falhas na via;Queda de ocupante de veículo;Com Vítimas Feridas;Plena Noite;Crescente;Céu Claro;Dupla;Reta;-12,517825;-38,619587
28/10/2025;15:00:00;PORTO FRANCO;Acumulo de areia ou detritos sobre o pavimento;Saída de leito carroçável;Com Vítimas Feridas;Pleno dia;Crescente;Céu Claro;Simples;Reta;-6,263718;-47,19904
27/10/2025;11:30:00;ANTONINA;Chuva;Saída de leito carroçável;Com Vítimas Feridas;Pleno dia;Decrescente;Chuva;Dupla;Curva;-25,11273;-48,757732
27/10/2025;15:45:00;MAIRIPORA;Velocidade Incompatível;Colisão lateral mesmo sentido;Com Vítimas Feridas;Pleno dia;Crescente;Chuva;Múltipla;Curva;-23,34752833;-46,56169474
27/10/2025;14:50:00;SAO JOSE DE MIPIBU;Pista esburacada;Tombamento;Com Vítimas Feridas;Pleno dia;Crescente;Céu Claro;Dupla;Reta;-6,09929387;-35,23417044
27/10/2025;18:10:00;SAO PAULO;Velocidade Incompatível;Tombamento;Com Vítimas Feridas;Anoitecer;Decrescente;Chuva;Múltipla;Curva;-23,3862222;-46,56864166
27/10/2025;18:00:00;UBERABA;Condutor usando celular;Colisão lateral mesmo sentido;Com Vítimas Feridas;Anoitecer;Crescente;Céu Claro;Dupla;Reta;-19,71062597;-47,98293527
27/10/2025;15:30:00;PRESIDENTE FIGUEIREDO;Demais falhas na via;Tombamento;Sem Vítimas;Pleno dia;Decrescente;Céu Claro;Simples;Aclive;-1,62095824;-60,19593358
27/10/2025;11:50:00;GUARANIACU;Ultrapassagem Indevida;Colisão frontal;Com Vítimas Feridas;Pleno dia;Decrescente;Céu Claro;Simples;Reta;-25,194672;-52,655526
27/10/2025;00:30:00;TIBAGI;Chuva;Capotamento;Com Vítimas Feridas;Plena Noite;Decrescente;Garoa/Chuvisco;Dupla;Curva;-24,6014172;-50,6645492
27/10/2025;06:00:00;ITAJAI;Chuva;Tombamento;Com Vítimas Feridas;Pleno dia;Crescente;Céu Claro;Dupla;Reta;-26,95742;-48,68264
27/10/2025;06:18:00;AMELIA RODRIGUES;Demais falhas na via;Queda de ocupante de veículo;Com Vítimas Feridas;Amanhecer;Crescente;Céu Claro;Dupla;Reta;-12,482672;-38,667043
27/10/2025;07:30:00;UBERABA;Afundamento ou ondulação no pavimento;Queda de ocupante de veículo;Com Vítimas Feridas;Pleno dia;Decrescente;Céu Claro;Dupla;"Declive;Reta";-19,7508;-47,9366
27/10/2025;06:30:00;PALHOCA;Acumulo de água sobre o pavimento;Colisão traseira;Com Vítimas Feridas;Pleno dia;Decrescente;Chuva;Dupla;"Aclive;Curva";-27,81845865;-48,63119817
27/10/2025;08:00:00;ALFREDO WAGNER;Chuva;Saída de leito carroçável;Com Vítimas Feridas;Pleno dia;Decrescente;Chuva;Simples;Curva;-27,69657945;-49,33830611
27/10/2025;09:45:00;LONDRINA;Conversão proibida;Colisão transversal;Com Vítimas Feridas;Pleno dia;Crescente;Céu Claro;Múltipla;Interseção de Vias;-23,292882;-51,143034
27/10/2025;11:45:00;CARAVELAS;Animais na Pista;Atropelamento de Animal;Sem Vítimas;Pleno dia;Decrescente;Sol;Simples;Reta;-17,645317;-39,770232
27/10/2025;13:00:00;CABEDELO;Velocidade Incompatível;Engavetamento;Sem Vítimas;Pleno dia;Decrescente;Sol;Dupla;"Em Obras;Reta";-7,082103;-34,848779
27/10/2025;14:05:00;ITAPEVA;Chuva;Saída de leito carroçável;Com Vítimas Feridas;Pleno dia;Crescente;Chuva;Dupla;Curva;-22,7672064;-46,2159872
27/10/2025;15:00:00;ITUTINGA;Chuva;Saída de leito carroçável;Com Vítimas Feridas;Pleno dia;Decrescente;Chuva;Dupla;Curva;-21,35314736;-44,75788881
27/10/2025;16:55:00;SAO PAULO;Chuva;Colisão com objeto;Com Vítimas Feridas;Pleno dia;Crescente;Chuva;Dupla;Curva;-23,38619003;-46,56889629
27/10/2025;17:05:00;SANTA BARBARA;Pista esburacada;Saída de leito carroçável;Com Vítimas Feridas;Pleno dia;Crescente;Céu Claro;Simples;Reta;-11,83327244;-38,9742046
27/10/2025;17:44:00;NOVA GRANADA;Velocidade Incompatível;Colisão traseira;Com Vítimas Feridas;Pleno dia;Crescente;Nublado;Simples;"Aclive;Interseção de Vias;Reta";-20,542562;-49,330465
27/10/2025;20:34:00;RIALMA;Conversão proibida;Colisão transversal;Com Vítimas Feridas;Plena Noite;Decrescente;Céu Claro;Simples;Reta;-15,35928837;-49,56417471
27/10/2025;17:50:00;EPITACIOLANDIA;Animais na Pista;Saída de leito carroçável;Com Vítimas Feridas;Anoitecer;Decrescente;Chuva;Simples;Reta;-11,034831;-68,710612
27/10/2025;21:30:00;ITAPEVA;Chuva;Colisão com objeto;Com Vítimas Feridas;Plena Noite;Crescente;Chuva;Dupla;Curva;-22,77001256;-46,19548255
27/10/2025;22:10:00;SOORETAMA;Velocidade Incompatível;Tombamento;Com Vítimas Feridas;Plena Noite;Crescente;Céu Claro;Múltipla;"Reta;Aclive";-19,20841602;-40,09491253
27/10/2025;19:30:00;CONQUISTA DOESTE;Deficiência do Sistema de Iluminação/Sinalização;Colisão traseira;Com Vítimas Feridas;Plena Noite;Decrescente;Céu Claro;Simples;"Declive;Reta";-14,589649;-59,51833344
27/10/2025;23:00:00;GUARATUBA;Acumulo de água sobre o pavimento;Saída de leito carroçável;Com Vítimas Feridas;Plena Noite;Decrescente;Chuva;Dupla;Curva;-25,94192344;-48,90660223
27/10/2025;23:00:00;TAIPU;Animais na Pista;Atropelamento de Animal;Com Vítimas Feridas;Plena Noite;Crescente;Céu Claro;Simples;"Aclive;Reta";-5,631;-35,593
27/10/2025;16:25:00;NOSSA SENHORA DO LIVRAMENTO;Velocidade Incompatível;Saída de leito carroçável;Com Vítimas Feridas;Pleno dia;Decrescente;Nublado;Simples;Curva;-15,7786;-56,60914
26/10/2025;00:15:00;VILHENA;Deficiência do Sistema de Iluminação/Sinalização;Colisão traseira;Com Vítimas Feridas;Plena Noite;Decrescente;Chuva;Simples;Reta;-12,38514054;-60,61770827
26/10/2025;05:40:00;CORBELIA;Chuva;Colisão frontal;Com Vítimas Feridas;Amanhecer;Crescente;Chuva;Simples;Reta;-24,69951;-53,24036
26/10/2025;08:25:00;MANHUACU;Velocidade Incompatível;Colisão frontal;Com Vítimas Fatais;Pleno dia;Decrescente;Céu Claro;Simples;"Curva;Declive";-20,252098;-42,128433
26/10/2025;15:00:00;CORDILHEIRA ALTA;Condutor usando celular;Colisão frontal;Com Vítimas Fatais;Pleno dia;Decrescente;Nublado;Simples;Curva;-26,9809366;-52,5913018
26/10/2025;12:40:00;LAPA;Velocidade Incompatível;Tombamento;Com Vítimas Feridas;Pleno dia;Decrescente;Nublado;Simples;Curva;-25,78697151;-49,85008542
26/10/2025;21:45:00;LAPA;Velocidade Incompatível;Colisão lateral sentido oposto;Com Vítimas Fatais;Plena Noite;Crescente;Nublado;Simples;Curva;-25,73041442;-49,70595574
26/10/2025;21:45:00;SANTA CRUZ DO SUL;Ultrapassagem Indevida;Colisão lateral sentido oposto;Com Vítimas Fatais;Plena Noite;Decrescente;Céu Claro;Simples;Reta;-29,77526331;-52,41844364
26/10/2025;20:20:00;VARZEA GRANDE;Acumulo de água sobre o pavimento;Engavetamento;Com Vítimas Feridas;Plena Noite;Decrescente;Céu Claro;Simples;Reta;-15,60417106;-56,20377839
26/10/2025;09:30:00;BRASILIA;Ultrapassagem Indevida;Queda de ocupante de veículo;Com Vítimas Fatais;Pleno dia;Crescente;Céu Claro;Simples;"Reta;Aclive";-15,61944218;-48,19872648
26/10/2025;02:00:00;ITUMBIARA;Velocidade Incompatível;Colisão com objeto;Com Vítimas Feridas;Plena Noite;Crescente;Céu Claro;Múltipla;Reta;-18,2911107;-49,2386009
26/10/2025;04:35:00;JARAGUA DO SUL;Velocidade Incompatível;Colisão com objeto;Com Vítimas Feridas;Amanhecer;Crescente;Céu Claro;Simples;Rotatória;-26,4610075;-49,1376586
26/10/2025;03:44:00;ARACATI;Acostamento em desnível;Tombamento;Com Vítimas Feridas;Plena Noite;Crescente;Céu Claro;Simples;Reta;-4,5726798;-37,74039142
26/10/2025;05:33:00;BENEVIDES;Acesso irregular;Colisão transversal;Com Vítimas Feridas;Amanhecer;Crescente;Céu Claro;Dupla;Reta;-1,31302192;-48,22259115
26/10/2025;03:00:00;INHAPIM;Velocidade Incompatível;Saída de leito carroçável;Com Vítimas Feridas;Plena Noite;Decrescente;Céu Claro;Simples;Curva;-19,5841008;-42,1133992
26/10/2025;07:00:00;PORTO SEGURO;Acesso irregular;Colisão transversal;Com Vítimas Feridas;Pleno dia;Decrescente;Céu Claro;Simples;Reta;-16,4046249;-39,1754171
26/10/2025;04:50:00;CACOAL;Animais na Pista;Atropelamento de Animal;Com Vítimas Feridas;Plena Noite;Decrescente;Céu Claro;Simples;Reta;-11,37848135;-61,69904709
26/10/2025;00:20:00;ITAOBIM;Ultrapassagem Indevida;Colisão frontal;Com Vítimas Fatais;Plena Noite;Crescente;Céu Claro;Simples;"Reta;Declive";-16,677632;-41,501323
26/10/2025;08:40:00;DEMERVAL LOBAO;Acumulo de areia ou detritos sobre o pavimento;Colisão frontal;Sem Vítimas;Pleno dia;Decrescente;Sol;Dupla;"Em Obras;Reta";-5,311388;-42,703927
26/10/2025;07:43:00;CASCAVEL;Velocidade Incompatível;Saída de leito carroçável;Com Vítimas Fatais;Pleno dia;Decrescente;Garoa/Chuvisco;Dupla;"Retorno Regulamentado;Reta;Viaduto";-24,965893;-53,403938
26/10/2025;10:15:00;ITAU;Acesso irregular;Colisão transversal;Com Vítimas Feridas;Pleno dia;Crescente;Céu Claro;Simples;Reta;-5,84247163;-37,98866272
26/10/2025;10:00:00;ARAGUARI;Velocidade Incompatível;Tombamento;Com Vítimas Feridas;Pleno dia;Decrescente;Céu Claro;Dupla;Reta;-18,4279346;-48,063068
26/10/2025;09:20:00;DOM CAVATI;Ultrapassagem Indevida;Colisão lateral mesmo sentido;Sem Vítimas;Pleno dia;Decrescente;Céu Claro;Simples;Reta;-19,376472;-42,107785
26/10/2025;09:40:00;TIBAGI;Chuva;Colisão com objeto;Com Vítimas Feridas;Pleno dia;Crescente;Chuva;Dupla;Curva;-24,790619;-50,501323
26/10/2025;10:45:00;RIBEIRAO CASCALHEIRA;Velocidade Incompatível;Saída de leito carroçável;Com Vítimas Fatais;Pleno dia;Crescente;Céu Claro;Simples;Curva;-12,85531834;-51,82319641
26/10/2025;16:35:00;ALTO PARANA;Retorno proibido;Colisão transversal;Com Vítimas Feridas;Pleno dia;Crescente;Céu Claro;Dupla;Reta;-23,098569;-52,366138
26/10/2025;17:40:00;QUEIMADAS;Ausência de sinalização;Colisão frontal;Com Vítimas Feridas;Anoitecer;Crescente;Céu Claro;Simples;Reta;-7,36832968;-35,90015531
26/10/2025;17:50:00;BELA VISTA DE MINAS;Velocidade Incompatível;Saída de leito carroçável;Com Vítimas Feridas;Anoitecer;Crescente;Nublado;Simples;Curva;-19,8215392;-43,07496786
26/10/2025;18:30:00;RIO DE JANEIRO;Ultrapassagem Indevida;Colisão lateral mesmo sentido;Com Vítimas Feridas;Anoitecer;Decrescente;Céu Claro;Dupla;Reta;-22,8044736;-43,3451807
26/10/2025;19:30:00;EMBU DAS ARTES;Pista esburacada;Tombamento;Com Vítimas Feridas;Plena Noite;Decrescente;Céu Claro;Simples;Reta;-23,6715108;-46,85599527
26/10/2025;17:00:00;TIBAGI;Chuva;Colisão com objeto;Com Vítimas Feridas;Anoitecer;Crescente;Chuva;Dupla;Curva;-24,790619;-50,501323
26/10/2025;20:58:00;SERRA;Afundamento ou ondulação no pavimento;Tombamento;Com Vítimas Feridas;Plena Noite;Decrescente;Céu Claro;Dupla;Reta;-20,20759142;-40,30764773
26/10/2025;20:12:00;GUARANTA DO NORTE;Acostamento em desnível;Capotamento;Com Vítimas Feridas;Plena Noite;Decrescente;Ignorado;Simples;Reta;-9,60005;-54,8916
26/10/2025;22:20:00;IBIRACU;Animais na Pista;Atropelamento de Animal;Com Vítimas Feridas;Plena Noite;Crescente;Céu Claro;Dupla;"Aclive;Curva";-19,85418282;-40,38219521
26/10/2025;23:00:00;POCONE;Animais na Pista;Atropelamento de Animal;Sem Vítimas;Plena Noite;Decrescente;Chuva;Simples;Curva;-15,886028;-56,889321
26/10/2025;02:24:00;HIDROLINA;Animais na Pista;Atropelamento de Animal;Sem Vítimas;Plena Noite;Decrescente;Céu Claro;Simples;"Declive;Reta";-14,76055023;-49,25959826
25/10/2025;01:26:00;PAULO FRONTIN;Velocidade Incompatível;Tombamento;Com Vítimas Fatais;Plena Noite;Crescente;Nublado;Simples;Curva;-26,02052;-50,65003
25/10/2025;04:10:00;JUQUIA;Animais na Pista;Atropelamento de Animal;Com Vítimas Feridas;Plena Noite;Decrescente;Céu Claro;Dupla;Reta;-24,33095307;-47,62884045
25/10/2025;10:00:00;SANTA LUZIA;Ultrapassagem Indevida;Colisão lateral mesmo sentido;Com Vítimas Feridas;Pleno dia;Decrescente;Céu Claro;Simples;Curva;-19,815841;-43,810118
25/10/2025;09:45:00;XAXIM;Conversão proibida;Colisão transversal;Com Vítimas Feridas;Pleno dia;Decrescente;Sol;Simples;Reta;-26,965342;-52,55347
25/10/2025;13:30:00;GARANHUNS;Acesso irregular;Colisão traseira;Com Vítimas Feridas;Pleno dia;Decrescente;Céu Claro;Simples;"Declive;Reta";-8,8753648;-36,5212537
25/10/2025;02:00:00;BREJOES;Velocidade Incompatível;Colisão frontal;Com Vítimas Feridas;Plena Noite;Decrescente;Céu Claro;Simples;Curva;-13,07649;-39,96118
25/10/2025;14:30:00;LUZ;Velocidade Incompatível;Tombamento;Com Vítimas Feridas;Pleno dia;Decrescente;Sol;Simples;"Curva;Declive";-19,7225346;-45,8724968
25/10/2025;14:20:00;ARAUCARIA;Ultrapassagem Indevida;Colisão frontal;Com Vítimas Fatais;Pleno dia;Decrescente;Céu Claro;Simples;"Interseção de Vias;Reta";-25,6350068;-49,4630117
25/10/2025;16:00:00;ALFREDO WAGNER;Velocidade Incompatível;Tombamento;Com Vítimas Feridas;Pleno dia;Crescente;Nublado;Simples;Curva;-27,733597;-49,373738
25/10/2025;13:30:00;VENDA NOVA DO IMIGRANTE;Velocidade Incompatível;Saída de leito carroçável;Com Vítimas Feridas;Pleno dia;Crescente;Chuva;Simples;Curva;-20,34950575;-41,10017538
25/10/2025;18:40:00;ITAITUBA;Deficiência do Sistema de Iluminação/Sinalização;Colisão traseira;Sem Vítimas;Anoitecer;Decrescente;Céu Claro;Simples;Reta;-6,09591458;-55,63917375
25/10/2025;06:09:00;AMELIA RODRIGUES;Velocidade Incompatível;Tombamento;Com Vítimas Feridas;Pleno dia;Crescente;Céu Claro;Dupla;"Curva;Declive";-12,432637;-38,73186
25/10/2025;02:30:00;SAO GONCALO DO RIO ABAIXO;Velocidade Incompatível;Colisão frontal;Com Vítimas Feridas;Plena Noite;Decrescente;Céu Claro;Simples;"Declive;Curva";-19,84254105;-43,32011591
25/10/2025;03:17:00;CACOAL;Demais falhas na via;Queda de ocupante de veículo;Com Vítimas Feridas;Plena Noite;Crescente;Céu Claro;Simples;Reta;-11,489662;-61,380858
25/10/2025;06:10:00;UBERABA;Demais falhas na via;Tombamento;Com Vítimas Feridas;Pleno dia;Decrescente;Céu Claro;Dupla;Reta;-19,73394661;-47,98246622
25/10/2025;08:00:00;SANTA ISABEL;Velocidade Incompatível;Colisão traseira;Com Vítimas Feridas;Pleno dia;Crescente;Sol;Dupla;Curva;-23,363512;-46,223825
25/10/2025;00:05:00;MANAUS;Falta de acostamento;Atropelamento de Pedestre;Com Vítimas Fatais;Plena Noite;Decrescente;Nublado;Simples;"Reta;Declive";-2,92564905;-60,03624201
25/10/2025;09:35:00;ITAPEMIRIM;Ultrapassagem Indevida;Colisão frontal;Com Vítimas Feridas;Pleno dia;Crescente;Nublado;Simples;Reta;-20,95134031;-41,09049797
25/10/2025;03:00:00;ITAMARAJU;Acesso irregular;Atropelamento de Pedestre;Com Vítimas Fatais;Plena Noite;Crescente;Nublado;Simples;"Aclive;Reta";-17,060957;-39,553163
25/10/2025;10:00:00;CAMPOS NOVOS;Animais na Pista;Colisão traseira;Com Vítimas Feridas;Pleno dia;Crescente;Céu Claro;Simples;Reta;-27,359518;-51,324245
25/10/2025;11:50:00;SAO MATEUS;Ultrapassagem Indevida;Colisão frontal;Com Vítimas Feridas;Pleno dia;Crescente;Chuva;Simples;Curva;-18,704061;-39,869205
25/10/2025;15:45:00;PORTO ALEGRE;Velocidade Incompatível;Colisão com objeto;Com Vítimas Fatais;Pleno dia;Crescente;Céu Claro;Múltipla;Curva;-29,97292124;-51,19923694
25/10/2025;08:30:00;SAO MATEUS DO SUL;Velocidade Incompatível;Saída de leito carroçável;Com Vítimas Feridas;Pleno dia;Decrescente;Céu Claro;Simples;Reta;-25,890975;-50,28773528
25/10/2025;15:30:00;JEQUITAI;Ultrapassagem Indevida;Colisão frontal;Com Vítimas Feridas;Pleno dia;Crescente;Céu Claro;Simples;Reta;-16,9977713;-44,2801214
25/10/2025;19:15:00;MIRACATU;Velocidade Incompatível;Queda de ocupante de veículo;Com Vítimas Feridas;Plena Noite;Decrescente;Céu Claro;Dupla;Reta;-24,2675557;-47,3932356
25/10/2025;19:30:00;RIACHAO DO JACUIPE;Ultrapassagem Indevida;Colisão frontal;Com Vítimas Fatais;Plena Noite;Crescente;Céu Claro;Simples;Reta;-11,8082112;-39,3901062
25/10/2025;19:00:00;SAO GONCALO;Animais na Pista;Atropelamento de Animal;Com Vítimas Feridas;Plena Noite;Crescente;Céu Claro;Dupla;Reta;-22,78478568;-42,98798821
25/10/2025;11:50:00;CACAPAVA DO SUL;Pista Escorregadia;Saída de leito carroçável;Com Vítimas Feridas;Pleno dia;Crescente;Chuva;Simples;"Aclive;Curva";-30,587042;-53,388255
25/10/2025;20:00:00;COXIM;Conversão proibida;Colisão lateral mesmo sentido;Com Vítimas Feridas;Plena Noite;Crescente;Céu Claro;Simples;Reta;-18,52879555;-54,74081604
25/10/2025;18:30:00;SINOP;Velocidade Incompatível;Saída de leito carroçável;Sem Vítimas;Plena Noite;Crescente;Céu Claro;Dupla;"Retorno Regulamentado;Reta";-11,87297072;-55,4980427
25/10/2025;19:10:00;CANDIOTA;Animais na Pista;Atropelamento de Animal;Com Vítimas Feridas;Plena Noite;Decrescente;Céu Claro;Simples;"Reta;Ponte";-31,4831367;-53,61671448
25/10/2025;21:10:00;RIO DO SUL;Ultrapassagem Indevida;Colisão frontal;Com Vítimas Feridas;Plena Noite;Decrescente;Nublado;Dupla;Reta;-27,20577096;-49,64587066
25/10/2025;21:00:00;MIRANDIBA;Ultrapassagem Indevida;Colisão frontal;Com Vítimas Feridas;Plena Noite;Crescente;Céu Claro;Simples;Reta;-8,025823;-38,741322
25/10/2025;22:00:00;PORTO GRANDE;Conversão proibida;Colisão lateral mesmo sentido;Com Vítimas Feridas;Plena Noite;Crescente;Céu Claro;Simples;Reta;0,701343;-51,403713
25/10/2025;22:30:00;INDAIAL;Conversão proibida;Tombamento;Com Vítimas Feridas;Plena Noite;Crescente;Nublado;Simples;Reta;-26,87448;-49,187003
25/10/2025;23:10:00;CASCAVEL;Acumulo de água sobre o pavimento;Saída de leito carroçável;Sem Vítimas;Plena Noite;Crescente;Chuva;Dupla;Reta;-25,02678386;-53,55454868
25/10/2025;22:00:00;TIBAGI;Velocidade Incompatível;Saída de leito carroçável;Sem Vítimas;Plena Noite;Decrescente;Ignorado;Simples;Curva;-24,411208;-50,357103
25/10/2025;22:00:00;BLUMENAU;Ultrapassagem Indevida;Colisão transversal;Com Vítimas Feridas;Plena Noite;Decrescente;Céu Claro;Simples;"Reta;Em Obras";-26,87487657;-49,18268904
24/10/2025;00:30:00;CARANDAI;Velocidade Incompatível;Tombamento;Com Vítimas Feridas;Plena Noite;Crescente;Céu Claro;Simples;Curva;-20,9098494;-43,82904192
24/10/2025;07:27:00;BARRA DO CORDA;Ultrapassagem Indevida;Colisão lateral sentido oposto;Com Vítimas Feridas;Pleno dia;Crescente;Céu Claro;Simples;Reta;-5,454365;-45,291672
24/10/2025;09:11:00;RECIFE;Ultrapassagem Indevida;Colisão lateral mesmo sentido;Sem Vítimas;Pleno dia;Crescente;Nublado;Dupla;"Reta;Viaduto";-8,00882;-34,9377
24/10/2025;06:00:00;IBATIBA;Velocidade Incompatível;Saída de leito carroçável;Com Vítimas Feridas;Pleno dia;Decrescente;Céu Claro;Simples;Curva;-20,21476475;-41,44862202
24/10/2025;14:45:00;SANTO ANTONIO DO LEVERGER;Ultrapassagem Indevida;Saída de leito carroçável;Com Vítimas Feridas;Pleno dia;Decrescente;Céu Claro;Dupla;"Reta;Aclive";-15,81255961;-55,36855102
24/10/2025;14:15:00;TRES RIOS;Velocidade Incompatível;Tombamento;Com Vítimas Feridas;Pleno dia;Crescente;Céu Claro;Dupla;Curva;-22,15411136;-43,15809743
24/10/2025;14:42:00;PORANGATU;Ultrapassagem Indevida;Colisão frontal;Com Vítimas Feridas;Pleno dia;Decrescente;Céu Claro;Simples;Reta;-12,88089938;-49,10922647
24/10/2025;19:00:00;GUAPIMIRIM;Ultrapassagem Indevida;Colisão frontal;Com Vítimas Fatais;Anoitecer;Crescente;Céu Claro;Simples;Reta;-22,6600098;-42,941698
24/10/2025;22:30:00;MURIAE;Velocidade Incompatível;Saída de leito carroçável;Com Vítimas Feridas;Plena Noite;Crescente;Céu Claro;Simples;"Declive;Curva";-21,08877359;-42,37485129
24/10/2025;21:40:00;TEIXEIRA DE FREITAS;Ultrapassagem Indevida;Saída de leito carroçável;Sem Vítimas;Plena Noite;Decrescente;Chuva;Simples;"Declive;Curva";-17,60022835;-39,74870157
24/10/2025;14:50:00;NOVA ITARANA;Ultrapassagem Indevida;Colisão frontal;Com Vítimas Fatais;Pleno dia;Decrescente;Nublado;Múltipla;"Aclive;Curva";-13,13441068;-39,99477643
24/10/2025;10:43:00;ALTAMIRA;Ultrapassagem Indevida;Colisão lateral mesmo sentido;Sem Vítimas;Pleno dia;Decrescente;Nublado;Simples;Reta;-8,31654;-55,10086
24/10/2025;01:00:00;ITAPERUNA;Velocidade Incompatível;Colisão traseira;Com Vítimas Feridas;Plena Noite;Decrescente;Céu Claro;Simples;Reta;-21,2369408;-41,7792
24/10/2025;03:40:00;DOIS IRMAOS;Velocidade Incompatível;Saída de leito carroçável;Com Vítimas Feridas;Plena Noite;Crescente;Nublado;Simples;Curva;-29,5897466;-51,1067721
24/10/2025;02:30:00;SAO JOSE DO CERRITO;Velocidade Incompatível;Colisão com objeto;Com Vítimas Feridas;Plena Noite;Crescente;Céu Claro;Simples;Curva;-27,7675267;-50,497255
24/10/2025;05:40:00;ITAQUIRAI;Velocidade Incompatível;Colisão traseira;Com Vítimas Feridas;Pleno dia;Crescente;Céu Claro;Simples;Reta;-23,317633;-54,220381
24/10/2025;07:22:00;VILHENA;Acesso irregular;Colisão transversal;Com Vítimas Feridas;Pleno dia;Decrescente;Céu Claro;Simples;Reta;-12,71509;-60,12637
24/10/2025;09:15:00;URUGUAIANA;Animais na Pista;Queda de ocupante de veículo;Com Vítimas Feridas;Pleno dia;Crescente;Nublado;Simples;Reta;-29,7822283;-57,0646853
24/10/2025;10:20:00;ANAPOLIS;Condutor usando celular;Colisão traseira;Com Vítimas Feridas;Pleno dia;Decrescente;Céu Claro;Dupla;Reta;-16,3533973;-48,9177904
24/10/2025;09:13:00;ROSARIO OESTE;Velocidade Incompatível;Queda de ocupante de veículo;Com Vítimas Feridas;Pleno dia;Decrescente;Céu Claro;Dupla;Reta;-14,7969;-56,4053
24/10/2025;08:20:00;MARAVILHA;Demais falhas na via;Tombamento;Com Vítimas Feridas;Pleno dia;Decrescente;Céu Claro;Simples;Reta;-26,7638291;-53,2184051
24/10/2025;09:35:00;XEXEU;Velocidade Incompatível;Saída de leito carroçável;Com Vítimas Feridas;Pleno dia;Crescente;Céu Claro;Dupla;Curva;-8,826;-35,64578
24/10/2025;12:00:00;ESMERALDAS;Velocidade Incompatível;Saída de leito carroçável;Com Vítimas Feridas;Pleno dia;Decrescente;Céu Claro;Dupla;"Curva;Declive";-19,644291;-44,203085
24/10/2025;14:30:00;AGUAS MORNAS;Pista Escorregadia;Saída de leito carroçável;Com Vítimas Feridas;Pleno dia;Crescente;Nublado;Simples;"Aclive;Curva";-27,72092014;-48,92335189
24/10/2025;15:45:00;CURITIBA;Sinalização encoberta;Colisão com objeto;Sem Vítimas;Pleno dia;Crescente;Céu Claro;Simples;Reta;-25,43293589;-49,37186893
24/10/2025;17:25:00;MAMANGUAPE;Acumulo de areia ou detritos sobre o pavimento;Tombamento;Com Vítimas Feridas;Anoitecer;Crescente;Nublado;Dupla;"Em Obras;Reta";-6,618434;-35,136732
24/10/2025;17:20:00;BETIM;Velocidade Incompatível;Colisão traseira;Com Vítimas Feridas;Pleno dia;Decrescente;Nublado;Dupla;Reta;-19,9582675;-44,08003342
24/10/2025;17:40:00;JOAO PESSOA;Demais falhas na via;Queda de ocupante de veículo;Com Vítimas Feridas;Plena Noite;Crescente;Céu Claro;Dupla;Em Obras;-7,1696384;-34,8749824
24/10/2025;08:10:00;BALSA NOVA;Pista Escorregadia;Tombamento;Com Vítimas Feridas;Pleno dia;Decrescente;Nublado;Dupla;Curva;-25,47294;-49,63569
24/10/2025;19:15:00;AGUA BOA;Ultrapassagem Indevida;Colisão lateral mesmo sentido;Com Vítimas Fatais;Plena Noite;Crescente;Céu Claro;Simples;Reta;-14,0869451;-52,1609629
24/10/2025;18:30:00;SEROPEDICA;Ultrapassagem Indevida;Colisão transversal;Com Vítimas Feridas;Plena Noite;Decrescente;Céu Claro;Simples;Reta;-22,71785875;-43,72750489
24/10/2025;20:55:00;SANTO ANTONIO DA PLATINA;Ultrapassagem Indevida;Colisão lateral sentido oposto;Com Vítimas Feridas;Plena Noite;Crescente;Céu Claro;Simples;Reta;-23,28972137;-50,06044865
24/10/2025;19:00:00;CORRENTINA;Iluminação deficiente;Colisão traseira;Com Vítimas Feridas;Plena Noite;Decrescente;Céu Claro;Simples;Reta;-13,5421;-45,04316
24/10/2025;22:00:00;JULIO DE CASTILHOS;Ultrapassagem Indevida;Colisão frontal;Com Vítimas Feridas;Plena Noite;Decrescente;Céu Claro;Simples;Reta;-29,39533726;-53,66958618
24/10/2025;22:50:00;IATI;Ultrapassagem Indevida;Colisão lateral sentido oposto;Com Vítimas Feridas;Plena Noite;Decrescente;Céu Claro;Simples;Reta;-8,98038;-36,82878
24/10/2025;23:41:00;SOMBRIO;Ausência de sinalização;Colisão com objeto;Sem Vítimas;Plena Noite;Crescente;Ignorado;Dupla;Reta;-29,081928;-49,629689
23/10/2025;00:41:00;PARANAGUA;Ultrapassagem Indevida;Colisão lateral sentido oposto;Com Vítimas Feridas;Plena Noite;Crescente;Nublado;Simples;Reta;-25,54084815;-48,55874486
23/10/2025;06:00:00;LUZ;Ultrapassagem Indevida;Saída de leito carroçável;Com Vítimas Feridas;Pleno dia;Decrescente;Céu Claro;Simples;Reta;-19,774602;-45,759305
23/10/2025;08:55:00;SANTOS DUMONT;Velocidade Incompatível;Tombamento;Com Vítimas Feridas;Pleno dia;Crescente;Céu Claro;Simples;Curva;-21,49107229;-43,53566262