data_inversa;horario;municipio;causa_acidente;tipo_acidente;classificacao_acidente;fase_dia;sentido_via;condicao_metereologica;tipo_pista;tracado_via;latitude;longitude
11/10/2025;08:30:00;DUQUE DE CAXIAS;Acesso irregular;Colisão frontal;Com Vítimas Feridas;Pleno dia;Decrescente;Céu Claro;Simples;Reta;-22,67026377;-43,27386975
11/10/2025;12:30:00;NOVA LONDRINA;Velocidade Incompatível;Tombamento;Com Vítimas Feridas;Pleno dia;Crescente;Sol;Simples;"Interseção de Vias;Rotatória";-22,8117296;-53,01908612
11/10/2025;15:00:00;ILHEUS;Ultrapassagem Indevida;Colisão lateral sentido oposto;Com Vítimas Feridas;Pleno dia;Decrescente;Céu Claro;Simples;Reta;-14,6332306;-39,333448
11/10/2025;16:00:00;MARECHAL FLORIANO;Conversão proibida;Colisão transversal;Com Vítimas Feridas;Pleno dia;Crescente;Nublado;Simples;Curva;-20,41234;-40,832114
11/10/2025;18:05:00;JITAUNA;Ultrapassagem Indevida;Colisão lateral sentido oposto;Com Vítimas Feridas;Plena Noite;Crescente;Nublado;Simples;Reta;-14,00774;-39,875285
11/10/2025;14:00:00;JANGADA;Chuva;Saída de leito carroçável;Com Vítimas Feridas;Pleno dia;Decrescente;Chuva;Simples;"Aclive;Curva";-15,289364;-56,434871
11/10/2025;04:30:00;APIUNA;Chuva;Tombamento;Com Vítimas Feridas;Amanhecer;Crescente;Garoa/Chuvisco;Simples;Curva;-27,09939;-49,46265
11/10/2025;00:50:00;BETIM;Ausência de sinalização;Colisão com objeto;Com Vítimas Feridas;Plena Noite;Crescente;Céu Claro;Dupla;Declive;-19,9565473;-44,13696461
11/10/2025;02:31:00;JOAO PESSOA;Velocidade Incompatível;Colisão com objeto;Sem Vítimas;Plena Noite;Decrescente;Céu Claro;Dupla;Curva;-7,1340848;-34,85428381
11/10/2025;04:20:00;BETIM;Velocidade Incompatível;Capotamento;Com Vítimas Feridas;Plena Noite;Decrescente;Céu Claro;Dupla;"Aclive;Curva";-19,95775218;-44,12181973
11/10/2025;04:58:00;SAO JOSE;Ausência de sinalização;Colisão transversal;Sem Vítimas;Pleno dia;Crescente;Nublado;Múltipla;"Interseção de Vias;Viaduto";-27,60600789;-48,635132
11/10/2025;01:30:00;ITAPEVA;Chuva;Colisão com objeto;Com Vítimas Feridas;Plena Noite;Decrescente;Garoa/Chuvisco;Dupla;"Curva;Declive";-22,77103744;-46,19817495
11/10/2025;06:20:00;SAO GONCALO DO RIO ABAIXO;Velocidade Incompatível;Colisão com objeto;Com Vítimas Feridas;Pleno dia;Decrescente;Céu Claro;Simples;Reta;-19,840822;-43,332624
11/10/2025;06:40:00;CACHOEIRA PAULISTA;Velocidade Incompatível;Saída de leito carroçável;Com Vítimas Feridas;Pleno dia;Crescente;Céu Claro;Dupla;"Rotatória;Aclive";-22,65252649;-44,9587842
11/10/2025;07:00:00;MATIPO;Velocidade Incompatível;Saída de leito carroçável;Com Vítimas Feridas;Pleno dia;Decrescente;Nublado;Simples;"Aclive;Curva";-20,29629;-42,230787
11/10/2025;10:00:00;CANOINHAS;Velocidade Incompatível;Saída de leito carroçável;Com Vítimas Feridas;Pleno dia;Decrescente;Céu Claro;Simples;"Declive;Curva";-26,199384;-50,432677
11/10/2025;09:20:00;CAMPINA GRANDE DO SUL;Chuva;Colisão com objeto;Com Vítimas Feridas;Pleno dia;Crescente;Chuva;Dupla;"Declive;Curva";-25,08088128;-48,62271756
11/10/2025;09:30:00;CACHOEIRO DE ITAPEMIRIM;Ultrapassagem Indevida;Colisão frontal;Com Vítimas Feridas;Pleno dia;Crescente;Nublado;Simples;Reta;-20,8388083;-41,163215
11/10/2025;07:30:00;JEQUIE;Velocidade Incompatível;Saída de leito carroçável;Com Vítimas Feridas;Pleno dia;Decrescente;Nublado;Simples;Curva;-14,037562;-40,204008
11/10/2025;11:40:00;CAXIAS DO SUL;Retorno proibido;Colisão lateral mesmo sentido;Com Vítimas Feridas;Pleno dia;Decrescente;Céu Claro;Dupla;Interseção de Vias;-29,11807253;-51,11604659
11/10/2025;12:30:00;DOMINGOS MARTINS;Ultrapassagem Indevida;Colisão frontal;Com Vítimas Feridas;Pleno dia;Crescente;Sol;Simples;Curva;-20,409761;-40,928312
11/10/2025;12:45:00;UBERLANDIA;Declive acentuado;Saída de leito carroçável;Com Vítimas Feridas;Pleno dia;Crescente;Céu Claro;Dupla;Declive;-18,85458355;-48,2442468
11/10/2025;14:00:00;CORRENTINA;Velocidade Incompatível;Saída de leito carroçável;Com Vítimas Feridas;Pleno dia;Crescente;Sol;Simples;Reta;-13,554366;-45,066105
11/10/2025;11:40:00;ITAPERUNA;Demais falhas na via;Queda de ocupante de veículo;Com Vítimas Feridas;Pleno dia;Crescente;Céu Claro;Simples;Curva;-21,14890889;-42,16074014
11/10/2025;15:05:00;FLORIANOPOLIS;Velocidade Incompatível;Atropelamento de Pedestre;Com Vítimas Feridas;Pleno dia;Crescente;Nublado;Múltipla;"Aclive;Curva";-27,59869645;-48,60001652
11/10/2025;16:45:00;BOM JESUS DO AMPARO;Velocidade Incompatível;Saída de leito carroçável;Com Vítimas Feridas;Pleno dia;Decrescente;Nublado;Dupla;"Curva;Aclive";-19,747466;-43,492598
11/10/2025;16:15:00;FLORIANOPOLIS;Conversão proibida;Colisão transversal;Com Vítimas Feridas;Pleno dia;Crescente;Nublado;Simples;"Desvio Temporário;Em Obras";-27,5972096;-48,5556224
11/10/2025;17:06:00;TERESINA;Acesso irregular;Atropelamento de Pedestre;Com Vítimas Feridas;Pleno dia;Crescente;Céu Claro;Múltipla;Viaduto;-5,07791719;-42,74848938
11/10/2025;17:40:00;TERESINA;Chuva;Tombamento;Com Vítimas Feridas;Amanhecer;Crescente;Chuva;Dupla;Reta;-5,056608;-42,683448
11/10/2025;16:25:00;CANGUARETAMA;Pista esburacada;Colisão com objeto;Com Vítimas Feridas;Pleno dia;Crescente;Céu Claro;Dupla;"Reta;Ponte";-6,4035833;-35,134265
11/10/2025;18:00:00;SABARA;Pista Escorregadia;Saída de leito carroçável;Com Vítimas Feridas;Anoitecer;Crescente;Chuva;Dupla;"Aclive;Curva";-19,78749123;-43,69129658
11/10/2025;18:00:00;SABARA;Velocidade Incompatível;Saída de leito carroçável;Com Vítimas Feridas;Plena Noite;Crescente;Nublado;Simples;"Curva;Declive";-19,787664;-43,699355
11/10/2025;18:50:00;POUSO ALEGRE;Velocidade Incompatível;Colisão transversal;Com Vítimas Feridas;Plena Noite;Crescente;Nublado;Simples;"Aclive;Curva";-22,18629233;-45,98404884
11/10/2025;19:40:00;SERRA;Velocidade Incompatível;Engavetamento;Com Vítimas Feridas;Plena Noite;Decrescente;Céu Claro;Múltipla;Reta;-20,19490975;-40,26862532
11/10/2025;18:05:00;RODEIO;Pista Escorregadia;Saída de leito carroçável;Com Vítimas Feridas;Plena Noite;Crescente;Garoa/Chuvisco;Simples;Curva;-26,95911759;-49,32392327
11/10/2025;18:50:00;TRES MARIAS;Ultrapassagem Indevida;Colisão lateral mesmo sentido;Com Vítimas Feridas;Plena Noite;Decrescente;Céu Claro;Simples;"Aclive;Reta";-18,244107;-45,206586
11/10/2025;19:55:00;EXTREMA;Velocidade Incompatível;Capotamento;Sem Vítimas;Plena Noite;Crescente;Céu Claro;Dupla;"Declive;Reta";-22,859698;-46,3413
11/10/2025;20:40:00;SANTO AMARO DA IMPERATRIZ;Acesso irregular;Colisão transversal;Com Vítimas Feridas;Plena Noite;Decrescente;Céu Claro;Simples;Interseção de Vias;-27,67523279;-48,76839336
11/10/2025;21:45:00;NOVA LIMA;Velocidade Incompatível;Colisão traseira;Com Vítimas Feridas;Plena Noite;Decrescente;Céu Claro;Dupla;Declive;-20,0819244;-43,9793763
11/10/2025;19:00:00;FRUTA DE LEITE;Iluminação deficiente;Queda de ocupante de veículo;Com Vítimas Feridas;Plena Noite;Decrescente;Nublado;Simples;Reta;-16,264136;-42,504282
11/10/2025;19:00:00;ARARIPINA;Ausência de sinalização;Colisão traseira;Com Vítimas Fatais;Plena Noite;Decrescente;Céu Claro;Simples;Reta;-7,686958;-40,359892
11/10/2025;21:00:00;VILHENA;Iluminação deficiente;Colisão com objeto;Com Vítimas Feridas;Plena Noite;Decrescente;Céu Claro;Simples;"Em Obras;Curva";-12,70929798;-60,12437075
11/10/2025;22:50:00;CAPANEMA;Velocidade Incompatível;Queda de ocupante de veículo;Com Vítimas Feridas;Plena Noite;Decrescente;Céu Claro;Dupla;Reta;-1,21389843;-47,17993855
11/10/2025;22:00:00;LORENA;Animais na Pista;Atropelamento de Animal;Com Vítimas Feridas;Plena Noite;Decrescente;Céu Claro;Dupla;Reta;-22,74492049;-45,09704903
11/10/2025;21:31:00;RIO DE JANEIRO;Ultrapassagem Indevida;Colisão lateral mesmo sentido;Com Vítimas Feridas;Plena Noite;Crescente;Céu Claro;Dupla;Reta;-22,87206298;-43,18725586
11/10/2025;21:50:00;TERESOPOLIS;Iluminação deficiente;Queda de ocupante de veículo;Com Vítimas Feridas;Plena Noite;Crescente;Nublado;Simples;Curva;-22,38400786;-42,95474052
11/10/2025;04:40:00;VARJAO DE MINAS;Acumulo de areia ou detritos sobre o pavimento;Capotamento;Com Vítimas Feridas;Amanhecer;Decrescente;Ignorado;Simples;Reta;-18,467653;-46,077461
11/10/2025;17:15:00;VITORIA DA CONQUISTA;Velocidade Incompatível;Atropelamento de Pedestre;Com Vítimas Feridas;Pleno dia;Crescente;Céu Claro;Simples;"Reta;Declive";-14,844542;-40,847432
11/10/2025;23:40:00;AGRESTINA;Ultrapassagem Indevida;Colisão frontal;Com Vítimas Feridas;Plena Noite;Crescente;Céu Claro;Simples;"Aclive;Reta";-8,38689;-35,9783
10/10/2025;07:00:00;CASCAVEL;Velocidade Incompatível;Tombamento;Com Vítimas Feridas;Pleno dia;Decrescente;Céu Claro;Dupla;"Interseção de Vias;Curva;Viaduto";-24,96538151;-53,40406895
10/10/2025;08:13:00;ALTOS;Acesso irregular;Colisão transversal;Com Vítimas Feridas;Pleno dia;Crescente;Céu Claro;Simples;"Interseção de Vias;Reta";-5,03974418;-42,45931417
10/10/2025;08:34:00;CAJATI;Acumulo de água sobre o pavimento;Colisão lateral mesmo sentido;Sem Vítimas;Pleno dia;Decrescente;Chuva;Dupla;"Curva;Declive";-24,87460109;-48,22517395
10/10/2025;10:00:00;VASSOURAS;Pista Escorregadia;Colisão lateral sentido oposto;Com Vítimas Feridas;Pleno dia;Decrescente;Nublado;Simples;"Curva;Declive";-22,435652;-43,731749
10/10/2025;10:30:00;CAMPO GRANDE;Retorno proibido;Colisão transversal;Com Vítimas Feridas;Pleno dia;Decrescente;Céu Claro;Simples;Reta;-20,45877;-54,54867
10/10/2025;12:50:00;CAMPO GRANDE;Acesso irregular;Colisão lateral mesmo sentido;Com Vítimas Feridas;Pleno dia;Crescente;Nublado;Simples;"Interseção de Vias;Declive;Reta";-20,39262;-54,685389
10/10/2025;16:30:00;EXTREMA;Chuva;Colisão com objeto;Sem Vítimas;Pleno dia;Crescente;Chuva;Dupla;"Reta;Declive";-22,812975;-46,290335
10/10/2025;17:28:00;IBIRAMA;Acostamento em desnível;Tombamento;Com Vítimas Feridas;Pleno dia;Decrescente;Nublado;Simples;Reta;-27,07758;-49,49464
10/10/2025;20:50:00;IBIA;Restrição de visibilidade em curvas horizontais;Colisão traseira;Com Vítimas Feridas;Plena Noite;Decrescente;Céu Claro;Simples;Curva;-19,58652808;-46,34496689
10/10/2025;22:45:00;ARACRUZ;Velocidade Incompatível;Colisão frontal;Com Vítimas Fatais;Pleno dia;Crescente;Nublado;Simples;Reta;-19,60167183;-40,20278393
10/10/2025;01:30:00;PALHOCA;Ausência de sinalização;Colisão traseira;Com Vítimas Feridas;Plena Noite;Crescente;Chuva;Dupla;Reta;-27,898;-48,649
10/10/2025;02:50:00;SALDANHA MARINHO;Curva acentuada;Saída de leito carroçável;Com Vítimas Feridas;Plena Noite;Decrescente;Céu Claro;Simples;"Curva;Declive";-28,40159427;-53,06815419
10/10/2025;06:10:00;GUARAMIRIM;Velocidade Incompatível;Colisão com objeto;Com Vítimas Fatais;Amanhecer;Decrescente;Garoa/Chuvisco;Múltipla;"Em Obras;Curva";-26,479157;-49,01015
10/10/2025;07:25:00;RIO NEGRINHO;Acesso irregular;Colisão transversal;Com Vítimas Feridas;Pleno dia;Crescente;Nublado;Simples;Reta;-26,24294;-49,512387
10/10/2025;07:50:00;ANGRA DOS REIS;Ultrapassagem Indevida;Colisão traseira;Com Vítimas Feridas;Pleno dia;Crescente;Céu Claro;Simples;Reta;-22,98731546;-44,30105901
10/10/2025;08:30:00;OLIVEIRA FORTES;Velocidade Incompatível;Colisão lateral mesmo sentido;Com Vítimas Feridas;Pleno dia;Crescente;Garoa/Chuvisco;Dupla;"Curva;Aclive";-21,33554679;-43,58688354
10/10/2025;09:10:00;LAVRAS;Chuva;Capotamento;Com Vítimas Feridas;Pleno dia;Crescente;Chuva;Dupla;Curva;-21,17864946;-45,12359619
10/10/2025;08:50:00;AGUA BOA;Acesso irregular;Colisão transversal;Com Vítimas Feridas;Pleno dia;Crescente;Céu Claro;Simples;Curva;-14,0869327;-52,1609483
10/10/2025;12:20:00;CANOAS;Demais falhas na via;Tombamento;Com Vítimas Feridas;Pleno dia;Decrescente;Céu Claro;Dupla;"Reta;Em Obras;Desvio Temporário";-29,92805045;-51,1775328
10/10/2025;12:00:00;SANTA ROSA DO SUL;Conversão proibida;Colisão frontal;Com Vítimas Feridas;Pleno dia;Crescente;Céu Claro;Múltipla;Curva;-29,1546788;-49,7299248
10/10/2025;12:30:00;ANCHIETA;Chuva;Colisão com objeto;Com Vítimas Feridas;Pleno dia;Crescente;Chuva;Dupla;Curva;-20,650973;-40,641882
10/10/2025;14:05:00;SANTOS DUMONT;Velocidade Incompatível;Colisão frontal;Com Vítimas Fatais;Pleno dia;Crescente;Nublado;Simples;"Declive;Curva";-21,485893;-43,535015
10/10/2025;13:00:00;PERDOES;Chuva;Colisão com objeto;Com Vítimas Feridas;Pleno dia;Decrescente;Chuva;Dupla;Curva;-21,086208;-45,0854912
10/10/2025;13:30:00;SANTA RITA;Ultrapassagem Indevida;Saída de leito carroçável;Com Vítimas Feridas;Pleno dia;Crescente;Céu Claro;Simples;"Aclive;Reta";-3,170542;-44,341048
10/10/2025;12:20:00;FRUTAL;Velocidade Incompatível;Colisão com objeto;Com Vítimas Feridas;Pleno dia;Crescente;Garoa/Chuvisco;Simples;Declive;-19,92019992;-48,9608955
10/10/2025;14:40:00;LINHARES;Condutor usando celular;Colisão traseira;Com Vítimas Feridas;Pleno dia;Decrescente;Nublado;Simples;Reta;-19,0917932;-40,04932554
10/10/2025;17:00:00;MAIRIPORA;Chuva;Colisão com objeto;Com Vítimas Feridas;Pleno dia;Crescente;Chuva;Múltipla;Curva;-23,3492618;-46,5588498
10/10/2025;16:00:00;TEOFILO OTONI;Afundamento ou ondulação no pavimento;Tombamento;Com Vítimas Feridas;Pleno dia;Crescente;Nublado;Simples;"Em Obras;Reta";-17,776713;-41,498465
10/10/2025;16:30:00;ITAPEVA;Velocidade Incompatível;Saída de leito carroçável;Com Vítimas Feridas;Pleno dia;Crescente;Garoa/Chuvisco;Dupla;Curva;-22,7746311;-46,2388817
10/10/2025;17:30:00;RIO VERDE;Acumulo de água sobre o pavimento;Queda de ocupante de veículo;Com Vítimas Feridas;Pleno dia;Decrescente;Chuva;Múltipla;Reta;-17,806598;-50,92383
10/10/2025;18:10:00;VENDA NOVA DO IMIGRANTE;Iluminação deficiente;Atropelamento de Pedestre;Com Vítimas Feridas;Amanhecer;Crescente;Nublado;Simples;Reta;-20,33685071;-41,18761539
10/10/2025;18:30:00;SENHOR DO BONFIM;Animais na Pista;Atropelamento de Animal;Com Vítimas Feridas;Plena Noite;Crescente;Céu Claro;Simples;Reta;-10,38336682;-40,17393779
10/10/2025;18:50:00;ITABORAI;Ausência de sinalização;Colisão com objeto;Com Vítimas Feridas;Plena Noite;Crescente;Chuva;Simples;Reta;-22,76326162;-42,92942047
10/10/2025;20:00:00;LONDRINA;Pista Escorregadia;Tombamento;Com Vítimas Feridas;Plena Noite;Decrescente;Garoa/Chuvisco;Dupla;Reta;-23,293207;-51,139184
10/10/2025;19:40:00;CACAPAVA;Acumulo de água sobre o pavimento;Colisão transversal;Sem Vítimas;Plena Noite;Decrescente;Chuva;Simples;Rotatória;-23,11100883;-45,70345101
10/10/2025;20:15:00;BAIXIO;Animais na Pista;Atropelamento de Animal;Com Vítimas Feridas;Plena Noite;Crescente;Céu Claro;Simples;Reta;-6,699898;-38,808293
10/10/2025;20:00:00;TUNTUM;Animais na Pista;Atropelamento de Animal;Com Vítimas Fatais;Plena Noite;Crescente;Céu Claro;Simples;Reta;-5,390728;-44,799457
10/10/2025;22:30:00;CARAI;Animais na Pista;Atropelamento de Animal;Com Vítimas Feridas;Plena Noite;Decrescente;Céu Claro;Simples;Reta;-17,192337;-41,488093
10/10/2025;23:00:00;PAULO AFONSO;Ultrapassagem Indevida;Colisão lateral sentido oposto;Com Vítimas Feridas;Plena Noite;Decrescente;Céu Claro;Simples;Curva;-9,4915;-38,214306
10/10/2025;23:38:00;BAYEUX;Chuva;Colisão com objeto;Sem Vítimas;Plena Noite;Crescente;Chuva;Dupla;Reta;-7,14941988;-34,91233231
10/10/2025;00:20:00;MINEIROS;Animais na Pista;Atropelamento de Animal;Com Vítimas Feridas;Plena Noite;Decrescente;Céu Claro;Simples;Reta;-17,391325;-53,0134
10/10/2025;13:20:00;FORTALEZA DO TABOCAO;Ultrapassagem Indevida;Colisão frontal;Com Vítimas Feridas;Pleno dia;Decrescente;Céu Claro;Simples;"Aclive;Reta";-9,16000326;-48,53579476
10/10/2025;23:22:00;COCALZINHO DE GOIAS;Ultrapassagem Indevida;Colisão lateral sentido oposto;Com Vítimas Feridas;Plena Noite;Crescente;Céu Claro;Simples;"Reta;Declive";-15,752234;-48,591574
10/10/2025;19:20:00;HUMAITA;Iluminação deficiente;Colisão lateral sentido oposto;Com Vítimas Feridas;Plena Noite;Decrescente;Céu Claro;Dupla;Reta;-7,447036;-63,226736
09/10/2025;17:20:00;CURITIBA;Ultrapassagem Indevida;Colisão transversal;Com Vítimas Feridas;Anoitecer;Crescente;Chuva;Dupla;Curva;-25,558905;-49,30670256
09/10/2025;14:00:00;VALE DE SAO DOMINGOS;Acostamento em desnível;Saída de leito carroçável;Com Vítimas Feridas;Pleno dia;Crescente;Céu Claro;Simples;Reta;-15,3730404;-59,1877712
09/10/2025;14:55:00;BARRA DO GARCAS;Ultrapassagem Indevida;Colisão frontal;Com Vítimas Fatais;Pleno dia;Crescente;Céu Claro;Simples;Reta;-15,173541;-52,183382
09/10/2025;18:35:00;PATOS DE MINAS;Pista Escorregadia;Colisão frontal;Com Vítimas Feridas;Pleno dia;Decrescente;Garoa/Chuvisco;Simples;"Declive;Reta";-18,742292;-46,628495
09/10/2025;20:10:00;JAGUARACU;Velocidade Incompatível;Colisão frontal;Com Vítimas Fatais;Plena Noite;Crescente;Céu Claro;Simples;Curva;-19,55348577;-42,70926118
09/10/2025;08:30:00;GANDU;Curva acentuada;Tombamento;Sem Vítimas;Pleno dia;Decrescente;Céu Claro;Simples;Curva;-13,87141524;-39,49584862
09/10/2025;02:00:00;IBIRAPITANGA;Acumulo de água sobre o pavimento;Colisão frontal;Com Vítimas Fatais;Plena Noite;Crescente;Chuva;Simples;"Curva;Declive";-13,9914832;-39,47782516
09/10/2025;04:36:00;JATOBA;Velocidade Incompatível;Colisão frontal;Com Vítimas Feridas;Amanhecer;Crescente;Nublado;Simples;Curva;-9,23540521;-38,2404545
09/10/2025;05:40:00;SAO PAULO;Pista Escorregadia;Colisão com objeto;Com Vítimas Feridas;Amanhecer;Crescente;Chuva;Múltipla;Curva;-23,47260056;-46,5650475
09/10/2025;07:00:00;ANGRA DOS REIS;Velocidade Incompatível;Colisão frontal;Com Vítimas Feridas;Pleno dia;Crescente;Céu Claro;Simples;Curva;-23,01384705;-44,28473566
09/10/2025;08:20:00;CARMO DA CACHOEIRA;Chuva;Colisão com objeto;Com Vítimas Feridas;Pleno dia;Crescente;Chuva;Dupla;Curva;-21,44587889;-45,21011353
09/10/2025;07:50:00;MANHUACU;Conversão proibida;Colisão transversal;Com Vítimas Feridas;Pleno dia;Crescente;Céu Claro;Simples;Reta;-20,237059;-42,164405
09/10/2025;10:20:00;ANGRA DOS REIS;Velocidade Incompatível;Colisão frontal;Com Vítimas Feridas;Pleno dia;Crescente;Chuva;Simples;Curva;-22,998407;-44,440222
09/10/2025;11:30:00;SAO DOMINGOS DO PRATA;Ultrapassagem Indevida;Colisão com objeto;Com Vítimas Feridas;Pleno dia;Decrescente;Céu Claro;Simples;Reta;-20,005635;-42,767592
09/10/2025;10:42:00;CAETANOPOLIS;Sinalização mal posicionada;Engavetamento;Sem Vítimas;Pleno dia;Decrescente;Céu Claro;Dupla;"Em Obras;Reta";-19,391313;-44,335421
09/10/2025;11:35:00;JEQUITAI;Conversão proibida;Colisão transversal;Com Vítimas Fatais;Pleno dia;Decrescente;Céu Claro;Simples;Reta;-17,20468;-44,44059
09/10/2025;11:30:00;PETROPOLIS;Pista Escorregadia;Colisão com objeto;Com Vítimas Feridas;Pleno dia;Crescente;Garoa/Chuvisco;Simples;Curva;-22,5525041;-43,2512494
09/10/2025;13:20:00;SINOP;Ultrapassagem Indevida;Saída de leito carroçável;Com Vítimas Feridas;Pleno dia;Decrescente;Sol;Simples;Reta;-11,6336;-55,43596
09/10/2025;15:20:00;CONDE;Velocidade Incompatível;Saída de leito carroçável;Sem Vítimas;Pleno dia;Decrescente;Céu Claro;Dupla;Curva;-7,26213052;-34,93619978
09/10/2025;15:00:00;SAO LUIS DO CURU;Conversão proibida;Colisão transversal;Com Vítimas Feridas;Pleno dia;Crescente;Céu Claro;Simples;Aclive;-3,671304;-39,230598
09/10/2025;15:20:00;ITATIAIUCU;Velocidade Incompatível;Saída de leito carroçável;Com Vítimas Feridas;Pleno dia;Crescente;Nublado;Dupla;"Curva;Declive";-20,16331;-44,359372
09/10/2025;14:50:00;CARUARU;Acesso irregular;Colisão transversal;Com Vítimas Feridas;Pleno dia;Decrescente;Sol;Dupla;Reta;-8,305739;-35,933474
09/10/2025;15:30:00;ARAQUARI;Velocidade Incompatível;Saída de leito carroçável;Com Vítimas Feridas;Pleno dia;Decrescente;Chuva;Dupla;Reta;-26,45154772;-48,78627491
09/10/2025;17:10:00;JUIZ DE FORA;Velocidade Incompatível;Saída de leito carroçável;Com Vítimas Feridas;Pleno dia;Crescente;Garoa/Chuvisco;Dupla;"Curva;Declive";-21,81126534;-43,39560986
09/10/2025;16:40:00;JUAZEIRO;Conversão proibida;Colisão frontal;Com Vítimas Feridas;Pleno dia;Crescente;Sol;Simples;Reta;-9,446795;-40,490907
09/10/2025;16:20:00;PORTO VELHO;Ausência de sinalização;Eventos atípicos;Com Vítimas Feridas;Pleno dia;Crescente;Sol;Dupla;Reta;-8,78525084;-63,85857618
09/10/2025;15:20:00;PICOS;Velocidade Incompatível;Colisão traseira;Com Vítimas Feridas;Pleno dia;Decrescente;Céu Claro;Dupla;Reta;-7,07913168;-41,44882464
09/10/2025;15:30:00;JOAO PINHEIRO;Acumulo de areia ou detritos sobre o pavimento;Tombamento;Com Vítimas Feridas;Pleno dia;Crescente;Céu Claro;Simples;Reta;-17,74172011;-46,18479824
09/10/2025;17:30:00;SAO JOSE DO VALE DO RIO PRETO;Retorno proibido;Colisão transversal;Com Vítimas Feridas;Anoitecer;Crescente;Nublado;Dupla;Curva;-22,12845181;-42,78094411
09/10/2025;19:00:00;NOVA LIMA;Conversão proibida;Colisão frontal;Com Vítimas Feridas;Plena Noite;Crescente;Nublado;Dupla;Reta;-20,06572699;-43,98058891
09/10/2025;16:27:00;CAMPINA GRANDE DO SUL;Chuva;Saída de leito carroçável;Sem Vítimas;Anoitecer;Decrescente;Chuva;Dupla;Curva;-25,1034154;-48,7013611
09/10/2025;19:30:00;ARAPONGAS;Acesso irregular;Atropelamento de Pedestre;Com Vítimas Feridas;Plena Noite;Decrescente;Céu Claro;Dupla;Reta;-23,40566424;-51,42850144
09/10/2025;17:00:00;ILHOTA;Pista Escorregadia;Saída de leito carroçável;Com Vítimas Feridas;Anoitecer;Crescente;Chuva;Dupla;Reta;-26,88365961;-48,8612633
09/10/2025;09:20:00;RIO BRILHANTE;Velocidade Incompatível;Saída de leito carroçável;Sem Vítimas;Pleno dia;Crescente;Céu Claro;Simples;Reta;-21,597487;-54,435821
09/10/2025;01:10:00;ENGENHEIRO CALDAS;Velocidade Incompatível;Saída de leito carroçável;Com Vítimas Feridas;Plena Noite;Crescente;Céu Claro;Simples;Curva;-19,093768;-42,001534
09/10/2025;09:00:00;TACAIMBO;Ultrapassagem Indevida;Colisão frontal;Com Vítimas Feridas;Pleno dia;Decrescente;Céu Claro;Simples;Reta;-8,33020174;-36,22975588
08/10/2025;10:00:00;CONTAGEM;Ultrapassagem Indevida;Colisão lateral mesmo sentido;Com Vítimas Fatais;Pleno dia;Decrescente;Sol;Dupla;"Declive;Curva";-19,866137;-44,064863
08/10/2025;16:20:00;SANTOS DUMONT;Velocidade Incompatível;Tombamento;Com Vítimas Feridas;Pleno dia;Decrescente;Nublado;Simples;Curva;-21,427125;-43,556358
08/10/2025;17:10:00;PAULO FRONTIN;Acesso irregular;Colisão transversal;Com Vítimas Feridas;Pleno dia;Crescente;Chuva;Simples;Interseção de Vias;-26,0935143;-50,7746094
08/10/2025;17:10:00;PONTA GROSSA;Chuva;Colisão traseira;Com Vítimas Feridas;Pleno dia;Crescente;Chuva;Dupla;"Declive;Curva";-24,981802;-50,372389
08/10/2025;17:30:00;JARU;Ultrapassagem Indevida;Colisão lateral mesmo sentido;Com Vítimas Feridas;Pleno dia;Crescente;Céu Claro;Múltipla;"Retorno Regulamentado;Reta";-10,45145386;-62,46100299
08/10/2025;18:00:00;ANGRA DOS REIS;Chuva;Colisão com objeto;Com Vítimas Feridas;Plena Noite;Decrescente;Chuva;Simples;Curva;-22,956088;-44,304677
08/10/2025;20:50:00;COLOMBO;Chuva;Colisão frontal;Com Vítimas Feridas;Plena Noite;Crescente;Chuva;Simples;"Declive;Curva";-25,314138;-49,157143
08/10/2025;19:35:00;CAMBUI;Velocidade Incompatível;Tombamento;Com Vítimas Feridas;Plena Noite;Decrescente;Chuva;Dupla;"Declive;Curva";-22,663192;-46,090577
08/10/2025;22:30:00;SAO MATEUS DO SUL;Ultrapassagem Indevida;Colisão lateral sentido oposto;Com Vítimas Fatais;Plena Noite;Decrescente;Chuva;Simples;Aclive;-25,92021002;-50,45466363
08/10/2025;12:50:00;LINDOESTE;Velocidade Incompatível;Colisão com objeto;Com Vítimas Fatais;Pleno dia;Decrescente;Chuva;Dupla;"Curva;Declive";-25,225921;-53,591982
08/10/2025;05:20:00;SAO LUIS;Acumulo de areia ou detritos sobre o pavimento;Saída de leito carroçável;Com Vítimas Feridas;Amanhecer;Decrescente;Céu Claro;Dupla;Reta;-2,5789922;-44,351526
08/10/2025;05:40:00;PARACATU;Falta de acostamento;Colisão traseira;Com Vítimas Feridas;Amanhecer;Crescente;Céu Claro;Simples;"Aclive;Reta";-17,240796;-46,829535
08/10/2025;03:30:00;SANTA LUZIA;Animais na Pista;Atropelamento de Animal;Sem Vítimas;Plena Noite;Crescente;Céu Claro;Simples;"Declive;Reta";-6,908865;-37,005282
08/10/2025;05:35:00;JOINVILLE;Velocidade Incompatível;Colisão com objeto;Com Vítimas Fatais;Amanhecer;Decrescente;Garoa/Chuvisco;Dupla;"Declive;Reta";-26,3357829;-48,8604311