data_inversa;horario;municipio;causa_acidente;tipo_acidente;classificacao_acidente;fase_dia;sentido_via;condicao_metereologica;tipo_pista;tracado_via;latitude;longitude
08/10/2025;06:00:00;GOIANIA;Velocidade Incompatível;Colisão com objeto;Sem Vítimas;Pleno dia;Decrescente;Céu Claro;Dupla;Reta;-16,711678;-49,355175
08/10/2025;06:00:00;NOVA UNIAO;Velocidade Incompatível;Saída de leito carroçável;Com Vítimas Feridas;Amanhecer;Decrescente;Ignorado;Dupla;"Declive;Curva";-19,75260798;-43,53946209
08/10/2025;06:30:00;SANTA MARIA;Acostamento em desnível;Saída de leito carroçável;Com Vítimas Feridas;Pleno dia;Decrescente;Céu Claro;Dupla;"Aclive;Curva;Viaduto";-29,714766;-53,813595
08/10/2025;07:00:00;TIBAGI;Velocidade Incompatível;Colisão com objeto;Com Vítimas Feridas;Amanhecer;Crescente;Chuva;Dupla;Curva;-24,79798332;-50,49450584
08/10/2025;09:05:00;JUQUITIBA;Pista Escorregadia;Colisão com objeto;Sem Vítimas;Pleno dia;Decrescente;Garoa/Chuvisco;Dupla;Curva;-23,936453;-47,078802
08/10/2025;09:35:00;RIO BONITO;Conversão proibida;Colisão transversal;Com Vítimas Feridas;Pleno dia;Crescente;Chuva;Simples;Reta;-22,71734954;-42,68364429
08/10/2025;12:15:00;COLOMBO;Chuva;Saída de leito carroçável;Com Vítimas Feridas;Pleno dia;Decrescente;Chuva;Dupla;Reta;-25,3846367;-49,16990161
08/10/2025;13:00:00;PRIMAVERA DO LESTE;Acesso irregular;Queda de ocupante de veículo;Com Vítimas Feridas;Pleno dia;Decrescente;Céu Claro;Simples;Reta;-15,57383333;-54,32304167
08/10/2025;14:45:00;GOIANAPOLIS;Demais Fenômenos da natureza;Eventos atípicos;Com Vítimas Feridas;Pleno dia;Decrescente;Céu Claro;Dupla;"Declive;Reta";-16,42549509;-49,0148706
08/10/2025;15:10:00;GUAPIMIRIM;Chuva;Saída de leito carroçável;Com Vítimas Feridas;Pleno dia;Decrescente;Chuva;Dupla;Reta;-22,56985958;-43,00318317
08/10/2025;15:30:00;MIRACATU;Chuva;Saída de leito carroçável;Sem Vítimas;Pleno dia;Crescente;Chuva;Dupla;Curva;-24,0135878;-47,16717348
08/10/2025;15:20:00;JACAREI;Conversão proibida;Engavetamento;Sem Vítimas;Pleno dia;Decrescente;Nublado;Múltipla;"Reta;Rotatória";-23,28002502;-45,98157533
08/10/2025;17:20:00;CAUCAIA;Animais na Pista;Atropelamento de Animal;Com Vítimas Feridas;Anoitecer;Crescente;Céu Claro;Simples;Reta;-3,77507994;-38,67923632
08/10/2025;17:30:00;JACAREI;Pista Escorregadia;Colisão traseira;Com Vítimas Feridas;Pleno dia;Decrescente;Chuva;Dupla;Reta;-23,27624403;-45,97601144
08/10/2025;17:25:00;POUSO REDONDO;Conversão proibida;Colisão traseira;Com Vítimas Feridas;Anoitecer;Crescente;Céu Claro;Simples;"Reta;Declive";-27,25217314;-49,95653836
08/10/2025;17:30:00;MAIRIPORA;Chuva;Colisão com objeto;Sem Vítimas;Anoitecer;Crescente;Chuva;Dupla;"Aclive;Curva";-23,34824494;-46,56211853
08/10/2025;18:30:00;REDUTO;Animais na Pista;Atropelamento de Animal;Com Vítimas Feridas;Anoitecer;Decrescente;Céu Claro;Simples;Reta;-20,2554388;-42,0013143
08/10/2025;13:00:00;SANTA LUCIA;Chuva;Saída de leito carroçável;Com Vítimas Feridas;Pleno dia;Decrescente;Chuva;Dupla;Curva;-25,40310525;-53,57478082
08/10/2025;17:50:00;LAJE;Velocidade Incompatível;Atropelamento de Pedestre;Com Vítimas Feridas;Anoitecer;Crescente;Céu Claro;Simples;Reta;-13,158211;-39,30147
08/10/2025;18:30:00;ANGRA DOS REIS;Chuva;Colisão frontal;Com Vítimas Feridas;Anoitecer;Crescente;Chuva;Simples;Curva;-22,99912812;-44,43961143
08/10/2025;18:49:00;PONTA PORA;Animais na Pista;Atropelamento de Animal;Sem Vítimas;Plena Noite;Crescente;Céu Claro;Simples;Reta;-22,603135;-55,54966
08/10/2025;20:45:00;BRASILIA;Velocidade Incompatível;Saída de leito carroçável;Com Vítimas Feridas;Plena Noite;Crescente;Céu Claro;Dupla;Reta;-16,043333;-47,980717
08/10/2025;18:30:00;NOVA ITABERABA;Demais Fenômenos da natureza;Eventos atípicos;Com Vítimas Feridas;Plena Noite;Decrescente;Céu Claro;Simples;"Reta;Aclive";-26,92701547;-52,85320759
08/10/2025;20:50:00;MAGE;Pista Escorregadia;Saída de leito carroçável;Com Vítimas Feridas;Plena Noite;Crescente;Chuva;Dupla;Reta;-22,64655;-43,20139
08/10/2025;22:20:00;ITABORAI;Chuva;Queda de ocupante de veículo;Com Vítimas Feridas;Plena Noite;Crescente;Chuva;Dupla;Reta;-22,7678223;-42,90726445
08/10/2025;20:10:00;CAXAMBU;Ultrapassagem Indevida;Colisão frontal;Com Vítimas Feridas;Plena Noite;Crescente;Nublado;Simples;Reta;-21,95540508;-44,91001278
08/10/2025;23:40:00;DUQUE DE CAXIAS;Chuva;Tombamento;Com Vítimas Feridas;Plena Noite;Decrescente;Chuva;Dupla;Reta;-22,6868862;-43,28547714
08/10/2025;23:27:00;UBAJARA;Curva acentuada;Saída de leito carroçável;Com Vítimas Feridas;Plena Noite;Crescente;Céu Claro;Simples;"Curva;Declive";-3,907506;-41,222422
08/10/2025;19:00:00;FAXINAL DOS GUEDES;Velocidade Incompatível;Saída de leito carroçável;Com Vítimas Feridas;Plena Noite;Decrescente;Céu Claro;Simples;Curva;-26,86205552;-52,22714782
08/10/2025;18:00:00;SANTO ANTONIO DE JESUS;Acesso irregular;Colisão transversal;Com Vítimas Feridas;Anoitecer;Crescente;Ignorado;Simples;Reta;-12,98307345;-39,28928643
07/10/2025;02:35:00;LUZ;Demais Fenômenos da natureza;Colisão com objeto;Com Vítimas Feridas;Plena Noite;Decrescente;Céu Claro;Simples;Curva;-19,7129196;-45,9145484
07/10/2025;06:40:00;SANTA RITA DE MINAS;Velocidade Incompatível;Tombamento;Com Vítimas Fatais;Pleno dia;Decrescente;Nublado;Simples;Curva;-19,85428822;-42,14085102
07/10/2025;10:20:00;SAO JOSE DOS PINHAIS;Velocidade Incompatível;Colisão transversal;Com Vítimas Feridas;Pleno dia;Decrescente;Garoa/Chuvisco;Múltipla;"Reta;Declive";-25,6039288;-49,17260377
07/10/2025;14:20:00;CASCAVEL;Ultrapassagem Indevida;Colisão lateral sentido oposto;Com Vítimas Feridas;Pleno dia;Decrescente;Céu Claro;Simples;Reta;-24,899269;-53,360677
07/10/2025;15:50:00;CORNELIO PROCOPIO;Chuva;Colisão com objeto;Com Vítimas Feridas;Pleno dia;Decrescente;Garoa/Chuvisco;Dupla;Curva;-23,24198149;-50,70778219
07/10/2025;18:15:00;NOVA LIMA;Velocidade Incompatível;Queda de ocupante de veículo;Com Vítimas Feridas;Anoitecer;Decrescente;Céu Claro;Dupla;"Declive;Reta";-20,0819219;-43,9793653
07/10/2025;17:00:00;MUQUI;Velocidade Incompatível;Colisão frontal;Com Vítimas Feridas;Plena Noite;Crescente;Garoa/Chuvisco;Simples;Reta;-20,94204193;-41,34681707
07/10/2025;15:00:00;LINDOESTE;Velocidade Incompatível;Engavetamento;Com Vítimas Fatais;Pleno dia;Decrescente;Céu Claro;Dupla;"Curva;Declive";-25,32144449;-53,59225249
07/10/2025;05:00:00;SAO LOURENCO DO SUL;Velocidade Incompatível;Colisão com objeto;Com Vítimas Fatais;Plena Noite;Crescente;Céu Claro;Simples;"Reta;Ponte";-31,38418194;-52,13151433
07/10/2025;07:52:00;BETIM;Modificação proibida;Saída de leito carroçável;Com Vítimas Fatais;Pleno dia;Crescente;Céu Claro;Dupla;Reta;-19,98496457;-44,20658112
07/10/2025;07:19:00;CONTAGEM;Velocidade Incompatível;Tombamento;Com Vítimas Feridas;Pleno dia;Crescente;Céu Claro;Dupla;Reta;-19,923485;-44,029805
07/10/2025;07:30:00;PONTA GROSSA;Pista Escorregadia;Saída de leito carroçável;Com Vítimas Feridas;Pleno dia;Decrescente;Chuva;Dupla;Curva;-25,03517389;-50,30166373
07/10/2025;10:05:00;RECIFE;Velocidade Incompatível;Saída de leito carroçável;Com Vítimas Feridas;Pleno dia;Decrescente;Sol;Dupla;Curva;-8,06942;-34,94501
07/10/2025;07:25:00;BENEVIDES;Acostamento em desnível;Tombamento;Com Vítimas Feridas;Pleno dia;Crescente;Céu Claro;Dupla;Reta;-1,3368;-48,2412
07/10/2025;08:20:00;ITAPEBI;Velocidade Incompatível;Saída de leito carroçável;Com Vítimas Feridas;Pleno dia;Decrescente;Nublado;Simples;"Curva;Declive";-15,965874;-39,560201
07/10/2025;11:00:00;NOVA LIMA;Velocidade Incompatível;Tombamento;Com Vítimas Feridas;Pleno dia;Crescente;Céu Claro;Dupla;"Aclive;Reta";-20,03981794;-43,9672462
07/10/2025;13:20:00;GOVERNADOR VALADARES;Conversão proibida;Colisão transversal;Com Vítimas Feridas;Pleno dia;Decrescente;Sol;Simples;Reta;-18,83128141;-41,98915601
07/10/2025;12:45:00;CAMPINA GRANDE DO SUL;Velocidade Incompatível;Saída de leito carroçável;Com Vítimas Feridas;Pleno dia;Crescente;Chuva;Dupla;Curva;-25,0977504;-48,6791281
07/10/2025;14:00:00;REGISTRO;Velocidade Incompatível;Colisão com objeto;Com Vítimas Feridas;Pleno dia;Decrescente;Chuva;Dupla;Reta;-24,409916;-47,750723
07/10/2025;17:15:00;ITAGUAI;Chuva;Queda de ocupante de veículo;Com Vítimas Feridas;Anoitecer;Crescente;Chuva;Múltipla;Reta;-22,86505958;-43,75197884
07/10/2025;17:50:00;UBERLANDIA;Velocidade Incompatível;Colisão traseira;Com Vítimas Feridas;Anoitecer;Crescente;Céu Claro;Dupla;Reta;-18,9370991;-48,21018577
07/10/2025;22:00:00;ESTANCIA VELHA;Velocidade Incompatível;Colisão frontal;Com Vítimas Fatais;Plena Noite;Decrescente;Nublado;Simples;"Aclive;Reta";-29,63328;-51,143215
07/10/2025;18:20:00;JULIO DE CASTILHOS;Ultrapassagem Indevida;Saída de leito carroçável;Com Vítimas Feridas;Pleno dia;Crescente;Céu Claro;Simples;Reta;-29,13586078;-53,65144221
07/10/2025;19:20:00;PICOS;Animais na Pista;Atropelamento de Animal;Com Vítimas Feridas;Plena Noite;Crescente;Céu Claro;Dupla;Reta;-7,08048279;-41,4279356
07/10/2025;22:05:00;BARRA DO TURVO;Chuva;Colisão com objeto;Sem Vítimas;Plena Noite;Crescente;Garoa/Chuvisco;Simples;"Declive;Curva";-24,95733624;-48,4213264
07/10/2025;22:00:00;CAJATI;Chuva;Saída de leito carroçável;Sem Vítimas;Plena Noite;Decrescente;Garoa/Chuvisco;Simples;"Declive;Curva";-24,84708848;-48,21446085
07/10/2025;22:30:00;NOSSA SENHORA DO SOCORRO;Animais na Pista;Atropelamento de Animal;Com Vítimas Feridas;Plena Noite;Decrescente;Céu Claro;Dupla;Reta;-10,84662525;-37,13670731
07/10/2025;17:30:00;BENEVIDES;Pista Escorregadia;Tombamento;Com Vítimas Feridas;Pleno dia;Crescente;Céu Claro;Dupla;Reta;-1,364625;-48,284805
07/10/2025;18:40:00;JATAI;Chuva;Saída de leito carroçável;Com Vítimas Feridas;Plena Noite;Crescente;Chuva;Dupla;Curva;-17,8747654;-51,6298514
07/10/2025;07:45:00;PONTA GROSSA;Pista Escorregadia;Saída de leito carroçável;Com Vítimas Feridas;Pleno dia;Decrescente;Chuva;Dupla;Curva;-25,02510633;-50,31681418
06/10/2025;11:00:00;EXTREMA;Sinalização mal posicionada;Colisão traseira;Com Vítimas Feridas;Pleno dia;Crescente;Céu Claro;Dupla;"Curva;Declive";-22,86349513;-46,34518361
06/10/2025;08:10:00;SAUDADES;Acumulo de água sobre o pavimento;Colisão frontal;Com Vítimas Feridas;Pleno dia;Crescente;Chuva;Simples;Reta;-26,82917291;-53,11912246
06/10/2025;13:20:00;MUITOS CAPOES;Velocidade Incompatível;Tombamento;Com Vítimas Feridas;Pleno dia;Crescente;Chuva;Simples;"Declive;Curva";-28,34436;-51,14615
06/10/2025;10:30:00;BACABEIRA;Fumaça;Colisão traseira;Com Vítimas Feridas;Pleno dia;Decrescente;Vento;Dupla;Reta;-2,77077;-44,37003
06/10/2025;10:32:00;BACABEIRA;Fumaça;Engavetamento;Com Vítimas Feridas;Pleno dia;Decrescente;Ignorado;Dupla;Reta;-2,772195;-44,372078
06/10/2025;20:40:00;DUQUE DE CAXIAS;Deficiência do Sistema de Iluminação/Sinalização;Colisão transversal;Com Vítimas Feridas;Plena Noite;Crescente;Céu Claro;Múltipla;"Aclive;Curva";-22,671304;-43,28491448
06/10/2025;00:50:00;BOA NOVA;Velocidade Incompatível;Colisão traseira;Com Vítimas Feridas;Plena Noite;Crescente;Céu Claro;Simples;Reta;-14,303467;-40,317878
06/10/2025;16:40:00;MAUA DA SERRA;Velocidade Incompatível;Tombamento;Com Vítimas Fatais;Anoitecer;Crescente;Céu Claro;Dupla;Curva;-23,93413;-51,13431
06/10/2025;09:40:00;BARRA DO GARCAS;Velocidade Incompatível;Saída de leito carroçável;Sem Vítimas;Pleno dia;Crescente;Céu Claro;Simples;"Aclive;Curva";-15,87552944;-52,37830639
06/10/2025;00:10:00;PLANALTO;Animais na Pista;Atropelamento de Animal;Com Vítimas Feridas;Plena Noite;Decrescente;Nublado;Simples;Reta;-14,674825;-40,496067
06/10/2025;01:40:00;NOVA VICOSA;Animais na Pista;Atropelamento de Animal;Com Vítimas Fatais;Plena Noite;Decrescente;Céu Claro;Simples;Reta;-17,902;-39,928
06/10/2025;03:50:00;PORTO VELHO;Curva acentuada;Queda de ocupante de veículo;Com Vítimas Fatais;Plena Noite;Crescente;Céu Claro;Dupla;Curva;-8,78381626;-63,89735341
06/10/2025;06:55:00;FEIRA DE SANTANA;Velocidade Incompatível;Colisão traseira;Com Vítimas Feridas;Pleno dia;Crescente;Céu Claro;Dupla;"Reta;Aclive";-12,161069;-38,964997
06/10/2025;00:05:00;MAURILANDIA;Animais na Pista;Atropelamento de Animal;Com Vítimas Feridas;Plena Noite;Decrescente;Céu Claro;Simples;Reta;-17,975293;-50,454195
06/10/2025;07:15:00;ARAQUARI;Conversão proibida;Colisão transversal;Com Vítimas Feridas;Pleno dia;Crescente;Nublado;Simples;Reta;-26,42817109;-48,79182212
06/10/2025;08:20:00;SAO FRANCISCO DO SUL;Ultrapassagem Indevida;Colisão transversal;Com Vítimas Feridas;Pleno dia;Crescente;Garoa/Chuvisco;Simples;Reta;-26,267256;-48,635846
06/10/2025;07:20:00;ARAGUARI;Velocidade Incompatível;Saída de leito carroçável;Com Vítimas Fatais;Pleno dia;Crescente;Sol;Dupla;"Declive;Reta";-18,6088313;-48,05608749
06/10/2025;09:30:00;TEOFILO OTONI;Ultrapassagem Indevida;Colisão transversal;Com Vítimas Feridas;Pleno dia;Decrescente;Céu Claro;Simples;Reta;-17,850796;-41,514656
06/10/2025;10:00:00;GOIANAPOLIS;Velocidade Incompatível;Saída de leito carroçável;Com Vítimas Feridas;Pleno dia;Crescente;Céu Claro;Dupla;"Declive;Reta";-16,45714465;-49,05706778
06/10/2025;08:25:00;SANTA RITA DE MINAS;Velocidade Incompatível;Tombamento;Com Vítimas Feridas;Pleno dia;Crescente;Nublado;Simples;Curva;-19,88888685;-42,13754654
06/10/2025;08:48:00;IBIRAMA;Pista Escorregadia;Tombamento;Com Vítimas Feridas;Pleno dia;Crescente;Nublado;Simples;"Aclive;Curva";-27,09934273;-49,46166158
06/10/2025;09:45:00;ALMIRANTE TAMANDARE DO SUL;Chuva;Saída de leito carroçável;Com Vítimas Feridas;Pleno dia;Decrescente;Chuva;Simples;Curva;-28,16721054;-52,83574104
06/10/2025;11:30:00;DUQUE DE CAXIAS;Acumulo de areia ou detritos sobre o pavimento;Queda de ocupante de veículo;Com Vítimas Feridas;Pleno dia;Decrescente;Céu Claro;Simples;Declive;-22,63548669;-43,28468118
06/10/2025;13:00:00;BANDEIRANTES;Conversão proibida;Colisão lateral mesmo sentido;Com Vítimas Feridas;Pleno dia;Crescente;Céu Claro;Dupla;"Reta;Aclive";-19,86109957;-54,369059
06/10/2025;11:50:00;RIO BRANCO;Conversão proibida;Colisão traseira;Sem Vítimas;Pleno dia;Decrescente;Céu Claro;Simples;Reta;-10,01834018;-67,81350439
06/10/2025;14:15:00;MONTE ALEGRE DE MINAS;Condutor usando celular;Saída de leito carroçável;Com Vítimas Feridas;Pleno dia;Decrescente;Céu Claro;Dupla;Curva;-18,894667;-48,658178
06/10/2025;15:00:00;LONDRINA;Velocidade Incompatível;Saída de leito carroçável;Sem Vítimas;Pleno dia;Crescente;Nublado;Dupla;"Reta;Declive";-23,29360403;-51,11006141
06/10/2025;14:30:00;PARANAGUA;Acesso irregular;Queda de ocupante de veículo;Com Vítimas Feridas;Pleno dia;Crescente;Nublado;Dupla;Reta;-25,55357764;-48,55520217
06/10/2025;16:30:00;ALAGOINHAS;Ultrapassagem Indevida;Capotamento;Com Vítimas Feridas;Pleno dia;Crescente;Céu Claro;Simples;Reta;-12,09098448;-38,35911816
06/10/2025;13:25:00;SANTA RITA DE MINAS;Velocidade Incompatível;Colisão frontal;Com Vítimas Fatais;Pleno dia;Crescente;Sol;Simples;Curva;-19,88839355;-42,13784605
06/10/2025;16:48:00;SAO JOSE;Velocidade Incompatível;Tombamento;Com Vítimas Feridas;Anoitecer;Crescente;Garoa/Chuvisco;Dupla;"Declive;Curva";-27,58505156;-48,6177942
06/10/2025;17:05:00;REGISTRO;Ultrapassagem Indevida;Colisão lateral mesmo sentido;Com Vítimas Feridas;Pleno dia;Decrescente;Céu Claro;Simples;"Curva;Declive";-24,50904157;-47,84898726
06/10/2025;18:00:00;PALHOCA;Chuva;Engavetamento;Com Vítimas Feridas;Anoitecer;Decrescente;Chuva;Múltipla;Reta;-27,63982054;-48,66703955
06/10/2025;17:45:00;ANAPOLIS;Conversão proibida;Colisão transversal;Com Vítimas Feridas;Anoitecer;Crescente;Ignorado;Simples;Reta;-16,28078992;-48,94243336
06/10/2025;18:00:00;FLORIANOPOLIS;Velocidade Incompatível;Colisão traseira;Com Vítimas Feridas;Plena Noite;Crescente;Garoa/Chuvisco;Dupla;Reta;-27,60184699;-48,59685771
06/10/2025;18:30:00;IBIPORA;Velocidade Incompatível;Capotamento;Com Vítimas Feridas;Anoitecer;Crescente;Céu Claro;Simples;Reta;-23,26828045;-51,03886334
06/10/2025;19:00:00;SAO GONCALO DO AMARANTE;Acesso irregular;Colisão transversal;Com Vítimas Feridas;Plena Noite;Crescente;Céu Claro;Dupla;"Reta;Rotatória";-5,763258;-35,287063
06/10/2025;19:15:00;MACAIBA;Conversão proibida;Colisão traseira;Com Vítimas Feridas;Plena Noite;Crescente;Céu Claro;Simples;"Retorno Regulamentado;Reta";-5,86266183;-35,34277081
06/10/2025;18:30:00;DELMIRO GOUVEIA;Animais na Pista;Atropelamento de Animal;Com Vítimas Feridas;Plena Noite;Crescente;Céu Claro;Simples;Reta;-9,398;-38,172
06/10/2025;16:45:00;QUEIMADOS;Acesso irregular;Colisão transversal;Com Vítimas Feridas;Pleno dia;Decrescente;Céu Claro;Dupla;Reta;-22,73154039;-43,57624054
06/10/2025;20:40:00;ANAPOLIS;Animais na Pista;Atropelamento de Animal;Com Vítimas Feridas;Plena Noite;Crescente;Ignorado;Dupla;"Reta;Declive";-16,275172;-48,968345
06/10/2025;19:45:00;ITAGUAI;Conversão proibida;Colisão frontal;Com Vítimas Feridas;Plena Noite;Decrescente;Céu Claro;Simples;Reta;-22,874778;-43,812933
06/10/2025;10:30:00;SAO LUIS;Fumaça;Colisão traseira;Com Vítimas Feridas;Pleno dia;Decrescente;Céu Claro;Dupla;Reta;-2,6902528;-44,2925056
06/10/2025;21:00:00;BRASILIA;Velocidade Incompatível;Saída de leito carroçável;Sem Vítimas;Plena Noite;Crescente;Céu Claro;Dupla;"Aclive;Reta";-15,58186497;-47,53574805
06/10/2025;22:15:00;PINDAMONHANGABA;Ultrapassagem Indevida;Colisão traseira;Com Vítimas Feridas;Plena Noite;Decrescente;Céu Claro;Dupla;Reta;-22,95776106;-45,4133606
06/10/2025;15:00:00;NOSSA SENHORA DO SOCORRO;Demais Fenômenos da natureza;Eventos atípicos;Com Vítimas Feridas;Pleno dia;Crescente;Céu Claro;Dupla;Reta;-10,90432857;-37,12656705
06/10/2025;05:00:00;PIMENTA BUENO;Pista esburacada;Tombamento;Sem Vítimas;Amanhecer;Crescente;Céu Claro;Simples;"Declive;Reta;Em Obras";-12,0144842;-60,8575315
06/10/2025;20:00:00;SANTAREM;Acumulo de areia ou detritos sobre o pavimento;Queda de ocupante de veículo;Com Vítimas Feridas;Plena Noite;Não Informado;Nublado;Simples;Reta;-2,4864075;-54,730284
05/10/2025;09:40:00;CALDAS;Velocidade Incompatível;Tombamento;Sem Vítimas;Pleno dia;Crescente;Céu Claro;Simples;"Curva;Declive";-21,840121;-46,441558
05/10/2025;14:00:00;EXTREMA;Velocidade Incompatível;Derramamento de carga;Com Vítimas Feridas;Pleno dia;Decrescente;Sol;Dupla;"Declive;Curva";-22,800004;-46,261503
05/10/2025;09:10:00;CACHOEIRA DE PAJEU;Chuva;Colisão frontal;Com Vítimas Feridas;Pleno dia;Crescente;Nevoeiro/Neblina;Simples;Curva;-15,850157;-41,412977
05/10/2025;17:24:00;CLAUDIA;Ultrapassagem Indevida;Colisão lateral mesmo sentido;Com Vítimas Feridas;Anoitecer;Crescente;Céu Claro;Simples;Reta;-11,43505;-55,35571
05/10/2025;17:30:00;ITAPECURU MIRIM;Ultrapassagem Indevida;Saída de leito carroçável;Com Vítimas Feridas;Anoitecer;Decrescente;Nublado;Simples;"Em Obras;Aclive;Reta";-3,45033333;-44,526005
05/10/2025;21:15:00;MIMOSO DO SUL;Conversão proibida;Colisão transversal;Com Vítimas Feridas;Plena Noite;Crescente;Céu Claro;Simples;Reta;-21,06353651;-41,21592879
05/10/2025;17:15:00;POUSO ALEGRE;Velocidade Incompatível;Tombamento;Com Vítimas Feridas;Pleno dia;Decrescente;Céu Claro;Simples;"Curva;Declive";-22,191464;-45,979751
05/10/2025;15:47:00;SANTO AMARO DA IMPERATRIZ;Ultrapassagem Indevida;Colisão lateral mesmo sentido;Sem Vítimas;Pleno dia;Decrescente;Céu Claro;Simples;"Retorno Regulamentado;Reta";-27,67573725;-48,76779556
05/10/2025;17:40:00;TERENOS;Ultrapassagem Indevida;Colisão frontal;Com Vítimas Feridas;Anoitecer;Crescente;Céu Claro;Simples;Reta;-20,438927;-55,109011
05/10/2025;00:20:00;CANOAS;Velocidade Incompatível;Colisão traseira;Com Vítimas Fatais;Plena Noite;Decrescente;Nublado;Dupla;Reta;-29,93502827;-51,17717791
05/10/2025;00:15:00;EMBU DAS ARTES;Velocidade Incompatível;Saída de leito carroçável;Sem Vítimas;Plena Noite;Decrescente;Céu Claro;Dupla;Reta;-23,622567;-46,813937
05/10/2025;00:30:00;UBERABA;Velocidade Incompatível;Colisão traseira;Com Vítimas Feridas;Plena Noite;Crescente;Nublado;Dupla;"Aclive;Reta";-19,736934;-47,98312
05/10/2025;01:50:00;NOSSA SENHORA DO SOCORRO;Chuva;Queda de ocupante de veículo;Com Vítimas Feridas;Plena Noite;Crescente;Chuva;Simples;Curva;-10,88496525;-37,13568723
05/10/2025;02:30:00;BARRA VELHA;Velocidade Incompatível;Colisão traseira;Com Vítimas Feridas;Plena Noite;Crescente;Nublado;Múltipla;Reta;-26,65658446;-48,68794654
05/10/2025;03:00:00;RONDONOPOLIS;Velocidade Incompatível;Colisão traseira;Com Vítimas Feridas;Plena Noite;Crescente;Céu Claro;Dupla;Reta;-16,440264;-54,676577
05/10/2025;05:30:00;DEMERVAL LOBAO;Acesso irregular;Colisão lateral mesmo sentido;Sem Vítimas;Amanhecer;Crescente;Céu Claro;Dupla;Reta;-5,303198;-42,707547
05/10/2025;00:05:00;JARU;Velocidade Incompatível;Tombamento;Com Vítimas Feridas;Plena Noite;Decrescente;Céu Claro;Simples;Reta;-10,43595529;-62,47405227
05/10/2025;06:00:00;BRASILIA;Demais Fenômenos da natureza;Colisão transversal;Com Vítimas Feridas;Amanhecer;Crescente;Céu Claro;Simples;Reta;-15,73124622;-48,10599625
05/10/2025;06:30:00;RIBAS DO RIO PARDO;Animais na Pista;Atropelamento de Animal;Com Vítimas Feridas;Pleno dia;Crescente;Nublado;Simples;Reta;-20,403335;-53,88436
05/10/2025;10:50:00;JUATUBA;Velocidade Incompatível;Tombamento;Com Vítimas Feridas;Pleno dia;Decrescente;Sol;Dupla;Curva;-19,93591434;-44,43695068
05/10/2025;11:20:00;SANTO ANTONIO DO AMPARO;Animais na Pista;Atropelamento de Animal;Com Vítimas Feridas;Pleno dia;Crescente;Céu Claro;Dupla;Curva;-20,95736008;-44,89714362
05/10/2025;11:00:00;UBATUBA;Conversão proibida;Colisão transversal;Com Vítimas Feridas;Pleno dia;Decrescente;Céu Claro;Simples;Reta;-23,46466799;-45,06250117
05/10/2025;11:50:00;LORENA;Animais na Pista;Colisão frontal;Com Vítimas Feridas;Pleno dia;Decrescente;Sol;Dupla;"Reta;Interseção de Vias;Aclive";-22,75306585;-45,10812739
05/10/2025;07:50:00;SANTA RITA DE MINAS;Velocidade Incompatível;Colisão frontal;Com Vítimas Fatais;Pleno dia;Crescente;Nublado;Simples;Curva;-19,852253;-42,140864
05/10/2025;10:10:00;PRESIDENTE FIGUEIREDO;Ultrapassagem Indevida;Colisão frontal;Com Vítimas Feridas;Pleno dia;Crescente;Nublado;Simples;"Aclive;Reta";-2,0088847;-60,02620697
05/10/2025;14:40:00;PARANAGUA;Velocidade Incompatível;Tombamento;Com Vítimas Feridas;Pleno dia;Crescente;Sol;Simples;"Declive;Curva";-25,567588;-48,615795
05/10/2025;14:00:00;BARRA DE SANTA ROSA;Animais na Pista;Atropelamento de Animal;Com Vítimas Fatais;Pleno dia;Decrescente;Céu Claro;Simples;"Declive;Reta";-6,7423423;-36,0402141
05/10/2025;15:00:00;SAO JOSE DOS PINHAIS;Ultrapassagem Indevida;Colisão traseira;Sem Vítimas;Pleno dia;Crescente;Céu Claro;Dupla;Reta;-25,578173;-49,178776
05/10/2025;14:55:00;SAO PAULO;Velocidade Incompatível;Tombamento;Com Vítimas Feridas;Pleno dia;Crescente;Sol;Simples;Rotatória;-23,5190007;-46,5956924
05/10/2025;16:30:00;PARANAGUA;Demais falhas na via;Queda de ocupante de veículo;Com Vítimas Feridas;Pleno dia;Decrescente;Céu Claro;Dupla;Reta;-25,55448312;-48,65973473
05/10/2025;14:00:00;BOM SUCESSO;Conversão proibida;Colisão traseira;Com Vítimas Feridas;Pleno dia;Crescente;Céu Claro;Simples;Reta;-23,7050937;-51,7340036
05/10/2025;16:45:00;IPUIUNA;Velocidade Incompatível;Colisão traseira;Com Vítimas Feridas;Pleno dia;Decrescente;Céu Claro;Simples;Reta;-22,089755;-46,2180562
05/10/2025;16:10:00;ALAGOINHAS;Ultrapassagem Indevida;Atropelamento de Pedestre;Com Vítimas Fatais;Pleno dia;Decrescente;Céu Claro;Simples;"Aclive;Reta";-12,19795116;-38,4159408
05/10/2025;16:45:00;FEIRA DE SANTANA;Ultrapassagem Indevida;Colisão lateral mesmo sentido;Com Vítimas Feridas;Pleno dia;Crescente;Céu Claro;Simples;Reta;-12,23674514;-38,94240171
05/10/2025;17:45:00;ARUJA;Afundamento ou ondulação no pavimento;Queda de ocupante de veículo;Com Vítimas Feridas;Pleno dia;Crescente;Céu Claro;Múltipla;Reta;-23,41287122;-46,36085479
05/10/2025;18:20:00;PETROLINA;Animais na Pista;Atropelamento de Animal;Com Vítimas Feridas;Plena Noite;Decrescente;Céu Claro;Simples;Reta;-9,18121;-40,376998
05/10/2025;20:30:00;MORRETES;Acesso irregular;Colisão transversal;Com Vítimas Feridas;Plena Noite;Decrescente;Céu Claro;Simples;"Retorno Regulamentado;Reta";-25,537691;-48,696118