data_inversa;horario;municipio;causa_acidente;tipo_acidente;classificacao_acidente;fase_dia;sentido_via;condicao_metereologica;tipo_pista;tracado_via;latitude;longitude
05/10/2025;19:45:00;CARAZINHO;Ultrapassagem Indevida;Colisão lateral sentido oposto;Com Vítimas Feridas;Plena Noite;Decrescente;Céu Claro;Simples;"Declive;Reta";-28,34320182;-52,91113794
05/10/2025;20:40:00;MORRETES;Velocidade Incompatível;Saída de leito carroçável;Sem Vítimas;Plena Noite;Decrescente;Nublado;Dupla;Reta;-25,5319061;-48,7176185
05/10/2025;20:35:00;PIRIPIRI;Animais na Pista;Atropelamento de Animal;Com Vítimas Feridas;Plena Noite;Decrescente;Céu Claro;Simples;Reta;-4,27936891;-41,76352356
05/10/2025;18:45:00;SOBRADO;Acesso irregular;Colisão transversal;Com Vítimas Feridas;Plena Noite;Decrescente;Céu Claro;Dupla;Reta;-7,184573;-35,298497
05/10/2025;19:40:00;UBATUBA;Condutor usando celular;Colisão lateral sentido oposto;Com Vítimas Feridas;Plena Noite;Crescente;Nublado;Simples;Reta;-23,42360236;-45,0744137
05/10/2025;21:00:00;GOVERNADOR VALADARES;Ultrapassagem Indevida;Colisão lateral mesmo sentido;Com Vítimas Feridas;Plena Noite;Decrescente;Ignorado;Simples;"Reta;Aclive";-18,87880477;-41,96146309
05/10/2025;18:30:00;SAO FRANCISCO DO GLORIA;Animais na Pista;Atropelamento de Animal;Com Vítimas Feridas;Anoitecer;Crescente;Céu Claro;Simples;"Declive;Reta";-20,815057;-42,316373
05/10/2025;22:15:00;SEROPEDICA;Iluminação deficiente;Atropelamento de Pedestre;Com Vítimas Feridas;Plena Noite;Crescente;Nublado;Simples;Declive;-22,794108;-43,647577
05/10/2025;22:15:00;NOSSA SENHORA DO SOCORRO;Acesso irregular;Queda de ocupante de veículo;Com Vítimas Fatais;Plena Noite;Decrescente;Céu Claro;Dupla;Reta;-10,902247;-37,145038
05/10/2025;21:00:00;BALSAS;Deficiência do Sistema de Iluminação/Sinalização;Colisão traseira;Com Vítimas Feridas;Plena Noite;Decrescente;Céu Claro;Simples;Reta;-7,50003826;-46,1213264
05/10/2025;22:15:00;GURINHEM;Animais na Pista;Saída de leito carroçável;Com Vítimas Feridas;Plena Noite;Crescente;Céu Claro;Dupla;Reta;-7,1802;-35,42707
05/10/2025;19:00:00;DOURADOS;Velocidade Incompatível;Colisão com objeto;Sem Vítimas;Plena Noite;Decrescente;Céu Claro;Simples;Rotatória;-22,24866703;-54,97061849
05/10/2025;20:40:00;PEIXOTO DE AZEVEDO;Ultrapassagem Indevida;Colisão frontal;Com Vítimas Fatais;Pleno dia;Crescente;Céu Claro;Simples;Reta;-10,298344;-55,031906
05/10/2025;20:51:00;JACIARA;Iluminação deficiente;Saída de leito carroçável;Com Vítimas Feridas;Plena Noite;Decrescente;Céu Claro;Dupla;Reta;-15,99103469;-54,92546082
05/10/2025;23:00:00;MANAUS;Deficiência do Sistema de Iluminação/Sinalização;Colisão lateral mesmo sentido;Com Vítimas Feridas;Plena Noite;Crescente;Céu Claro;Simples;Reta;-2,963156;-60,026283
04/10/2025;02:42:00;BARRA DO TURVO;Curva acentuada;Tombamento;Com Vítimas Feridas;Plena Noite;Crescente;Garoa/Chuvisco;Simples;"Aclive;Curva";-24,92991406;-48,27413768
04/10/2025;11:05:00;BELA VISTA DO MARANHAO;Ultrapassagem Indevida;Capotamento;Com Vítimas Feridas;Pleno dia;Decrescente;Céu Claro;Simples;Reta;-3,71868;-45,28724
04/10/2025;15:40:00;DOM ELISEU;Ultrapassagem Indevida;Colisão traseira;Com Vítimas Feridas;Pleno dia;Crescente;Céu Claro;Simples;"Aclive;Reta";-4,241467;-47,55701
04/10/2025;15:15:00;NOVA ESPERANCA;Acesso irregular;Colisão frontal;Com Vítimas Feridas;Pleno dia;Crescente;Sol;Dupla;"Retorno Regulamentado;Reta";-23,21119632;-52,19115257
04/10/2025;16:05:00;CORONEL VIVIDA;Velocidade Incompatível;Tombamento;Com Vítimas Feridas;Pleno dia;Decrescente;Sol;Simples;"Aclive;Curva";-25,97816365;-52,5370013
04/10/2025;17:10:00;JARAGUA;Ultrapassagem Indevida;Colisão transversal;Com Vítimas Feridas;Pleno dia;Crescente;Sol;Simples;Reta;-15,774805;-49,306595
04/10/2025;15:06:00;LAJE;Velocidade Incompatível;Saída de leito carroçável;Com Vítimas Feridas;Pleno dia;Crescente;Nublado;Simples;"Ponte;Declive;Curva";-13,174555;-39,408283
04/10/2025;02:00:00;ARACRUZ;Velocidade Incompatível;Saída de leito carroçável;Com Vítimas Feridas;Plena Noite;Decrescente;Garoa/Chuvisco;Simples;Curva;-19,67628657;-40,26474833
04/10/2025;02:50:00;SAO JOSE DO RIO PRETO;Animais na Pista;Atropelamento de Animal;Com Vítimas Feridas;Amanhecer;Crescente;Céu Claro;Dupla;Reta;-20,7749782;-49,35210943
04/10/2025;03:20:00;JACAREZINHO;Ausência de sinalização;Colisão com objeto;Com Vítimas Feridas;Plena Noite;Decrescente;Nublado;Simples;Curva;-23,13719;-49,94494
04/10/2025;04:50:00;OURO PRETO DO OESTE;Iluminação deficiente;Atropelamento de Pedestre;Com Vítimas Fatais;Amanhecer;Crescente;Céu Claro;Simples;Reta;-10,741272;-62,219092
04/10/2025;06:45:00;VITORIA DA CONQUISTA;Animais na Pista;Atropelamento de Animal;Com Vítimas Feridas;Amanhecer;Crescente;Nublado;Simples;Reta;-14,870585;-40,871573
04/10/2025;04:15:00;CAMAQUA;Desvio temporário;Saída de leito carroçável;Com Vítimas Feridas;Amanhecer;Crescente;Nublado;Dupla;"Desvio Temporário;Reta;Em Obras";-30,90271837;-51,86529905
04/10/2025;07:25:00;VIANA;Ultrapassagem Indevida;Queda de ocupante de veículo;Com Vítimas Feridas;Pleno dia;Crescente;Garoa/Chuvisco;Simples;"Reta;Rotatória";-20,392064;-40,482477
04/10/2025;07:45:00;CORNELIO PROCOPIO;Velocidade Incompatível;Saída de leito carroçável;Com Vítimas Feridas;Pleno dia;Decrescente;Céu Claro;Dupla;"Curva;Aclive";-23,20552106;-50,65515725
04/10/2025;09:00:00;FEIRA DE SANTANA;Acesso irregular;Colisão transversal;Com Vítimas Feridas;Pleno dia;Decrescente;Sol;Simples;Reta;-12,25728245;-38,93208926
04/10/2025;10:20:00;PEDRO DE TOLEDO;Chuva;Colisão com objeto;Sem Vítimas;Pleno dia;Decrescente;Chuva;Dupla;Curva;-24,14110754;-47,27227843
04/10/2025;08:30:00;ARGIRITA;Velocidade Incompatível;Saída de leito carroçável;Com Vítimas Feridas;Pleno dia;Crescente;Céu Claro;Simples;"Aclive;Curva";-21,67728249;-42,89884061
04/10/2025;13:29:00;CAXIAS DO SUL;Acumulo de areia ou detritos sobre o pavimento;Saída de leito carroçável;Com Vítimas Feridas;Pleno dia;Crescente;Céu Claro;Simples;Curva;-29,1536896;-51,1475712
04/10/2025;14:00:00;SERRA TALHADA;Velocidade Incompatível;Colisão com objeto;Com Vítimas Feridas;Pleno dia;Crescente;Céu Claro;Simples;Curva;-8,012605;-38,2315
04/10/2025;13:40:00;ALFREDO WAGNER;Velocidade Incompatível;Colisão com objeto;Sem Vítimas;Pleno dia;Decrescente;Chuva;Simples;Curva;-27,725265;-49,359758
04/10/2025;15:00:00;DIVINO;Velocidade Incompatível;Tombamento;Com Vítimas Fatais;Pleno dia;Decrescente;Céu Claro;Simples;Curva;-20,64101738;-42,24457741
04/10/2025;17:40:00;ITABAIANA;Acesso irregular;Colisão transversal;Com Vítimas Feridas;Plena Noite;Crescente;Céu Claro;Simples;"Curva;Declive";-10,6936653;-37,43775694
04/10/2025;17:50:00;BRASILIA;Conversão proibida;Colisão transversal;Sem Vítimas;Anoitecer;Decrescente;Céu Claro;Simples;Reta;-15,94113453;-47,7373758
04/10/2025;18:40:00;SAO LUIS;Afundamento ou ondulação no pavimento;Tombamento;Com Vítimas Feridas;Plena Noite;Decrescente;Céu Claro;Dupla;Reta;-2,687982;-44,299453
04/10/2025;18:00:00;CONCORDIA;Ultrapassagem Indevida;Colisão frontal;Com Vítimas Feridas;Anoitecer;Crescente;Nublado;Simples;Curva;-27,33431549;-51,97601192
04/10/2025;18:45:00;PORTO ALEGRE;Acumulo de água sobre o pavimento;Colisão com objeto;Com Vítimas Feridas;Plena Noite;Decrescente;Chuva;Dupla;Curva;-29,97209707;-51,18077014
04/10/2025;20:30:00;SERRA;Conversão proibida;Colisão frontal;Com Vítimas Feridas;Plena Noite;Crescente;Chuva;Dupla;Reta;-20,0441856;-40,3898368
04/10/2025;20:00:00;SERRA;Chuva;Colisão lateral mesmo sentido;Sem Vítimas;Plena Noite;Crescente;Chuva;Dupla;Reta;-20,18950877;-40,33862753
04/10/2025;18:40:00;ANGRA DOS REIS;Deficiência do Sistema de Iluminação/Sinalização;Colisão transversal;Com Vítimas Feridas;Plena Noite;Crescente;Nublado;Simples;Reta;-22,9397405;-44,41841125
04/10/2025;20:50:00;MARUIM;Chuva;Queda de ocupante de veículo;Com Vítimas Feridas;Plena Noite;Decrescente;Chuva;Dupla;Reta;-10,73618027;-37,08810417
04/10/2025;18:00:00;CAXIAS DO SUL;Ultrapassagem Indevida;Colisão frontal;Com Vítimas Feridas;Anoitecer;Crescente;Chuva;Simples;Reta;-29,21976;-51,17252
04/10/2025;21:42:00;JACAREZINHO;Condutor usando celular;Colisão lateral mesmo sentido;Com Vítimas Feridas;Plena Noite;Crescente;Céu Claro;Simples;"Declive;Reta";-23,15011136;-49,95410291
04/10/2025;21:00:00;NOVA SANTA RITA;Acumulo de água sobre o pavimento;Tombamento;Com Vítimas Feridas;Plena Noite;Decrescente;Nublado;Dupla;Reta;-29,84642124;-51,27363123
04/10/2025;19:50:00;CARATINGA;Conversão proibida;Colisão transversal;Com Vítimas Feridas;Plena Noite;Crescente;Céu Claro;Simples;Reta;-19,80416787;-42,13578701
04/10/2025;23:16:00;MARINGA;Retorno proibido;Colisão transversal;Com Vítimas Feridas;Plena Noite;Crescente;Céu Claro;Dupla;Reta;-23,418297;-51,916116
04/10/2025;23:50:00;QUEIMADOS;Deficiência do Sistema de Iluminação/Sinalização;Colisão traseira;Com Vítimas Fatais;Plena Noite;Crescente;Nublado;Dupla;Curva;-22,73147808;-43,60040758
04/10/2025;05:30:00;CAMAQUA;Desvio temporário;Saída de leito carroçável;Com Vítimas Feridas;Amanhecer;Crescente;Nublado;Dupla;"Desvio Temporário;Reta;Em Obras";-30,90271837;-51,86529905
03/10/2025;03:30:00;JOINVILLE;Velocidade Incompatível;Colisão com objeto;Com Vítimas Feridas;Plena Noite;Crescente;Chuva;Dupla;Curva;-26,38163105;-48,85169355
03/10/2025;07:00:00;INDIANOPOLIS;Ultrapassagem Indevida;Colisão lateral mesmo sentido;Com Vítimas Feridas;Amanhecer;Decrescente;Céu Claro;Simples;Reta;-18,931028;-47,737548
03/10/2025;13:10:00;FLEXEIRAS;Velocidade Incompatível;Tombamento;Com Vítimas Feridas;Pleno dia;Decrescente;Céu Claro;Dupla;"Aclive;Curva";-9,195555;-35,787128
03/10/2025;08:55:00;LUZ;Velocidade Incompatível;Tombamento;Com Vítimas Feridas;Pleno dia;Crescente;Céu Claro;Simples;Reta;-19,74735212;-45,83074808
03/10/2025;15:00:00;SAO JOSE DOS PINHAIS;Acumulo de água sobre o pavimento;Colisão com objeto;Sem Vítimas;Pleno dia;Decrescente;Chuva;Múltipla;"Reta;Declive";-25,57628767;-49,17917904
03/10/2025;19:10:00;IMBITUVA;Ultrapassagem Indevida;Saída de leito carroçável;Com Vítimas Feridas;Plena Noite;Crescente;Garoa/Chuvisco;Simples;"Curva;Aclive";-25,184482;-50,70671
03/10/2025;16:00:00;FRUTA DE LEITE;Ultrapassagem Indevida;Colisão lateral sentido oposto;Sem Vítimas;Pleno dia;Decrescente;Céu Claro;Simples;Curva;-16,26533;-42,50658
03/10/2025;18:35:00;PIRAPORA;Condutor usando celular;Tombamento;Com Vítimas Feridas;Anoitecer;Crescente;Céu Claro;Simples;Reta;-17,33;-44,897
03/10/2025;03:30:00;SAO SEBASTIAO DA BELA VISTA;Animais na Pista;Atropelamento de Animal;Com Vítimas Feridas;Plena Noite;Crescente;Céu Claro;Dupla;Reta;-22,19991;-45,85525
03/10/2025;04:30:00;UBERABA;Ultrapassagem Indevida;Saída de leito carroçável;Sem Vítimas;Amanhecer;Decrescente;Céu Claro;Simples;Reta;-19,76211065;-47,85647859
03/10/2025;06:40:00;ALHANDRA;Afundamento ou ondulação no pavimento;Tombamento;Com Vítimas Feridas;Pleno dia;Decrescente;Céu Claro;Dupla;Reta;-7,35599503;-34,95007306
03/10/2025;07:45:00;BENTO GONCALVES;Velocidade Incompatível;Saída de leito carroçável;Com Vítimas Feridas;Pleno dia;Decrescente;Chuva;Simples;"Curva;Aclive";-29,18613482;-51,52040569
03/10/2025;01:30:00;VARZEA GRANDE;Chuva;Saída de leito carroçável;Com Vítimas Feridas;Plena Noite;Crescente;Chuva;Simples;Reta;-15,535778;-56,276052
03/10/2025;12:00:00;CAMPINA GRANDE DO SUL;Chuva;Capotamento;Com Vítimas Feridas;Pleno dia;Crescente;Chuva;Dupla;Reta;-25,24933264;-48,90829436
03/10/2025;11:15:00;CORONEL VIVIDA;Velocidade Incompatível;Saída de leito carroçável;Com Vítimas Feridas;Pleno dia;Crescente;Chuva;Simples;Reta;-26,04047803;-52,61186091
03/10/2025;11:15:00;JANIOPOLIS;Ultrapassagem Indevida;Colisão frontal;Com Vítimas Feridas;Pleno dia;Crescente;Chuva;Simples;Reta;-24,10761486;-52,7299916
03/10/2025;12:15:00;FEIRA DE SANTANA;Velocidade Incompatível;Atropelamento de Pedestre;Com Vítimas Feridas;Pleno dia;Decrescente;Céu Claro;Simples;Reta;-12,232137;-38,97083
03/10/2025;09:52:00;ANASTACIO;Acostamento em desnível;Saída de leito carroçável;Com Vítimas Feridas;Pleno dia;Crescente;Nublado;Simples;Reta;-20,50480054;-55,72282188
03/10/2025;07:45:00;ORTIGUEIRA;Chuva;Saída de leito carroçável;Com Vítimas Feridas;Pleno dia;Crescente;Chuva;Simples;"Curva;Declive";-24,11842778;-51,01984262
03/10/2025;14:42:00;TERESINA;Ultrapassagem Indevida;Colisão frontal;Com Vítimas Feridas;Pleno dia;Crescente;Sol;Simples;Reta;-5,05872;-42,664452
03/10/2025;11:00:00;MATELANDIA;Chuva;Saída de leito carroçável;Com Vítimas Feridas;Pleno dia;Crescente;Chuva;Dupla;Curva;-25,25146746;-53,99075858
03/10/2025;14:00:00;RIO NEGRINHO;Chuva;Tombamento;Sem Vítimas;Pleno dia;Crescente;Chuva;Simples;Reta;-26,261738;-49,54829
03/10/2025;16:05:00;JOAO MONLEVADE;Velocidade Incompatível;Colisão lateral sentido oposto;Com Vítimas Feridas;Pleno dia;Crescente;Céu Claro;Simples;"Declive;Curva";-19,85464141;-43,13026428
03/10/2025;17:00:00;PALHOCA;Ultrapassagem Indevida;Colisão lateral mesmo sentido;Sem Vítimas;Anoitecer;Crescente;Chuva;Múltipla;Interseção de Vias;-27,64901618;-48,67407513
03/10/2025;16:35:00;UBATUBA;Conversão proibida;Colisão transversal;Com Vítimas Feridas;Pleno dia;Crescente;Nublado;Simples;Aclive;-23,40799456;-45,01891286
03/10/2025;17:10:00;PARNAMIRIM;Animais na Pista;Atropelamento de Animal;Com Vítimas Feridas;Pleno dia;Crescente;Céu Claro;Múltipla;Reta;-5,9420863;-35,2639856
03/10/2025;14:15:00;CAPITAO LEONIDAS MARQUES;Velocidade Incompatível;Saída de leito carroçável;Com Vítimas Feridas;Pleno dia;Decrescente;Nublado;Dupla;"Curva;Aclive";-25,4548152;-53,58110011
03/10/2025;17:00:00;MANGARATIBA;Velocidade Incompatível;Saída de leito carroçável;Com Vítimas Feridas;Anoitecer;Crescente;Céu Claro;Simples;"Curva;Declive";-22,935078;-44,027519
03/10/2025;18:10:00;ITAPECURU MIRIM;Acostamento em desnível;Tombamento;Com Vítimas Fatais;Plena Noite;Decrescente;Céu Claro;Simples;Reta;-3,318193;-44,433795
03/10/2025;18:30:00;SAO MIGUEL DO OESTE;Retorno proibido;Colisão frontal;Com Vítimas Feridas;Anoitecer;Decrescente;Céu Claro;Simples;Curva;-26,69077906;-53,51444218
03/10/2025;20:00:00;CAMPOS DOS GOYTACAZES;Animais na Pista;Atropelamento de Animal;Com Vítimas Feridas;Plena Noite;Crescente;Céu Claro;Simples;Reta;-21,7155267;-41,3093733
03/10/2025;19:50:00;CANOINHAS;Pista Escorregadia;Saída de leito carroçável;Com Vítimas Feridas;Plena Noite;Decrescente;Chuva;Simples;Curva;-26,19799577;-50,43166637
03/10/2025;19:45:00;TUBARAO;Velocidade Incompatível;Saída de leito carroçável;Com Vítimas Feridas;Plena Noite;Crescente;Chuva;Múltipla;"Interseção de Vias;Declive;Curva";-28,46406034;-48,99384141
03/10/2025;21:30:00;TIBAGI;Iluminação deficiente;Colisão com objeto;Com Vítimas Feridas;Plena Noite;Decrescente;Garoa/Chuvisco;Dupla;Reta;-24,62603044;-50,64435482
03/10/2025;20:30:00;SAO BENTINHO;Animais na Pista;Atropelamento de Animal;Com Vítimas Feridas;Plena Noite;Crescente;Céu Claro;Simples;Reta;-6,856653;-37,740532
03/10/2025;18:15:00;JARU;Ultrapassagem Indevida;Saída de leito carroçável;Com Vítimas Feridas;Plena Noite;Decrescente;Céu Claro;Simples;"Reta;Aclive";-10,53782578;-62,39552155
03/10/2025;22:10:00;SERRA;Velocidade Incompatível;Colisão com objeto;Com Vítimas Feridas;Plena Noite;Decrescente;Chuva;Dupla;"Curva;Declive";-20,14650934;-40,28729349
03/10/2025;21:35:00;ITAPEBI;Pista Escorregadia;Colisão frontal;Com Vítimas Fatais;Plena Noite;Crescente;Nublado;Simples;Curva;-15,85630049;-39,51906669
02/10/2025;01:10:00;TRES MARIAS;Ultrapassagem Indevida;Colisão frontal;Com Vítimas Fatais;Plena Noite;Decrescente;Céu Claro;Simples;Reta;-18,391867;-45,101073
02/10/2025;07:00:00;SAO MIGUEL DO IGUACU;Velocidade Incompatível;Saída de leito carroçável;Com Vítimas Feridas;Pleno dia;Crescente;Nublado;Dupla;"Curva;Declive";-25,3351982;-54,2071526
02/10/2025;07:45:00;BRASILIA;Ausência de sinalização;Colisão traseira;Sem Vítimas;Pleno dia;Crescente;Céu Claro;Dupla;"Em Obras;Aclive;Reta";-15,619785;-47,714127
02/10/2025;08:05:00;IBIRAMA;Pista Escorregadia;Tombamento;Com Vítimas Feridas;Pleno dia;Decrescente;Chuva;Simples;Curva;-27,08182;-49,5014
02/10/2025;10:00:00;SANTA LUZIA;Ultrapassagem Indevida;Colisão frontal;Com Vítimas Feridas;Pleno dia;Decrescente;Céu Claro;Simples;Curva;-4,065205;-45,826722
02/10/2025;14:10:00;AGUAS MORNAS;Velocidade Incompatível;Colisão frontal;Com Vítimas Feridas;Pleno dia;Decrescente;Chuva;Simples;"Declive;Curva";-27,70207;-48,96152
02/10/2025;15:40:00;UBERLANDIA;Curva acentuada;Tombamento;Com Vítimas Feridas;Pleno dia;Crescente;Céu Claro;Dupla;Interseção de Vias;-18,885186;-48,264864
02/10/2025;22:30:00;JAPERI;Sinalização mal posicionada;Colisão traseira;Com Vítimas Feridas;Plena Noite;Crescente;Céu Claro;Dupla;Reta;-22,66491574;-43,55970955
02/10/2025;21:00:00;JANGADA;Acumulo de água sobre o pavimento;Saída de leito carroçável;Com Vítimas Feridas;Plena Noite;Crescente;Chuva;Simples;Reta;-15,287342;-56,437167
02/10/2025;23:40:00;PIRAI;Curva acentuada;Tombamento;Com Vítimas Feridas;Plena Noite;Decrescente;Céu Claro;Simples;"Curva;Declive";-22,68;-43,835
02/10/2025;02:30:00;ABREU E LIMA;Velocidade Incompatível;Colisão com objeto;Com Vítimas Feridas;Plena Noite;Decrescente;Céu Claro;Múltipla;Reta;-7,896174;-34,902612
02/10/2025;04:20:00;BRASILIA;Sinalização mal posicionada;Colisão com objeto;Com Vítimas Feridas;Plena Noite;Decrescente;Céu Claro;Dupla;"Reta;Em Obras;Desvio Temporário";-15,61964182;-47,71441537
02/10/2025;04:40:00;RIACHAO DO POCO;Animais na Pista;Atropelamento de Animal;Com Vítimas Feridas;Plena Noite;Crescente;Nublado;Dupla;"Declive;Reta";-7,180585;-35,312908
02/10/2025;07:40:00;PATO BRANCO;Ultrapassagem Indevida;Colisão lateral mesmo sentido;Com Vítimas Feridas;Pleno dia;Decrescente;Céu Claro;Simples;"Aclive;Reta";-26,21461027;-52,68078446
02/10/2025;07:30:00;MARECHAL DEODORO;Velocidade Incompatível;Saída de leito carroçável;Com Vítimas Feridas;Pleno dia;Decrescente;Céu Claro;Dupla;"Curva;Declive";-9,649267;-36,023233
02/10/2025;09:00:00;OURO PRETO DO OESTE;Pista esburacada;Saída de leito carroçável;Com Vítimas Feridas;Pleno dia;Crescente;Céu Claro;Simples;"Reta;Declive";-10,740515;-62,202659
02/10/2025;14:24:00;AGUAS MORNAS;Velocidade Incompatível;Saída de leito carroçável;Com Vítimas Feridas;Pleno dia;Decrescente;Chuva;Simples;Curva;-27,70314;-48,830642
02/10/2025;17:15:00;CONGONHAS;Retorno proibido;Colisão transversal;Com Vítimas Fatais;Pleno dia;Crescente;Céu Claro;Simples;Reta;-20,50576;-43,83863
02/10/2025;15:45:00;SANTA LUCIA;Chuva;Colisão traseira;Sem Vítimas;Pleno dia;Crescente;Chuva;Dupla;Curva;-25,37390611;-53,57500076
02/10/2025;16:30:00;PICOS;Curva acentuada;Tombamento;Sem Vítimas;Pleno dia;Decrescente;Céu Claro;Simples;"Aclive;Curva";-7,026365;-41,559775
02/10/2025;18:30:00;FEIRA DE SANTANA;Animais na Pista;Atropelamento de Animal;Com Vítimas Feridas;Plena Noite;Crescente;Céu Claro;Dupla;Reta;-12,21219122;-38,9657557
02/10/2025;21:55:00;CARUARU;Acumulo de areia ou detritos sobre o pavimento;Colisão traseira;Com Vítimas Feridas;Plena Noite;Decrescente;Céu Claro;Dupla;"Interseção de Vias;Viaduto";-8,3075377;-35,9428459
02/10/2025;22:10:00;SAO PAULO;Velocidade Incompatível;Colisão transversal;Com Vítimas Feridas;Plena Noite;Crescente;Ignorado;Múltipla;Reta;-23,51735118;-46,58098745
02/10/2025;22:20:00;LAGES;Velocidade Incompatível;Saída de leito carroçável;Com Vítimas Feridas;Plena Noite;Decrescente;Garoa/Chuvisco;Simples;"Declive;Reta";-27,775062;-50,210574
02/10/2025;22:45:00;COMENDADOR LEVY GASPARIAN;Animais na Pista;Atropelamento de Animal;Com Vítimas Feridas;Plena Noite;Decrescente;Céu Claro;Dupla;"Aclive;Reta";-22,03757;-43,2215067
02/10/2025;20:35:00;SAO JOSE DOS PINHAIS;Acumulo de água sobre o pavimento;Saída de leito carroçável;Com Vítimas Feridas;Plena Noite;Crescente;Chuva;Dupla;"Curva;Declive";-25,63713328;-49,1612374
02/10/2025;21:44:00;RIO BRANCO;Retorno proibido;Colisão traseira;Com Vítimas Feridas;Plena Noite;Decrescente;Céu Claro;Dupla;Reta;-10,01171387;-67,78545141
02/10/2025;14:05:00;FEIRA DE SANTANA;Acesso irregular;Colisão transversal;Com Vítimas Feridas;Pleno dia;Decrescente;Céu Claro;Simples;Reta;-12,23439757;-38,94573748
01/10/2025;00:01:00;SAO LUIZ GONZAGA;Velocidade Incompatível;Saída de leito carroçável;Com Vítimas Feridas;Plena Noite;Crescente;Nublado;Simples;"Ponte;Curva";-28,40362236;-54,5378387
01/10/2025;03:56:00;JOAO NEIVA;Velocidade Incompatível;Tombamento;Com Vítimas Feridas;Plena Noite;Decrescente;Nublado;Simples;"Curva;Aclive";-19,67789667;-40,39893866
01/10/2025;03:20:00;CORUMBA DE GOIAS;Velocidade Incompatível;Saída de leito carroçável;Com Vítimas Fatais;Plena Noite;Crescente;Céu Claro;Dupla;"Declive;Curva";-15,847337;-48,769192
01/10/2025;06:40:00;GOIANAPOLIS;Demais Fenômenos da natureza;Colisão traseira;Com Vítimas Feridas;Pleno dia;Crescente;Céu Claro;Dupla;"Reta;Aclive";-16,4490095;-49,02711153
01/10/2025;10:25:00;SANTA BARBARA;Velocidade Incompatível;Colisão frontal;Com Vítimas Feridas;Pleno dia;Decrescente;Céu Claro;Simples;"Reta;Aclive";-11,860492;-38,97728
01/10/2025;07:50:00;PORTO VELHO;Ultrapassagem Indevida;Saída de leito carroçável;Com Vítimas Feridas;Pleno dia;Decrescente;Céu Claro;Simples;"Reta;Declive";-8,89167;-63,95629
01/10/2025;15:30:00;SETE LAGOAS;Condutor usando celular;Colisão traseira;Com Vítimas Feridas;Pleno dia;Crescente;Céu Claro;Dupla;"Aclive;Reta";-19,559604;-44,239979
01/10/2025;15:15:00;ANCHIETA;Velocidade Incompatível;Tombamento;Com Vítimas Feridas;Pleno dia;Decrescente;Sol;Simples;"Aclive;Curva";-20,75592733;-40,75614151
01/10/2025;14:00:00;FRANCISCO SA;Curva acentuada;Tombamento;Com Vítimas Feridas;Pleno dia;Decrescente;Céu Claro;Simples;Curva;-16,60789993;-43,65829468
01/10/2025;19:10:00;CACERES;Animais na Pista;Atropelamento de Animal;Com Vítimas Fatais;Plena Noite;Crescente;Céu Claro;Simples;Reta;-15,9253322;-57,7965144
01/10/2025;21:28:00;RIBEIRAO;Pista esburacada;Saída de leito carroçável;Com Vítimas Feridas;Plena Noite;Crescente;Nublado;Dupla;Curva;-8,44376;-35,33797
01/10/2025;22:25:00;MIRACATU;Velocidade Incompatível;Saída de leito carroçável;Com Vítimas Feridas;Plena Noite;Crescente;Céu Claro;Dupla;"Declive;Curva";-24,10317;-47,26078
01/10/2025;12:10:00;FEIRA DE SANTANA;Velocidade Incompatível;Tombamento;Com Vítimas Feridas;Pleno dia;Crescente;Sol;Dupla;"Declive;Curva";-12,33709859;-39,07531142
01/10/2025;15:20:00;CAIAPONIA;Velocidade Incompatível;Tombamento;Com Vítimas Feridas;Pleno dia;Crescente;Céu Claro;Simples;Curva;-17,30467259;-51,8891573
01/10/2025;01:30:00;AGUA BOA;Animais na Pista;Atropelamento de Animal;Sem Vítimas;Plena Noite;Decrescente;Céu Claro;Simples;Reta;-13,97594757;-52,13201524
01/10/2025;03:15:00;RIO CASCA;Animais na Pista;Atropelamento de Animal;Sem Vítimas;Plena Noite;Decrescente;Céu Claro;Simples;Reta;-20,03441111;-42,73732424
01/10/2025;03:15:00;RIO CASCA;Animais na Pista;Atropelamento de Animal;Com Vítimas Feridas;Plena Noite;Decrescente;Céu Claro;Simples;Reta;-20,04141796;-42,73029327
01/10/2025;05:10:00;CONGONHAS;Animais na Pista;Tombamento;Com Vítimas Fatais;Plena Noite;Decrescente;Nublado;Simples;Curva;-20,470469;-43,843867
01/10/2025;08:20:00;PARNAMIRIM;Pista Escorregadia;Queda de ocupante de veículo;Com Vítimas Feridas;Pleno dia;Decrescente;Garoa/Chuvisco;Dupla;Reta;-5,905625;-35,26005
01/10/2025;07:31:00;VARZEA GRANDE;Conversão proibida;Colisão transversal;Com Vítimas Feridas;Pleno dia;Decrescente;Céu Claro;Simples;"Reta;Rotatória";-15,69641508;-56,16626143
01/10/2025;08:00:00;SAO LUIS;Animais na Pista;Colisão traseira;Com Vítimas Feridas;Pleno dia;Decrescente;Nublado;Dupla;Reta;-2,62568;-44,316247
01/10/2025;12:00:00;VARGEM;Velocidade Incompatível;Colisão traseira;Com Vítimas Feridas;Pleno dia;Crescente;Céu Claro;Dupla;"Reta;Aclive";-22,92309298;-46,44643519
01/10/2025;15:25:00;ANDIRA;Conversão proibida;Colisão transversal;Com Vítimas Feridas;Pleno dia;Decrescente;Céu Claro;Simples;"Rotatória;Reta";-23,04534929;-50,23265317