data_inversa;horario;municipio;causa_acidente;tipo_acidente;classificacao_acidente;fase_dia;sentido_via;condicao_metereologica;tipo_pista;tracado_via;latitude;longitude
01/10/2025;11:50:00;CASIMIRO DE ABREU;Ultrapassagem Indevida;Colisão frontal;Com Vítimas Feridas;Pleno dia;Crescente;Céu Claro;Simples;Curva;-22,4732047;-42,1831866
01/10/2025;16:50:00;NOVA SERRANA;Velocidade Incompatível;Tombamento;Com Vítimas Feridas;Pleno dia;Decrescente;Sol;Dupla;"Aclive;Retorno Regulamentado";-19,87228;-44,9692
01/10/2025;17:15:00;RIO DE JANEIRO;Demais Fenômenos da natureza;Queda de ocupante de veículo;Com Vítimas Feridas;Pleno dia;Decrescente;Céu Claro;Dupla;"Ponte;Aclive;Reta";-22,870692;-43,161655
01/10/2025;17:40:00;LONTRAS;Conversão proibida;Colisão transversal;Com Vítimas Feridas;Pleno dia;Decrescente;Nublado;Simples;Reta;-27,13423665;-49,54057217
01/10/2025;19:30:00;SANTA CRUZ DO SUL;Ultrapassagem Indevida;Colisão frontal;Com Vítimas Feridas;Plena Noite;Crescente;Céu Claro;Simples;Reta;-29,805908;-52,405788
01/10/2025;22:00:00;JOAO PESSOA;Chuva;Tombamento;Com Vítimas Feridas;Plena Noite;Crescente;Chuva;Dupla;Reta;-7,17353162;-34,8984459
01/10/2025;20:00:00;SAO JOSE DO INHACORA;Animais na Pista;Atropelamento de Animal;Com Vítimas Feridas;Plena Noite;Decrescente;Céu Claro;Simples;Curva;-27,6874181;-54,15241448
30/09/2025;06:00:00;CEDRO DE SAO JOAO;Velocidade Incompatível;Colisão traseira;Com Vítimas Feridas;Plena Noite;Decrescente;Céu Claro;Dupla;Reta;-10,28489422;-36,8770574
30/09/2025;13:10:00;SANTO ANTONIO DO SUDOESTE;Velocidade Incompatível;Saída de leito carroçável;Com Vítimas Feridas;Pleno dia;Crescente;Chuva;Simples;"Declive;Curva";-26,157082;-53,683632
30/09/2025;15:10:00;VACARIA;Chuva;Saída de leito carroçável;Com Vítimas Feridas;Pleno dia;Decrescente;Chuva;Simples;Reta;-28,59054;-50,75587
30/09/2025;18:52:00;CATALAO;Velocidade Incompatível;Colisão traseira;Sem Vítimas;Plena Noite;Decrescente;Céu Claro;Dupla;"Reta;Aclive";-18,120707;-47,897378
30/09/2025;15:00:00;ALTAMIRA;Ultrapassagem Indevida;Colisão lateral sentido oposto;Com Vítimas Fatais;Pleno dia;Crescente;Céu Claro;Simples;Curva;-3,22445224;-52,26762057
30/09/2025;19:30:00;ACAILANDIA;Ultrapassagem Indevida;Colisão frontal;Com Vítimas Fatais;Plena Noite;Decrescente;Céu Claro;Simples;Reta;-5,05082;-47,554045
30/09/2025;21:32:00;JUAZEIRO;Velocidade Incompatível;Colisão traseira;Com Vítimas Feridas;Plena Noite;Decrescente;Céu Claro;Simples;Reta;-9,5023741;-40,46456942
30/09/2025;13:00:00;ANTONIO CARDOSO;Velocidade Incompatível;Saída de leito carroçável;Com Vítimas Feridas;Pleno dia;Decrescente;Céu Claro;Dupla;"Aclive;Curva";-12,35403547;-39,0948379
30/09/2025;05:45:00;ROSARIO OESTE;Ultrapassagem Indevida;Saída de leito carroçável;Com Vítimas Feridas;Amanhecer;Decrescente;Céu Claro;Simples;Curva;-15,024033;-56,514483
30/09/2025;02:25:00;CAXIAS DO SUL;Acumulo de água sobre o pavimento;Queda de ocupante de veículo;Com Vítimas Feridas;Plena Noite;Crescente;Garoa/Chuvisco;Dupla;Curva;-29,15755303;-51,15151612
30/09/2025;07:40:00;SANTA MARIA;Acesso irregular;Colisão transversal;Com Vítimas Feridas;Pleno dia;Crescente;Céu Claro;Simples;Reta;-29,70852783;-53,86047363
30/09/2025;07:35:00;MACAIBA;Acesso irregular;Colisão transversal;Com Vítimas Feridas;Pleno dia;Decrescente;Sol;Dupla;Rotatória;-5,86359296;-35,34404431
30/09/2025;08:20:00;RIBEIRAO;Afundamento ou ondulação no pavimento;Saída de leito carroçável;Com Vítimas Feridas;Pleno dia;Crescente;Chuva;Dupla;Reta;-8,448608;-35,349442
30/09/2025;10:40:00;RIO DE JANEIRO;Condutor usando celular;Engavetamento;Sem Vítimas;Pleno dia;Decrescente;Sol;Múltipla;Reta;-22,81150662;-43,33324162
30/09/2025;09:15:00;NOVA UNIAO;Demais falhas na via;Queda de ocupante de veículo;Com Vítimas Feridas;Pleno dia;Decrescente;Sol;Dupla;"Declive;Curva";-19,75257217;-43,53947131
30/09/2025;11:30:00;URUGUAIANA;Demais falhas na via;Saída de leito carroçável;Com Vítimas Feridas;Pleno dia;Decrescente;Nublado;Simples;Reta;-29,568282;-56,853178
30/09/2025;14:45:00;CACHOEIRINHA;Acumulo de água sobre o pavimento;Colisão com objeto;Com Vítimas Feridas;Pleno dia;Crescente;Chuva;Dupla;Reta;-29,96040446;-51,09130589
30/09/2025;16:32:00;JAGUARE;Declive acentuado;Colisão traseira;Com Vítimas Feridas;Anoitecer;Crescente;Céu Claro;Simples;Declive;-18,99047898;-40,00025209
30/09/2025;09:25:00;SAO GONCALO;Ultrapassagem Indevida;Queda de ocupante de veículo;Com Vítimas Feridas;Pleno dia;Crescente;Céu Claro;Dupla;Reta;-22,80950351;-43,06603951
30/09/2025;18:10:00;NOSSA SENHORA DO SOCORRO;Conversão proibida;Colisão frontal;Com Vítimas Feridas;Plena Noite;Decrescente;Ignorado;Simples;Reta;-10,88122;-37,143484
30/09/2025;18:40:00;GARANHUNS;Conversão proibida;Colisão lateral sentido oposto;Com Vítimas Feridas;Plena Noite;Decrescente;Ignorado;Simples;Reta;-8,879297;-36,478847
30/09/2025;17:25:00;BIGUACU;Chuva;Colisão com objeto;Com Vítimas Feridas;Pleno dia;Decrescente;Chuva;Dupla;Curva;-27,47679;-48,64066
30/09/2025;19:00:00;SANTO ANTONIO DA PATRULHA;Chuva;Saída de leito carroçável;Sem Vítimas;Plena Noite;Decrescente;Chuva;Múltipla;Reta;-29,883032;-50,534747
30/09/2025;19:30:00;MORRETES;Velocidade Incompatível;Colisão com objeto;Com Vítimas Feridas;Plena Noite;Decrescente;Chuva;Dupla;Reta;-25,552201;-48,798846
30/09/2025;19:35:00;CASCAVEL;Deficiência do Sistema de Iluminação/Sinalização;Colisão traseira;Com Vítimas Feridas;Plena Noite;Decrescente;Garoa/Chuvisco;Simples;Reta;-24,97159329;-53,43423283
30/09/2025;21:50:00;JUIZ DE FORA;Curva acentuada;Saída de leito carroçável;Com Vítimas Feridas;Plena Noite;Decrescente;Céu Claro;Dupla;Interseção de Vias;-21,72988603;-43,43653961
30/09/2025;05:00:00;VIRMOND;Velocidade Incompatível;Saída de leito carroçável;Com Vítimas Feridas;Plena Noite;Decrescente;Garoa/Chuvisco;Simples;Curva;-25,37510632;-52,25659244
29/09/2025;02:45:00;BARRA DO PIRAI;Velocidade Incompatível;Tombamento;Com Vítimas Feridas;Plena Noite;Decrescente;Céu Claro;Simples;Curva;-22,47473044;-43,99380684
29/09/2025;04:00:00;SANTA LUZIA;Velocidade Incompatível;Colisão com objeto;Com Vítimas Fatais;Plena Noite;Crescente;Céu Claro;Simples;"Curva;Declive";-19,816008;-43,803203
29/09/2025;05:35:00;UBERLANDIA;Velocidade Incompatível;Colisão traseira;Com Vítimas Feridas;Amanhecer;Crescente;Céu Claro;Dupla;"Aclive;Reta";-18,80268375;-48,23937893
29/09/2025;09:50:00;ARAGUARI;Condutor usando celular;Colisão traseira;Com Vítimas Feridas;Pleno dia;Decrescente;Céu Claro;Dupla;Reta;-18,694716;-48,18234
29/09/2025;09:40:00;FEIRA DE SANTANA;Ultrapassagem Indevida;Colisão traseira;Com Vítimas Feridas;Pleno dia;Decrescente;Céu Claro;Simples;"Reta;Interseção de Vias";-12,260942;-38,932123
29/09/2025;07:55:00;BURITIZEIRO;Ultrapassagem Indevida;Colisão traseira;Com Vítimas Feridas;Pleno dia;Crescente;Céu Claro;Simples;"Reta;Declive";-17,799413;-45,436518
29/09/2025;12:00:00;GUAPIMIRIM;Velocidade Incompatível;Colisão frontal;Com Vítimas Feridas;Pleno dia;Decrescente;Céu Claro;Simples;"Curva;Declive";-22,48419878;-42,99541988
29/09/2025;18:00:00;CORRENTES;Ausência de sinalização;Colisão frontal;Com Vítimas Feridas;Plena Noite;Crescente;Garoa/Chuvisco;Simples;Curva;-9,1135758;-36,3662642
29/09/2025;14:50:00;CAMBORIU;Ultrapassagem Indevida;Colisão lateral mesmo sentido;Com Vítimas Feridas;Pleno dia;Crescente;Céu Claro;Dupla;Reta;-26,98281728;-48,67321014
29/09/2025;01:00:00;RIALMA;Animais na Pista;Atropelamento de Animal;Com Vítimas Feridas;Plena Noite;Decrescente;Céu Claro;Simples;"Reta;Em Obras";-15,334024;-49,570221
29/09/2025;04:30:00;CARIDADE;Animais na Pista;Atropelamento de Animal;Com Vítimas Feridas;Amanhecer;Crescente;Céu Claro;Simples;Reta;-4,227707;-39,197475
29/09/2025;10:50:00;CABEDELO;Acesso irregular;Colisão transversal;Com Vítimas Feridas;Pleno dia;Decrescente;Céu Claro;Dupla;"Reta;Interseção de Vias";-7,033903;-34,841728
29/09/2025;09:30:00;NOVA ITARANA;Falta de acostamento;Tombamento;Com Vítimas Feridas;Pleno dia;Crescente;Céu Claro;Simples;"Declive;Curva";-13,1060663;-39,9952935
29/09/2025;18:00:00;PALHOCA;Retorno proibido;Colisão lateral mesmo sentido;Com Vítimas Feridas;Anoitecer;Decrescente;Céu Claro;Múltipla;Reta;-27,758938;-48,630677
29/09/2025;16:09:00;GOVERNADOR VALADARES;Conversão proibida;Tombamento;Com Vítimas Feridas;Pleno dia;Crescente;Céu Claro;Simples;Reta;-18,82954603;-41,98887616
29/09/2025;18:45:00;BRASILIA;Animais na Pista;Atropelamento de Animal;Sem Vítimas;Plena Noite;Crescente;Céu Claro;Dupla;Reta;-15,59659;-47,638923
29/09/2025;19:20:00;RIO DO SUL;Animais na Pista;Atropelamento de Animal;Com Vítimas Feridas;Plena Noite;Crescente;Ignorado;Simples;Reta;-27,172286;-49,581129
29/09/2025;20:00:00;CAMPOS DOS GOYTACAZES;Animais na Pista;Atropelamento de Animal;Com Vítimas Feridas;Plena Noite;Decrescente;Céu Claro;Simples;Reta;-21,782578;-41,375966
29/09/2025;18:20:00;RIO BRANCO;Acostamento em desnível;Tombamento;Com Vítimas Feridas;Plena Noite;Decrescente;Chuva;Dupla;Reta;-9,98564;-67,845508
29/09/2025;16:00:00;NOVO LINO;Chuva;Capotamento;Com Vítimas Feridas;Pleno dia;Crescente;Chuva;Dupla;Curva;-8,9092258;-35,634892
29/09/2025;19:30:00;TOUROS;Animais na Pista;Atropelamento de Animal;Com Vítimas Feridas;Plena Noite;Decrescente;Céu Claro;Simples;Reta;-5,230613;-35,492553
29/09/2025;21:20:00;RIBEIRAO DAS NEVES;Animais na Pista;Atropelamento de Animal;Com Vítimas Feridas;Plena Noite;Decrescente;Céu Claro;Dupla;Reta;-19,83351376;-44,08121427
29/09/2025;19:50:00;MUCAJAI;Animais na Pista;Atropelamento de Animal;Com Vítimas Feridas;Plena Noite;Decrescente;Céu Claro;Simples;Reta;2,35371;-60,9143
29/09/2025;20:30:00;RIO CASCA;Animais na Pista;Atropelamento de Animal;Sem Vítimas;Plena Noite;Decrescente;Céu Claro;Simples;"Reta;Aclive";-20,033163;-42,738295
29/09/2025;22:35:00;GUARAPUAVA;Chuva;Saída de leito carroçável;Com Vítimas Feridas;Plena Noite;Crescente;Chuva;Dupla;Curva;-25,33844087;-51,21585846
29/09/2025;19:30:00;DEMERVAL LOBAO;Velocidade Incompatível;Capotamento;Com Vítimas Feridas;Plena Noite;Decrescente;Céu Claro;Múltipla;"Em Obras;Desvio Temporário";-5,30915725;-42,70468354
28/09/2025;07:20:00;SABARA;Velocidade Incompatível;Tombamento;Com Vítimas Feridas;Amanhecer;Crescente;Sol;Simples;"Declive;Curva";-19,787135;-43,701867
28/09/2025;08:45:00;MILAGRES;Ultrapassagem Indevida;Colisão frontal;Com Vítimas Fatais;Pleno dia;Decrescente;Nublado;Simples;Curva;-12,88858;-39,85872
28/09/2025;09:50:00;MIRACEMA DO TOCANTINS;Ultrapassagem Indevida;Colisão traseira;Com Vítimas Feridas;Pleno dia;Decrescente;Céu Claro;Simples;Declive;-9,97861;-48,749464
28/09/2025;11:30:00;POUSO ALEGRE;Curva acentuada;Colisão com objeto;Com Vítimas Feridas;Pleno dia;Decrescente;Céu Claro;Múltipla;Curva;-22,22047107;-45,87217569
28/09/2025;10:07:00;SANTA CRUZ DE SALINAS;Ultrapassagem Indevida;Colisão lateral sentido oposto;Com Vítimas Feridas;Pleno dia;Decrescente;Sol;Simples;"Reta;Declive";-15,94702975;-41,61610499
28/09/2025;16:20:00;BARREIRAS;Velocidade Incompatível;Tombamento;Com Vítimas Feridas;Pleno dia;Crescente;Céu Claro;Múltipla;"Aclive;Curva";-12,11428;-45,16036
28/09/2025;02:55:00;ITAITUBA;Velocidade Incompatível;Tombamento;Com Vítimas Fatais;Plena Noite;Crescente;Nublado;Simples;"Declive;Curva";-4,394405;-55,89394
28/09/2025;22:51:00;MIRACATU;Condutor usando celular;Colisão traseira;Com Vítimas Feridas;Plena Noite;Decrescente;Ignorado;Dupla;Reta;-24,31270274;-47,51566315
28/09/2025;21:25:00;LEOPOLDINA;Velocidade Incompatível;Tombamento;Com Vítimas Feridas;Plena Noite;Crescente;Céu Claro;Simples;Curva;-21,555027;-42,679023
28/09/2025;23:20:00;SAO JOAO DOS PATOS;Velocidade Incompatível;Colisão com objeto;Com Vítimas Feridas;Plena Noite;Crescente;Céu Claro;Simples;"Aclive;Reta";-6,50185231;-43,77253175
28/09/2025;03:40:00;ELESBAO VELOSO;Velocidade Incompatível;Colisão traseira;Com Vítimas Feridas;Plena Noite;Crescente;Ignorado;Simples;Reta;-5,99208;-42,32897
28/09/2025;08:30:00;MACAPA;Conversão proibida;Colisão traseira;Com Vítimas Feridas;Pleno dia;Crescente;Sol;Dupla;Reta;0,08833;-51,095
28/09/2025;10:40:00;BAYEUX;Animais na Pista;Atropelamento de Animal;Com Vítimas Feridas;Pleno dia;Decrescente;Céu Claro;Dupla;Reta;-7,141234;-34,921082
28/09/2025;07:30:00;CARIACICA;Velocidade Incompatível;Colisão com objeto;Sem Vítimas;Pleno dia;Decrescente;Sol;Dupla;Curva;-20,32386263;-40,39518356
28/09/2025;10:40:00;ITABORAI;Ultrapassagem Indevida;Colisão lateral mesmo sentido;Com Vítimas Feridas;Pleno dia;Crescente;Céu Claro;Simples;Reta;-22,76921719;-42,92246819
28/09/2025;12:02:00;CARUARU;Pista esburacada;Queda de ocupante de veículo;Com Vítimas Feridas;Pleno dia;Crescente;Céu Claro;Dupla;Reta;-8,30691;-36,01712
28/09/2025;11:10:00;PETROPOLIS;Curva acentuada;Saída de leito carroçável;Com Vítimas Feridas;Pleno dia;Crescente;Céu Claro;Dupla;Curva;-22,48529636;-43,23083347
28/09/2025;14:15:00;SENADOR JOSE BENTO;Velocidade Incompatível;Saída de leito carroçável;Com Vítimas Feridas;Pleno dia;Crescente;Céu Claro;Simples;"Curva;Declive";-22,131097;-46,182158
28/09/2025;12:00:00;COMODORO;Demais Fenômenos da natureza;Queda de ocupante de veículo;Com Vítimas Feridas;Pleno dia;Crescente;Céu Claro;Simples;Reta;-13,74909891;-59,69325185
28/09/2025;15:54:00;CARIACICA;Conversão proibida;Colisão transversal;Com Vítimas Feridas;Pleno dia;Crescente;Céu Claro;Dupla;Reta;-20,22936695;-40,36693812
28/09/2025;18:45:00;PETROPOLIS;Pista Escorregadia;Queda de ocupante de veículo;Com Vítimas Feridas;Anoitecer;Decrescente;Garoa/Chuvisco;Simples;Curva;-22,5284644;-43,2228601
28/09/2025;19:00:00;SOMBRIO;Conversão proibida;Colisão frontal;Com Vítimas Feridas;Plena Noite;Decrescente;Nublado;Múltipla;Reta;-29,0362299;-49,6083973
28/09/2025;18:30:00;CRISTALINA;Animais na Pista;Atropelamento de Animal;Com Vítimas Feridas;Plena Noite;Decrescente;Céu Claro;Dupla;Reta;-16,824979;-47,547442
28/09/2025;20:15:00;GUAIBA;Ultrapassagem Indevida;Colisão lateral mesmo sentido;Com Vítimas Feridas;Plena Noite;Crescente;Céu Claro;Simples;Reta;-30,12582742;-51,34941101
28/09/2025;18:50:00;PETROLINA;Deficiência do Sistema de Iluminação/Sinalização;Colisão traseira;Com Vítimas Feridas;Plena Noite;Crescente;Céu Claro;Simples;Reta;-9,2869309;-40,4433722
28/09/2025;20:50:00;ALTO PARANA;Ausência de sinalização;Colisão com objeto;Com Vítimas Feridas;Plena Noite;Decrescente;Céu Claro;Dupla;Declive;-23,15325993;-52,26950392
28/09/2025;20:50:00;MATELANDIA;Ultrapassagem Indevida;Colisão frontal;Com Vítimas Fatais;Plena Noite;Crescente;Céu Claro;Simples;"Reta;Aclive";-25,216222;-53,9514
28/09/2025;23:20:00;JUSSARA;Ultrapassagem Indevida;Colisão frontal;Com Vítimas Fatais;Plena Noite;Crescente;Céu Claro;Simples;"Curva;Declive";-15,92596541;-51,15916729
28/09/2025;21:07:00;TRAIRAO;Velocidade Incompatível;Colisão transversal;Com Vítimas Feridas;Plena Noite;Crescente;Céu Claro;Simples;Curva;-5,032285;-56,18892
28/09/2025;20:00:00;CATU;Ultrapassagem Indevida;Colisão frontal;Sem Vítimas;Plena Noite;Crescente;Céu Claro;Simples;Reta;-12,411353;-38,430003
28/09/2025;22:30:00;ALAGOINHAS;Ausência de sinalização;Colisão traseira;Com Vítimas Feridas;Plena Noite;Decrescente;Nublado;Simples;Reta;-12,1916541;-38,4187832
28/09/2025;22:00:00;ARAGUAINA;Deficiência do Sistema de Iluminação/Sinalização;Colisão traseira;Com Vítimas Feridas;Plena Noite;Crescente;Céu Claro;Simples;Reta;-7,4612954;-48,37253362
28/09/2025;12:21:00;TRAIRAO;Velocidade Incompatível;Capotamento;Sem Vítimas;Pleno dia;Crescente;Céu Claro;Simples;Curva;-5,351905;-55,911725
27/09/2025;00:50:00;DOMINGOS MARTINS;Velocidade Incompatível;Capotamento;Com Vítimas Feridas;Plena Noite;Crescente;Céu Claro;Simples;"Curva;Declive";-20,37443514;-40,55961541
27/09/2025;04:30:00;TRES RIOS;Velocidade Incompatível;Tombamento;Com Vítimas Feridas;Pleno dia;Crescente;Céu Claro;Simples;"Curva;Declive";-22,05644839;-43,02589417
27/09/2025;05:00:00;BATAGUASSU;Velocidade Incompatível;Saída de leito carroçável;Sem Vítimas;Amanhecer;Decrescente;Céu Claro;Múltipla;Reta;-21,7253996;-52,2677239
27/09/2025;06:00:00;ESTANCIA;Ultrapassagem Indevida;Colisão com objeto;Com Vítimas Feridas;Pleno dia;Decrescente;Chuva;Simples;"Curva;Declive";-11,294437;-37,479018
27/09/2025;08:18:00;ITAITUBA;Curva acentuada;Tombamento;Sem Vítimas;Pleno dia;Crescente;Nublado;Dupla;Curva;-4,394405;-55,89394
27/09/2025;10:20:00;CAMPO VERDE;Ultrapassagem Indevida;Colisão frontal;Com Vítimas Feridas;Pleno dia;Crescente;Céu Claro;Simples;Reta;-15,73045;-55,346722
27/09/2025;15:10:00;PELOTAS;Velocidade Incompatível;Tombamento;Com Vítimas Feridas;Pleno dia;Crescente;Nublado;Dupla;"Curva;Aclive";-31,74455;-52,40556
27/09/2025;14:50:00;ENTRE-IJUIS;Acumulo de água sobre o pavimento;Colisão frontal;Com Vítimas Fatais;Pleno dia;Decrescente;Chuva;Simples;"Declive;Curva";-28,372887;-54,144558
27/09/2025;17:50:00;JAGUAQUARA;Ultrapassagem Indevida;Colisão lateral mesmo sentido;Com Vítimas Feridas;Anoitecer;Crescente;Nublado;Simples;"Reta;Declive";-13,60708688;-40,08975774
27/09/2025;19:40:00;IBOTIRAMA;Animais na Pista;Atropelamento de Animal;Com Vítimas Feridas;Plena Noite;Decrescente;Céu Claro;Simples;"Reta;Declive";-12,08540121;-43,11573031
27/09/2025;16:40:00;IMBAU;Velocidade Incompatível;Tombamento;Com Vítimas Feridas;Pleno dia;Decrescente;Sol;Dupla;"Curva;Declive";-24,48427263;-50,73359577
27/09/2025;19:00:00;RIO BRANCO;Deficiência do Sistema de Iluminação/Sinalização;Colisão traseira;Com Vítimas Fatais;Plena Noite;Crescente;Céu Claro;Simples;Reta;-10,014329;-67,659595
27/09/2025;19:00:00;CASCAVEL;Velocidade Incompatível;Tombamento;Com Vítimas Feridas;Plena Noite;Crescente;Céu Claro;Simples;Curva;-24,896746;-53,532856
27/09/2025;08:20:00;INHAPIM;Velocidade Incompatível;Colisão frontal;Com Vítimas Feridas;Pleno dia;Crescente;Céu Claro;Simples;Curva;-19,54636389;-42,12724686
27/09/2025;18:31:00;ITAITUBA;Iluminação deficiente;Colisão traseira;Sem Vítimas;Anoitecer;Decrescente;Céu Claro;Simples;Reta;-6,31086241;-55,58876038
27/09/2025;00:14:00;CAJAZEIRAS;Acesso irregular;Colisão com objeto;Com Vítimas Feridas;Plena Noite;Crescente;Céu Claro;Simples;Curva;-6,891437;-38,583092
27/09/2025;00:00:00;CAMPO GRANDE;Ultrapassagem Indevida;Colisão com objeto;Com Vítimas Feridas;Plena Noite;Crescente;Céu Claro;Simples;Reta;-20,62006878;-54,57430601
27/09/2025;00:01:00;BELEM DE SAO FRANCISCO;Animais na Pista;Atropelamento de Animal;Sem Vítimas;Plena Noite;Decrescente;Céu Claro;Simples;"Declive;Reta";-8,633032;-39,058818
27/09/2025;05:50:00;FORMOSO DO ARAGUAIA;Animais na Pista;Capotamento;Com Vítimas Feridas;Pleno dia;Crescente;Céu Claro;Simples;Reta;-11,8816;-49,382551
27/09/2025;07:00:00;NOVA ERA;Curva acentuada;Capotamento;Com Vítimas Feridas;Amanhecer;Decrescente;Céu Claro;Simples;Reta;-19,74796304;-43,02400589
27/09/2025;08:40:00;GUARAMIRIM;Velocidade Incompatível;Colisão com objeto;Com Vítimas Feridas;Pleno dia;Decrescente;Chuva;Dupla;Rotatória;-26,4743417;-49,0205355
27/09/2025;08:30:00;PARNAMIRIM;Condutor usando celular;Atropelamento de Pedestre;Com Vítimas Feridas;Pleno dia;Decrescente;Céu Claro;Dupla;Aclive;-5,887235;-35,273793
27/09/2025;08:30:00;ARAQUARI;Chuva;Tombamento;Com Vítimas Feridas;Pleno dia;Crescente;Chuva;Dupla;Reta;-26,57563182;-48,72333527
27/09/2025;11:20:00;BETIM;Velocidade Incompatível;Saída de leito carroçável;Sem Vítimas;Pleno dia;Crescente;Sol;Dupla;"Declive;Curva";-19,983944;-44,241078
27/09/2025;13:00:00;ITAJAI;Curva acentuada;Tombamento;Com Vítimas Feridas;Pleno dia;Crescente;Nublado;Múltipla;"Curva;Retorno Regulamentado";-26,91971484;-48,71019714
27/09/2025;12:29:00;DOMINGOS MARTINS;Retorno proibido;Colisão transversal;Com Vítimas Feridas;Pleno dia;Crescente;Céu Claro;Simples;"Aclive;Curva";-20,37439035;-40,56467625
27/09/2025;11:30:00;MAGE;Retorno proibido;Colisão transversal;Com Vítimas Feridas;Pleno dia;Crescente;Céu Claro;Simples;"Reta;Em Obras";-22,663493;-43,034385
27/09/2025;14:27:00;PETROPOLIS;Pista Escorregadia;Queda de ocupante de veículo;Com Vítimas Feridas;Pleno dia;Crescente;Céu Claro;Simples;Curva;-22,55980572;-43,23154449
27/09/2025;14:30:00;FAZENDA RIO GRANDE;Condutor usando celular;Colisão traseira;Com Vítimas Feridas;Pleno dia;Decrescente;Céu Claro;Dupla;"Reta;Interseção de Vias";-25,63713976;-49,31326077
27/09/2025;14:10:00;GUARAMIRIM;Velocidade Incompatível;Colisão com objeto;Com Vítimas Feridas;Pleno dia;Decrescente;Nublado;Dupla;Reta;-26,47555217;-48,98981659
27/09/2025;12:45:00;JARDIM;Conversão proibida;Colisão transversal;Com Vítimas Feridas;Pleno dia;Decrescente;Céu Claro;Simples;Reta;-21,4827371;-56,14926545
27/09/2025;15:00:00;AREIA BRANCA;Acesso irregular;Colisão transversal;Com Vítimas Feridas;Pleno dia;Crescente;Garoa/Chuvisco;Simples;"Declive;Reta";-10,76686942;-37,30051517
27/09/2025;15:28:00;FOZ DO IGUACU;Ultrapassagem Indevida;Colisão lateral mesmo sentido;Com Vítimas Feridas;Pleno dia;Decrescente;Céu Claro;Dupla;Em Obras;-25,5763833;-54,55317114
27/09/2025;17:05:00;IBIRACU;Ultrapassagem Indevida;Colisão lateral mesmo sentido;Com Vítimas Feridas;Pleno dia;Crescente;Céu Claro;Simples;"Declive;Reta";-19,8042291;-40,3678401
27/09/2025;15:18:00;BARRA VELHA;Conversão proibida;Colisão transversal;Com Vítimas Feridas;Pleno dia;Crescente;Nublado;Dupla;"Reta;Interseção de Vias";-26,69149581;-48,69732245
27/09/2025;18:00:00;CAUCAIA;Ausência de sinalização;Colisão transversal;Com Vítimas Fatais;Plena Noite;Decrescente;Céu Claro;Simples;"Reta;Ponte";-3,69022559;-38,89640808
27/09/2025;16:30:00;TANGARA;Ultrapassagem Indevida;Colisão transversal;Com Vítimas Feridas;Pleno dia;Crescente;Céu Claro;Simples;Curva;-6,21703849;-35,8274656
27/09/2025;15:00:00;SANTIAGO;Acumulo de água sobre o pavimento;Saída de leito carroçável;Com Vítimas Feridas;Pleno dia;Crescente;Chuva;Simples;Curva;-29,05277285;-54,97947112
27/09/2025;18:10:00;FLORIANO;Afundamento ou ondulação no pavimento;Tombamento;Com Vítimas Feridas;Plena Noite;Crescente;Céu Claro;Simples;Reta;-6,772077;-43,006908
27/09/2025;20:10:00;VITORIA DA CONQUISTA;Velocidade Incompatível;Queda de ocupante de veículo;Com Vítimas Feridas;Plena Noite;Crescente;Céu Claro;Simples;Reta;-14,86983;-40,871577
27/09/2025;19:40:00;ANGRA DOS REIS;Velocidade Incompatível;Saída de leito carroçável;Com Vítimas Feridas;Plena Noite;Crescente;Céu Claro;Simples;Reta;-22,99563645;-44,22956798
27/09/2025;17:40:00;MANHUACU;Velocidade Incompatível;Tombamento;Com Vítimas Feridas;Anoitecer;Crescente;Céu Claro;Simples;Reta;-20,1684;-42,18891
27/09/2025;20:15:00;TERESINA;Deficiência do Sistema de Iluminação/Sinalização;Colisão lateral mesmo sentido;Com Vítimas Feridas;Plena Noite;Decrescente;Céu Claro;Dupla;Reta;-5,26834557;-42,72736325
27/09/2025;19:45:00;BRASILEIRA;Animais na Pista;Atropelamento de Animal;Com Vítimas Feridas;Plena Noite;Decrescente;Céu Claro;Simples;Reta;-4,152925;-41,78488
27/09/2025;06:00:00;PINHALZINHO;Velocidade Incompatível;Colisão frontal;Com Vítimas Fatais;Amanhecer;Crescente;Céu Claro;Simples;"Em Obras;Curva";-26,830649;-53,0440577
27/09/2025;22:30:00;CARDOSO MOREIRA;Animais na Pista;Atropelamento de Animal;Com Vítimas Fatais;Plena Noite;Decrescente;Chuva;Simples;Reta;-21,60261468;-41,42455101
27/09/2025;13:40:00;COMENDADOR LEVY GASPARIAN;Velocidade Incompatível;Queda de ocupante de veículo;Com Vítimas Feridas;Pleno dia;Decrescente;Céu Claro;Dupla;Curva;-22,01608389;-43,23592186
27/09/2025;20:30:00;GARANHUNS;Animais na Pista;Atropelamento de Animal;Com Vítimas Fatais;Plena Noite;Decrescente;Garoa/Chuvisco;Simples;"Declive;Reta";-8,92815;-36,492718
27/09/2025;12:30:00;VARGEM;Velocidade Incompatível;Saída de leito carroçável;Com Vítimas Feridas;Pleno dia;Crescente;Céu Claro;Simples;"Declive;Reta";-27,51953764;-50,90961456
27/09/2025;13:50:00;HERVAL DOESTE;Conversão proibida;Colisão transversal;Com Vítimas Feridas;Pleno dia;Decrescente;Céu Claro;Simples;"Reta;Declive";-27,2096;-51,50077
26/09/2025;06:05:00;CAUCAIA;Ultrapassagem Indevida;Colisão frontal;Com Vítimas Fatais;Pleno dia;Decrescente;Céu Claro;Simples;Reta;-3,824375;-38,74854