data_inversa;horario;municipio;causa_acidente;tipo_acidente;classificacao_acidente;fase_dia;sentido_via;condicao_metereologica;tipo_pista;tracado_via;latitude;longitude
26/09/2025;10:00:00;PARAOPEBA;Velocidade Incompatível;Colisão traseira;Com Vítimas Feridas;Pleno dia;Crescente;Céu Claro;Dupla;"Reta;Declive";-19,258396;-44,422042
26/09/2025;11:50:00;VARJAO DE MINAS;Velocidade Incompatível;Colisão transversal;Com Vítimas Feridas;Pleno dia;Decrescente;Céu Claro;Simples;Interseção de Vias;-18,42627183;-46,06771007
26/09/2025;14:20:00;SANTA TEREZINHA DE ITAIPU;Demais Fenômenos da natureza;Colisão lateral mesmo sentido;Com Vítimas Feridas;Pleno dia;Crescente;Céu Claro;Dupla;Reta;-25,4679387;-54,4563971
26/09/2025;14:20:00;PALHOCA;Demais falhas na via;Tombamento;Com Vítimas Feridas;Pleno dia;Decrescente;Céu Claro;Dupla;"Viaduto;Curva;Interseção de Vias";-27,68395472;-48,66717752
26/09/2025;13:50:00;RIBEIRAO DAS NEVES;Velocidade Incompatível;Colisão lateral mesmo sentido;Com Vítimas Feridas;Pleno dia;Decrescente;Céu Claro;Dupla;"Aclive;Reta";-19,78473747;-44,11520264
26/09/2025;16:55:00;LIMOEIRO DO NORTE;Conversão proibida;Colisão traseira;Com Vítimas Feridas;Anoitecer;Decrescente;Céu Claro;Simples;"Reta;Ponte";-5,14516987;-38,15915859
26/09/2025;03:00:00;BETIM;Pista Escorregadia;Tombamento;Com Vítimas Feridas;Pleno dia;Decrescente;Céu Claro;Dupla;Reta;-19,98990555;-44,20536554
26/09/2025;11:45:00;FEIRA DE SANTANA;Pista esburacada;Queda de ocupante de veículo;Com Vítimas Feridas;Pleno dia;Crescente;Céu Claro;Dupla;Reta;-12,28548369;-38,95250984
26/09/2025;13:20:00;ITABAIANA;Animais na Pista;Atropelamento de Animal;Com Vítimas Feridas;Pleno dia;Crescente;Sol;Simples;Reta;-10,61968214;-37,46716116
26/09/2025;12:50:00;ITAPEBI;Velocidade Incompatível;Saída de leito carroçável;Com Vítimas Feridas;Pleno dia;Crescente;Chuva;Simples;Curva;-15,971608;-39,562287
26/09/2025;16:21:00;NATAL;Conversão proibida;Colisão lateral mesmo sentido;Com Vítimas Feridas;Pleno dia;Crescente;Céu Claro;Dupla;Reta;-5,835132;-35,21229
26/09/2025;14:55:00;SANTO ANTONIO DO AMPARO;Conversão proibida;Colisão transversal;Com Vítimas Feridas;Pleno dia;Crescente;Céu Claro;Simples;Interseção de Vias;-20,9550074;-44,9128261
26/09/2025;18:16:00;ANGRA DOS REIS;Conversão proibida;Colisão transversal;Com Vítimas Feridas;Plena Noite;Decrescente;Nublado;Simples;Reta;-23,02187066;-44,53573108
26/09/2025;15:50:00;IRACEMINHA;Condutor usando celular;Colisão traseira;Com Vítimas Feridas;Pleno dia;Crescente;Sol;Simples;Reta;-26,7887025;-53,2936293
26/09/2025;18:20:00;IMBITUVA;Animais na Pista;Atropelamento de Animal;Com Vítimas Feridas;Anoitecer;Decrescente;Céu Claro;Simples;Reta;-25,178785;-50,583836
26/09/2025;18:40:00;RIO LARGO;Afundamento ou ondulação no pavimento;Colisão com objeto;Com Vítimas Feridas;Plena Noite;Crescente;Céu Claro;Dupla;"Desvio Temporário;Aclive";-9,527223;-35,94441
26/09/2025;21:41:00;CAMPO GRANDE;Animais na Pista;Atropelamento de Animal;Com Vítimas Feridas;Plena Noite;Decrescente;Ignorado;Dupla;Reta;-20,56738;-54,65052
26/09/2025;20:40:00;SEROPEDICA;Ultrapassagem Indevida;Colisão lateral mesmo sentido;Com Vítimas Feridas;Plena Noite;Decrescente;Céu Claro;Simples;Reta;-22,79907642;-43,64499092
26/09/2025;18:10:00;ITABUNA;Ultrapassagem Indevida;Colisão traseira;Com Vítimas Feridas;Plena Noite;Decrescente;Céu Claro;Simples;Declive;-14,746642;-39,32174
25/09/2025;06:50:00;POUSO ALEGRE;Velocidade Incompatível;Colisão traseira;Com Vítimas Feridas;Pleno dia;Crescente;Céu Claro;Dupla;"Reta;Aclive";-22,25215554;-45,88783264
25/09/2025;07:00:00;SAO MATEUS DO SUL;Ultrapassagem Indevida;Colisão frontal;Com Vítimas Feridas;Pleno dia;Decrescente;Céu Claro;Simples;Reta;-25,87967783;-50,42803252
25/09/2025;10:40:00;BOM JESUS DO AMPARO;Velocidade Incompatível;Tombamento;Com Vítimas Fatais;Pleno dia;Crescente;Nublado;Dupla;"Curva;Aclive";-19,748114;-43,492051
25/09/2025;06:00:00;PEDRA PRETA;Demais falhas na via;Saída de leito carroçável;Com Vítimas Feridas;Amanhecer;Crescente;Céu Claro;Simples;Curva;-16,6111899;-54,46609497
25/09/2025;14:44:00;PRESIDENTE MEDICI;Ultrapassagem Indevida;Colisão lateral mesmo sentido;Com Vítimas Feridas;Pleno dia;Crescente;Sol;Simples;Reta;-11,311185;-61,885738
25/09/2025;17:00:00;TEOFILO OTONI;Velocidade Incompatível;Saída de leito carroçável;Com Vítimas Feridas;Anoitecer;Crescente;Chuva;Simples;Curva;-17,477708;-41,494823
25/09/2025;21:15:00;SABARA;Velocidade Incompatível;Tombamento;Com Vítimas Fatais;Plena Noite;Crescente;Céu Claro;Simples;"Curva;Declive";-19,799218;-43,760555
25/09/2025;19:45:00;OURO PRETO;Velocidade Incompatível;Colisão com objeto;Com Vítimas Feridas;Plena Noite;Decrescente;Chuva;Dupla;"Declive;Curva";-20,394069;-43,90554
25/09/2025;19:00:00;QUIJINGUE;Demais falhas na via;Tombamento;Com Vítimas Feridas;Plena Noite;Decrescente;Céu Claro;Simples;Declive;-10,763912;-38,900024
25/09/2025;21:10:00;SAO PAULO;Velocidade Incompatível;Tombamento;Com Vítimas Feridas;Plena Noite;Decrescente;Nublado;Dupla;"Aclive;Curva";-23,3759396;-46,56125277
25/09/2025;01:20:00;SALVADOR;Animais na Pista;Atropelamento de Animal;Com Vítimas Feridas;Plena Noite;Crescente;Nublado;Dupla;Reta;-12,858425;-38,42165
25/09/2025;00:55:00;BAYEUX;Acumulo de areia ou detritos sobre o pavimento;Colisão com objeto;Com Vítimas Feridas;Pleno dia;Crescente;Nublado;Múltipla;Interseção de Vias;-7,14322064;-34,91904804
25/09/2025;05:10:00;SEABRA;Pista Escorregadia;Saída de leito carroçável;Com Vítimas Feridas;Amanhecer;Decrescente;Chuva;Simples;Reta;-12,42700962;-41,83259965
25/09/2025;00:45:00;ITUPIRANGA;Animais na Pista;Atropelamento de Animal;Com Vítimas Fatais;Plena Noite;Decrescente;Céu Claro;Simples;Reta;-5,13419415;-49,39446032
25/09/2025;05:00:00;GOVERNADOR MANGABEIRA;Neblina;Incêndio;Sem Vítimas;Amanhecer;Decrescente;Chuva;Dupla;Reta;-12,594392;-38,989207
25/09/2025;07:25:00;PARAIBA DO SUL;Pista esburacada;Tombamento;Com Vítimas Feridas;Pleno dia;Decrescente;Céu Claro;Simples;Curva;-22,15184526;-43,30234408
25/09/2025;07:35:00;RIBEIRAO DO SUL;Demais Fenômenos da natureza;Queda de ocupante de veículo;Com Vítimas Feridas;Pleno dia;Decrescente;Vento;Simples;Reta;-22,70798342;-49,88950476
25/09/2025;08:00:00;PARNAMIRIM;Velocidade Incompatível;Colisão lateral mesmo sentido;Com Vítimas Feridas;Pleno dia;Decrescente;Céu Claro;Dupla;Curva;-5,89228772;-35,25662081
25/09/2025;07:35:00;GOVERNADOR VALADARES;Conversão proibida;Colisão lateral mesmo sentido;Com Vítimas Feridas;Pleno dia;Decrescente;Céu Claro;Simples;Reta;-18,89214591;-41,9470574
25/09/2025;08:40:00;CAMPINA GRANDE;Acumulo de areia ou detritos sobre o pavimento;Tombamento;Com Vítimas Feridas;Pleno dia;Crescente;Céu Claro;Simples;Reta;-7,274303;-35,906898
25/09/2025;08:50:00;DUQUE DE CAXIAS;Chuva;Saída de leito carroçável;Com Vítimas Feridas;Pleno dia;Crescente;Chuva;Simples;Curva;-22,58532601;-43,27634811
25/09/2025;09:40:00;GARUVA;Velocidade Incompatível;Tombamento;Com Vítimas Feridas;Pleno dia;Crescente;Garoa/Chuvisco;Dupla;Reta;-26,02177336;-48,86212274
25/09/2025;09:10:00;PARATY;Pista Escorregadia;Saída de leito carroçável;Com Vítimas Feridas;Pleno dia;Crescente;Chuva;Simples;Curva;-23,15498902;-44,69981488
25/09/2025;08:00:00;MUNIZ FREIRE;Velocidade Incompatível;Queda de ocupante de veículo;Com Vítimas Feridas;Pleno dia;Decrescente;Chuva;Simples;Curva;-20,23568;-41,351067
25/09/2025;15:50:00;BRASILIA;Acesso irregular;Colisão transversal;Com Vítimas Feridas;Pleno dia;Decrescente;Céu Claro;Dupla;Reta;-15,90225186;-48,12675512
25/09/2025;16:00:00;MATIAS BARBOSA;Velocidade Incompatível;Saída de leito carroçável;Com Vítimas Feridas;Pleno dia;Decrescente;Nublado;Dupla;Curva;-21,878;-43,315
25/09/2025;15:00:00;GRAO MOGOL;Velocidade Incompatível;Colisão com objeto;Com Vítimas Feridas;Pleno dia;Crescente;Céu Claro;Simples;"Reta;Declive";-16,419986;-43,312136
25/09/2025;16:30:00;PARNAIBA;Animais na Pista;Tombamento;Com Vítimas Feridas;Pleno dia;Decrescente;Sol;Simples;Reta;-2,901752;-41,739625
25/09/2025;13:05:00;AGUA DOCE;Velocidade Incompatível;Saída de leito carroçável;Com Vítimas Feridas;Pleno dia;Decrescente;Céu Claro;Simples;Reta;-26,71625043;-51,6159153
25/09/2025;17:40:00;ALEGRETE DO PIAUI;Acesso irregular;Colisão transversal;Sem Vítimas;Anoitecer;Crescente;Céu Claro;Simples;"Interseção de Vias;Reta";-7,2306527;-40,87149698
25/09/2025;15:15:00;ANGRA DOS REIS;Chuva;Saída de leito carroçável;Com Vítimas Feridas;Pleno dia;Decrescente;Chuva;Simples;Curva;-22,9806;-44,4362
25/09/2025;18:20:00;LAGES;Iluminação deficiente;Colisão transversal;Sem Vítimas;Plena Noite;Crescente;Céu Claro;Múltipla;Rotatória;-27,79479695;-50,3387746
25/09/2025;20:20:00;PANAMBI;Acumulo de areia ou detritos sobre o pavimento;Saída de leito carroçável;Com Vítimas Feridas;Plena Noite;Crescente;Céu Claro;Simples;Reta;-28,323412;-53,64181694
25/09/2025;18:20:00;SERRINHA;Ultrapassagem Indevida;Colisão frontal;Com Vítimas Feridas;Plena Noite;Crescente;Céu Claro;Simples;Reta;-11,56566;-38,98895
25/09/2025;22:15:00;GARANHUNS;Animais na Pista;Queda de ocupante de veículo;Com Vítimas Feridas;Plena Noite;Crescente;Garoa/Chuvisco;Simples;Reta;-8,876102;-36,504292
25/09/2025;23:05:00;PONTA GROSSA;Animais na Pista;Atropelamento de Animal;Sem Vítimas;Plena Noite;Crescente;Ignorado;Dupla;Reta;-25,260826;-49,996381
25/09/2025;11:00:00;ULIANOPOLIS;Acumulo de areia ou detritos sobre o pavimento;Colisão com objeto;Sem Vítimas;Pleno dia;Não Informado;Céu Claro;Simples;"Reta;Declive";-3,74117143;-47,30113149
24/09/2025;08:10:00;TEIXEIRA DE FREITAS;Acesso irregular;Colisão frontal;Com Vítimas Feridas;Pleno dia;Crescente;Nublado;Simples;Reta;-17,534512;-39,71248
24/09/2025;07:30:00;MARABA;Acumulo de areia ou detritos sobre o pavimento;Queda de ocupante de veículo;Com Vítimas Feridas;Pleno dia;Crescente;Nublado;Simples;"Reta;Declive";-5,498345;-49,07327
24/09/2025;07:20:00;BELO ORIENTE;Conversão proibida;Colisão lateral mesmo sentido;Com Vítimas Feridas;Pleno dia;Crescente;Céu Claro;Simples;Reta;-19,29441669;-42,35705209
24/09/2025;11:25:00;SALVADOR;Curva acentuada;Colisão lateral mesmo sentido;Com Vítimas Fatais;Pleno dia;Decrescente;Céu Claro;Dupla;Reta;-12,89721;-38,448935
24/09/2025;11:45:00;PATOS DE MINAS;Acumulo de água sobre o pavimento;Saída de leito carroçável;Com Vítimas Feridas;Pleno dia;Crescente;Chuva;Simples;Curva;-18,6447;-46,50047
24/09/2025;08:00:00;GENERAL CARNEIRO;Pista esburacada;Tombamento;Sem Vítimas;Pleno dia;Decrescente;Céu Claro;Simples;"Curva;Ponte";-26,44352481;-51,31988525
24/09/2025;13:39:00;VALPARAISO DE GOIAS;Velocidade Incompatível;Engavetamento;Com Vítimas Feridas;Pleno dia;Crescente;Céu Claro;Dupla;Reta;-16,07209515;-47,98529774
24/09/2025;13:05:00;MATUPA;Ultrapassagem Indevida;Colisão frontal;Com Vítimas Feridas;Pleno dia;Decrescente;Céu Claro;Simples;"Reta;Aclive";-10,06697279;-54,90661293
24/09/2025;15:05:00;BRASILIA;Chuva;Saída de leito carroçável;Com Vítimas Feridas;Pleno dia;Decrescente;Chuva;Dupla;Reta;-15,80228428;-48,08319616
24/09/2025;11:30:00;NOVA MUTUM;Conversão proibida;Colisão transversal;Sem Vítimas;Pleno dia;Crescente;Céu Claro;Dupla;Em Obras;-13,70959132;-56,04174686
24/09/2025;16:20:00;FREDERICO WESTPHALEN;Acesso irregular;Colisão transversal;Com Vítimas Feridas;Pleno dia;Crescente;Sol;Simples;Curva;-27,30918624;-53,3780937
24/09/2025;14:40:00;FLORIANOPOLIS;Conversão proibida;Colisão transversal;Com Vítimas Feridas;Pleno dia;Crescente;Céu Claro;Simples;Reta;-27,5939328;-48,5588992
24/09/2025;14:35:00;BALSA NOVA;Restrição de visibilidade em curvas verticais;Saída de leito carroçável;Com Vítimas Feridas;Pleno dia;Decrescente;Céu Claro;Simples;Curva;-25,469895;-49,61303473
24/09/2025;09:45:00;GRAJAU;Acostamento em desnível;Tombamento;Com Vítimas Feridas;Pleno dia;Crescente;Céu Claro;Simples;"Reta;Declive";-5,93726;-46,37274
24/09/2025;19:50:00;SAO PAULO;Acesso irregular;Atropelamento de Pedestre;Com Vítimas Fatais;Plena Noite;Decrescente;Nublado;Múltipla;Aclive;-23,39554501;-46,57271552
24/09/2025;17:05:00;GENERAL CARNEIRO;Pista esburacada;Colisão lateral sentido oposto;Com Vítimas Feridas;Pleno dia;Crescente;Céu Claro;Simples;Reta;-26,44618049;-51,32035293
24/09/2025;11:25:00;AGUAS VERMELHAS;Ultrapassagem Indevida;Colisão transversal;Sem Vítimas;Pleno dia;Crescente;Céu Claro;Simples;Curva;-15,90414274;-41,53880306
24/09/2025;06:30:00;MAGE;Ultrapassagem Indevida;Colisão lateral mesmo sentido;Com Vítimas Fatais;Pleno dia;Crescente;Nublado;Múltipla;Reta;-22,64713564;-43,18887591
24/09/2025;07:00:00;IBIRAMA;Acesso irregular;Colisão lateral mesmo sentido;Com Vítimas Feridas;Pleno dia;Decrescente;Nublado;Simples;Curva;-27,10685488;-49,5221171
24/09/2025;05:00:00;SIDROLANDIA;Animais na Pista;Atropelamento de Animal;Com Vítimas Feridas;Pleno dia;Crescente;Céu Claro;Simples;"Reta;Aclive";-20,99818866;-55,11377184
24/09/2025;08:00:00;FLORIANOPOLIS;Ultrapassagem Indevida;Colisão lateral mesmo sentido;Com Vítimas Feridas;Pleno dia;Decrescente;Céu Claro;Múltipla;Reta;-27,603395;-48,5895
24/09/2025;08:20:00;CARATINGA;Velocidade Incompatível;Colisão traseira;Com Vítimas Feridas;Pleno dia;Decrescente;Sol;Simples;Reta;-19,76678517;-42,13114858
24/09/2025;07:28:00;CALIFORNIA;Animais na Pista;Atropelamento de Animal;Sem Vítimas;Pleno dia;Crescente;Céu Claro;Dupla;Reta;-23,69477265;-51,34251401
24/09/2025;12:15:00;CABEDELO;Conversão proibida;Colisão transversal;Com Vítimas Feridas;Pleno dia;Decrescente;Céu Claro;Dupla;"Em Obras;Reta;Desvio Temporário";-7,000078;-34,82833
24/09/2025;08:00:00;OIAPOQUE;Restrição de visibilidade em curvas horizontais;Saída de leito carroçável;Sem Vítimas;Pleno dia;Decrescente;Céu Claro;Simples;Curva;3,380446;-51,711795
24/09/2025;15:20:00;ATIBAIA;Ultrapassagem Indevida;Colisão lateral mesmo sentido;Com Vítimas Fatais;Pleno dia;Decrescente;Nublado;Múltipla;Reta;-23,1783014;-46,5794758
24/09/2025;14:10:00;VILHENA;Ultrapassagem Indevida;Colisão lateral mesmo sentido;Com Vítimas Feridas;Pleno dia;Decrescente;Nublado;Simples;"Reta;Interseção de Vias";-12,72280292;-60,12791131
24/09/2025;16:30:00;MANGARATIBA;Chuva;Tombamento;Com Vítimas Feridas;Pleno dia;Decrescente;Chuva;Simples;Curva;-22,9481546;-44,06589255
24/09/2025;17:50:00;PETROPOLIS;Pista Escorregadia;Queda de ocupante de veículo;Com Vítimas Feridas;Anoitecer;Crescente;Chuva;Simples;Curva;-22,5284852;-43,2228284
24/09/2025;18:30:00;SATUBA;Conversão proibida;Colisão frontal;Com Vítimas Feridas;Plena Noite;Crescente;Céu Claro;Simples;Reta;-9,58708;-35,876385
24/09/2025;19:12:00;SERRA TALHADA;Acesso irregular;Colisão transversal;Com Vítimas Feridas;Plena Noite;Decrescente;Céu Claro;Simples;Reta;-7,98148;-38,304517
24/09/2025;13:55:00;PORTO VELHO;Retorno proibido;Colisão traseira;Com Vítimas Feridas;Pleno dia;Decrescente;Céu Claro;Simples;Reta;-9,2714635;-64,49229687
24/09/2025;18:40:00;COMENDADOR LEVY GASPARIAN;Animais na Pista;Atropelamento de Animal;Com Vítimas Feridas;Plena Noite;Crescente;Céu Claro;Dupla;"Reta;Aclive";-22,03982165;-43,22111607
24/09/2025;18:30:00;RIO CASCA;Animais na Pista;Atropelamento de Animal;Com Vítimas Feridas;Plena Noite;Crescente;Céu Claro;Simples;"Reta;Aclive";-20,04787213;-42,72494613
24/09/2025;21:17:00;RIO CASCA;Animais na Pista;Atropelamento de Animal;Sem Vítimas;Plena Noite;Crescente;Céu Claro;Simples;"Reta;Aclive";-20,04014462;-42,73096562
24/09/2025;13:00:00;POMBAL;Velocidade Incompatível;Tombamento;Com Vítimas Feridas;Pleno dia;Decrescente;Sol;Simples;Reta;-6,74095;-37,71819
24/09/2025;07:00:00;ARAGUAINA;Velocidade Incompatível;Colisão traseira;Com Vítimas Feridas;Pleno dia;Crescente;Céu Claro;Simples;"Rotatória;Interseção de Vias";-7,16151116;-48,20537353
23/09/2025;04:00:00;RIO NOVO DO SUL;Chuva;Saída de leito carroçável;Com Vítimas Feridas;Plena Noite;Crescente;Chuva;Simples;Curva;-20,84257841;-40,87364372
23/09/2025;07:00:00;CAMBUI;Velocidade Incompatível;Capotamento;Com Vítimas Feridas;Amanhecer;Decrescente;Céu Claro;Dupla;"Declive;Curva";-22,67979911;-46,09993994
23/09/2025;15:00:00;TRES PASSOS;Conversão proibida;Colisão transversal;Com Vítimas Feridas;Pleno dia;Crescente;Céu Claro;Simples;"Reta;Interseção de Vias";-27,465882;-53,9265012
23/09/2025;13:30:00;ITAPECURU MIRIM;Velocidade Incompatível;Colisão frontal;Com Vítimas Feridas;Pleno dia;Decrescente;Céu Claro;Simples;Curva;-3,477699;-44,21567
23/09/2025;11:05:00;GRAO MOGOL;Ultrapassagem Indevida;Colisão frontal;Com Vítimas Feridas;Pleno dia;Crescente;Nublado;Simples;"Reta;Aclive";-16,43707305;-43,39290619
23/09/2025;01:10:00;GUARAPARI;Acumulo de água sobre o pavimento;Saída de leito carroçável;Com Vítimas Feridas;Plena Noite;Decrescente;Chuva;Dupla;Reta;-20,6270669;-40,5281334
23/09/2025;03:40:00;ANGRA DOS REIS;Velocidade Incompatível;Colisão frontal;Com Vítimas Fatais;Plena Noite;Crescente;Chuva;Simples;Reta;-22,98195;-44,29565
23/09/2025;07:00:00;PATO BRANCO;Conversão proibida;Colisão frontal;Com Vítimas Feridas;Pleno dia;Decrescente;Céu Claro;Simples;"Declive;Reta";-26,18360973;-52,6659557
23/09/2025;06:30:00;DIVINO;Velocidade Incompatível;Tombamento;Com Vítimas Feridas;Pleno dia;Crescente;Nublado;Simples;"Curva;Declive";-20,61635307;-42,22436696
23/09/2025;06:26:00;SINOP;Demais falhas na via;Queda de ocupante de veículo;Com Vítimas Feridas;Pleno dia;Decrescente;Céu Claro;Simples;"Reta;Em Obras";-11,77359511;-55,47271729
23/09/2025;06:30:00;VACARIA;Ultrapassagem Indevida;Saída de leito carroçável;Com Vítimas Feridas;Pleno dia;Crescente;Céu Claro;Simples;"Ponte;Curva";-28,53521886;-50,9592247
23/09/2025;07:55:00;ARAQUARI;Ultrapassagem Indevida;Colisão transversal;Com Vítimas Feridas;Pleno dia;Decrescente;Céu Claro;Simples;Reta;-26,409557;-48,751592
23/09/2025;07:30:00;VENDA NOVA DO IMIGRANTE;Ultrapassagem Indevida;Colisão transversal;Com Vítimas Feridas;Pleno dia;Crescente;Sol;Simples;Curva;-20,35425615;-41,08938217
23/09/2025;11:10:00;CAMPOS DOS GOYTACAZES;Retorno proibido;Colisão lateral mesmo sentido;Com Vítimas Feridas;Pleno dia;Decrescente;Nublado;Simples;Reta;-21,7346355;-41,32494148
23/09/2025;10:04:00;LONTRAS;Conversão proibida;Colisão transversal;Sem Vítimas;Pleno dia;Decrescente;Sol;Simples;Curva;-27,14405251;-49,54889701
23/09/2025;10:21:00;CALDAS;Velocidade Incompatível;Colisão lateral mesmo sentido;Com Vítimas Feridas;Pleno dia;Crescente;Céu Claro;Simples;"Curva;Interseção de Vias";-21,8314887;-46,4483962
23/09/2025;13:55:00;ARROIO DOS RATOS;Demais falhas na via;Queda de ocupante de veículo;Com Vítimas Feridas;Pleno dia;Decrescente;Céu Claro;Simples;Reta;-30,105352;-51,736208
23/09/2025;12:30:00;IPOJUCA;Velocidade Incompatível;Saída de leito carroçável;Com Vítimas Feridas;Pleno dia;Decrescente;Céu Claro;Dupla;Curva;-8,35636;-35,1852567
23/09/2025;15:35:00;COQUEIRO SECO;Velocidade Incompatível;Saída de leito carroçável;Com Vítimas Feridas;Pleno dia;Crescente;Céu Claro;Simples;"Reta;Em Obras";-9,637114;-35,859225
23/09/2025;11:00:00;TIMON;Ultrapassagem Indevida;Colisão frontal;Com Vítimas Feridas;Pleno dia;Decrescente;Céu Claro;Dupla;"Declive;Reta";-5,04723241;-42,91626245
23/09/2025;16:50:00;MOSSORO;Velocidade Incompatível;Colisão traseira;Com Vítimas Feridas;Pleno dia;Crescente;Céu Claro;Simples;Rotatória;-5,066586;-37,331141
23/09/2025;19:00:00;GUARULHOS;Acesso irregular;Colisão com objeto;Com Vítimas Feridas;Plena Noite;Decrescente;Céu Claro;Múltipla;Reta;-23,47853411;-46,52914731
23/09/2025;19:00:00;CABEDELO;Ausência de sinalização;Colisão transversal;Com Vítimas Feridas;Plena Noite;Decrescente;Céu Claro;Múltipla;"Reta;Interseção de Vias;Desvio Temporário;Em Obras";-7,05932086;-34,85048387
23/09/2025;12:44:00;NITEROI;Ultrapassagem Indevida;Queda de ocupante de veículo;Com Vítimas Feridas;Pleno dia;Decrescente;Céu Claro;Dupla;Curva;-22,86749405;-43,10973063
23/09/2025;18:15:00;MOSSORO;Animais na Pista;Atropelamento de Animal;Com Vítimas Feridas;Plena Noite;Decrescente;Céu Claro;Simples;Reta;-5,111483;-37,33986
23/09/2025;18:20:00;QUEIMADAS;Ultrapassagem Indevida;Queda de ocupante de veículo;Com Vítimas Feridas;Plena Noite;Crescente;Céu Claro;Simples;Reta;-7,2908;-35,890422
23/09/2025;17:20:00;GUAPO;Acumulo de água sobre o pavimento;Saída de leito carroçável;Com Vítimas Feridas;Pleno dia;Crescente;Chuva;Dupla;Curva;-16,89390538;-49,63283328
23/09/2025;23:00:00;TEOFILO OTONI;Conversão proibida;Colisão frontal;Com Vítimas Feridas;Plena Noite;Crescente;Céu Claro;Múltipla;Reta;-17,837488;-41,512298
23/09/2025;22:30:00;INDAIAL;Ultrapassagem Indevida;Colisão transversal;Com Vítimas Feridas;Plena Noite;Decrescente;Céu Claro;Simples;"Reta;Em Obras";-26,87054722;-49,22782391
23/09/2025;01:45:00;MANHUACU;Velocidade Incompatível;Saída de leito carroçável;Com Vítimas Feridas;Plena Noite;Decrescente;Chuva;Simples;Curva;-20,24426377;-42,13615895
22/09/2025;06:30:00;CAMANDUCAIA;Curva acentuada;Colisão com objeto;Com Vítimas Feridas;Pleno dia;Crescente;Chuva;Dupla;"Curva;Declive";-22,76049645;-46,15809739
22/09/2025;06:00:00;PRIMAVERA DO LESTE;Acostamento em desnível;Capotamento;Com Vítimas Feridas;Pleno dia;Decrescente;Sol;Simples;Reta;-15,5875814;-54,18962717
22/09/2025;05:30:00;MUCURI;Velocidade Incompatível;Tombamento;Com Vítimas Feridas;Amanhecer;Decrescente;Céu Claro;Simples;Curva;-18,10705792;-39,8834324
22/09/2025;08:00:00;SAO JOSE DOS CAMPOS;Acumulo de água sobre o pavimento;Colisão transversal;Com Vítimas Feridas;Pleno dia;Decrescente;Chuva;Múltipla;"Reta;Em Obras";-23,17888;-45,83867
22/09/2025;11:00:00;LEOPOLDINA;Velocidade Incompatível;Colisão frontal;Com Vítimas Fatais;Pleno dia;Decrescente;Sol;Simples;Curva;-21,634078;-42,696941
22/09/2025;14:00:00;IPUIUNA;Chuva;Colisão lateral sentido oposto;Com Vítimas Feridas;Pleno dia;Decrescente;Chuva;Simples;Curva;-22,0903433;-46,20824
22/09/2025;15:00:00;CAMPANHA;Acumulo de água sobre o pavimento;Atropelamento de Pedestre;Com Vítimas Feridas;Pleno dia;Crescente;Chuva;Dupla;Reta;-21,7977719;-45,4568702
22/09/2025;15:45:00;IBIRAMA;Ultrapassagem Indevida;Colisão lateral mesmo sentido;Com Vítimas Feridas;Pleno dia;Crescente;Nublado;Simples;Curva;-27,10802858;-49,52411262
22/09/2025;14:00:00;LAVRAS;Chuva;Colisão com objeto;Com Vítimas Feridas;Pleno dia;Crescente;Chuva;Dupla;Curva;-21,177647;-45,12419
22/09/2025;15:00:00;GUARANTA DO NORTE;Curva acentuada;Tombamento;Com Vítimas Feridas;Pleno dia;Decrescente;Céu Claro;Simples;Curva;-9,64859292;-54,87228788
22/09/2025;15:35:00;GUARANIACU;Acostamento em desnível;Capotamento;Sem Vítimas;Pleno dia;Crescente;Céu Claro;Simples;"Declive;Reta";-25,09411;-52,958544
22/09/2025;17:00:00;MARECHAL FLORIANO;Ultrapassagem Indevida;Colisão lateral mesmo sentido;Sem Vítimas;Pleno dia;Crescente;Céu Claro;Simples;Reta;-20,41387594;-40,72654724
22/09/2025;17:40:00;JUNQUEIRO;Velocidade Incompatível;Tombamento;Com Vítimas Feridas;Anoitecer;Crescente;Céu Claro;Simples;"Declive;Curva";-9,933688;-36,472166
22/09/2025;17:10:00;HULHA NEGRA;Pista esburacada;Tombamento;Com Vítimas Feridas;Pleno dia;Decrescente;Céu Claro;Dupla;Reta;-31,3254298;-53,9856291
22/09/2025;15:10:00;PRESIDENTE FIGUEIREDO;Ultrapassagem Indevida;Colisão lateral mesmo sentido;Com Vítimas Feridas;Pleno dia;Crescente;Sol;Simples;Reta;-2,05123;-60,02504
22/09/2025;19:30:00;ITABIRITO;Chuva;Tombamento;Com Vítimas Feridas;Plena Noite;Crescente;Chuva;Simples;"Aclive;Curva";-20,3498;-43,9185
22/09/2025;20:00:00;FRANCISCO SA;Pista Escorregadia;Saída de leito carroçável;Com Vítimas Feridas;Plena Noite;Decrescente;Chuva;Simples;Reta;-16,4726555;-43,4242854
22/09/2025;22:50:00;DIAMANTINO;Pista Escorregadia;Saída de leito carroçável;Com Vítimas Feridas;Plena Noite;Crescente;Chuva;Dupla;"Reta;Aclive";-14,54815;-56,228935
22/09/2025;17:35:00;IRAI;Falta de acostamento;Colisão traseira;Com Vítimas Feridas;Anoitecer;Crescente;Céu Claro;Simples;"Declive;Ponte;Reta";-27,22334;-53,32378
22/09/2025;00:00:00;LINDOESTE;Chuva;Saída de leito carroçável;Com Vítimas Feridas;Plena Noite;Decrescente;Chuva;Dupla;Declive;-25,30676011;-53,57933789