data_inversa;horario;municipio;causa_acidente;tipo_acidente;classificacao_acidente;fase_dia;sentido_via;condicao_metereologica;tipo_pista;tracado_via;latitude;longitude
22/09/2025;06:20:00;FOZ DO IGUACU;Acumulo de água sobre o pavimento;Saída de leito carroçável;Com Vítimas Feridas;Amanhecer;Crescente;Chuva;Simples;"Rotatória;Interseção de Vias";-25,57716923;-54,5554018
22/09/2025;06:00:00;DOURADOS;Chuva;Saída de leito carroçável;Com Vítimas Feridas;Amanhecer;Crescente;Chuva;Dupla;Curva;-22,257145;-54,780165
22/09/2025;07:55:00;JOINVILLE;Chuva;Queda de ocupante de veículo;Com Vítimas Feridas;Pleno dia;Decrescente;Chuva;Dupla;Reta;-26,1914624;-48,9127936
22/09/2025;06:50:00;CAMPINA GRANDE DO SUL;Chuva;Colisão com objeto;Com Vítimas Feridas;Amanhecer;Crescente;Chuva;Dupla;Curva;-25,24355874;-48,90252963
22/09/2025;07:00:00;JUQUITIBA;Chuva;Saída de leito carroçável;Sem Vítimas;Pleno dia;Decrescente;Chuva;Dupla;"Reta;Aclive";-23,92278652;-46,99235139
22/09/2025;08:15:00;NOVA IGUACU;Ultrapassagem Indevida;Colisão lateral mesmo sentido;Com Vítimas Feridas;Pleno dia;Decrescente;Céu Claro;Dupla;Reta;-22,74427776;-43,51384699
22/09/2025;09:00:00;VARGEM;Acumulo de água sobre o pavimento;Saída de leito carroçável;Com Vítimas Feridas;Pleno dia;Crescente;Chuva;Dupla;Curva;-22,9146616;-46,4325473
22/09/2025;08:40:00;GUARULHOS;Chuva;Saída de leito carroçável;Com Vítimas Feridas;Pleno dia;Crescente;Chuva;Dupla;Reta;-23,45568767;-46,57173157
22/09/2025;06:30:00;BARRACAO;Acesso irregular;Colisão transversal;Com Vítimas Feridas;Amanhecer;Crescente;Chuva;Simples;Reta;-26,29096128;-53,54412016
22/09/2025;09:00:00;GOVERNADOR VALADARES;Velocidade Incompatível;Saída de leito carroçável;Com Vítimas Feridas;Pleno dia;Decrescente;Céu Claro;Simples;Reta;-19,00584;-42,131801
22/09/2025;09:30:00;CAMPO GRANDE;Acumulo de água sobre o pavimento;Saída de leito carroçável;Sem Vítimas;Pleno dia;Crescente;Chuva;Simples;Reta;-20,5965824;-54,57998928
22/09/2025;12:45:00;EXTREMA;Velocidade Incompatível;Colisão lateral mesmo sentido;Com Vítimas Feridas;Pleno dia;Decrescente;Chuva;Dupla;"Curva;Declive";-22,81242188;-46,28441334
22/09/2025;12:20:00;BALSA NOVA;Chuva;Colisão traseira;Com Vítimas Feridas;Pleno dia;Decrescente;Chuva;Simples;Curva;-25,467908;-49,627776
22/09/2025;14:00:00;MANGARATIBA;Retorno proibido;Colisão lateral mesmo sentido;Com Vítimas Feridas;Pleno dia;Crescente;Céu Claro;Simples;Aclive;-22,93778233;-44,00477305
22/09/2025;07:30:00;CAMANDUCAIA;Velocidade Incompatível;Saída de leito carroçável;Com Vítimas Feridas;Pleno dia;Crescente;Chuva;Dupla;Curva;-22,77024603;-46,19386196
22/09/2025;14:00:00;BARRA DO TURVO;Chuva;Tombamento;Com Vítimas Feridas;Pleno dia;Decrescente;Céu Claro;Múltipla;"Curva;Aclive";-24,96569093;-48,46287601
22/09/2025;15:07:00;SAO LEOPOLDO;Conversão proibida;Colisão transversal;Com Vítimas Feridas;Pleno dia;Crescente;Céu Claro;Múltipla;"Viaduto;Reta;Interseção de Vias";-29,77265096;-51,15435668
22/09/2025;11:00:00;ALFREDO WAGNER;Velocidade Incompatível;Saída de leito carroçável;Com Vítimas Feridas;Pleno dia;Crescente;Chuva;Simples;Curva;-27,67173622;-49,20782503
22/09/2025;15:45:00;MAIRIPORA;Chuva;Saída de leito carroçável;Com Vítimas Feridas;Pleno dia;Decrescente;Chuva;Dupla;Curva;-23,35417468;-46,57040119
22/09/2025;15:45:00;CURITIBA;Velocidade Incompatível;Colisão com objeto;Sem Vítimas;Pleno dia;Crescente;Nublado;Dupla;Reta;-25,38896018;-49,19973032
22/09/2025;10:30:00;RIO BRANCO DO SUL;Velocidade Incompatível;Colisão frontal;Com Vítimas Feridas;Pleno dia;Decrescente;Chuva;Simples;"Declive;Curva";-25,1014213;-49,10862772
22/09/2025;16:05:00;MAGE;Pista Escorregadia;Tombamento;Com Vítimas Feridas;Pleno dia;Decrescente;Céu Claro;Simples;Reta;-22,6623488;-43,0866432
22/09/2025;15:45:00;LAVRAS;Chuva;Saída de leito carroçável;Com Vítimas Feridas;Pleno dia;Crescente;Chuva;Dupla;Curva;-21,261383;-45,139995
22/09/2025;15:45:00;PALMEIRA;Velocidade Incompatível;Saída de leito carroçável;Sem Vítimas;Pleno dia;Crescente;Nublado;Simples;"Reta;Aclive";-25,464338;-50,230169
22/09/2025;18:30:00;GOIANIA;Deficiência do Sistema de Iluminação/Sinalização;Tombamento;Com Vítimas Feridas;Plena Noite;Decrescente;Céu Claro;Dupla;Reta;-16,63221823;-49,20496915
22/09/2025;18:00:00;LAVRAS;Chuva;Colisão com objeto;Com Vítimas Feridas;Plena Noite;Decrescente;Chuva;Dupla;Reta;-21,2490622;-45,13595581
22/09/2025;19:30:00;CAJAZEIRAS;Animais na Pista;Atropelamento de Animal;Com Vítimas Feridas;Plena Noite;Crescente;Céu Claro;Simples;Reta;-6,89699268;-38,57480267
22/09/2025;18:05:00;SINOP;Afundamento ou ondulação no pavimento;Queda de ocupante de veículo;Com Vítimas Feridas;Plena Noite;Crescente;Nublado;Simples;"Em Obras;Reta";-11,76608;-55,47047
22/09/2025;18:35:00;SINOP;Afundamento ou ondulação no pavimento;Queda de ocupante de veículo;Com Vítimas Feridas;Plena Noite;Crescente;Nublado;Simples;"Reta;Em Obras";-11,764045;-55,470021
22/09/2025;18:10:00;SENADOR JOSE BENTO;Velocidade Incompatível;Saída de leito carroçável;Com Vítimas Feridas;Anoitecer;Decrescente;Chuva;Simples;"Curva;Aclive";-22,13545833;-46,1478138
22/09/2025;22:00:00;SOBRAL;Animais na Pista;Atropelamento de Animal;Com Vítimas Feridas;Plena Noite;Decrescente;Céu Claro;Simples;Reta;-3,71834065;-40,33293486
22/09/2025;21:40:00;CAMPINA GRANDE DO SUL;Velocidade Incompatível;Saída de leito carroçável;Com Vítimas Fatais;Plena Noite;Crescente;Garoa/Chuvisco;Dupla;Curva;-25,098325;-48,68105
22/09/2025;23:15:00;SANTA RITA;Animais na Pista;Atropelamento de Animal;Com Vítimas Feridas;Plena Noite;Decrescente;Céu Claro;Dupla;"Em Obras;Reta";-7,0980144;-34,9662453
22/09/2025;07:21:00;MATUPA;Acesso irregular;Colisão transversal;Sem Vítimas;Pleno dia;Crescente;Céu Claro;Simples;Reta;-10,18701424;-54,94718671
22/09/2025;07:00:00;TIBAGI;Velocidade Incompatível;Saída de leito carroçável;Com Vítimas Feridas;Pleno dia;Crescente;Chuva;Dupla;"Aclive;Curva";-24,856688;-50,458365
22/09/2025;06:40:00;SAO JOSE;Acumulo de água sobre o pavimento;Colisão transversal;Com Vítimas Feridas;Pleno dia;Decrescente;Chuva;Múltipla;Curva;-27,60305;-48,631371
21/09/2025;06:25:00;JEQUIA DA PRAIA;Velocidade Incompatível;Tombamento;Com Vítimas Feridas;Pleno dia;Crescente;Céu Claro;Dupla;"Ponte;Reta";-9,89365781;-36,13720592
21/09/2025;07:40:00;BARRA DO PIRAI;Velocidade Incompatível;Colisão lateral sentido oposto;Com Vítimas Feridas;Pleno dia;Crescente;Sol;Simples;Curva;-22,475079;-43,993208
21/09/2025;09:50:00;CANUDOS;Ultrapassagem Indevida;Colisão frontal;Com Vítimas Feridas;Pleno dia;Crescente;Céu Claro;Simples;Reta;-9,83801741;-39,121362
21/09/2025;11:30:00;SAO JOSE DAS MISSOES;Velocidade Incompatível;Tombamento;Com Vítimas Feridas;Pleno dia;Decrescente;Chuva;Simples;Curva;-27,760023;-53,111719
21/09/2025;09:10:00;SIDROLANDIA;Demais Fenômenos da natureza;Incêndio;Sem Vítimas;Pleno dia;Crescente;Sol;Simples;Reta;-21,097329;-54,4879516
21/09/2025;15:30:00;MIRASSOL;Fumaça;Engavetamento;Com Vítimas Feridas;Pleno dia;Crescente;Nublado;Dupla;Aclive;-20,94843275;-49,54086654
21/09/2025;17:20:00;HUMAITA;Pista esburacada;Tombamento;Com Vítimas Feridas;Pleno dia;Crescente;Céu Claro;Simples;Reta;-7,46258;-63,23243
21/09/2025;08:52:00;ALTAMIRA;Curva acentuada;Colisão lateral sentido oposto;Sem Vítimas;Pleno dia;Crescente;Nublado;Simples;"Aclive;Curva";-8,72823016;-54,97951705
21/09/2025;22:00:00;PRUDENTOPOLIS;Ultrapassagem Indevida;Colisão frontal;Com Vítimas Fatais;Plena Noite;Crescente;Céu Claro;Simples;"Aclive;Reta";-25,277717;-51,110266
21/09/2025;14:00:00;SIDROLANDIA;Demais Fenômenos da natureza;Incêndio;Sem Vítimas;Pleno dia;Decrescente;Céu Claro;Simples;Reta;-21,09452;-54,488764
21/09/2025;12:25:00;POUSO REDONDO;Ultrapassagem Indevida;Colisão transversal;Com Vítimas Feridas;Pleno dia;Decrescente;Chuva;Simples;Curva;-27,3005798;-50,0805559
21/09/2025;00:15:00;TERESINA;Animais na Pista;Atropelamento de Animal;Sem Vítimas;Plena Noite;Crescente;Céu Claro;Múltipla;"Reta;Viaduto";-5,1251401;-42,79466629
21/09/2025;01:15:00;GUARAPARI;Animais na Pista;Atropelamento de Animal;Com Vítimas Feridas;Plena Noite;Crescente;Céu Claro;Dupla;Reta;-20,63816595;-40,54384232
21/09/2025;01:45:00;SERRA;Sinalização mal posicionada;Tombamento;Com Vítimas Feridas;Plena Noite;Crescente;Céu Claro;Dupla;"Em Obras;Reta";-20,14201594;-40,34145355
21/09/2025;00:30:00;PETROPOLIS;Pista Escorregadia;Queda de ocupante de veículo;Com Vítimas Feridas;Plena Noite;Decrescente;Céu Claro;Simples;Curva;-22,48797486;-43,22407722
21/09/2025;03:45:00;FUNDAO;Velocidade Incompatível;Capotamento;Sem Vítimas;Plena Noite;Crescente;Nublado;Simples;Curva;-20,01000923;-40,4068771
21/09/2025;06:00:00;SAO LUIS;Velocidade Incompatível;Queda de ocupante de veículo;Com Vítimas Feridas;Pleno dia;Decrescente;Sol;Dupla;Reta;-2,636883;-44,268813
21/09/2025;06:00:00;SANTANA DO LIVRAMENTO;Acumulo de água sobre o pavimento;Colisão com objeto;Sem Vítimas;Pleno dia;Crescente;Chuva;Simples;Reta;-30,890551;-55,526818
21/09/2025;08:30:00;CAMPOS NOVOS;Chuva;Tombamento;Com Vítimas Feridas;Pleno dia;Crescente;Chuva;Simples;Reta;-27,36688903;-51,26358032
21/09/2025;09:40:00;CARIDADE;Acumulo de areia ou detritos sobre o pavimento;Tombamento;Com Vítimas Feridas;Pleno dia;Crescente;Céu Claro;Simples;Reta;-4,03974;-38,9988517
21/09/2025;10:00:00;MANGARATIBA;Conversão proibida;Colisão lateral mesmo sentido;Com Vítimas Feridas;Pleno dia;Crescente;Céu Claro;Simples;Reta;-22,95120122;-44,0784359
21/09/2025;09:30:00;RIO DE JANEIRO;Conversão proibida;Colisão traseira;Sem Vítimas;Pleno dia;Decrescente;Céu Claro;Simples;Curva;-22,82190075;-43,31629694
21/09/2025;06:30:00;NOVA SERRANA;Velocidade Incompatível;Colisão traseira;Com Vítimas Feridas;Pleno dia;Crescente;Céu Claro;Dupla;Reta;-19,88935094;-44,8897934
21/09/2025;09:45:00;PETROPOLIS;Velocidade Incompatível;Saída de leito carroçável;Com Vítimas Feridas;Pleno dia;Decrescente;Sol;Dupla;Retorno Regulamentado;-22,36235977;-43,12664866
21/09/2025;11:10:00;APARECIDA;Acumulo de areia ou detritos sobre o pavimento;Colisão com objeto;Com Vítimas Feridas;Pleno dia;Decrescente;Céu Claro;Dupla;Reta;-22,8369917;-45,2216873
21/09/2025;12:10:00;GUARULHOS;Demais Fenômenos da natureza;Eventos atípicos;Com Vítimas Feridas;Pleno dia;Decrescente;Céu Claro;Simples;Reta;-23,47488442;-46,52768708
21/09/2025;12:45:00;SANTA IZABEL DO PARA;Velocidade Incompatível;Colisão traseira;Com Vítimas Feridas;Pleno dia;Decrescente;Céu Claro;Dupla;Reta;-1,27573;-48,09682
21/09/2025;11:50:00;BARBACENA;Velocidade Incompatível;Colisão lateral mesmo sentido;Com Vítimas Feridas;Pleno dia;Crescente;Céu Claro;Dupla;Reta;-21,211;-43,75
21/09/2025;13:30:00;LINHARES;Velocidade Incompatível;Saída de leito carroçável;Com Vítimas Feridas;Pleno dia;Decrescente;Céu Claro;Múltipla;Curva;-19,39013185;-40,06743732
21/09/2025;12:00:00;IPOJUCA;Condutor usando celular;Saída de leito carroçável;Com Vítimas Feridas;Pleno dia;Decrescente;Céu Claro;Dupla;Curva;-8,33696;-35,14108
21/09/2025;12:30:00;RANCHO QUEIMADO;Chuva;Saída de leito carroçável;Com Vítimas Feridas;Pleno dia;Decrescente;Chuva;Simples;Reta;-27,691277;-49,133853
21/09/2025;11:40:00;MAGE;Sinalização mal posicionada;Colisão traseira;Com Vítimas Feridas;Pleno dia;Crescente;Céu Claro;Dupla;"Reta;Desvio Temporário;Em Obras";-22,6593921;-43,09102
21/09/2025;14:30:00;IPIRANGA;Velocidade Incompatível;Saída de leito carroçável;Com Vítimas Feridas;Pleno dia;Crescente;Chuva;Simples;"Reta;Declive";-25,09019882;-50,413596
21/09/2025;14:30:00;ARIQUEMES;Chuva;Capotamento;Com Vítimas Feridas;Pleno dia;Crescente;Chuva;Simples;Curva;-9,83704;-63,065758
21/09/2025;17:00:00;BIGUACU;Chuva;Colisão com objeto;Com Vítimas Feridas;Pleno dia;Decrescente;Chuva;Dupla;Curva;-27,47065238;-48,64129716
21/09/2025;15:27:00;BARRA DO TURVO;Demais falhas na via;Tombamento;Com Vítimas Feridas;Pleno dia;Crescente;Garoa/Chuvisco;Dupla;"Declive;Curva";-25,019258;-48,514597
21/09/2025;13:20:00;SANTA LUCIA;Chuva;Colisão com objeto;Com Vítimas Feridas;Pleno dia;Decrescente;Sol;Dupla;Reta;-25,35447;-53,58128
21/09/2025;17:00:00;ANTONINA;Chuva;Colisão com objeto;Com Vítimas Feridas;Pleno dia;Decrescente;Chuva;Dupla;"Curva;Declive";-25,10133917;-48,72966528
21/09/2025;17:44:00;SANTO ANTONIO DO SUDOESTE;Ultrapassagem Indevida;Colisão frontal;Com Vítimas Feridas;Pleno dia;Decrescente;Céu Claro;Simples;"Aclive;Curva";-26,06608;-53,72084
21/09/2025;14:50:00;IMBAU;Chuva;Saída de leito carroçável;Com Vítimas Feridas;Pleno dia;Decrescente;Chuva;Dupla;Curva;-24,4271026;-50,76649457
21/09/2025;16:20:00;BARRA VELHA;Chuva;Colisão com objeto;Sem Vítimas;Pleno dia;Crescente;Chuva;Dupla;Reta;-26,64120274;-48,69105086
21/09/2025;18:45:00;ITAPISSUMA;Iluminação deficiente;Queda de ocupante de veículo;Com Vítimas Feridas;Plena Noite;Decrescente;Céu Claro;Dupla;Declive;-7,80088366;-34,92653436
21/09/2025;19:05:00;ATIBAIA;Pista Escorregadia;Colisão com objeto;Com Vítimas Feridas;Plena Noite;Crescente;Nublado;Dupla;Reta;-23,19254356;-46,58523414
21/09/2025;19:10:00;ANTA GORDA;Sinalização mal posicionada;Tombamento;Com Vítimas Feridas;Plena Noite;Crescente;Chuva;Dupla;"Reta;Em Obras";-29;-52
21/09/2025;19:00:00;JOAO PESSOA;Conversão proibida;Colisão transversal;Com Vítimas Feridas;Plena Noite;Decrescente;Céu Claro;Simples;"Interseção de Vias;Em Obras";-7,17066861;-34,86971736
21/09/2025;19:58:00;MOSSORO;Animais na Pista;Atropelamento de Animal;Com Vítimas Feridas;Plena Noite;Decrescente;Céu Claro;Dupla;Reta;-5,225569;-37,336038
21/09/2025;18:40:00;BARAO DE GRAJAU;Iluminação deficiente;Tombamento;Com Vítimas Feridas;Plena Noite;Decrescente;Céu Claro;Simples;Reta;-6,75497669;-43,01697761
21/09/2025;18:55:00;CAETES;Iluminação deficiente;Colisão frontal;Sem Vítimas;Plena Noite;Decrescente;Céu Claro;Simples;Reta;-8,78453;-36,61263
21/09/2025;20:30:00;POCOS DE CALDAS;Velocidade Incompatível;Saída de leito carroçável;Com Vítimas Feridas;Plena Noite;Crescente;Céu Claro;Simples;Curva;-21,771398;-46,42158
21/09/2025;20:00:00;VIANA;Velocidade Incompatível;Colisão lateral sentido oposto;Com Vítimas Feridas;Plena Noite;Crescente;Céu Claro;Simples;"Curva;Declive";-20,38249;-40,55027
21/09/2025;20:30:00;ROLANDIA;Chuva;Saída de leito carroçável;Sem Vítimas;Plena Noite;Crescente;Chuva;Dupla;Curva;-23,3501879;-51,38691902
21/09/2025;16:55:00;MAUA DA SERRA;Chuva;Saída de leito carroçável;Com Vítimas Feridas;Pleno dia;Decrescente;Chuva;Dupla;Curva;-23,9369276;-51,1664906
21/09/2025;22:15:00;GUARAMIRIM;Velocidade Incompatível;Colisão com objeto;Com Vítimas Feridas;Plena Noite;Crescente;Nublado;Simples;Reta;-26,49530815;-49,00231238
21/09/2025;23:00:00;RIO DO SUL;Conversão proibida;Colisão transversal;Com Vítimas Feridas;Plena Noite;Decrescente;Chuva;Simples;Reta;-27,24207041;-49,6877906
21/09/2025;16:35:00;NOVA SANTA HELENA;Acesso irregular;Colisão transversal;Com Vítimas Feridas;Pleno dia;Decrescente;Céu Claro;Simples;Reta;-10,81769;-55,17464333
21/09/2025;11:30:00;MAGE;Sinalização mal posicionada;Colisão traseira;Com Vítimas Feridas;Pleno dia;Crescente;Céu Claro;Dupla;"Reta;Em Obras";-22,6593899;-43,091022
21/09/2025;17:00:00;TIBAGI;Chuva;Capotamento;Com Vítimas Feridas;Pleno dia;Crescente;Chuva;Dupla;Reta;-24,5343185;-50,69452286
21/09/2025;14:15:00;POUSO NOVO;Chuva;Saída de leito carroçável;Com Vítimas Feridas;Pleno dia;Crescente;Chuva;Dupla;"Declive;Curva";-29,199094;-52,182462
21/09/2025;18:00:00;MANHUACU;Ultrapassagem Indevida;Colisão transversal;Com Vítimas Feridas;Anoitecer;Decrescente;Céu Claro;Simples;Reta;-20,259394;-42,031821
20/09/2025;03:10:00;ARARANGUA;Neblina;Colisão traseira;Com Vítimas Feridas;Plena Noite;Crescente;Nevoeiro/Neblina;Dupla;Reta;-28,91456919;-49,48637009
20/09/2025;09:25:00;CAMPOS NOVOS;Velocidade Incompatível;Tombamento;Com Vítimas Feridas;Pleno dia;Crescente;Céu Claro;Simples;Curva;-27,375355;-51,061772
20/09/2025;10:52:00;BOA NOVA;Velocidade Incompatível;Saída de leito carroçável;Com Vítimas Feridas;Pleno dia;Decrescente;Céu Claro;Simples;"Curva;Declive";-14,36062027;-40,33940509
20/09/2025;18:05:00;ROSARIO DO SUL;Acumulo de água sobre o pavimento;Tombamento;Com Vítimas Feridas;Plena Noite;Decrescente;Chuva;Simples;Reta;-30,24074865;-54,88500087
20/09/2025;15:48:00;PRESIDENTE MEDICI;Ultrapassagem Indevida;Colisão frontal;Com Vítimas Feridas;Pleno dia;Decrescente;Céu Claro;Simples;Reta;-11,36695343;-61,84135437
20/09/2025;13:50:00;NOBRES;Conversão proibida;Colisão lateral mesmo sentido;Com Vítimas Feridas;Pleno dia;Crescente;Sol;Dupla;"Aclive;Reta";-14,631519;-56,271412
20/09/2025;15:50:00;BOM JARDIM DE MINAS;Velocidade Incompatível;Tombamento;Com Vítimas Feridas;Pleno dia;Decrescente;Céu Claro;Simples;"Declive;Curva";-21,931938;-44,110541
20/09/2025;12:10:00;MANHUACU;Velocidade Incompatível;Capotamento;Com Vítimas Feridas;Pleno dia;Crescente;Céu Claro;Simples;Curva;-20,2769151;-42,1447226
20/09/2025;01:50:00;VACARIA;Velocidade Incompatível;Saída de leito carroçável;Com Vítimas Feridas;Plena Noite;Decrescente;Céu Claro;Simples;Rotatória;-28,51312736;-50,90991346
20/09/2025;04:00:00;LINHARES;Redutor de velocidade em desacordo;Colisão traseira;Com Vítimas Feridas;Plena Noite;Crescente;Chuva;Simples;Reta;-19,15394119;-40,07866144
20/09/2025;04:50:00;JULIO DE CASTILHOS;Chuva;Saída de leito carroçável;Com Vítimas Feridas;Plena Noite;Decrescente;Chuva;Simples;Reta;-29,1508495;-53,64860058
20/09/2025;10:00:00;FEIRA DE SANTANA;Demais falhas na via;Queda de ocupante de veículo;Com Vítimas Feridas;Pleno dia;Decrescente;Céu Claro;Dupla;Reta;-12,3324333;-38,8580784
20/09/2025;00:54:00;ITAITUBA;Animais na Pista;Saída de leito carroçável;Com Vítimas Feridas;Plena Noite;Decrescente;Céu Claro;Simples;Reta;-5,6628;-55,7794
20/09/2025;11:48:00;CARIACICA;Velocidade Incompatível;Colisão com objeto;Com Vítimas Feridas;Pleno dia;Crescente;Nublado;Dupla;Curva;-20,25761892;-40,37724458
20/09/2025;13:00:00;EXTREMA;Velocidade Incompatível;Queda de ocupante de veículo;Com Vítimas Feridas;Pleno dia;Crescente;Céu Claro;Dupla;Curva;-22,812083;-46,286806
20/09/2025;14:30:00;SANTO ESTEVAO;Velocidade Incompatível;Colisão traseira;Com Vítimas Feridas;Pleno dia;Decrescente;Céu Claro;Dupla;Reta;-12,47594108;-39,30214906
20/09/2025;15:30:00;CAMPOS DOS GOYTACAZES;Ultrapassagem Indevida;Colisão transversal;Com Vítimas Feridas;Pleno dia;Decrescente;Céu Claro;Simples;Curva;-21,74908605;-41,33632461
20/09/2025;14:45:00;SORRISO;Pista Escorregadia;Saída de leito carroçável;Com Vítimas Feridas;Pleno dia;Crescente;Chuva;Simples;Reta;-12,828833;-55,824677
20/09/2025;16:05:00;SETE LAGOAS;Acumulo de água sobre o pavimento;Saída de leito carroçável;Com Vítimas Feridas;Pleno dia;Crescente;Chuva;Dupla;"Reta;Aclive";-19,433418;-44,335378
20/09/2025;16:40:00;FOZ DO IGUACU;Sinalização mal posicionada;Colisão transversal;Com Vítimas Feridas;Pleno dia;Crescente;Céu Claro;Dupla;"Interseção de Vias;Em Obras";-25,57640876;-54,55308823
20/09/2025;17:25:00;PORTO ALEGRE;Acumulo de água sobre o pavimento;Colisão com objeto;Sem Vítimas;Anoitecer;Decrescente;Chuva;Dupla;"Viaduto;Curva";-29,97307431;-51,17506333
20/09/2025;16:15:00;VOLTA REDONDA;Ultrapassagem Indevida;Colisão lateral mesmo sentido;Com Vítimas Feridas;Pleno dia;Decrescente;Céu Claro;Simples;"Declive;Reta";-22,48771;-44,06326
20/09/2025;17:20:00;BLUMENAU;Retorno proibido;Colisão lateral mesmo sentido;Com Vítimas Feridas;Pleno dia;Decrescente;Céu Claro;Simples;"Em Obras;Reta";-26,87911872;-49,12180122
20/09/2025;18:55:00;NOVA LIMA;Velocidade Incompatível;Colisão com objeto;Com Vítimas Feridas;Plena Noite;Decrescente;Céu Claro;Dupla;"Declive;Curva";-20,02455546;-43,96951818
20/09/2025;19:46:00;IBIPORA;Velocidade Incompatível;Atropelamento de Pedestre;Com Vítimas Feridas;Plena Noite;Crescente;Céu Claro;Simples;Reta;-23,27367415;-51,05558608
20/09/2025;17:35:00;GARANHUNS;Ultrapassagem Indevida;Colisão frontal;Com Vítimas Feridas;Anoitecer;Crescente;Céu Claro;Simples;Curva;-8,945617;-36,510048
20/09/2025;19:20:00;LAGOA VERMELHA;Chuva;Tombamento;Com Vítimas Fatais;Plena Noite;Decrescente;Chuva;Simples;Curva;-28,2154383;-51,5532625
20/09/2025;19:50:00;BRASILANDIA;Ultrapassagem Indevida;Colisão frontal;Com Vítimas Fatais;Plena Noite;Decrescente;Céu Claro;Simples;Reta;-21,215238;-52,011285
20/09/2025;21:20:00;TIMON;Animais na Pista;Atropelamento de Animal;Com Vítimas Feridas;Plena Noite;Crescente;Céu Claro;Simples;Reta;-5,02153;-42,96521
20/09/2025;18:05:00;MARQUINHO;Curva acentuada;Saída de leito carroçável;Com Vítimas Feridas;Anoitecer;Crescente;Céu Claro;Simples;Curva;-25,061481;-52,290672
20/09/2025;23:17:00;MONTENEGRO;Retorno proibido;Colisão com objeto;Com Vítimas Feridas;Plena Noite;Decrescente;Chuva;Simples;Reta;-29,818014;-51,456259
20/09/2025;20:10:00;MARABA;Velocidade Incompatível;Colisão transversal;Com Vítimas Feridas;Pleno dia;Decrescente;Céu Claro;Dupla;"Reta;Interseção de Vias";-5,36518603;-49,07828808
20/09/2025;11:50:00;SENA MADUREIRA;Pista esburacada;Colisão lateral mesmo sentido;Com Vítimas Feridas;Pleno dia;Crescente;Céu Claro;Simples;Reta;-8,976556;-69,005822
20/09/2025;19:11:00;MANAUS;Animais na Pista;Queda de ocupante de veículo;Com Vítimas Feridas;Plena Noite;Crescente;Céu Claro;Simples;"Aclive;Reta";-2,829884;-60,034211
20/09/2025;09:30:00;SANTO ANTONIO DE JESUS;Acesso irregular;Colisão transversal;Com Vítimas Feridas;Pleno dia;Crescente;Ignorado;Simples;"Aclive;Reta";-12,95604828;-39,26456114
20/09/2025;21:30:00;PORTO GRANDE;Acumulo de areia ou detritos sobre o pavimento;Saída de leito carroçável;Com Vítimas Fatais;Plena Noite;Decrescente;Céu Claro;Simples;Curva;0,6474216;-51,59393381
20/09/2025;22:40:00;TEOFILO OTONI;Demais falhas na via;Tombamento;Com Vítimas Feridas;Plena Noite;Crescente;Céu Claro;Simples;"Aclive;Curva";-17,741757;-41,500167
19/09/2025;00:15:00;BRASILIA;Chuva;Saída de leito carroçável;Sem Vítimas;Plena Noite;Crescente;Chuva;Dupla;"Declive;Reta";-15,62502065;-47,72323608
19/09/2025;06:40:00;RODEIO;Ultrapassagem Indevida;Colisão lateral mesmo sentido;Com Vítimas Feridas;Pleno dia;Crescente;Céu Claro;Simples;Reta;-26,94902391;-49,31515932
19/09/2025;08:10:00;MOSSORO;Condutor usando celular;Colisão traseira;Com Vítimas Feridas;Pleno dia;Crescente;Sol;Dupla;Reta;-5,189768;-37,375275
19/09/2025;07:50:00;MESSIAS;Pista Escorregadia;Colisão traseira;Sem Vítimas;Pleno dia;Crescente;Garoa/Chuvisco;Simples;Reta;-9,36249838;-35,84988713
19/09/2025;09:30:00;BOTELHOS;Ultrapassagem Indevida;Saída de leito carroçável;Sem Vítimas;Pleno dia;Decrescente;Céu Claro;Simples;"Curva;Aclive";-21,68270175;-46,42455474
19/09/2025;08:30:00;HUMAITA;Velocidade Incompatível;Colisão traseira;Sem Vítimas;Pleno dia;Crescente;Nublado;Simples;Reta;-7,89173;-63,28572
19/09/2025;09:00:00;CARMO DA CACHOEIRA;Velocidade Incompatível;Tombamento;Com Vítimas Feridas;Pleno dia;Decrescente;Céu Claro;Dupla;Curva;-21,432704;-45,210703
19/09/2025;14:45:00;ARUJA;Velocidade Incompatível;Colisão com objeto;Com Vítimas Feridas;Pleno dia;Crescente;Sol;Dupla;Reta;-23,394442;-46,288457
19/09/2025;16:25:00;FLEXEIRAS;Velocidade Incompatível;Tombamento;Sem Vítimas;Pleno dia;Decrescente;Sol;Simples;"Curva;Declive;Interseção de Vias";-9,24854522;-35,75710472
19/09/2025;17:30:00;SAO FRANCISCO DO GLORIA;Velocidade Incompatível;Tombamento;Com Vítimas Feridas;Anoitecer;Crescente;Céu Claro;Simples;Curva;-20,845;-42,326
19/09/2025;17:10:00;ARIQUEMES;Ultrapassagem Indevida;Colisão lateral sentido oposto;Com Vítimas Fatais;Anoitecer;Crescente;Céu Claro;Simples;Reta;-9,83229066;-63,06795073
19/09/2025;22:10:00;SETE LAGOAS;Velocidade Incompatível;Colisão traseira;Com Vítimas Feridas;Plena Noite;Crescente;Céu Claro;Dupla;Reta;-19,5240479;-44,2624413
19/09/2025;22:50:00;AREAL;Velocidade Incompatível;Tombamento;Com Vítimas Feridas;Plena Noite;Decrescente;Céu Claro;Dupla;Curva;-22,20180371;-43,14682106
19/09/2025;23:25:00;CASCAVEL;Ultrapassagem Indevida;Colisão frontal;Com Vítimas Fatais;Plena Noite;Decrescente;Céu Claro;Simples;Reta;-25,085891;-53,191003