data_inversa;horario;municipio;causa_acidente;tipo_acidente;classificacao_acidente;fase_dia;sentido_via;condicao_metereologica;tipo_pista;tracado_via;latitude;longitude
19/09/2025;21:35:00;BRUNOPOLIS;Velocidade Incompatível;Tombamento;Com Vítimas Fatais;Plena Noite;Decrescente;Céu Claro;Simples;"Curva;Declive";-27,325427;-50,777727
19/09/2025;15:15:00;LARANJEIRAS DO SUL;Ultrapassagem Indevida;Colisão lateral mesmo sentido;Com Vítimas Feridas;Pleno dia;Decrescente;Céu Claro;Simples;Reta;-25,370559;-52,36968
19/09/2025;07:30:00;SERRA TALHADA;Conversão proibida;Colisão lateral mesmo sentido;Com Vítimas Feridas;Pleno dia;Crescente;Céu Claro;Simples;Reta;-7,98233879;-38,29711173
19/09/2025;07:11:00;ANGRA DOS REIS;Acumulo de areia ou detritos sobre o pavimento;Tombamento;Com Vítimas Feridas;Pleno dia;Decrescente;Céu Claro;Simples;Curva;-22,99248;-44,30467
19/09/2025;07:40:00;RIO DO SUL;Ultrapassagem Indevida;Colisão lateral mesmo sentido;Com Vítimas Feridas;Pleno dia;Crescente;Céu Claro;Simples;Reta;-27,19670146;-49,62762594
19/09/2025;07:30:00;RIO BRANCO;Conversão proibida;Colisão transversal;Com Vítimas Feridas;Pleno dia;Decrescente;Céu Claro;Dupla;"Retorno Regulamentado;Reta";-10,01181076;-67,78276997
19/09/2025;09:00:00;GUARULHOS;Ultrapassagem Indevida;Colisão traseira;Com Vítimas Feridas;Pleno dia;Crescente;Nublado;Dupla;Reta;-23,4574485;-46,47926744
19/09/2025;09:10:00;VALPARAISO DE GOIAS;Condutor usando celular;Saída de leito carroçável;Com Vítimas Feridas;Pleno dia;Decrescente;Céu Claro;Dupla;Reta;-16,05258864;-47,98180014
19/09/2025;10:00:00;BETIM;Acesso irregular;Colisão lateral mesmo sentido;Com Vítimas Feridas;Pleno dia;Decrescente;Céu Claro;Dupla;Reta;-19,974999;-44,18979
19/09/2025;05:40:00;PORTO FRANCO;Animais na Pista;Atropelamento de Animal;Com Vítimas Fatais;Pleno dia;Crescente;Céu Claro;Simples;Aclive;-6,29577;-47,36317
19/09/2025;14:20:00;MARACAJA;Demais falhas na via;Tombamento;Com Vítimas Feridas;Pleno dia;Decrescente;Céu Claro;Simples;Reta;-28,840238;-49,426465
19/09/2025;13:10:00;RIO LARGO;Velocidade Incompatível;Capotamento;Sem Vítimas;Pleno dia;Decrescente;Céu Claro;Simples;Curva;-9,4273536;-35,8383616
19/09/2025;07:30:00;POMBOS;Acumulo de areia ou detritos sobre o pavimento;Eventos atípicos;Sem Vítimas;Pleno dia;Decrescente;Céu Claro;Dupla;Reta;-8,13596197;-35,37031174
19/09/2025;14:30:00;MARIPA DE MINAS;Curva acentuada;Saída de leito carroçável;Com Vítimas Feridas;Pleno dia;Crescente;Sol;Simples;Curva;-21,71612818;-42,99705505
19/09/2025;18:00:00;ESTANCIA VELHA;Acesso irregular;Colisão transversal;Com Vítimas Feridas;Anoitecer;Crescente;Céu Claro;Simples;Reta;-29,627422;-51,1386129
19/09/2025;19:00:00;BIGUACU;Acesso irregular;Colisão transversal;Com Vítimas Feridas;Plena Noite;Crescente;Céu Claro;Simples;"Viaduto;Reta;Interseção de Vias";-27,4997;-48,65591
19/09/2025;19:20:00;JOAO PESSOA;Acostamento em desnível;Tombamento;Com Vítimas Feridas;Plena Noite;Crescente;Céu Claro;Dupla;Reta;-7,14305105;-34,85161543
19/09/2025;19:00:00;LAGES;Animais na Pista;Atropelamento de Animal;Com Vítimas Feridas;Plena Noite;Decrescente;Céu Claro;Simples;Reta;-27,76967775;-50,17811575
19/09/2025;08:10:00;BUTIA;Conversão proibida;Colisão transversal;Com Vítimas Feridas;Pleno dia;Crescente;Chuva;Simples;Reta;-30,12272797;-51,87044621
19/09/2025;19:45:00;TORITAMA;Conversão proibida;Colisão traseira;Com Vítimas Feridas;Plena Noite;Decrescente;Céu Claro;Simples;Curva;-8,00838;-36,05935
19/09/2025;18:00:00;ITAPAJE;Animais na Pista;Queda de ocupante de veículo;Com Vítimas Feridas;Anoitecer;Crescente;Céu Claro;Simples;Declive;-3,7023329;-39,6087165
19/09/2025;19:20:00;ARARANGUA;Conversão proibida;Colisão transversal;Com Vítimas Feridas;Plena Noite;Decrescente;Nublado;Simples;Interseção de Vias;-28,92206326;-49,49113369
19/09/2025;20:20:00;CAMPO MAIOR;Deficiência do Sistema de Iluminação/Sinalização;Colisão lateral mesmo sentido;Com Vítimas Fatais;Plena Noite;Decrescente;Céu Claro;Simples;Reta;-4,77437616;-42,11462975
19/09/2025;22:50:00;ROLANDIA;Velocidade Incompatível;Colisão com objeto;Com Vítimas Fatais;Plena Noite;Crescente;Céu Claro;Dupla;"Reta;Declive";-23,35954;-51,3976
19/09/2025;23:15:00;ANCHIETA;Ausência de sinalização;Colisão traseira;Com Vítimas Feridas;Plena Noite;Decrescente;Nublado;Simples;Reta;-20,7117281;-40,72364537
19/09/2025;09:30:00;IRAJUBA;Velocidade Incompatível;Saída de leito carroçável;Com Vítimas Feridas;Pleno dia;Crescente;Garoa/Chuvisco;Simples;Curva;-13,172227;-39,998788
19/09/2025;03:09:00;GARANHUNS;Velocidade Incompatível;Colisão com objeto;Com Vítimas Fatais;Plena Noite;Crescente;Céu Claro;Simples;"Declive;Curva";-8,92601;-36,48967
19/09/2025;23:38:00;TERESINA;Acesso irregular;Colisão transversal;Sem Vítimas;Plena Noite;Crescente;Céu Claro;Simples;Reta;-5,125632;-42,800377
18/09/2025;01:30:00;PEDRA PRETA;Falta de acostamento;Tombamento;Com Vítimas Feridas;Plena Noite;Crescente;Céu Claro;Simples;Declive;-16,82968203;-54,01488304
18/09/2025;04:20:00;JEQUIE;Velocidade Incompatível;Saída de leito carroçável;Com Vítimas Feridas;Amanhecer;Crescente;Céu Claro;Simples;Curva;-13,959447;-39,965422
18/09/2025;08:20:00;SAO GABRIEL DO OESTE;Demais Fenômenos da natureza;Incêndio;Sem Vítimas;Pleno dia;Crescente;Céu Claro;Dupla;"Aclive;Reta";-19,511167;-54,472036
18/09/2025;16:35:00;BRASILIA;Chuva;Saída de leito carroçável;Sem Vítimas;Pleno dia;Decrescente;Chuva;Dupla;"Declive;Reta";-15,60786134;-47,68956185
18/09/2025;18:00:00;FOZ DO IGUACU;Ultrapassagem Indevida;Colisão lateral mesmo sentido;Com Vítimas Feridas;Pleno dia;Decrescente;Nublado;Simples;Retorno Regulamentado;-25,48466542;-54,49625373
18/09/2025;06:30:00;CACHOEIRA;Velocidade Incompatível;Colisão lateral sentido oposto;Sem Vítimas;Amanhecer;Decrescente;Céu Claro;Simples;Aclive;-12,55858486;-38,97777557
18/09/2025;00:50:00;LUZIANIA;Velocidade Incompatível;Saída de leito carroçável;Com Vítimas Feridas;Plena Noite;Crescente;Céu Claro;Dupla;Reta;-16,20584;-47,91997
18/09/2025;01:31:00;SANTANA DO PARAISO;Ultrapassagem Indevida;Saída de leito carroçável;Com Vítimas Feridas;Plena Noite;Decrescente;Céu Claro;Simples;Aclive;-19,4454404;-42,51397371
18/09/2025;03:30:00;CAMPINA GRANDE DO SUL;Velocidade Incompatível;Capotamento;Com Vítimas Feridas;Plena Noite;Crescente;Chuva;Dupla;"Aclive;Curva";-25,24771634;-48,9047572
18/09/2025;05:00:00;SABARA;Demais falhas na via;Colisão frontal;Com Vítimas Fatais;Amanhecer;Decrescente;Céu Claro;Simples;"Declive;Curva";-19,809639;-43,766676
18/09/2025;06:35:00;FEIRA DE SANTANA;Retorno proibido;Colisão transversal;Com Vítimas Feridas;Pleno dia;Decrescente;Céu Claro;Dupla;Reta;-12,250547;-38,988417
18/09/2025;06:27:00;MONTE NEGRO;Animais na Pista;Atropelamento de Animal;Com Vítimas Feridas;Pleno dia;Decrescente;Céu Claro;Simples;Reta;-10,48221;-63,479738
18/09/2025;11:10:00;ARAQUARI;Acesso irregular;Colisão transversal;Com Vítimas Feridas;Pleno dia;Crescente;Nublado;Simples;Reta;-26,413177;-48,758175
18/09/2025;14:00:00;TUBARAO;Ultrapassagem Indevida;Colisão lateral mesmo sentido;Com Vítimas Feridas;Pleno dia;Crescente;Céu Claro;Dupla;Reta;-28,46909597;-49,01477035
18/09/2025;07:30:00;SEROPEDICA;Ultrapassagem Indevida;Atropelamento de Pedestre;Com Vítimas Feridas;Pleno dia;Crescente;Céu Claro;Simples;Reta;-22,804294;-43,639736
18/09/2025;12:40:00;RIO VERDE;Velocidade Incompatível;Colisão transversal;Sem Vítimas;Pleno dia;Não Informado;Céu Claro;Simples;Reta;-17,81392777;-50,91084999
18/09/2025;13:56:00;NATAL;Ultrapassagem Indevida;Colisão transversal;Com Vítimas Feridas;Pleno dia;Decrescente;Céu Claro;Simples;Reta;-5,770717;-35,26679
18/09/2025;13:30:00;CAMPINA GRANDE DO SUL;Chuva;Capotamento;Com Vítimas Feridas;Pleno dia;Decrescente;Chuva;Dupla;Curva;-25,21392012;-48,90210986
18/09/2025;15:45:00;GOVERNADOR VALADARES;Retorno proibido;Colisão transversal;Com Vítimas Feridas;Pleno dia;Crescente;Céu Claro;Simples;"Reta;Declive";-18,880234;-41,960109
18/09/2025;16:00:00;VALPARAISO DE GOIAS;Pista Escorregadia;Colisão traseira;Com Vítimas Feridas;Pleno dia;Crescente;Garoa/Chuvisco;Dupla;Reta;-16,057253;-47,982742
18/09/2025;18:20:00;GUARULHOS;Ultrapassagem Indevida;Colisão lateral mesmo sentido;Com Vítimas Feridas;Plena Noite;Decrescente;Céu Claro;Múltipla;Reta;-23,42114064;-46,38934135
18/09/2025;18:10:00;VITORIA DA CONQUISTA;Velocidade Incompatível;Tombamento;Com Vítimas Feridas;Plena Noite;Decrescente;Céu Claro;Simples;"Rotatória;Reta";-14,929178;-40,885916
18/09/2025;18:30:00;SINOP;Conversão proibida;Colisão transversal;Com Vítimas Feridas;Plena Noite;Crescente;Chuva;Dupla;Reta;-11,83394989;-55,48811316
18/09/2025;20:20:00;BARRACAO;Ultrapassagem Indevida;Colisão lateral mesmo sentido;Com Vítimas Feridas;Plena Noite;Crescente;Céu Claro;Simples;"Aclive;Reta";-26,24777443;-53,63470674
18/09/2025;17:20:00;MONTES CLAROS;Velocidade Incompatível;Capotamento;Com Vítimas Feridas;Pleno dia;Crescente;Céu Claro;Simples;Reta;-16,663442;-43,777681
18/09/2025;22:20:00;GARANHUNS;Velocidade Incompatível;Tombamento;Com Vítimas Feridas;Plena Noite;Crescente;Céu Claro;Simples;"Viaduto;Declive";-8,875412;-36,505807
18/09/2025;20:40:00;ENGENHEIRO CALDAS;Animais na Pista;Atropelamento de Animal;Com Vítimas Feridas;Plena Noite;Crescente;Céu Claro;Simples;Reta;-19,18687656;-42,04114661
18/09/2025;20:40:00;CONCEICAO DA BARRA;Ultrapassagem Indevida;Colisão frontal;Com Vítimas Feridas;Plena Noite;Decrescente;Ignorado;Simples;Interseção de Vias;-18,60520724;-39,88660812
17/09/2025;06:30:00;CANDEIAS;Condutor usando celular;Saída de leito carroçável;Com Vítimas Feridas;Pleno dia;Crescente;Sol;Dupla;Reta;-12,698573;-38,4628129
17/09/2025;10:00:00;FUNDAO;Conversão proibida;Colisão transversal;Com Vítimas Feridas;Pleno dia;Crescente;Sol;Simples;Reta;-19,9349553;-40,4055385
17/09/2025;13:00:00;BARRA VELHA;Velocidade Incompatível;Colisão com objeto;Com Vítimas Feridas;Pleno dia;Decrescente;Céu Claro;Dupla;Declive;-26,71648784;-48,70238672
17/09/2025;14:50:00;PARANAGUA;Retorno proibido;Colisão transversal;Com Vítimas Feridas;Pleno dia;Decrescente;Sol;Simples;Interseção de Vias;-25,53714095;-48,55684368
17/09/2025;17:55:00;PELOTAS;Velocidade Incompatível;Colisão traseira;Com Vítimas Feridas;Pleno dia;Crescente;Céu Claro;Múltipla;Reta;-31,62519746;-52,31813405
17/09/2025;15:00:00;EUNAPOLIS;Velocidade Incompatível;Colisão lateral sentido oposto;Com Vítimas Feridas;Pleno dia;Decrescente;Céu Claro;Simples;Curva;-16,385;-39,491
17/09/2025;18:10:00;MARABA;Ultrapassagem Indevida;Colisão lateral mesmo sentido;Com Vítimas Feridas;Plena Noite;Crescente;Céu Claro;Simples;Reta;-5,373917;-49,077253
17/09/2025;17:00:00;JAGUAQUARA;Conversão proibida;Colisão transversal;Com Vítimas Fatais;Anoitecer;Decrescente;Céu Claro;Simples;Reta;-13,526577;-40,06222
17/09/2025;14:16:00;ITAITUBA;Pista Escorregadia;Colisão lateral sentido oposto;Com Vítimas Feridas;Pleno dia;Decrescente;Chuva;Simples;"Aclive;Curva";-5,50105667;-55,83068667
17/09/2025;22:10:00;ITABELA;Ultrapassagem Indevida;Colisão frontal;Com Vítimas Feridas;Plena Noite;Crescente;Céu Claro;Simples;"Reta;Aclive";-16,86168;-39,49632
17/09/2025;01:40:00;IBAITI;Velocidade Incompatível;Tombamento;Com Vítimas Feridas;Plena Noite;Crescente;Nublado;Simples;"Declive;Curva";-23,962726;-50,236645
17/09/2025;06:15:00;IVINHEMA;Acostamento em desnível;Tombamento;Com Vítimas Feridas;Pleno dia;Crescente;Sol;Simples;"Reta;Aclive";-22,319997;-53,80996
17/09/2025;08:00:00;SEABRA;Ultrapassagem Indevida;Colisão frontal;Sem Vítimas;Pleno dia;Decrescente;Céu Claro;Simples;"Reta;Ponte";-12,48839102;-41,72936797
17/09/2025;08:50:00;SAO GONCALO;Animais na Pista;Colisão traseira;Com Vítimas Feridas;Pleno dia;Crescente;Céu Claro;Dupla;Reta;-22,832138;-43,094028
17/09/2025;09:30:00;CAMPO GRANDE;Ultrapassagem Indevida;Colisão lateral mesmo sentido;Sem Vítimas;Pleno dia;Decrescente;Céu Claro;Dupla;"Rotatória;Interseção de Vias";-20,58197094;-54,58337663
17/09/2025;12:20:00;BRASILIA;Velocidade Incompatível;Colisão com objeto;Com Vítimas Feridas;Pleno dia;Crescente;Céu Claro;Dupla;"Declive;Curva";-15,58588012;-47,35997736
17/09/2025;12:35:00;BARRA DO GARCAS;Conversão proibida;Colisão frontal;Com Vítimas Feridas;Pleno dia;Crescente;Céu Claro;Simples;"Reta;Interseção de Vias";-15,89230478;-52,26068527
17/09/2025;13:50:00;TIBAGI;Velocidade Incompatível;Capotamento;Com Vítimas Feridas;Pleno dia;Decrescente;Céu Claro;Dupla;"Reta;Declive";-24,58102;-50,68156
17/09/2025;17:00:00;MARUIM;Conversão proibida;Colisão transversal;Com Vítimas Fatais;Pleno dia;Crescente;Garoa/Chuvisco;Simples;"Reta;Desvio Temporário;Em Obras;Aclive";-10,734537;-37,087033
17/09/2025;18:15:00;SAO MIGUEL DOS CAMPOS;Acesso irregular;Colisão lateral sentido oposto;Com Vítimas Fatais;Plena Noite;Decrescente;Céu Claro;Simples;"Em Obras;Reta";-9,76541;-36,073674
17/09/2025;19:15:00;JAGUARAO;Deficiência do Sistema de Iluminação/Sinalização;Colisão transversal;Com Vítimas Feridas;Plena Noite;Crescente;Céu Claro;Simples;"Reta;Interseção de Vias";-32,55390924;-53,38529197
17/09/2025;18:20:00;UBATUBA;Retorno proibido;Colisão lateral mesmo sentido;Com Vítimas Feridas;Anoitecer;Crescente;Nublado;Simples;Reta;-23,44649911;-45,0812587
17/09/2025;20:00:00;PIRIPIRI;Animais na Pista;Atropelamento de Animal;Com Vítimas Feridas;Plena Noite;Decrescente;Céu Claro;Simples;Reta;-4,249718;-41,76368952
17/09/2025;17:32:00;SANTANA DO PARAISO;Retorno proibido;Colisão transversal;Com Vítimas Feridas;Anoitecer;Decrescente;Céu Claro;Simples;"Reta;Declive";-19,44348671;-42,51272321
17/09/2025;21:30:00;SAO FRANCISCO DO BREJAO;Ultrapassagem Indevida;Colisão lateral mesmo sentido;Com Vítimas Feridas;Plena Noite;Crescente;Céu Claro;Simples;Reta;-5,15081;-47,54019
17/09/2025;16:45:00;IGARATINGA;Velocidade Incompatível;Tombamento;Com Vítimas Feridas;Pleno dia;Crescente;Céu Claro;Simples;Reta;-19,88993273;-44,71090794
16/09/2025;09:00:00;JEQUIE;Ultrapassagem Indevida;Colisão frontal;Com Vítimas Fatais;Pleno dia;Decrescente;Céu Claro;Simples;Reta;-13,83824;-40,10762
16/09/2025;11:43:00;BEZERROS;Ultrapassagem Indevida;Colisão frontal;Com Vítimas Feridas;Pleno dia;Crescente;Céu Claro;Simples;Reta;-8,236313;-35,731762
16/09/2025;12:10:00;MURIAE;Faixas de trânsito com largura insuficiente;Colisão lateral sentido oposto;Com Vítimas Feridas;Pleno dia;Decrescente;Sol;Simples;Curva;-21,24301649;-42,39420611
16/09/2025;09:50:00;ULIANOPOLIS;Ultrapassagem Indevida;Tombamento;Com Vítimas Feridas;Pleno dia;Decrescente;Sol;Simples;"Declive;Reta";-3,938422;-47,536625
16/09/2025;16:20:00;CAMPOS DOS GOYTACAZES;Afundamento ou ondulação no pavimento;Derramamento de carga;Sem Vítimas;Pleno dia;Decrescente;Céu Claro;Simples;Reta;-21,714748;-41,357432
16/09/2025;19:30:00;CAETE;Velocidade Incompatível;Colisão traseira;Com Vítimas Feridas;Pleno dia;Crescente;Céu Claro;Dupla;Reta;-19,795499;-43,676113
16/09/2025;21:45:00;MIRACATU;Velocidade Incompatível;Colisão traseira;Com Vítimas Feridas;Plena Noite;Decrescente;Ignorado;Dupla;Reta;-24,27670736;-47,4217987
16/09/2025;03:55:00;SAO GONCALO;Animais na Pista;Atropelamento de Animal;Com Vítimas Fatais;Plena Noite;Crescente;Céu Claro;Dupla;Reta;-22,7934208;-43,0211072
16/09/2025;00:50:00;SIMAO PEREIRA;Velocidade Incompatível;Tombamento;Com Vítimas Fatais;Plena Noite;Crescente;Nublado;Dupla;Curva;-21,92029437;-43,32308292
16/09/2025;00:30:00;XANXERE;Velocidade Incompatível;Saída de leito carroçável;Sem Vítimas;Plena Noite;Crescente;Garoa/Chuvisco;Dupla;Reta;-26,8814159;-52,37336802
16/09/2025;01:15:00;ESCADA;Velocidade Incompatível;Capotamento;Com Vítimas Feridas;Plena Noite;Decrescente;Céu Claro;Dupla;Curva;-8,41434285;-35,30538082
16/09/2025;03:00:00;CURITIBA;Velocidade Incompatível;Saída de leito carroçável;Com Vítimas Feridas;Plena Noite;Crescente;Chuva;Dupla;"Reta;Aclive";-25,5310748;-49,3244538
16/09/2025;06:50:00;ARAPONGAS;Pista Escorregadia;Queda de ocupante de veículo;Com Vítimas Feridas;Pleno dia;Crescente;Nublado;Simples;Rotatória;-23,41700514;-51,42714307
16/09/2025;07:20:00;DUQUE DE CAXIAS;Conversão proibida;Colisão transversal;Com Vítimas Feridas;Pleno dia;Decrescente;Céu Claro;Múltipla;Reta;-22,641071;-43,2833558
16/09/2025;07:30:00;PELOTAS;Velocidade Incompatível;Colisão com objeto;Com Vítimas Fatais;Amanhecer;Decrescente;Céu Claro;Simples;Reta;-31,7364618;-52,39369154
16/09/2025;08:00:00;COLOMBO;Demais falhas na via;Colisão com objeto;Com Vítimas Feridas;Pleno dia;Crescente;Céu Claro;Dupla;Reta;-25,378914;-49,157715
16/09/2025;10:10:00;SERRA;Acesso irregular;Colisão transversal;Com Vítimas Feridas;Pleno dia;Crescente;Garoa/Chuvisco;Dupla;Reta;-20,17825181;-40,26548018
16/09/2025;09:20:00;TAPAUA;Acumulo de areia ou detritos sobre o pavimento;Tombamento;Com Vítimas Feridas;Pleno dia;Decrescente;Céu Claro;Simples;Reta;-5,943569;-62,454752
16/09/2025;10:20:00;ROSARIO DO CATETE;Chuva;Saída de leito carroçável;Com Vítimas Feridas;Pleno dia;Decrescente;Chuva;Simples;Curva;-10,6631;-37,029718
16/09/2025;10:35:00;CARUARU;Animais na Pista;Atropelamento de Animal;Com Vítimas Feridas;Pleno dia;Decrescente;Nublado;Dupla;"Reta;Retorno Regulamentado";-8,241231;-35,975334
16/09/2025;11:45:00;SETE LAGOAS;Ultrapassagem Indevida;Colisão lateral mesmo sentido;Com Vítimas Feridas;Pleno dia;Decrescente;Céu Claro;Múltipla;Reta;-19,46917072;-44,29476209
16/09/2025;13:40:00;ESTIVA;Chuva;Saída de leito carroçável;Com Vítimas Feridas;Pleno dia;Decrescente;Nublado;Dupla;"Curva;Aclive";-22,43855;-45,98427
16/09/2025;17:10:00;GUAPIMIRIM;Chuva;Capotamento;Com Vítimas Feridas;Anoitecer;Decrescente;Chuva;Simples;Curva;-22,50339494;-42,99978957
16/09/2025;17:20:00;JOAO PESSOA;Acumulo de areia ou detritos sobre o pavimento;Tombamento;Com Vítimas Feridas;Anoitecer;Crescente;Céu Claro;Dupla;Curva;-7,164723;-34,898413
16/09/2025;17:10:00;MANGARATIBA;Pista Escorregadia;Saída de leito carroçável;Com Vítimas Feridas;Pleno dia;Decrescente;Chuva;Simples;"Declive;Reta";-22,93773385;-44,01276536
16/09/2025;16:45:00;BALSAS;Conversão proibida;Colisão lateral mesmo sentido;Com Vítimas Feridas;Pleno dia;Decrescente;Céu Claro;Simples;Reta;-7,52317222;-46,04085714
16/09/2025;17:00:00;ANGRA DOS REIS;Pista Escorregadia;Saída de leito carroçável;Com Vítimas Feridas;Anoitecer;Decrescente;Chuva;Simples;"Declive;Curva";-23,02571172;-44,50973511
16/09/2025;19:45:00;PAU DOS FERROS;Pista Escorregadia;Queda de ocupante de veículo;Com Vítimas Feridas;Plena Noite;Decrescente;Céu Claro;Dupla;Curva;-6,082531;-38,208696
16/09/2025;13:33:00;TIMOTEO;Acumulo de areia ou detritos sobre o pavimento;Queda de ocupante de veículo;Com Vítimas Feridas;Pleno dia;Decrescente;Céu Claro;Simples;Reta;-19,52359;-42,65291
16/09/2025;17:48:00;PEDRA BRANCA;Conversão proibida;Colisão transversal;Com Vítimas Feridas;Amanhecer;Decrescente;Céu Claro;Simples;Interseção de Vias;-5,439695;-40,003782
16/09/2025;18:35:00;SANTA MARIA;Ultrapassagem Indevida;Colisão com objeto;Com Vítimas Feridas;Plena Noite;Decrescente;Céu Claro;Simples;Retorno Regulamentado;-29,74223182;-53,79388545
16/09/2025;18:15:00;NITEROI;Demais Fenômenos da natureza;Queda de ocupante de veículo;Com Vítimas Feridas;Plena Noite;Decrescente;Chuva;Dupla;Reta;-22,87570072;-43,11924284
16/09/2025;21:50:00;CAMPINA GRANDE;Conversão proibida;Colisão transversal;Com Vítimas Feridas;Plena Noite;Decrescente;Céu Claro;Simples;"Em Obras;Interseção de Vias;Reta";-7,27560208;-35,9039095
16/09/2025;19:45:00;MILAGRES;Velocidade Incompatível;Colisão traseira;Com Vítimas Feridas;Plena Noite;Decrescente;Céu Claro;Simples;Reta;-7,306627;-38,923538
16/09/2025;22:40:00;CORBELIA;Velocidade Incompatível;Colisão com objeto;Com Vítimas Feridas;Plena Noite;Decrescente;Céu Claro;Múltipla;"Declive;Reta";-24,7899961;-53,28870177
16/09/2025;17:20:00;INDAIAL;Velocidade Incompatível;Colisão transversal;Com Vítimas Feridas;Pleno dia;Crescente;Nublado;Simples;Reta;-26,87441511;-49,18589529
16/09/2025;22:32:00;PIMENTA BUENO;Animais na Pista;Atropelamento de Animal;Com Vítimas Fatais;Plena Noite;Decrescente;Céu Claro;Simples;"Aclive;Reta";-11,635302;-61,201262
15/09/2025;04:40:00;SOBRAL;Acesso irregular;Colisão traseira;Com Vítimas Feridas;Plena Noite;Crescente;Céu Claro;Simples;Reta;-3,7189353;-40,3323312
15/09/2025;04:20:00;RIBEIRAO DAS NEVES;Velocidade Incompatível;Saída de leito carroçável;Com Vítimas Feridas;Amanhecer;Decrescente;Céu Claro;Simples;"Retorno Regulamentado;Interseção de Vias;Aclive;Curva";-19,78218556;-44,11672208
15/09/2025;03:35:00;MIRASSOL DOESTE;Animais na Pista;Atropelamento de Animal;Sem Vítimas;Plena Noite;Decrescente;Céu Claro;Simples;Reta;-15,822;-58,027
15/09/2025;09:15:00;MARAVILHA;Acesso irregular;Colisão transversal;Com Vítimas Feridas;Pleno dia;Crescente;Céu Claro;Simples;Rotatória;-26,774862;-53,203277
15/09/2025;11:40:00;ESPLANADA;Ultrapassagem Indevida;Colisão lateral sentido oposto;Sem Vítimas;Pleno dia;Crescente;Nublado;Simples;"Viaduto;Aclive;Reta";-11,7922413;-37,9539901
15/09/2025;21:45:00;ITAMARAJU;Ausência de sinalização;Colisão lateral sentido oposto;Com Vítimas Feridas;Plena Noite;Crescente;Céu Claro;Simples;Reta;-17,063365;-39,554648
15/09/2025;21:00:00;CLAUDIA;Acostamento em desnível;Tombamento;Com Vítimas Feridas;Pleno dia;Decrescente;Chuva;Simples;Reta;-11,398;-55,346
15/09/2025;19:00:00;CACERES;Ultrapassagem Indevida;Eventos atípicos;Com Vítimas Feridas;Plena Noite;Decrescente;Nublado;Simples;Curva;-15,81277639;-57,97858715
15/09/2025;00:40:00;VASSOURAS;Conversão proibida;Colisão lateral sentido oposto;Sem Vítimas;Plena Noite;Decrescente;Céu Claro;Simples;Reta;-22,33062284;-43,5436157
15/09/2025;00:05:00;PORTO VELHO;Acumulo de areia ou detritos sobre o pavimento;Queda de ocupante de veículo;Com Vítimas Feridas;Plena Noite;Crescente;Céu Claro;Simples;Interseção de Vias;-8,79383596;-63,84363413
15/09/2025;02:40:00;BETIM;Animais na Pista;Atropelamento de Animal;Sem Vítimas;Plena Noite;Crescente;Nublado;Dupla;"Declive;Reta";-19,96736147;-44,15973755
15/09/2025;05:40:00;PANTANO GRANDE;Ausência de sinalização;Colisão com objeto;Com Vítimas Feridas;Plena Noite;Crescente;Céu Claro;Dupla;"Em Obras;Reta;Desvio Temporário";-30,20150162;-52,43882632
15/09/2025;00:40:00;ALEGRETE DO PIAUI;Animais na Pista;Atropelamento de Animal;Sem Vítimas;Plena Noite;Crescente;Céu Claro;Simples;Reta;-7,23062516;-40,87152105
15/09/2025;06:35:00;PALHOCA;Acesso irregular;Colisão lateral mesmo sentido;Com Vítimas Feridas;Pleno dia;Decrescente;Céu Claro;Dupla;"Declive;Curva";-27,784726;-48,635187
15/09/2025;08:10:00;CONSELHEIRO LAFAIETE;Conversão proibida;Colisão transversal;Com Vítimas Feridas;Pleno dia;Decrescente;Sol;Simples;Reta;-20,644787;-43,810898
15/09/2025;07:45:00;BALSAS;Conversão proibida;Colisão frontal;Com Vítimas Fatais;Pleno dia;Crescente;Céu Claro;Simples;Reta;-7,51986315;-46,06286287
15/09/2025;12:10:00;SAO FRANCISCO DO SUL;Conversão proibida;Colisão traseira;Com Vítimas Feridas;Pleno dia;Crescente;Nublado;Simples;Reta;-26,269836;-48,639994
15/09/2025;14:00:00;CACAPAVA DO SUL;Chuva;Saída de leito carroçável;Sem Vítimas;Pleno dia;Crescente;Chuva;Simples;Curva;-30,687914;-53,455164
15/09/2025;16:50:00;FEIRA DE SANTANA;Conversão proibida;Colisão lateral mesmo sentido;Com Vítimas Feridas;Pleno dia;Crescente;Sol;Simples;Reta;-12,2473768;-38,93461257
15/09/2025;17:00:00;PETROLINA;Curva acentuada;Queda de ocupante de veículo;Com Vítimas Feridas;Pleno dia;Decrescente;Céu Claro;Simples;Curva;-9,346543;-40,473148
15/09/2025;16:45:00;NOVA SERRANA;Conversão proibida;Colisão lateral sentido oposto;Com Vítimas Feridas;Pleno dia;Decrescente;Sol;Simples;Reta;-19,87824;-44,98498
15/09/2025;16:15:00;CAMPINA GRANDE DO SUL;Velocidade Incompatível;Saída de leito carroçável;Sem Vítimas;Pleno dia;Crescente;Nublado;Dupla;Curva;-25,244957;-48,903222
15/09/2025;18:00:00;APUCARANA;Conversão proibida;Colisão transversal;Com Vítimas Feridas;Anoitecer;Crescente;Céu Claro;Simples;"Reta;Declive";-23,567023;-51,432898