data_inversa;horario;municipio;causa_acidente;tipo_acidente;classificacao_acidente;fase_dia;sentido_via;condicao_metereologica;tipo_pista;tracado_via;latitude;longitude
07/09/2025;09:45:00;PIQUETE;Pista Escorregadia;Colisão frontal;Com Vítimas Feridas;Pleno dia;Decrescente;Chuva;Simples;"Declive;Curva";-22,5711541;-45,210321
07/09/2025;10:55:00;ACAILANDIA;Velocidade Incompatível;Queda de ocupante de veículo;Com Vítimas Feridas;Pleno dia;Crescente;Sol;Simples;Reta;-4,9395367;-47,4629317
07/09/2025;11:20:00;SAO JOAO DE MERITI;Acumulo de areia ou detritos sobre o pavimento;Tombamento;Com Vítimas Feridas;Pleno dia;Crescente;Nublado;Múltipla;"Reta;Retorno Regulamentado";-22,7988215;-43,3566515
07/09/2025;11:40:00;JI-PARANA;Acumulo de areia ou detritos sobre o pavimento;Tombamento;Com Vítimas Feridas;Pleno dia;Crescente;Sol;Múltipla;Reta;-10,868027;-61,963617
07/09/2025;11:50:00;ORTIGUEIRA;Acesso irregular;Colisão transversal;Sem Vítimas;Pleno dia;Decrescente;Céu Claro;Dupla;Retorno Regulamentado;-24,11276775;-51,03809237
07/09/2025;12:10:00;BALSAS;Retorno proibido;Colisão lateral mesmo sentido;Sem Vítimas;Pleno dia;Crescente;Céu Claro;Simples;Reta;-7,49992392;-46,1211938
07/09/2025;15:50:00;IBIRACU;Conversão proibida;Colisão lateral mesmo sentido;Com Vítimas Feridas;Pleno dia;Crescente;Nublado;Simples;Reta;-19,82404;-40,36971
07/09/2025;14:00:00;SANTA TEREZA DO OESTE;Velocidade Incompatível;Saída de leito carroçável;Sem Vítimas;Pleno dia;Crescente;Garoa/Chuvisco;Dupla;Curva;-25,041323;-53,557178
07/09/2025;17:00:00;BALNEARIO CAMBORIU;Curva acentuada;Atropelamento de Pedestre;Com Vítimas Feridas;Pleno dia;Decrescente;Nublado;Simples;Curva;-27,01169712;-48,61371875
07/09/2025;12:45:00;DUQUE DE CAXIAS;Chuva;Colisão traseira;Com Vítimas Feridas;Pleno dia;Crescente;Chuva;Dupla;"Declive;Curva";-22,55749965;-43,26459467
07/09/2025;18:00:00;ANTONIO MARTINS;Velocidade Incompatível;Saída de leito carroçável;Com Vítimas Fatais;Anoitecer;Decrescente;Céu Claro;Simples;Curva;-6,20771172;-37,88500071
07/09/2025;18:55:00;BRASILIA;Conversão proibida;Colisão transversal;Sem Vítimas;Plena Noite;Crescente;Céu Claro;Simples;"Reta;Declive";-15,714836;-48,197954
07/09/2025;14:27:00;FERREIRA GOMES;Velocidade Incompatível;Saída de leito carroçável;Com Vítimas Feridas;Pleno dia;Decrescente;Céu Claro;Simples;Curva;0,6908385;-51,3649497
07/09/2025;19:15:00;BARREIRAS;Ultrapassagem Indevida;Colisão frontal;Com Vítimas Feridas;Plena Noite;Crescente;Céu Claro;Simples;Reta;-12,0180356;-44,9495212
07/09/2025;16:50:00;MANGARATIBA;Curva acentuada;Queda de ocupante de veículo;Com Vítimas Feridas;Anoitecer;Decrescente;Chuva;Simples;Curva;-23,03119221;-44,13438356
07/09/2025;11:00:00;ARAGUARI;Velocidade Incompatível;Saída de leito carroçável;Com Vítimas Feridas;Pleno dia;Decrescente;Céu Claro;Dupla;Reta;-18,42945831;-48,06289816
07/09/2025;18:00:00;ARAQUARI;Deficiência do Sistema de Iluminação/Sinalização;Saída de leito carroçável;Com Vítimas Feridas;Anoitecer;Crescente;Chuva;Simples;Curva;-26,47995389;-48,73736
07/09/2025;21:35:00;QUEIMADAS;Retorno proibido;Colisão frontal;Com Vítimas Feridas;Plena Noite;Decrescente;Céu Claro;Simples;"Reta;Interseção de Vias";-7,35857247;-35,90170026
07/09/2025;21:10:00;CONGONHAS;Ultrapassagem Indevida;Colisão lateral mesmo sentido;Com Vítimas Feridas;Plena Noite;Crescente;Céu Claro;Simples;Curva;-20,5353733;-43,8212499
07/09/2025;21:40:00;CACHOEIRA ALTA;Animais na Pista;Atropelamento de Animal;Com Vítimas Feridas;Plena Noite;Crescente;Céu Claro;Simples;"Reta;Declive";-18,83102145;-50,8707676
07/09/2025;22:00:00;MONTE ALEGRE DO PIAUI;Animais na Pista;Atropelamento de Animal;Com Vítimas Fatais;Plena Noite;Crescente;Céu Claro;Simples;Reta;-9,737788;-45,183928
07/09/2025;23:00:00;AREAL;Animais na Pista;Queda de ocupante de veículo;Com Vítimas Feridas;Plena Noite;Crescente;Céu Claro;Dupla;Curva;-22,2009379;-43,15808124
07/09/2025;14:10:00;ATALAIA;Curva acentuada;Tombamento;Com Vítimas Feridas;Pleno dia;Crescente;Céu Claro;Simples;"Declive;Curva";-9,51000446;-36,0050052
07/09/2025;06:00:00;ANGRA DOS REIS;Curva acentuada;Colisão frontal;Com Vítimas Feridas;Amanhecer;Crescente;Nublado;Simples;Curva;-23,00590619;-44,27683759
06/09/2025;05:00:00;BACABEIRA;Animais na Pista;Atropelamento de Animal;Sem Vítimas;Amanhecer;Decrescente;Céu Claro;Múltipla;"Declive;Reta";-3,0785992;-44,32223439
06/09/2025;09:20:00;BARRA VELHA;Velocidade Incompatível;Colisão traseira;Com Vítimas Feridas;Pleno dia;Decrescente;Nublado;Dupla;"Curva;Declive";-26,61968201;-48,71774403
06/09/2025;10:10:00;UBERABA;Velocidade Incompatível;Colisão com objeto;Com Vítimas Feridas;Pleno dia;Decrescente;Céu Claro;Dupla;"Interseção de Vias;Viaduto;Rotatória";-19,779;-47,94389
06/09/2025;07:47:00;FORQUILHA;Velocidade Incompatível;Saída de leito carroçável;Com Vítimas Feridas;Pleno dia;Crescente;Céu Claro;Simples;Curva;-3,77988772;-40,22517141
06/09/2025;21:00:00;GUAIBA;Desvio temporário;Colisão lateral mesmo sentido;Com Vítimas Fatais;Plena Noite;Decrescente;Céu Claro;Simples;Desvio Temporário;-30,18188609;-51,39515567
06/09/2025;21:30:00;ARAGUARI;Velocidade Incompatível;Tombamento;Com Vítimas Feridas;Plena Noite;Decrescente;Céu Claro;Dupla;"Curva;Declive";-18,61631473;-48,11634064
06/09/2025;20:40:00;VIANA;Condutor usando celular;Saída de leito carroçável;Sem Vítimas;Plena Noite;Crescente;Nublado;Múltipla;Reta;-20,3827311;-40,4596009
06/09/2025;05:30:00;ALTAMIRA;Ultrapassagem Indevida;Derramamento de carga;Com Vítimas Fatais;Amanhecer;Crescente;Céu Claro;Simples;"Declive;Reta";-8,7464474;-54,9636126
06/09/2025;20:05:00;BARRA DO TURVO;Chuva;Engavetamento;Com Vítimas Feridas;Plena Noite;Crescente;Chuva;Simples;"Curva;Declive";-24,9553483;-48,45071286
06/09/2025;00:50:00;VILA BOA;Animais na Pista;Atropelamento de Animal;Com Vítimas Feridas;Plena Noite;Crescente;Céu Claro;Dupla;Reta;-15,0602095;-47,0747561
06/09/2025;04:00:00;ITAGUAI;Iluminação deficiente;Saída de leito carroçável;Com Vítimas Feridas;Plena Noite;Crescente;Ignorado;Dupla;Reta;-22,862142;-43,794648
06/09/2025;06:00:00;TIJUCAS DO SUL;Velocidade Incompatível;Colisão com objeto;Com Vítimas Feridas;Amanhecer;Decrescente;Chuva;Dupla;Curva;-25,84624714;-49,00211334
06/09/2025;09:20:00;PEIXE;Animais na Pista;Atropelamento de Animal;Com Vítimas Feridas;Pleno dia;Decrescente;Sol;Simples;Reta;-12,08742422;-48,5302949
06/09/2025;09:25:00;CAMPINA GRANDE DO SUL;Velocidade Incompatível;Tombamento;Com Vítimas Feridas;Pleno dia;Decrescente;Garoa/Chuvisco;Dupla;Curva;-25,29134466;-48,93422127
06/09/2025;07:40:00;IBATEGUARA;Velocidade Incompatível;Saída de leito carroçável;Com Vítimas Feridas;Pleno dia;Crescente;Garoa/Chuvisco;Simples;Curva;-8,966438;-35,91044
06/09/2025;10:00:00;VITORIA DAS MISSOES;Velocidade Incompatível;Saída de leito carroçável;Com Vítimas Fatais;Pleno dia;Decrescente;Céu Claro;Simples;"Curva;Ponte";-28,40360349;-54,53705549
06/09/2025;10:45:00;RIBEIRAO;Afundamento ou ondulação no pavimento;Queda de ocupante de veículo;Com Vítimas Feridas;Pleno dia;Crescente;Céu Claro;Dupla;Reta;-8,44435;-35,34817
06/09/2025;09:20:00;CACHOEIRA DO PIRIA;Ultrapassagem Indevida;Colisão frontal;Com Vítimas Feridas;Pleno dia;Crescente;Céu Claro;Simples;"Ponte;Reta";-1,80031837;-46,3155112
06/09/2025;12:00:00;JUAZEIRO;Retorno proibido;Colisão transversal;Com Vítimas Feridas;Pleno dia;Decrescente;Céu Claro;Dupla;"Reta;Aclive";-9,435638;-40,500081
06/09/2025;12:30:00;ANTONINA;Velocidade Incompatível;Capotamento;Com Vítimas Feridas;Pleno dia;Decrescente;Garoa/Chuvisco;Dupla;Curva;-25,10232833;-48,73431556
06/09/2025;10:50:00;PETROPOLIS;Velocidade Incompatível;Colisão transversal;Com Vítimas Feridas;Pleno dia;Crescente;Céu Claro;Dupla;Reta;-22,42770494;-43,16403392
06/09/2025;12:35:00;RODEIO;Ultrapassagem Indevida;Colisão frontal;Com Vítimas Feridas;Pleno dia;Decrescente;Nublado;Simples;"Reta;Declive";-26,96079542;-49,32594951
06/09/2025;11:32:00;SINOP;Retorno proibido;Colisão transversal;Com Vítimas Feridas;Pleno dia;Crescente;Céu Claro;Dupla;Reta;-11,84266924;-55,49031135
06/09/2025;12:20:00;GUARATUBA;Velocidade Incompatível;Colisão com objeto;Com Vítimas Feridas;Pleno dia;Crescente;Chuva;Simples;"Curva;Declive";-25,866382;-48,946538
06/09/2025;14:05:00;SAO GONCALO DO AMARANTE;Acesso irregular;Colisão traseira;Com Vítimas Feridas;Pleno dia;Crescente;Nublado;Dupla;Reta;-5,745365;-35,289953
06/09/2025;14:00:00;CERRO LARGO;Ultrapassagem Indevida;Colisão lateral mesmo sentido;Com Vítimas Feridas;Pleno dia;Crescente;Céu Claro;Simples;Interseção de Vias;-28,1213246;-54,79266867
06/09/2025;15:40:00;FEIRA DE SANTANA;Acumulo de areia ou detritos sobre o pavimento;Tombamento;Com Vítimas Feridas;Pleno dia;Decrescente;Céu Claro;Dupla;Reta;-12,340638;-38,844905
06/09/2025;12:10:00;GUAPIMIRIM;Pista Escorregadia;Colisão frontal;Com Vítimas Feridas;Pleno dia;Decrescente;Chuva;Simples;"Declive;Curva";-22,48851;-42,99935
06/09/2025;16:30:00;SAO LUIZ GONZAGA;Velocidade Incompatível;Colisão traseira;Com Vítimas Feridas;Pleno dia;Crescente;Céu Claro;Simples;Reta;-28,40819934;-54,70260143
06/09/2025;17:30:00;TIBAGI;Velocidade Incompatível;Saída de leito carroçável;Com Vítimas Feridas;Pleno dia;Decrescente;Nublado;Dupla;Curva;-24,78480813;-50,51027941
06/09/2025;18:25:00;ARACI;Deficiência do Sistema de Iluminação/Sinalização;Colisão transversal;Com Vítimas Feridas;Plena Noite;Crescente;Céu Claro;Simples;Reta;-11,340033;-38,958862
06/09/2025;19:00:00;FEIRA DE SANTANA;Pista esburacada;Queda de ocupante de veículo;Com Vítimas Feridas;Plena Noite;Crescente;Nublado;Dupla;"Declive;Reta";-12,28390172;-38,97305489
06/09/2025;19:57:00;FEIRA DE SANTANA;Pista esburacada;Tombamento;Com Vítimas Feridas;Plena Noite;Crescente;Nublado;Dupla;"Reta;Declive";-12,2839194;-38,972897
06/09/2025;19:30:00;PALMEIRA DOS INDIOS;Acostamento em desnível;Saída de leito carroçável;Com Vítimas Feridas;Plena Noite;Crescente;Céu Claro;Simples;Reta;-9,397369;-36,718867
06/09/2025;20:20:00;DOMINGOS MARTINS;Ultrapassagem Indevida;Colisão frontal;Com Vítimas Feridas;Plena Noite;Crescente;Céu Claro;Simples;Reta;-20,381745;-40,615676
06/09/2025;19:55:00;MEDIANEIRA;Velocidade Incompatível;Saída de leito carroçável;Com Vítimas Feridas;Plena Noite;Crescente;Céu Claro;Dupla;"Reta;Declive";-25,2508;-54,013
06/09/2025;21:00:00;GURINHATA;Velocidade Incompatível;Capotamento;Com Vítimas Feridas;Plena Noite;Decrescente;Céu Claro;Simples;"Reta;Declive";-18,926535;-49,8516068
06/09/2025;20:00:00;BELO ORIENTE;Velocidade Incompatível;Colisão frontal;Com Vítimas Feridas;Plena Noite;Decrescente;Céu Claro;Simples;Reta;-19,24211547;-42,33650208
06/09/2025;21:50:00;BARREIRAS;Animais na Pista;Atropelamento de Animal;Com Vítimas Fatais;Plena Noite;Crescente;Céu Claro;Simples;Reta;-12,1097;-44,9603
06/09/2025;21:30:00;VARZEA GRANDE;Conversão proibida;Colisão frontal;Com Vítimas Feridas;Plena Noite;Crescente;Céu Claro;Simples;Reta;-15,664;-56,185
06/09/2025;21:25:00;CAMPO MAIOR;Animais na Pista;Atropelamento de Animal;Com Vítimas Feridas;Plena Noite;Crescente;Céu Claro;Simples;Reta;-4,803823;-42,14082
06/09/2025;23:25:00;PINDAMONHANGABA;Animais na Pista;Atropelamento de Animal;Com Vítimas Feridas;Plena Noite;Crescente;Nublado;Dupla;Reta;-22,97824862;-45,45646906
06/09/2025;23:20:00;PINDAMONHANGABA;Animais na Pista;Atropelamento de Animal;Com Vítimas Feridas;Pleno dia;Crescente;Nublado;Dupla;Reta;-22,97792267;-45,45584679
06/09/2025;23:10:00;TERESINA;Acesso irregular;Colisão lateral mesmo sentido;Com Vítimas Feridas;Plena Noite;Crescente;Garoa/Chuvisco;Dupla;Reta;-5,12404746;-42,79749513
06/09/2025;22:00:00;SALGUEIRO;Animais na Pista;Atropelamento de Animal;Com Vítimas Feridas;Plena Noite;Crescente;Céu Claro;Simples;Reta;-7,958358;-39,134629
06/09/2025;18:20:00;SENADOR GUIOMARD;Demais falhas na via;Capotamento;Com Vítimas Fatais;Plena Noite;Decrescente;Céu Claro;Simples;Reta;-10,095599;-67,427467
06/09/2025;19:30:00;PONTES E LACERDA;Animais na Pista;Atropelamento de Animal;Com Vítimas Feridas;Plena Noite;Decrescente;Céu Claro;Simples;Declive;-15,20127146;-59,32196528
06/09/2025;21:00:00;ABARE;Animais na Pista;Atropelamento de Animal;Com Vítimas Feridas;Plena Noite;Decrescente;Nublado;Simples;"Reta;Em Obras";-8,834127;-39,259575
06/09/2025;20:15:00;JI-PARANA;Animais na Pista;Atropelamento de Animal;Com Vítimas Feridas;Plena Noite;Decrescente;Céu Claro;Simples;Reta;-10,910922;-61,96303
06/09/2025;22:30:00;ITABORAI;Chuva;Queda de ocupante de veículo;Com Vítimas Feridas;Plena Noite;Crescente;Chuva;Simples;Reta;-22,77145664;-42,92461249
06/09/2025;11:05:00;MARECHAL FLORIANO;Retorno proibido;Colisão transversal;Com Vítimas Feridas;Pleno dia;Crescente;Céu Claro;Simples;"Declive;Reta";-20,4025813;-40,6719234
06/09/2025;13:00:00;BONFIM;Conversão proibida;Colisão transversal;Com Vítimas Feridas;Pleno dia;Crescente;Céu Claro;Simples;Reta;3,37897;-59,81976
06/09/2025;06:35:00;CAMPINA GRANDE;Acumulo de areia ou detritos sobre o pavimento;Tombamento;Com Vítimas Feridas;Pleno dia;Crescente;Nublado;Simples;Reta;-7,280697;-35,89056833
05/09/2025;10:30:00;CANTAGALO;Condutor usando celular;Saída de leito carroçável;Com Vítimas Feridas;Pleno dia;Crescente;Nublado;Simples;"Reta;Aclive";-25,415451;-52,0744
05/09/2025;11:50:00;BARRA MANSA;Velocidade Incompatível;Tombamento;Com Vítimas Feridas;Pleno dia;Crescente;Céu Claro;Simples;Reta;-22,55879512;-44,12400126
05/09/2025;14:10:00;ALEM PARAIBA;Velocidade Incompatível;Tombamento;Com Vítimas Feridas;Pleno dia;Crescente;Céu Claro;Simples;Curva;-21,833693;-42,677091
05/09/2025;13:10:00;LUZIANIA;Ultrapassagem Indevida;Colisão frontal;Com Vítimas Fatais;Pleno dia;Crescente;Céu Claro;Simples;Reta;-16,415404;-47,824236
05/09/2025;11:50:00;BARRA DO GARCAS;Falta de acostamento;Colisão lateral sentido oposto;Com Vítimas Feridas;Pleno dia;Decrescente;Céu Claro;Simples;Reta;-15,71985998;-52,64616251
05/09/2025;16:20:00;CAMPINA GRANDE DO SUL;Pista Escorregadia;Colisão com objeto;Sem Vítimas;Anoitecer;Decrescente;Garoa/Chuvisco;Dupla;"Declive;Curva";-25,10768769;-48,82217852
05/09/2025;09:00:00;SAO FRANCISCO DO SUL;Velocidade Incompatível;Colisão com objeto;Com Vítimas Feridas;Pleno dia;Decrescente;Chuva;Simples;Curva;-26,27803788;-48,64611832
05/09/2025;17:50:00;PRIMAVERA DO LESTE;Acostamento em desnível;Saída de leito carroçável;Sem Vítimas;Plena Noite;Decrescente;Céu Claro;Simples;"Aclive;Reta";-15,6161692;-54,0480003
05/09/2025;20:45:00;EXTREMA;Velocidade Incompatível;Colisão com objeto;Com Vítimas Feridas;Plena Noite;Decrescente;Céu Claro;Dupla;"Reta;Declive";-22,82899636;-46,31447232
05/09/2025;21:30:00;NOVA GRANADA;Ultrapassagem Indevida;Colisão frontal;Com Vítimas Feridas;Plena Noite;Decrescente;Céu Claro;Simples;"Curva;Declive";-20,421729;-49,270399
05/09/2025;22:30:00;LUIS CORREIA;Acostamento em desnível;Tombamento;Com Vítimas Feridas;Plena Noite;Crescente;Céu Claro;Simples;Reta;-3,101228;-41,466283
05/09/2025;16:35:00;DOM ELISEU;Curva acentuada;Colisão frontal;Com Vítimas Fatais;Pleno dia;Decrescente;Sol;Simples;Curva;-4,454028;-47,800257
05/09/2025;22:15:00;SANTA LUZIA;Ultrapassagem Indevida;Colisão lateral sentido oposto;Com Vítimas Fatais;Plena Noite;Crescente;Céu Claro;Simples;Aclive;-3,94173;-45,639364
05/09/2025;12:30:00;PALMEIRA DAS MISSOES;Velocidade Incompatível;Tombamento;Com Vítimas Feridas;Pleno dia;Crescente;Nublado;Simples;Rotatória;-27,86667166;-53,33286946
05/09/2025;04:50:00;BRASILIA;Animais na Pista;Colisão com objeto;Com Vítimas Feridas;Plena Noite;Crescente;Céu Claro;Dupla;Reta;-16,02475973;-47,97976077
05/09/2025;04:20:00;RIO DE JANEIRO;Velocidade Incompatível;Colisão traseira;Com Vítimas Feridas;Plena Noite;Decrescente;Nublado;Dupla;"Reta;Ponte";-22,86791197;-43,19101334
05/09/2025;07:47:00;BRASILIA;Velocidade Incompatível;Queda de ocupante de veículo;Com Vítimas Feridas;Pleno dia;Crescente;Céu Claro;Dupla;Curva;-15,58617594;-47,3598218
05/09/2025;07:50:00;BALNEARIO PICARRAS;Acumulo de água sobre o pavimento;Colisão com objeto;Com Vítimas Feridas;Pleno dia;Crescente;Garoa/Chuvisco;Dupla;Curva;-26,73149127;-48,70137191
05/09/2025;11:20:00;RIBEIRA DO POMBAL;Conversão proibida;Atropelamento de Pedestre;Com Vítimas Feridas;Pleno dia;Decrescente;Céu Claro;Simples;"Reta;Interseção de Vias;Rotatória";-10,844989;-38,530868
05/09/2025;13:40:00;MAQUINE;Condutor usando celular;Saída de leito carroçável;Com Vítimas Feridas;Pleno dia;Decrescente;Garoa/Chuvisco;Dupla;"Reta;Viaduto";-29,71949;-50,193512
05/09/2025;16:20:00;CARATINGA;Ultrapassagem Indevida;Colisão lateral mesmo sentido;Com Vítimas Feridas;Pleno dia;Decrescente;Céu Claro;Simples;"Reta;Interseção de Vias";-19,7667431;-42,13126302
05/09/2025;16:40:00;CAMPOS DOS GOYTACAZES;Conversão proibida;Colisão transversal;Com Vítimas Fatais;Pleno dia;Crescente;Céu Claro;Dupla;Reta;-21,721194;-41,3156077
05/09/2025;18:01:00;SAO JOSE DOS PINHAIS;Condutor usando celular;Saída de leito carroçável;Com Vítimas Feridas;Plena Noite;Crescente;Céu Claro;Simples;"Reta;Declive";-25,594711;-49,173534
05/09/2025;18:50:00;IGARASSU;Animais na Pista;Atropelamento de Animal;Com Vítimas Feridas;Plena Noite;Crescente;Céu Claro;Dupla;"Reta;Aclive";-7,81640076;-34,91787601
05/09/2025;14:00:00;IMBITUBA;Velocidade Incompatível;Saída de leito carroçável;Com Vítimas Feridas;Pleno dia;Crescente;Garoa/Chuvisco;Múltipla;Reta;-28,15453572;-48,69261861
05/09/2025;18:30:00;BARRA MANSA;Deficiência do Sistema de Iluminação/Sinalização;Colisão transversal;Com Vítimas Feridas;Plena Noite;Crescente;Céu Claro;Simples;"Reta;Interseção de Vias";-22,5430406;-44,11324024
05/09/2025;18:45:00;ACU;Animais na Pista;Atropelamento de Animal;Sem Vítimas;Plena Noite;Crescente;Céu Claro;Simples;Reta;-5,60547;-36,913767
05/09/2025;19:50:00;LONTRAS;Velocidade Incompatível;Saída de leito carroçável;Com Vítimas Feridas;Plena Noite;Decrescente;Chuva;Simples;Reta;-27,1339142;-49,5413026
05/09/2025;18:40:00;NOVA IGUACU;Animais na Pista;Atropelamento de Animal;Com Vítimas Feridas;Plena Noite;Decrescente;Nublado;Dupla;Reta;-22,68391506;-43,42311859
05/09/2025;19:30:00;GRAVATA;Acesso irregular;Colisão traseira;Com Vítimas Feridas;Plena Noite;Crescente;Céu Claro;Dupla;Reta;-8,19042199;-35,50849915
05/09/2025;19:20:00;CONCEICAO DA BARRA;Velocidade Incompatível;Saída de leito carroçável;Com Vítimas Feridas;Plena Noite;Crescente;Nublado;Simples;Reta;-18,618851;-39,882419
05/09/2025;18:30:00;PAULO AFONSO;Animais na Pista;Atropelamento de Animal;Com Vítimas Feridas;Plena Noite;Crescente;Nublado;Simples;Reta;-9,467;-38,204
05/09/2025;19:30:00;IRACEMA;Ultrapassagem Indevida;Colisão frontal;Com Vítimas Fatais;Plena Noite;Crescente;Céu Claro;Simples;Reta;2,199611;-61,0254
05/09/2025;18:30:00;JI-PARANA;Conversão proibida;Colisão lateral mesmo sentido;Com Vítimas Feridas;Plena Noite;Crescente;Céu Claro;Simples;"Interseção de Vias;Reta";-10,85823214;-61,9798404
05/09/2025;19:10:00;TIBAGI;Velocidade Incompatível;Saída de leito carroçável;Com Vítimas Feridas;Plena Noite;Crescente;Garoa/Chuvisco;Dupla;"Curva;Declive";-24,87732645;-50,44260979
05/09/2025;21:20:00;VOLTA REDONDA;Ultrapassagem Indevida;Colisão lateral mesmo sentido;Sem Vítimas;Plena Noite;Crescente;Céu Claro;Simples;"Interseção de Vias;Declive";-22,50614872;-44,07680361
05/09/2025;22:10:00;GUARATUBA;Velocidade Incompatível;Colisão traseira;Com Vítimas Feridas;Plena Noite;Crescente;Garoa/Chuvisco;Simples;Declive;-25,866744;-48,948029
05/09/2025;21:45:00;CASCAVEL;Conversão proibida;Saída de leito carroçável;Com Vítimas Fatais;Plena Noite;Crescente;Nevoeiro/Neblina;Simples;"Aclive;Reta";-24,9809342;-53,4814949
05/09/2025;18:10:00;PASSAGEM FRANCA DO PIAUI;Animais na Pista;Atropelamento de Animal;Com Vítimas Feridas;Anoitecer;Decrescente;Céu Claro;Simples;Curva;-5,860541;-42,43085
05/09/2025;23:15:00;GOVERNADOR VALADARES;Animais na Pista;Atropelamento de Animal;Com Vítimas Feridas;Plena Noite;Crescente;Céu Claro;Simples;Reta;-18,90278015;-41,94414851
05/09/2025;17:10:00;CRUZEIRO DO SUL;Retorno proibido;Colisão transversal;Com Vítimas Feridas;Anoitecer;Decrescente;Nublado;Simples;Reta;-7,644132;-72,664792
05/09/2025;20:00:00;TERRA NOVA DO NORTE;Acesso irregular;Colisão transversal;Sem Vítimas;Plena Noite;Crescente;Céu Claro;Simples;Reta;-10,5986016;-55,1010144
04/09/2025;06:35:00;MARQUES DE SOUZA;Retorno proibido;Colisão traseira;Com Vítimas Feridas;Pleno dia;Decrescente;Chuva;Dupla;Rotatória;-29,32575378;-52,09437311
04/09/2025;08:01:00;BELEM DE SAO FRANCISCO;Ultrapassagem Indevida;Colisão lateral mesmo sentido;Com Vítimas Feridas;Pleno dia;Decrescente;Céu Claro;Simples;"Reta;Declive";-8,670576;-38,98463
04/09/2025;08:41:00;MURIAE;Velocidade Incompatível;Tombamento;Com Vítimas Feridas;Pleno dia;Crescente;Sol;Simples;Curva;-21,00964692;-42,36138795
04/09/2025;12:40:00;LUZIANIA;Ultrapassagem Indevida;Colisão frontal;Com Vítimas Feridas;Pleno dia;Crescente;Céu Claro;Simples;"Reta;Declive";-16,52931;-47,80554
04/09/2025;12:30:00;SANTO ANTONIO DO LEVERGER;Velocidade Incompatível;Saída de leito carroçável;Com Vítimas Fatais;Pleno dia;Decrescente;Céu Claro;Dupla;"Curva;Declive";-15,831717;-55,439311
04/09/2025;16:30:00;CAMBUI;Velocidade Incompatível;Engavetamento;Com Vítimas Feridas;Pleno dia;Decrescente;Céu Claro;Dupla;"Declive;Reta";-22,64267491;-46,08349872
04/09/2025;13:35:00;PINHALZINHO;Acumulo de água sobre o pavimento;Colisão frontal;Com Vítimas Fatais;Pleno dia;Decrescente;Chuva;Simples;Rotatória;-26,8739677;-52,95510856
04/09/2025;15:46:00;RIO BRANCO;Ultrapassagem Indevida;Colisão lateral mesmo sentido;Sem Vítimas;Pleno dia;Crescente;Céu Claro;Dupla;Reta;-10,02643288;-67,83484831
04/09/2025;18:05:00;PEDRA PRETA;Acostamento em desnível;Tombamento;Com Vítimas Feridas;Plena Noite;Decrescente;Céu Claro;Simples;"Reta;Declive";-16,83027659;-54,02305871
04/09/2025;20:30:00;BARRA DO GARCAS;Acostamento em desnível;Saída de leito carroçável;Sem Vítimas;Plena Noite;Decrescente;Céu Claro;Simples;"Reta;Aclive";-15,70695242;-52,71855175
04/09/2025;22:15:00;PIRAI;Condutor usando celular;Colisão lateral mesmo sentido;Com Vítimas Feridas;Plena Noite;Crescente;Céu Claro;Dupla;Reta;-22,65772809;-43,89010614
04/09/2025;02:05:00;ROSARIO DO SUL;Animais na Pista;Atropelamento de Animal;Com Vítimas Fatais;Plena Noite;Crescente;Chuva;Simples;Reta;-30,16122522;-55,14138669
04/09/2025;06:00:00;APUCARANA;Animais na Pista;Atropelamento de Animal;Com Vítimas Feridas;Amanhecer;Crescente;Céu Claro;Dupla;Reta;-23,582873;-51,451999
04/09/2025;05:50:00;FRANCISCO SA;Pista Escorregadia;Queda de ocupante de veículo;Com Vítimas Feridas;Amanhecer;Crescente;Céu Claro;Simples;Curva;-16,63553397;-43,69743347
04/09/2025;06:45:00;TIANGUA;Ultrapassagem Indevida;Colisão lateral sentido oposto;Com Vítimas Feridas;Pleno dia;Decrescente;Céu Claro;Simples;Curva;-3,694;-40,981
04/09/2025;01:55:00;JARU;Acostamento em desnível;Tombamento;Com Vítimas Feridas;Plena Noite;Decrescente;Nublado;Simples;"Retorno Regulamentado;Reta";-10,4095758;-62,51527352
04/09/2025;07:05:00;ARROIO DOS RATOS;Pista Escorregadia;Saída de leito carroçável;Com Vítimas Feridas;Amanhecer;Decrescente;Chuva;Simples;"Declive;Curva";-30,108088;-51,750483
04/09/2025;07:30:00;VILHENA;Acesso irregular;Colisão transversal;Com Vítimas Feridas;Pleno dia;Crescente;Céu Claro;Dupla;"Reta;Rotatória";-12,74289097;-60,12343168
04/09/2025;08:59:00;PORTO ALEGRE;Chuva;Capotamento;Com Vítimas Feridas;Pleno dia;Decrescente;Chuva;Dupla;Curva;-29,99788807;-51,20769851
04/09/2025;12:20:00;CASIMIRO DE ABREU;Conversão proibida;Colisão lateral mesmo sentido;Com Vítimas Feridas;Pleno dia;Decrescente;Céu Claro;Simples;Reta;-22,47609597;-42,19780358
04/09/2025;08:30:00;CARAZINHO;Chuva;Saída de leito carroçável;Com Vítimas Feridas;Pleno dia;Crescente;Chuva;Simples;Reta;-28,32694524;-52,83798136
04/09/2025;14:25:00;CARAZINHO;Velocidade Incompatível;Saída de leito carroçável;Com Vítimas Fatais;Pleno dia;Decrescente;Chuva;Simples;Reta;-28,2046;-52,827815
04/09/2025;10:00:00;SAO JOSE DA LAJE;Chuva;Colisão com objeto;Com Vítimas Feridas;Pleno dia;Crescente;Chuva;Simples;Curva;-8,937767;-36,020091