data_inversa;horario;municipio;causa_acidente;tipo_acidente;classificacao_acidente;fase_dia;sentido_via;condicao_metereologica;tipo_pista;tracado_via;latitude;longitude
18/08/2025;10:10:00;SEROPEDICA;Conversão proibida;Colisão transversal;Com Vítimas Feridas;Pleno dia;Crescente;Nublado;Simples;Reta;-22,728916;-43,717551
18/08/2025;08:40:00;GUAPIMIRIM;Ultrapassagem Indevida;Colisão lateral mesmo sentido;Com Vítimas Feridas;Pleno dia;Decrescente;Nublado;Dupla;Reta;-22,57161539;-43,00658226
18/08/2025;12:00:00;PALMEIRA DOS INDIOS;Acesso irregular;Tombamento;Com Vítimas Feridas;Pleno dia;Decrescente;Céu Claro;Simples;"Interseção de Vias;Reta";-9,41184508;-36,68110594
18/08/2025;13:20:00;BRASILIA;Velocidade Incompatível;Colisão com objeto;Com Vítimas Feridas;Pleno dia;Crescente;Céu Claro;Dupla;"Curva;Declive";-15,581543;-47,505767
18/08/2025;09:15:00;BARRA DO TURVO;Chuva;Colisão com objeto;Sem Vítimas;Pleno dia;Crescente;Garoa/Chuvisco;Simples;Curva;-25,0358856;-48,5451559
18/08/2025;19:45:00;ATIBAIA;Iluminação deficiente;Atropelamento de Pedestre;Com Vítimas Feridas;Plena Noite;Crescente;Chuva;Múltipla;Reta;-23,10342067;-46,56853364
18/08/2025;18:20:00;RESENDE;Retorno proibido;Colisão transversal;Com Vítimas Feridas;Anoitecer;Crescente;Céu Claro;Dupla;Reta;-22,45970006;-44,45812941
18/08/2025;17:00:00;VILHENA;Ultrapassagem Indevida;Saída de leito carroçável;Com Vítimas Feridas;Pleno dia;Crescente;Céu Claro;Simples;Reta;-12,72440985;-60,23117065
18/08/2025;20:00:00;PALHOCA;Animais na Pista;Atropelamento de Animal;Com Vítimas Feridas;Plena Noite;Crescente;Céu Claro;Dupla;"Ponte;Reta";-27,7007949;-48,66020705
18/08/2025;20:30:00;LONDRINA;Velocidade Incompatível;Queda de ocupante de veículo;Com Vítimas Feridas;Plena Noite;Crescente;Céu Claro;Dupla;"Aclive;Reta";-23,29123897;-51,21783257
18/08/2025;19:50:00;CANINDE;Velocidade Incompatível;Colisão com objeto;Com Vítimas Feridas;Plena Noite;Decrescente;Céu Claro;Simples;"Aclive;Reta";-4,30935;-39,26468
18/08/2025;18:50:00;VERANOPOLIS;Conversão proibida;Colisão transversal;Sem Vítimas;Plena Noite;Decrescente;Céu Claro;Simples;"Reta;Declive";-28,93031223;-51,54230325
18/08/2025;17:40:00;TEOFILANDIA;Velocidade Incompatível;Colisão transversal;Com Vítimas Feridas;Anoitecer;Decrescente;Céu Claro;Simples;Reta;-11,47908625;-38,99496692
18/08/2025;21:30:00;ANASTACIO;Animais na Pista;Atropelamento de Animal;Sem Vítimas;Plena Noite;Decrescente;Céu Claro;Simples;Reta;-20,5561;-55,837917
18/08/2025;05:20:00;VASSOURAS;Animais na Pista;Atropelamento de Animal;Com Vítimas Feridas;Amanhecer;Crescente;Céu Claro;Simples;Reta;-22,37500311;-43,62566471
17/08/2025;08:30:00;LUZ;Demais Fenômenos da natureza;Incêndio;Sem Vítimas;Pleno dia;Crescente;Sol;Simples;Reta;-19,78069;-45,732818
17/08/2025;15:45:00;CAPANEMA;Velocidade Incompatível;Colisão lateral sentido oposto;Com Vítimas Feridas;Pleno dia;Crescente;Céu Claro;Simples;Reta;-25,61948;-53,796987
17/08/2025;16:40:00;PARANAIBA;Velocidade Incompatível;Tombamento;Com Vítimas Feridas;Pleno dia;Crescente;Céu Claro;Dupla;Rotatória;-19,69570631;-51,18017569
17/08/2025;18:28:00;ARACRUZ;Ultrapassagem Indevida;Colisão lateral sentido oposto;Com Vítimas Feridas;Plena Noite;Crescente;Céu Claro;Simples;"Reta;Declive";-19,62624494;-40,22249353
17/08/2025;15:09:00;ITAPECURU MIRIM;Ultrapassagem Indevida;Colisão frontal;Com Vítimas Fatais;Pleno dia;Crescente;Céu Claro;Simples;Curva;-3,445943;-44,32681
17/08/2025;15:30:00;LEOPOLDINA;Velocidade Incompatível;Tombamento;Com Vítimas Feridas;Pleno dia;Decrescente;Céu Claro;Simples;Curva;-21,627038;-42,69996898
17/08/2025;20:00:00;CAUCAIA;Ultrapassagem Indevida;Colisão frontal;Sem Vítimas;Plena Noite;Decrescente;Céu Claro;Simples;Reta;-3,689728;-38,896034
17/08/2025;13:45:00;GOVERNADOR VALADARES;Ultrapassagem Indevida;Colisão lateral mesmo sentido;Com Vítimas Feridas;Pleno dia;Decrescente;Céu Claro;Simples;"Aclive;Reta";-18,776854;-41,987158
17/08/2025;12:50:00;RIACHAO DO JACUIPE;Ultrapassagem Indevida;Saída de leito carroçável;Com Vítimas Feridas;Pleno dia;Decrescente;Garoa/Chuvisco;Simples;Reta;-11,82068;-39,37097
17/08/2025;03:00:00;ANTONIO DIAS;Velocidade Incompatível;Colisão com objeto;Com Vítimas Feridas;Plena Noite;Crescente;Céu Claro;Simples;Curva;-19,53867969;-42,68126249
17/08/2025;04:15:00;CAMPO GRANDE;Velocidade Incompatível;Tombamento;Com Vítimas Feridas;Plena Noite;Decrescente;Céu Claro;Simples;"Rotatória;Reta";-20,51323337;-54,56184983
17/08/2025;04:40:00;DOMINGOS MARTINS;Neblina;Colisão lateral sentido oposto;Sem Vítimas;Amanhecer;Decrescente;Nevoeiro/Neblina;Simples;Curva;-20,381092;-40,604513
17/08/2025;05:48:00;NOVA VICOSA;Ultrapassagem Indevida;Colisão frontal;Com Vítimas Feridas;Plena Noite;Decrescente;Nublado;Simples;Reta;-17,97077411;-39,8587516
17/08/2025;03:40:00;SAO SEBASTIAO DE LAGOA DE  ROCA;Animais na Pista;Atropelamento de Animal;Com Vítimas Fatais;Plena Noite;Decrescente;Chuva;Simples;Reta;-7,066083;-35,855223
17/08/2025;08:00:00;DUQUE DE CAXIAS;Animais na Pista;Atropelamento de Animal;Com Vítimas Feridas;Pleno dia;Decrescente;Céu Claro;Múltipla;Reta;-22,777413;-43,285637
17/08/2025;07:50:00;ANAPOLIS;Velocidade Incompatível;Colisão com objeto;Sem Vítimas;Pleno dia;Crescente;Sol;Simples;"Interseção de Vias;Rotatória;Reta";-16,28494;-48,943277
17/08/2025;04:50:00;POUSO ALEGRE;Velocidade Incompatível;Colisão com objeto;Com Vítimas Feridas;Plena Noite;Decrescente;Céu Claro;Simples;"Curva;Aclive";-22,18461045;-45,98829243
17/08/2025;09:15:00;IBIRACU;Conversão proibida;Colisão lateral mesmo sentido;Com Vítimas Feridas;Pleno dia;Crescente;Céu Claro;Simples;"Retorno Regulamentado;Curva";-19,83033722;-40,37946431
17/08/2025;09:33:00;SAO LUIS;Retorno proibido;Colisão transversal;Com Vítimas Feridas;Pleno dia;Decrescente;Céu Claro;Dupla;Reta;-2,646498;-44,276207
17/08/2025;12:15:00;SENADOR JOSE BENTO;Velocidade Incompatível;Tombamento;Com Vítimas Feridas;Pleno dia;Crescente;Céu Claro;Simples;"Curva;Aclive";-22,130075;-46,146306
17/08/2025;10:50:00;MAFRA;Ultrapassagem Indevida;Colisão frontal;Com Vítimas Feridas;Pleno dia;Decrescente;Céu Claro;Simples;"Curva;Aclive";-26,21253;-49,72458
17/08/2025;13:35:00;ALTO GARCAS;Retorno proibido;Colisão transversal;Com Vítimas Feridas;Pleno dia;Decrescente;Céu Claro;Simples;"Curva;Declive";-17,02524119;-53,4886104
17/08/2025;12:50:00;CONSELHEIRO LAFAIETE;Condutor usando celular;Colisão frontal;Com Vítimas Feridas;Pleno dia;Crescente;Sol;Simples;Curva;-20,65371311;-43,80879477
17/08/2025;16:50:00;LAGUNA;Retorno proibido;Colisão transversal;Com Vítimas Feridas;Pleno dia;Decrescente;Céu Claro;Simples;Curva;-28,42885848;-48,8430446
17/08/2025;16:20:00;PETROPOLIS;Conversão proibida;Colisão transversal;Com Vítimas Feridas;Pleno dia;Decrescente;Céu Claro;Simples;Reta;-22,28224;-43,1161344
17/08/2025;17:30:00;CAREACU;Velocidade Incompatível;Colisão com objeto;Com Vítimas Feridas;Anoitecer;Crescente;Céu Claro;Dupla;"Reta;Retorno Regulamentado";-21,989434;-45,665143
17/08/2025;11:30:00;PETROPOLIS;Velocidade Incompatível;Tombamento;Com Vítimas Feridas;Pleno dia;Crescente;Céu Claro;Dupla;"Curva;Aclive";-22,468248;-43,23241
17/08/2025;18:45:00;MARECHAL DEODORO;Velocidade Incompatível;Saída de leito carroçável;Com Vítimas Fatais;Plena Noite;Crescente;Céu Claro;Simples;Reta;-9,675507;-35,83644614
17/08/2025;20:00:00;PARAISO DAS AGUAS;Falta de acostamento;Tombamento;Com Vítimas Feridas;Plena Noite;Crescente;Céu Claro;Simples;Reta;-19,268817;-53,245562
17/08/2025;21:20:00;LINS;Pista esburacada;Queda de ocupante de veículo;Com Vítimas Feridas;Plena Noite;Decrescente;Céu Claro;Simples;Reta;-21,7344122;-49,84185666
17/08/2025;19:30:00;SAO FRANCISCO DO SUL;Animais na Pista;Atropelamento de Animal;Com Vítimas Feridas;Plena Noite;Crescente;Nublado;Simples;Reta;-26,2679;-48,636602
17/08/2025;19:00:00;TROMBUDO CENTRAL;Velocidade Incompatível;Saída de leito carroçável;Com Vítimas Feridas;Plena Noite;Decrescente;Garoa/Chuvisco;Simples;Reta;-27,28440453;-49,81089007
17/08/2025;23:05:00;NOVA IGUACU;Sinalização mal posicionada;Colisão traseira;Com Vítimas Feridas;Plena Noite;Decrescente;Céu Claro;Múltipla;Reta;-22,75131508;-43,444013
17/08/2025;22:35:00;SAO JOSE DOS PINHAIS;Velocidade Incompatível;Colisão traseira;Com Vítimas Feridas;Plena Noite;Decrescente;Céu Claro;Dupla;Reta;-25,484127;-49,189518
17/08/2025;20:37:00;CAUCAIA;Acesso irregular;Colisão frontal;Com Vítimas Feridas;Plena Noite;Crescente;Céu Claro;Simples;Reta;-3,961083;-38,881048
17/08/2025;21:40:00;TRES MARIAS;Velocidade Incompatível;Colisão traseira;Com Vítimas Feridas;Plena Noite;Crescente;Céu Claro;Simples;Reta;-18,19284001;-45,24432275
17/08/2025;15:30:00;BONFIM;Chuva;Colisão frontal;Com Vítimas Fatais;Pleno dia;Crescente;Chuva;Simples;Curva;3,111772;-60,330256
17/08/2025;17:20:00;MATHIAS LOBATO;Ultrapassagem Indevida;Colisão frontal;Com Vítimas Fatais;Amanhecer;Decrescente;Céu Claro;Simples;Reta;-18,59321265;-41,92485809
17/08/2025;15:00:00;SAO SEBASTIAO DO PASSE;Acumulo de água sobre o pavimento;Saída de leito carroçável;Com Vítimas Feridas;Pleno dia;Crescente;Chuva;Dupla;Reta;-12,59879473;-38,51085663
17/08/2025;03:20:00;NOVA IGUACU;Ausência de sinalização;Capotamento;Com Vítimas Feridas;Plena Noite;Decrescente;Céu Claro;Múltipla;"Reta;Em Obras";-22,74657884;-43,44607528
16/08/2025;01:07:00;FEIRA DE SANTANA;Conversão proibida;Colisão transversal;Com Vítimas Feridas;Plena Noite;Decrescente;Céu Claro;Simples;Interseção de Vias;-12,23206;-38,9522
16/08/2025;04:00:00;NOVA NAZARE;Acostamento em desnível;Saída de leito carroçável;Sem Vítimas;Amanhecer;Crescente;Céu Claro;Simples;Reta;-14,5225683;-52,3017283
16/08/2025;00:50:00;NOVA ITARANA;Ultrapassagem Indevida;Colisão lateral mesmo sentido;Sem Vítimas;Plena Noite;Decrescente;Nublado;Simples;Curva;-13,1209;-39,99181
16/08/2025;12:00:00;ITAITUBA;Curva acentuada;Saída de leito carroçável;Com Vítimas Feridas;Pleno dia;Decrescente;Céu Claro;Simples;Curva;-4,5305;-55,8886
16/08/2025;06:35:00;MARAU;Ultrapassagem Indevida;Saída de leito carroçável;Sem Vítimas;Pleno dia;Decrescente;Garoa/Chuvisco;Simples;"Curva;Declive";-14,16602336;-39,32918619
16/08/2025;16:40:00;MORRINHOS;Velocidade Incompatível;Saída de leito carroçável;Com Vítimas Feridas;Pleno dia;Crescente;Céu Claro;Dupla;"Declive;Curva";-17,582122;-49,19624
16/08/2025;14:40:00;EUNAPOLIS;Retorno proibido;Colisão traseira;Com Vítimas Feridas;Pleno dia;Decrescente;Céu Claro;Simples;Reta;-16,35451;-39,58013
16/08/2025;17:00:00;IBIRAPITANGA;Curva acentuada;Colisão transversal;Com Vítimas Feridas;Pleno dia;Decrescente;Chuva;Simples;Curva;-13,99478852;-39,4530201
16/08/2025;18:15:00;MANHUACU;Velocidade Incompatível;Tombamento;Com Vítimas Feridas;Anoitecer;Crescente;Céu Claro;Simples;Curva;-20,261654;-42,165482
16/08/2025;20:40:00;BRUMADINHO;Velocidade Incompatível;Saída de leito carroçável;Com Vítimas Feridas;Plena Noite;Decrescente;Céu Claro;Dupla;"Curva;Declive";-20,161618;-44,342204
16/08/2025;21:00:00;CAICO;Velocidade Incompatível;Tombamento;Com Vítimas Feridas;Plena Noite;Crescente;Céu Claro;Dupla;"Rotatória;Interseção de Vias";-6,4290707;-37,0836605
16/08/2025;07:40:00;ITATIM;Pista Escorregadia;Colisão frontal;Com Vítimas Feridas;Pleno dia;Decrescente;Chuva;Simples;Reta;-12,83760864;-39,83457857
16/08/2025;00:50:00;ARAQUARI;Acumulo de areia ou detritos sobre o pavimento;Queda de ocupante de veículo;Com Vítimas Feridas;Plena Noite;Crescente;Nublado;Dupla;"Interseção de Vias;Viaduto";-26,45565695;-48,76454473
16/08/2025;03:45:00;BIGUACU;Velocidade Incompatível;Tombamento;Com Vítimas Feridas;Plena Noite;Crescente;Chuva;Dupla;Curva;-27,47746063;-48,6415185
16/08/2025;01:22:00;CONTAGEM;Velocidade Incompatível;Saída de leito carroçável;Com Vítimas Feridas;Plena Noite;Crescente;Céu Claro;Múltipla;"Aclive;Curva;Interseção de Vias";-19,912258;-44,041565
16/08/2025;05:15:00;BETIM;Animais na Pista;Atropelamento de Animal;Com Vítimas Feridas;Amanhecer;Crescente;Céu Claro;Dupla;Reta;-20,030545;-44,236478
16/08/2025;07:00:00;PATOS;Acumulo de água sobre o pavimento;Tombamento;Com Vítimas Feridas;Pleno dia;Decrescente;Nublado;Dupla;Rotatória;-7,01837;-37,259103
16/08/2025;06:20:00;BIGUACU;Acumulo de água sobre o pavimento;Colisão com objeto;Sem Vítimas;Amanhecer;Crescente;Chuva;Dupla;Curva;-27,34005472;-48,6272049
16/08/2025;07:00:00;BAIA FORMOSA;Velocidade Incompatível;Saída de leito carroçável;Com Vítimas Feridas;Pleno dia;Decrescente;Nublado;Dupla;Reta;-6,44622477;-35,10995434
16/08/2025;07:45:00;CAJATI;Pista Escorregadia;Capotamento;Com Vítimas Feridas;Pleno dia;Decrescente;Garoa/Chuvisco;Dupla;"Curva;Aclive";-24,85978394;-48,2111346
16/08/2025;06:20:00;BARRACAO;Velocidade Incompatível;Saída de leito carroçável;Com Vítimas Feridas;Amanhecer;Decrescente;Céu Claro;Simples;"Curva;Aclive";-26,218397;-53,637799
16/08/2025;09:30:00;JOINVILLE;Velocidade Incompatível;Colisão com objeto;Sem Vítimas;Pleno dia;Crescente;Nublado;Dupla;Curva;-26,41562468;-48,83560181
16/08/2025;08:33:00;IBIRAMA;Chuva;Saída de leito carroçável;Com Vítimas Feridas;Pleno dia;Decrescente;Chuva;Dupla;Curva;-27,0827171;-49,5205079
16/08/2025;07:34:00;SENADOR GUIOMARD;Pista esburacada;Saída de leito carroçável;Com Vítimas Feridas;Pleno dia;Decrescente;Céu Claro;Simples;"Aclive;Reta";-10,095573;-67,427584
16/08/2025;11:20:00;ITAPISSUMA;Acumulo de água sobre o pavimento;Colisão traseira;Sem Vítimas;Pleno dia;Crescente;Nublado;Dupla;Reta;-7,7299712;-34,9405184
16/08/2025;09:30:00;PETROPOLIS;Curva acentuada;Tombamento;Com Vítimas Feridas;Pleno dia;Decrescente;Céu Claro;Dupla;"Aclive;Curva";-22,55559482;-43,23301435
16/08/2025;11:15:00;PALHOCA;Pista Escorregadia;Tombamento;Com Vítimas Feridas;Pleno dia;Crescente;Garoa/Chuvisco;Simples;Reta;-27,65815833;-48,6784029
16/08/2025;12:00:00;CORREGO DANTA;Velocidade Incompatível;Saída de leito carroçável;Com Vítimas Feridas;Pleno dia;Crescente;Céu Claro;Simples;Curva;-19,67021592;-46,10613763
16/08/2025;08:30:00;AGRONOMICA;Velocidade Incompatível;Colisão frontal;Com Vítimas Feridas;Pleno dia;Decrescente;Nublado;Simples;Reta;-27,27481389;-49,74741189
16/08/2025;13:00:00;NOVA LIMA;Velocidade Incompatível;Tombamento;Com Vítimas Feridas;Pleno dia;Decrescente;Céu Claro;Dupla;Curva;-20,0267;-43,9693
16/08/2025;09:40:00;MATELANDIA;Ultrapassagem Indevida;Saída de leito carroçável;Sem Vítimas;Pleno dia;Crescente;Céu Claro;Simples;Declive;-25,217;-53,952
16/08/2025;15:00:00;CONGONHAS;Velocidade Incompatível;Colisão transversal;Com Vítimas Feridas;Pleno dia;Decrescente;Céu Claro;Simples;"Curva;Declive";-20,45392002;-43,8390424
16/08/2025;14:50:00;NOVA GRANADA;Pista esburacada;Tombamento;Com Vítimas Feridas;Pleno dia;Decrescente;Céu Claro;Simples;Reta;-20,493512;-49,312643
16/08/2025;16:00:00;SAO PAULO;Acumulo de água sobre o pavimento;Queda de ocupante de veículo;Com Vítimas Feridas;Pleno dia;Crescente;Céu Claro;Dupla;"Curva;Declive";-23,398395;-46,576478
16/08/2025;17:50:00;RANCHO QUEIMADO;Conversão proibida;Colisão lateral mesmo sentido;Com Vítimas Feridas;Anoitecer;Crescente;Chuva;Simples;"Aclive;Curva;Interseção de Vias";-27,6802;-49,0062
16/08/2025;17:20:00;BRASILIA;Velocidade Incompatível;Engavetamento;Com Vítimas Feridas;Anoitecer;Crescente;Céu Claro;Dupla;Reta;-15,79123946;-48,10501009
16/08/2025;18:00:00;RIO BONITO;Acesso irregular;Colisão lateral mesmo sentido;Com Vítimas Feridas;Plena Noite;Crescente;Nublado;Dupla;Reta;-22,696091;-42,56808
16/08/2025;18:45:00;ITABAIANA;Animais na Pista;Atropelamento de Animal;Com Vítimas Feridas;Plena Noite;Decrescente;Nublado;Simples;Interseção de Vias;-10,75646531;-37,39389595
16/08/2025;17:20:00;NOVA ERECHIM;Velocidade Incompatível;Tombamento;Com Vítimas Feridas;Pleno dia;Decrescente;Céu Claro;Simples;Retorno Regulamentado;-26,9030378;-52,8691278
16/08/2025;14:25:00;IRACEMINHA;Demais falhas na via;Tombamento;Com Vítimas Feridas;Pleno dia;Decrescente;Sol;Simples;Declive;-26,82039416;-53,37726831
16/08/2025;18:00:00;ITAPEVA;Velocidade Incompatível;Saída de leito carroçável;Sem Vítimas;Anoitecer;Decrescente;Céu Claro;Dupla;"Aclive;Reta";-22,76893079;-46,21097124
16/08/2025;11:35:00;ITATIM;Acumulo de areia ou detritos sobre o pavimento;Colisão com objeto;Sem Vítimas;Pleno dia;Decrescente;Nublado;Simples;Reta;-12,85463224;-39,84663879
16/08/2025;22:20:00;ONDA VERDE;Pista esburacada;Queda de ocupante de veículo;Com Vítimas Feridas;Plena Noite;Decrescente;Céu Claro;Simples;Reta;-20,604655;-49,322662
16/08/2025;19:20:00;FEIRA DE SANTANA;Demais falhas na via;Capotamento;Com Vítimas Feridas;Plena Noite;Decrescente;Nublado;Simples;Curva;-12,3381681;-38,850021
16/08/2025;23:00:00;IGARATINGA;Velocidade Incompatível;Capotamento;Com Vítimas Feridas;Plena Noite;Crescente;Céu Claro;Dupla;Reta;-19,88510851;-44,72756624
16/08/2025;21:00:00;ITAPECURU MIRIM;Ultrapassagem Indevida;Colisão frontal;Com Vítimas Feridas;Plena Noite;Decrescente;Céu Claro;Simples;Reta;-3,3791;-44,376693
16/08/2025;06:50:00;JUIZ DE FORA;Pista Escorregadia;Tombamento;Com Vítimas Feridas;Pleno dia;Crescente;Nublado;Dupla;Curva;-21,73016262;-43,43706518
16/08/2025;19:00:00;FEIRA DE SANTANA;Demais falhas na via;Saída de leito carroçável;Com Vítimas Feridas;Plena Noite;Decrescente;Ignorado;Dupla;"Declive;Curva";-12,33700426;-38,84982347
16/08/2025;11:45:00;BLUMENAU;Ultrapassagem Indevida;Colisão lateral mesmo sentido;Com Vítimas Feridas;Pleno dia;Crescente;Nublado;Dupla;Desvio Temporário;-26,88401398;-49,15006248
15/08/2025;09:20:00;BARRA DO TURVO;Velocidade Incompatível;Engavetamento;Com Vítimas Feridas;Pleno dia;Crescente;Garoa/Chuvisco;Simples;Declive;-25,05;-48,554
15/08/2025;15:55:00;VIANA;Velocidade Incompatível;Saída de leito carroçável;Com Vítimas Fatais;Pleno dia;Decrescente;Céu Claro;Múltipla;"Aclive;Viaduto;Curva";-20,35825198;-40,42111443
15/08/2025;15:40:00;VILHENA;Ultrapassagem Indevida;Colisão lateral sentido oposto;Com Vítimas Fatais;Pleno dia;Decrescente;Sol;Simples;Curva;-12,465109;-60,499462
15/08/2025;16:00:00;OLHO DAGUA GRANDE;Velocidade Incompatível;Tombamento;Com Vítimas Feridas;Pleno dia;Crescente;Céu Claro;Dupla;Curva;-10,117325;-36,769232
15/08/2025;19:05:00;MURIAE;Ultrapassagem Indevida;Tombamento;Sem Vítimas;Plena Noite;Decrescente;Nublado;Simples;Reta;-21,12552766;-42,38242149
15/08/2025;23:25:00;DIVINO;Velocidade Incompatível;Tombamento;Com Vítimas Feridas;Plena Noite;Decrescente;Nublado;Simples;"Curva;Declive";-20,641;-42,24423
15/08/2025;23:10:00;HERVAL DOESTE;Velocidade Incompatível;Colisão traseira;Com Vítimas Feridas;Plena Noite;Crescente;Céu Claro;Simples;"Reta;Declive";-27,20052;-51,502093
15/08/2025;08:30:00;COMODORO;Ultrapassagem Indevida;Colisão lateral mesmo sentido;Com Vítimas Feridas;Pleno dia;Crescente;Céu Claro;Simples;Reta;-14,02922348;-59,74236488
15/08/2025;21:13:00;ALIANCA DO TOCANTINS;Deficiência do Sistema de Iluminação/Sinalização;Colisão traseira;Com Vítimas Feridas;Plena Noite;Decrescente;Céu Claro;Simples;Reta;-11,3440168;-48,9541626
15/08/2025;00:40:00;INDAIAL;Animais na Pista;Atropelamento de Animal;Com Vítimas Feridas;Plena Noite;Crescente;Céu Claro;Múltipla;"Declive;Em Obras;Reta";-26,87103725;-49,22877995
15/08/2025;04:42:00;MACAIBA;Chuva;Tombamento;Com Vítimas Feridas;Amanhecer;Decrescente;Chuva;Dupla;"Em Obras;Reta";-5,868263;-35,375225
15/08/2025;05:40:00;URAI;Velocidade Incompatível;Colisão traseira;Com Vítimas Fatais;Plena Noite;Decrescente;Céu Claro;Dupla;Declive;-23,24781;-50,733265
15/08/2025;06:32:00;SERRA;Acesso irregular;Colisão transversal;Com Vítimas Feridas;Amanhecer;Decrescente;Céu Claro;Simples;Reta;-20,11813;-40,313117
15/08/2025;07:15:00;PEDRAS DE FOGO;Acumulo de água sobre o pavimento;Saída de leito carroçável;Com Vítimas Feridas;Pleno dia;Crescente;Chuva;Dupla;"Reta;Declive";-7,38274918;-34,95714247
15/08/2025;07:50:00;CRUZ ALTA;Ultrapassagem Indevida;Colisão lateral mesmo sentido;Com Vítimas Feridas;Pleno dia;Decrescente;Céu Claro;Simples;Reta;-28,71922913;-53,59893546
15/08/2025;07:00:00;COMODORO;Velocidade Incompatível;Queda de ocupante de veículo;Com Vítimas Feridas;Pleno dia;Crescente;Céu Claro;Simples;Rotatória;-12,8330199;-60,074607
15/08/2025;08:19:00;RECIFE;Velocidade Incompatível;Atropelamento de Pedestre;Com Vítimas Feridas;Pleno dia;Decrescente;Chuva;Dupla;Reta;-8,079868;-34,943017
15/08/2025;08:10:00;CAMPINA GRANDE DO SUL;Chuva;Capotamento;Com Vítimas Feridas;Pleno dia;Crescente;Chuva;Dupla;Curva;-25,0604;-48,562973
15/08/2025;10:10:00;CARAVELAS;Demais falhas na via;Queda de ocupante de veículo;Com Vítimas Feridas;Pleno dia;Crescente;Céu Claro;Simples;Reta;-17,725878;-39,767004
15/08/2025;09:30:00;SANTA RITA;Chuva;Saída de leito carroçável;Com Vítimas Feridas;Pleno dia;Decrescente;Chuva;Dupla;Reta;-7,162767;-35,023923
15/08/2025;09:15:00;IMPERATRIZ;Pista Escorregadia;Tombamento;Com Vítimas Feridas;Pleno dia;Decrescente;Céu Claro;Simples;Reta;-5,50996;-47,471767
15/08/2025;10:20:00;SAO GONCALO DO AMARANTE;Conversão proibida;Colisão transversal;Sem Vítimas;Pleno dia;Crescente;Nublado;Simples;"Aclive;Reta";-5,732115;-35,357985
15/08/2025;10:50:00;JUAZEIRO;Ultrapassagem Indevida;Colisão lateral mesmo sentido;Com Vítimas Feridas;Pleno dia;Decrescente;Céu Claro;Simples;Reta;-9,43701;-40,4990505
15/08/2025;09:30:00;ANTONINA;Chuva;Colisão com objeto;Com Vítimas Feridas;Pleno dia;Decrescente;Chuva;Dupla;Curva;-25,1104764;-48,75592011
15/08/2025;12:31:00;SAO CAITANO;Pista esburacada;Queda de ocupante de veículo;Com Vítimas Feridas;Pleno dia;Decrescente;Céu Claro;Dupla;Reta;-8,328755;-36,1209
15/08/2025;12:00:00;NOVA LIMA;Acumulo de areia ou detritos sobre o pavimento;Queda de ocupante de veículo;Com Vítimas Feridas;Pleno dia;Crescente;Céu Claro;Dupla;"Reta;Aclive";-20,174202;-43,965972
15/08/2025;09:00:00;BARRA DO TURVO;Chuva;Colisão com objeto;Com Vítimas Feridas;Pleno dia;Crescente;Garoa/Chuvisco;Múltipla;"Curva;Declive";-24,95470506;-48,45560002
15/08/2025;16:00:00;ARES;Pista esburacada;Saída de leito carroçável;Com Vítimas Feridas;Pleno dia;Crescente;Chuva;Dupla;Reta;-6,21779;-35,215785
15/08/2025;16:00:00;NOSSA SENHORA DO SOCORRO;Pista Escorregadia;Queda de ocupante de veículo;Com Vítimas Feridas;Pleno dia;Decrescente;Céu Claro;Dupla;Viaduto;-10,9050609;-37,1230549
15/08/2025;18:32:00;JOAO PESSOA;Pista Escorregadia;Tombamento;Com Vítimas Feridas;Plena Noite;Crescente;Chuva;Dupla;"Aclive;Interseção de Vias;Viaduto";-7,1371169;-34,8520136
15/08/2025;16:25:00;DUQUE DE CAXIAS;Curva acentuada;Queda de ocupante de veículo;Com Vítimas Feridas;Pleno dia;Crescente;Nublado;Simples;Curva;-22,71810167;-43,29091787
15/08/2025;18:00:00;CUIABA;Acesso irregular;Colisão lateral sentido oposto;Com Vítimas Feridas;Plena Noite;Decrescente;Céu Claro;Simples;Reta;-15,66084185;-56,0046444
15/08/2025;19:10:00;JACAREI;Pista Escorregadia;Queda de ocupante de veículo;Com Vítimas Feridas;Plena Noite;Decrescente;Nublado;Dupla;Curva;-23,27478955;-45,97377062
15/08/2025;19:20:00;NATAL;Velocidade Incompatível;Colisão traseira;Com Vítimas Feridas;Plena Noite;Crescente;Nublado;Dupla;Reta;-5,765972;-35,279367
15/08/2025;18:22:00;CAETES;Ultrapassagem Indevida;Colisão frontal;Com Vítimas Feridas;Plena Noite;Decrescente;Nublado;Simples;Reta;-8,766662;-36,638602
15/08/2025;18:30:00;COCAL DE TELHA;Ultrapassagem Indevida;Colisão frontal;Com Vítimas Feridas;Anoitecer;Crescente;Nublado;Simples;Reta;-4,585717;-41,981923
15/08/2025;19:00:00;RIBAS DO RIO PARDO;Animais na Pista;Atropelamento de Animal;Sem Vítimas;Plena Noite;Decrescente;Céu Claro;Simples;Reta;-20,417;-53,146
15/08/2025;23:20:00;CONDE;Chuva;Saída de leito carroçável;Com Vítimas Feridas;Plena Noite;Decrescente;Chuva;Dupla;Reta;-7,218375;-34,912872
15/08/2025;23:40:00;JANDAIA DO SUL;Ultrapassagem Indevida;Colisão frontal;Com Vítimas Feridas;Plena Noite;Crescente;Céu Claro;Simples;Curva;-23,655346;-51,683923
15/08/2025;23:50:00;OEIRAS;Conversão proibida;Colisão transversal;Com Vítimas Feridas;Plena Noite;Decrescente;Céu Claro;Simples;Curva;-7,00941914;-42,12726831