data_inversa;horario;municipio;causa_acidente;tipo_acidente;classificacao_acidente;fase_dia;sentido_via;condicao_metereologica;tipo_pista;tracado_via;latitude;longitude
15/08/2025;18:50:00;BRASILIA;Ultrapassagem Indevida;Colisão frontal;Com Vítimas Feridas;Plena Noite;Crescente;Céu Claro;Simples;Reta;-15,7313578;-48,1518635
15/08/2025;09:01:00;PORTO GRANDE;Acesso irregular;Colisão transversal;Com Vítimas Feridas;Pleno dia;Decrescente;Céu Claro;Simples;Reta;0,70095;-51,402933
14/08/2025;08:10:00;TIBAGI;Velocidade Incompatível;Tombamento;Com Vítimas Feridas;Pleno dia;Decrescente;Céu Claro;Dupla;"Curva;Declive";-24,65394244;-50,61452573
14/08/2025;08:30:00;VILHENA;Conversão proibida;Colisão transversal;Com Vítimas Feridas;Pleno dia;Decrescente;Sol;Simples;Reta;-12,74418858;-60,11993408
14/08/2025;11:15:00;SETE LAGOAS;Condutor usando celular;Colisão lateral mesmo sentido;Com Vítimas Feridas;Pleno dia;Decrescente;Céu Claro;Dupla;"Aclive;Reta";-19,41267;-44,33747
14/08/2025;15:34:00;GUARAI;Ultrapassagem Indevida;Colisão transversal;Com Vítimas Feridas;Pleno dia;Decrescente;Céu Claro;Múltipla;"Interseção de Vias;Reta";-8,841655;-48,511433
14/08/2025;19:00:00;UBERABA;Ultrapassagem Indevida;Colisão frontal;Com Vítimas Feridas;Plena Noite;Crescente;Céu Claro;Simples;"Aclive;Curva";-19,7201367;-47,709895
14/08/2025;19:00:00;RONDONOPOLIS;Deficiência do Sistema de Iluminação/Sinalização;Colisão traseira;Com Vítimas Feridas;Plena Noite;Decrescente;Céu Claro;Dupla;Reta;-16,83682;-54,69982
14/08/2025;21:15:00;FEIRA DE SANTANA;Velocidade Incompatível;Tombamento;Sem Vítimas;Plena Noite;Decrescente;Céu Claro;Dupla;Viaduto;-12,2719142;-38,9363086
14/08/2025;18:40:00;TRES RIOS;Velocidade Incompatível;Tombamento;Com Vítimas Feridas;Amanhecer;Decrescente;Céu Claro;Simples;Reta;-22,12600147;-43,2122812
14/08/2025;22:05:00;BRUMADINHO;Velocidade Incompatível;Saída de leito carroçável;Com Vítimas Fatais;Plena Noite;Crescente;Céu Claro;Dupla;"Declive;Reta";-20,14717306;-44,3239975
14/08/2025;18:56:00;FEIRA DE SANTANA;Acesso irregular;Atropelamento de Pedestre;Com Vítimas Feridas;Plena Noite;Decrescente;Céu Claro;Dupla;Reta;-12,25769459;-38,9894253
14/08/2025;00:10:00;GUAPIMIRIM;Velocidade Incompatível;Saída de leito carroçável;Com Vítimas Feridas;Plena Noite;Decrescente;Céu Claro;Simples;Curva;-22,46542;-42,99829
14/08/2025;03:50:00;ESCADA;Animais na Pista;Atropelamento de Animal;Com Vítimas Feridas;Plena Noite;Decrescente;Céu Claro;Dupla;Reta;-8,392438;-35,2571558
14/08/2025;04:40:00;NOVA IGUACU;Animais na Pista;Atropelamento de Animal;Com Vítimas Feridas;Plena Noite;Crescente;Céu Claro;Simples;Reta;-22,82808613;-43,61726761
14/08/2025;04:30:00;FOZ DO IGUACU;Velocidade Incompatível;Capotamento;Com Vítimas Feridas;Plena Noite;Decrescente;Céu Claro;Dupla;Reta;-25,47712;-54,5292288
14/08/2025;07:20:00;VIANA;Retorno proibido;Colisão transversal;Com Vítimas Feridas;Pleno dia;Crescente;Céu Claro;Simples;Reta;-20,39007;-40,478578
14/08/2025;06:15:00;CHAPECO;Ultrapassagem Indevida;Colisão lateral mesmo sentido;Com Vítimas Feridas;Amanhecer;Crescente;Céu Claro;Simples;Reta;-27,03759631;-52,63431621
14/08/2025;08:00:00;PRESIDENTE DUTRA;Conversão proibida;Colisão lateral mesmo sentido;Com Vítimas Feridas;Pleno dia;Crescente;Céu Claro;Simples;Curva;-5,292685;-44,558175
14/08/2025;07:44:00;LAGOA GRANDE;Velocidade Incompatível;Colisão traseira;Com Vítimas Feridas;Pleno dia;Crescente;Céu Claro;Simples;Reta;-8,988346;-40,263317
14/08/2025;14:15:00;APARECIDA;Velocidade Incompatível;Tombamento;Com Vítimas Feridas;Pleno dia;Crescente;Céu Claro;Dupla;"Curva;Interseção de Vias";-22,85931037;-45,23422122
14/08/2025;15:30:00;ITAPECERICA DA SERRA;Velocidade Incompatível;Capotamento;Com Vítimas Feridas;Pleno dia;Crescente;Céu Claro;Dupla;Curva;-23,70616474;-46,87458473
14/08/2025;17:35:00;BLUMENAU;Retorno proibido;Colisão transversal;Com Vítimas Feridas;Anoitecer;Decrescente;Céu Claro;Simples;"Desvio Temporário;Reta";-26,88497135;-49,14954633
14/08/2025;18:20:00;MARUIM;Afundamento ou ondulação no pavimento;Queda de ocupante de veículo;Com Vítimas Feridas;Plena Noite;Decrescente;Céu Claro;Múltipla;"Em Obras;Aclive;Reta";-10,7419295;-37,09277677
14/08/2025;18:40:00;JOAO MONLEVADE;Ultrapassagem Indevida;Colisão lateral mesmo sentido;Com Vítimas Feridas;Plena Noite;Crescente;Céu Claro;Simples;"Curva;Declive";-19,83730398;-43,18669796
14/08/2025;18:20:00;URUGUAIANA;Acesso irregular;Colisão transversal;Com Vítimas Feridas;Anoitecer;Decrescente;Céu Claro;Simples;Rotatória;-29,76240012;-57,05830407
14/08/2025;07:20:00;DIAMANTINO;Ausência de sinalização;Colisão traseira;Com Vítimas Feridas;Pleno dia;Decrescente;Céu Claro;Simples;Curva;-14,12948526;-56,70096517
14/08/2025;19:43:00;GUARAI;Ultrapassagem Indevida;Colisão lateral mesmo sentido;Com Vítimas Feridas;Pleno dia;Crescente;Céu Claro;Simples;Reta;-8,84219;-48,51149
14/08/2025;21:30:00;LINHARES;Acesso irregular;Atropelamento de Pedestre;Com Vítimas Feridas;Plena Noite;Crescente;Céu Claro;Dupla;Reta;-19,37027;-40,06571
14/08/2025;17:00:00;SAO GONCALO DO PARA;Velocidade Incompatível;Saída de leito carroçável;Com Vítimas Feridas;Pleno dia;Crescente;Sol;Dupla;"Declive;Curva";-19,895756;-44,87164
14/08/2025;21:00:00;PONTA GROSSA;Ausência de sinalização;Colisão com objeto;Com Vítimas Feridas;Plena Noite;Decrescente;Céu Claro;Dupla;Reta;-25,151388;-50,141944
14/08/2025;14:40:00;CASCAVEL;Velocidade Incompatível;Saída de leito carroçável;Com Vítimas Feridas;Pleno dia;Crescente;Céu Claro;Dupla;Reta;-24,90932814;-53,51104614
13/08/2025;08:10:00;UBERLANDIA;Velocidade Incompatível;Colisão traseira;Com Vítimas Feridas;Pleno dia;Crescente;Céu Claro;Dupla;"Aclive;Reta";-18,794946;-48,234861
13/08/2025;10:30:00;CAMPOS DOS GOYTACAZES;Acesso irregular;Colisão transversal;Com Vítimas Feridas;Pleno dia;Crescente;Céu Claro;Dupla;Interseção de Vias;-21,786843;-41,298855
13/08/2025;11:00:00;SANTA CECILIA;Velocidade Incompatível;Tombamento;Com Vítimas Feridas;Pleno dia;Decrescente;Céu Claro;Simples;Curva;-27,02764695;-50,42341995
13/08/2025;14:10:00;SENADOR JOSE BENTO;Velocidade Incompatível;Tombamento;Com Vítimas Feridas;Pleno dia;Crescente;Céu Claro;Simples;"Declive;Curva";-22,13271636;-46,17712268
13/08/2025;12:00:00;BELEM DE SAO FRANCISCO;Curva acentuada;Capotamento;Com Vítimas Feridas;Pleno dia;Decrescente;Céu Claro;Simples;Curva;-8,677183;-38,971858
13/08/2025;12:50:00;LONTRAS;Velocidade Incompatível;Tombamento;Com Vítimas Feridas;Pleno dia;Decrescente;Sol;Simples;Curva;-27,13186744;-49,53846741
13/08/2025;19:00:00;IPOJUCA;Pista esburacada;Saída de leito carroçável;Com Vítimas Feridas;Plena Noite;Crescente;Nublado;Dupla;Reta;-8,353087;-35,175603
13/08/2025;17:40:00;NOVA ALVORADA DO SUL;Demais Fenômenos da natureza;Incêndio;Sem Vítimas;Anoitecer;Crescente;Céu Claro;Simples;Reta;-21,48757449;-54,2824173
13/08/2025;18:40:00;CRUZ DO ESPIRITO SANTO;Ausência de sinalização;Colisão traseira;Com Vítimas Feridas;Plena Noite;Crescente;Céu Claro;Dupla;Reta;-7,189103;-35,060539
13/08/2025;01:45:00;TRES RIOS;Iluminação deficiente;Saída de leito carroçável;Com Vítimas Feridas;Plena Noite;Decrescente;Céu Claro;Simples;Reta;-22,17683439;-43,16762209
13/08/2025;02:15:00;SANTA RITA;Animais na Pista;Atropelamento de Animal;Com Vítimas Feridas;Plena Noite;Decrescente;Nublado;Dupla;Reta;-7,092942;-34,96797
13/08/2025;03:45:00;SAO LEOPOLDO;Velocidade Incompatível;Colisão com objeto;Com Vítimas Fatais;Plena Noite;Crescente;Céu Claro;Dupla;"Viaduto;Reta";-29,77045854;-51,15368005
13/08/2025;08:30:00;RECIFE;Velocidade Incompatível;Colisão traseira;Com Vítimas Feridas;Pleno dia;Decrescente;Sol;Dupla;Reta;-8,0746;-34,96565
13/08/2025;08:45:00;UBERLANDIA;Acumulo de areia ou detritos sobre o pavimento;Saída de leito carroçável;Com Vítimas Feridas;Pleno dia;Crescente;Céu Claro;Dupla;"Aclive;Em Obras;Reta";-18,869101;-48,558755
13/08/2025;07:06:00;RIO BRANCO;Conversão proibida;Colisão transversal;Com Vítimas Feridas;Pleno dia;Decrescente;Sol;Simples;Reta;-10,02281387;-67,81689286
13/08/2025;07:40:00;SERRA TALHADA;Animais na Pista;Atropelamento de Animal;Com Vítimas Feridas;Pleno dia;Decrescente;Céu Claro;Simples;Reta;-7,98183942;-38,29195116
13/08/2025;09:25:00;SEBERI;Ultrapassagem Indevida;Saída de leito carroçável;Com Vítimas Feridas;Pleno dia;Decrescente;Sol;Simples;Reta;-27,431542;-53,420373
13/08/2025;09:30:00;FOZ DO IGUACU;Ausência de sinalização;Colisão traseira;Com Vítimas Feridas;Pleno dia;Crescente;Céu Claro;Simples;"Aclive;Reta";-25,60019;-54,504577
13/08/2025;07:05:00;CAMBARA;Demais Fenômenos da natureza;Saída de leito carroçável;Com Vítimas Feridas;Pleno dia;Decrescente;Sol;Simples;"Aclive;Reta";-23,03048;-50,05005
13/08/2025;10:20:00;SATUBA;Ultrapassagem Indevida;Saída de leito carroçável;Com Vítimas Feridas;Pleno dia;Decrescente;Céu Claro;Simples;Curva;-9,57586922;-35,843953
13/08/2025;12:00:00;UBATUBA;Conversão proibida;Colisão transversal;Com Vítimas Feridas;Pleno dia;Decrescente;Céu Claro;Simples;Curva;-23,3988702;-45,02111284
13/08/2025;11:20:00;VILHENA;Ultrapassagem Indevida;Colisão lateral mesmo sentido;Com Vítimas Feridas;Pleno dia;Decrescente;Céu Claro;Simples;Reta;-12,7514938;-60,10690838
13/08/2025;15:56:00;LINHARES;Ultrapassagem Indevida;Colisão frontal;Com Vítimas Fatais;Pleno dia;Crescente;Céu Claro;Simples;Reta;-19,53798014;-40,15978687
13/08/2025;17:34:00;COLATINA;Conversão proibida;Colisão transversal;Com Vítimas Feridas;Anoitecer;Crescente;Nublado;Simples;Reta;-19,51560058;-40,72519183
13/08/2025;18:25:00;PORTO SEGURO;Ultrapassagem Indevida;Colisão transversal;Com Vítimas Feridas;Plena Noite;Decrescente;Nublado;Múltipla;Reta;-16,438035;-39,087793
13/08/2025;09:30:00;ANGRA DOS REIS;Desvio temporário;Engavetamento;Com Vítimas Feridas;Pleno dia;Decrescente;Céu Claro;Simples;Reta;-22,987383;-44,301258
13/08/2025;16:00:00;CAMBARA;Animais na Pista;Saída de leito carroçável;Com Vítimas Feridas;Pleno dia;Crescente;Céu Claro;Simples;Reta;-23,03832839;-50,16888012
13/08/2025;21:15:00;PORTO ALEGRE;Iluminação deficiente;Colisão lateral mesmo sentido;Com Vítimas Feridas;Plena Noite;Decrescente;Céu Claro;Múltipla;Reta;-29,96911872;-51,1762476
13/08/2025;21:00:00;NOVA UNIAO;Animais na Pista;Atropelamento de Animal;Com Vítimas Feridas;Plena Noite;Crescente;Céu Claro;Dupla;"Aclive;Curva";-19,73060504;-43,5599727
13/08/2025;09:00:00;MAGE;Retorno proibido;Colisão lateral mesmo sentido;Com Vítimas Feridas;Pleno dia;Decrescente;Céu Claro;Dupla;Reta;-22,65766061;-43,08554649
13/08/2025;21:00:00;BARRA DO GARCAS;Velocidade Incompatível;Saída de leito carroçável;Sem Vítimas;Plena Noite;Decrescente;Céu Claro;Simples;"Declive;Curva";-15,741257;-52,623388
13/08/2025;22:31:00;REGISTRO;Conversão proibida;Colisão traseira;Com Vítimas Feridas;Plena Noite;Crescente;Céu Claro;Dupla;Reta;-24,52929192;-47,85360217
13/08/2025;17:40:00;TERRA DE AREIA;Demais falhas na via;Colisão frontal;Com Vítimas Feridas;Pleno dia;Crescente;Céu Claro;Simples;Reta;-29,58451385;-50,06862402
13/08/2025;22:30:00;OURO BRANCO;Animais na Pista;Atropelamento de Animal;Com Vítimas Feridas;Plena Noite;Decrescente;Nublado;Simples;Reta;-9,141218;-37,354338
13/08/2025;23:20:00;GUARULHOS;Velocidade Incompatível;Colisão com objeto;Sem Vítimas;Plena Noite;Decrescente;Nublado;Múltipla;Reta;-23,48649045;-46,55941486
13/08/2025;17:00:00;CUIABA;Acesso irregular;Colisão transversal;Com Vítimas Feridas;Anoitecer;Crescente;Céu Claro;Simples;"Em Obras;Reta";-15,70022841;-56,04033119
13/08/2025;20:30:00;AMELIA RODRIGUES;Animais na Pista;Atropelamento de Animal;Sem Vítimas;Plena Noite;Decrescente;Ignorado;Múltipla;Reta;-12,39020607;-38,78501058
13/08/2025;02:30:00;CARAVELAS;Animais na Pista;Colisão com objeto;Com Vítimas Feridas;Plena Noite;Crescente;Ignorado;Simples;Reta;-17,634519;-39,338398
13/08/2025;13:25:00;SEROPEDICA;Velocidade Incompatível;Colisão transversal;Com Vítimas Feridas;Pleno dia;Crescente;Céu Claro;Simples;"Rotatória;Reta";-22,66835308;-43,73125076
12/08/2025;06:54:00;TERESINA;Chuva;Colisão traseira;Com Vítimas Feridas;Pleno dia;Crescente;Chuva;Dupla;Reta;-5,078197;-42,749412
12/08/2025;07:00:00;ERVAL VELHO;Ultrapassagem Indevida;Colisão frontal;Com Vítimas Feridas;Amanhecer;Crescente;Nublado;Simples;"Aclive;Reta";-27,2556215;-51,4449345
12/08/2025;09:00:00;COLOMBO;Velocidade Incompatível;Colisão traseira;Com Vítimas Feridas;Pleno dia;Crescente;Céu Claro;Dupla;"Aclive;Reta";-25,388118;-49,181793
12/08/2025;04:40:00;PEDRO GOMES;Ultrapassagem Indevida;Colisão lateral sentido oposto;Sem Vítimas;Amanhecer;Decrescente;Céu Claro;Simples;Reta;-17,830572;-54,720424
12/08/2025;16:00:00;LINHARES;Ultrapassagem Indevida;Colisão frontal;Com Vítimas Fatais;Pleno dia;Crescente;Céu Claro;Múltipla;"Aclive;Reta";-19,36387572;-40,06504177
12/08/2025;14:30:00;CARANDAI;Condutor usando celular;Saída de leito carroçável;Com Vítimas Feridas;Pleno dia;Crescente;Sol;Simples;Reta;-20,99138887;-43,78092241
12/08/2025;13:55:00;SANTO ANTONIO DO AMPARO;Velocidade Incompatível;Tombamento;Com Vítimas Feridas;Pleno dia;Decrescente;Sol;Dupla;Curva;-20,87387689;-44,84371524
12/08/2025;15:30:00;NOVO PROGRESSO;Velocidade Incompatível;Tombamento;Com Vítimas Fatais;Pleno dia;Crescente;Céu Claro;Simples;"Curva;Aclive";-9,25764833;-54,83357833
12/08/2025;15:50:00;PRADO;Velocidade Incompatível;Tombamento;Sem Vítimas;Pleno dia;Decrescente;Chuva;Simples;Curva;-17,14409;-39,567498
12/08/2025;11:00:00;ANCHIETA;Sinalização mal posicionada;Colisão traseira;Sem Vítimas;Pleno dia;Crescente;Nublado;Simples;Curva;-20,736891;-40,760741
12/08/2025;03:40:00;BARRA MANSA;Demais falhas na via;Tombamento;Com Vítimas Feridas;Plena Noite;Crescente;Nublado;Dupla;"Curva;Desvio Temporário;Em Obras";-22,508525;-44,22038
12/08/2025;08:45:00;ITAGUAI;Velocidade Incompatível;Colisão com objeto;Com Vítimas Feridas;Pleno dia;Crescente;Céu Claro;Dupla;"Curva;Declive";-22,89971733;-43,82285491
12/08/2025;08:30:00;CONSELHEIRO LAFAIETE;Velocidade Incompatível;Saída de leito carroçável;Com Vítimas Feridas;Pleno dia;Crescente;Sol;Simples;"Curva;Declive";-20,75559921;-43,80514795
12/08/2025;14:22:00;ANGRA DOS REIS;Velocidade Incompatível;Engavetamento;Com Vítimas Feridas;Pleno dia;Decrescente;Céu Claro;Simples;Reta;-23,004902;-44,276403
12/08/2025;14:45:00;PALHOCA;Velocidade Incompatível;Capotamento;Com Vítimas Feridas;Pleno dia;Decrescente;Céu Claro;Dupla;Reta;-27,7556951;-48,63196313
12/08/2025;15:30:00;EUGENOPOLIS;Velocidade Incompatível;Saída de leito carroçável;Sem Vítimas;Pleno dia;Crescente;Nublado;Simples;Curva;-21,126809;-42,286396
12/08/2025;15:20:00;BALNEARIO PICARRAS;Velocidade Incompatível;Saída de leito carroçável;Com Vítimas Feridas;Pleno dia;Decrescente;Sol;Múltipla;"Reta;Declive";-26,77050776;-48,68573841
12/08/2025;11:40:00;SEROPEDICA;Retorno proibido;Colisão lateral mesmo sentido;Com Vítimas Feridas;Pleno dia;Crescente;Céu Claro;Dupla;Reta;-22,73779419;-43,70867729
12/08/2025;18:10:00;SONORA;Animais na Pista;Atropelamento de Animal;Com Vítimas Feridas;Anoitecer;Crescente;Céu Claro;Simples;Curva;-17,72906668;-54,75723267
12/08/2025;17:50:00;ALCANTIL;Ultrapassagem Indevida;Colisão frontal;Com Vítimas Fatais;Plena Noite;Crescente;Céu Claro;Simples;"Reta;Aclive";-7,764037;-36,096013
12/08/2025;18:40:00;CANOAS;Retorno proibido;Colisão transversal;Com Vítimas Feridas;Plena Noite;Crescente;Céu Claro;Múltipla;Reta;-29,88790188;-51,21966988
12/08/2025;20:30:00;TERESINA;Conversão proibida;Colisão transversal;Com Vítimas Feridas;Plena Noite;Crescente;Céu Claro;Múltipla;"Viaduto;Interseção de Vias";-5,144067;-42,77803
12/08/2025;20:45:00;CARANDAI;Falta de acostamento;Colisão traseira;Com Vítimas Feridas;Plena Noite;Crescente;Céu Claro;Simples;Reta;-20,99176149;-43,78011918
12/08/2025;23:40:00;PELOTAS;Animais na Pista;Queda de ocupante de veículo;Com Vítimas Feridas;Pleno dia;Decrescente;Céu Claro;Múltipla;Reta;-31,67636866;-52,34203991
12/08/2025;18:40:00;BLUMENAU;Ultrapassagem Indevida;Colisão transversal;Com Vítimas Feridas;Plena Noite;Crescente;Céu Claro;Simples;Reta;-26,87979249;-49,1706818
12/08/2025;18:20:00;SAPUCAIA;Conversão proibida;Colisão transversal;Com Vítimas Feridas;Plena Noite;Crescente;Céu Claro;Simples;Reta;-21,887723;-42,697994
11/08/2025;03:00:00;PACAJUS;Iluminação deficiente;Saída de leito carroçável;Com Vítimas Feridas;Plena Noite;Decrescente;Céu Claro;Dupla;Curva;-4,19726099;-38,46943108
11/08/2025;03:20:00;MIRACATU;Velocidade Incompatível;Tombamento;Com Vítimas Feridas;Plena Noite;Decrescente;Céu Claro;Dupla;"Curva;Aclive";-24,113;-47,269
11/08/2025;07:54:00;SALVADOR;Velocidade Incompatível;Colisão lateral mesmo sentido;Com Vítimas Feridas;Pleno dia;Crescente;Céu Claro;Dupla;Reta;-12,9431058;-38,4716855
11/08/2025;09:30:00;GOIATUBA;Velocidade Incompatível;Tombamento;Com Vítimas Feridas;Pleno dia;Crescente;Céu Claro;Dupla;Curva;-18,011254;-49,262186
11/08/2025;11:00:00;GENERAL CARNEIRO;Falta de acostamento;Saída de leito carroçável;Com Vítimas Feridas;Pleno dia;Crescente;Céu Claro;Simples;"Aclive;Curva";-15,724252;-53,68422
11/08/2025;05:20:00;CARIDADE;Ultrapassagem Indevida;Colisão lateral sentido oposto;Com Vítimas Feridas;Amanhecer;Decrescente;Céu Claro;Simples;"Reta;Declive";-4,27315;-39,228629
11/08/2025;03:50:00;QUARAI;Condutor usando celular;Colisão com objeto;Com Vítimas Feridas;Plena Noite;Crescente;Nublado;Simples;"Rotatória;Reta";-30,3785879;-56,4607143
11/08/2025;06:30:00;NATAL;Retorno proibido;Colisão transversal;Com Vítimas Feridas;Pleno dia;Crescente;Céu Claro;Dupla;"Aclive;Reta";-5,729746;-35,289964
11/08/2025;05:30:00;PONTES E LACERDA;Animais na Pista;Atropelamento de Animal;Com Vítimas Feridas;Amanhecer;Crescente;Céu Claro;Simples;Reta;-15,283757;-59,284811
11/08/2025;07:40:00;GUARULHOS;Ultrapassagem Indevida;Colisão transversal;Com Vítimas Feridas;Pleno dia;Crescente;Nublado;Múltipla;Reta;-23,4753777;-46,52490942
11/08/2025;03:00:00;NOVA IGUACU;Iluminação deficiente;Tombamento;Com Vítimas Feridas;Plena Noite;Crescente;Chuva;Dupla;"Reta;Em Obras";-22,76372119;-43,4179887
11/08/2025;09:40:00;CASCAVEL;Ultrapassagem Indevida;Colisão frontal;Com Vítimas Feridas;Pleno dia;Crescente;Céu Claro;Simples;Reta;-24,9071527;-53,3765907
11/08/2025;12:20:00;LINHARES;Velocidade Incompatível;Colisão lateral mesmo sentido;Com Vítimas Feridas;Pleno dia;Decrescente;Céu Claro;Múltipla;"Reta;Interseção de Vias";-19,39895518;-40,06271047
11/08/2025;13:20:00;RIO DE JANEIRO;Velocidade Incompatível;Queda de ocupante de veículo;Com Vítimas Feridas;Pleno dia;Decrescente;Nublado;Simples;Reta;-22,82923319;-43,61658096
11/08/2025;14:00:00;ALEXANIA;Velocidade Incompatível;Colisão traseira;Com Vítimas Feridas;Pleno dia;Decrescente;Céu Claro;Dupla;Reta;-16,122081;-48,415795
11/08/2025;13:00:00;ITAMONTE;Ultrapassagem Indevida;Colisão lateral mesmo sentido;Com Vítimas Feridas;Pleno dia;Decrescente;Céu Claro;Simples;Interseção de Vias;-22,27837567;-44,8739031
11/08/2025;16:20:00;BARRA DO ROCHA;Velocidade Incompatível;Capotamento;Com Vítimas Feridas;Pleno dia;Decrescente;Céu Claro;Simples;Reta;-14,19793162;-39,61851922
11/08/2025;17:40:00;MARINGA;Demais Fenômenos da natureza;Colisão traseira;Com Vítimas Feridas;Anoitecer;Decrescente;Céu Claro;Múltipla;"Reta;Aclive";-23,42103825;-51,90778255
11/08/2025;18:00:00;CARIACICA;Acumulo de areia ou detritos sobre o pavimento;Queda de ocupante de veículo;Com Vítimas Feridas;Plena Noite;Decrescente;Céu Claro;Múltipla;Aclive;-20,22835175;-40,36567926
11/08/2025;17:00:00;CAMPINA GRANDE;Velocidade Incompatível;Saída de leito carroçável;Com Vítimas Feridas;Anoitecer;Decrescente;Céu Claro;Dupla;"Declive;Reta";-7,277007;-35,730167
11/08/2025;20:20:00;DOMINGOS MARTINS;Ultrapassagem Indevida;Colisão lateral sentido oposto;Sem Vítimas;Plena Noite;Crescente;Céu Claro;Simples;Reta;-20,415347;-40,902587
11/08/2025;19:40:00;CACOAL;Ultrapassagem Indevida;Colisão frontal;Com Vítimas Feridas;Pleno dia;Crescente;Céu Claro;Simples;"Reta;Aclive";-11,39888153;-61,65637717
11/08/2025;20:26:00;EXTREMA;Ultrapassagem Indevida;Colisão frontal;Com Vítimas Feridas;Plena Noite;Crescente;Céu Claro;Simples;Aclive;-22,86441258;-46,34610325
11/08/2025;22:00:00;SAO GONCALO DO AMARANTE;Animais na Pista;Atropelamento de Animal;Com Vítimas Feridas;Plena Noite;Crescente;Nublado;Dupla;Reta;-5,746513;-35,289768
11/08/2025;21:30:00;MANGARATIBA;Chuva;Capotamento;Com Vítimas Feridas;Plena Noite;Decrescente;Chuva;Simples;Declive;-22,9397;-44,05539
10/08/2025;01:51:00;CAMPO MAIOR;Ultrapassagem Indevida;Colisão lateral mesmo sentido;Com Vítimas Fatais;Plena Noite;Crescente;Céu Claro;Simples;Reta;-4,83823469;-42,18414938
10/08/2025;02:15:00;COXIM;Animais na Pista;Atropelamento de Animal;Com Vítimas Feridas;Plena Noite;Decrescente;Céu Claro;Dupla;Reta;-18,1228466;-54,7001666
10/08/2025;06:20:00;RIO NEGRO;Ultrapassagem Indevida;Colisão frontal;Com Vítimas Feridas;Pleno dia;Crescente;Nevoeiro/Neblina;Simples;Curva;-26,10462661;-49,78113111
10/08/2025;11:30:00;GUARATINGUETA;Conversão proibida;Colisão lateral mesmo sentido;Com Vítimas Feridas;Pleno dia;Crescente;Nublado;Dupla;Curva;-22,82274084;-45,19112198
10/08/2025;12:45:00;IPOJUCA;Velocidade Incompatível;Tombamento;Com Vítimas Feridas;Pleno dia;Decrescente;Nublado;Dupla;"Curva;Declive";-8,33;-35,12289
10/08/2025;17:05:00;TRES CORACOES;Velocidade Incompatível;Colisão lateral mesmo sentido;Com Vítimas Feridas;Pleno dia;Crescente;Céu Claro;Dupla;"Declive;Reta;Retorno Regulamentado";-21,59271;-45,237394
10/08/2025;17:15:00;SANGAO;Velocidade Incompatível;Saída de leito carroçável;Sem Vítimas;Pleno dia;Decrescente;Céu Claro;Múltipla;Reta;-28,65429022;-49,10751343
10/08/2025;17:30:00;LUZ;Ultrapassagem Indevida;Saída de leito carroçável;Sem Vítimas;Anoitecer;Decrescente;Sol;Simples;Reta;-19,78109469;-45,5593307
10/08/2025;17:30:00;AGUAS MORNAS;Ultrapassagem Indevida;Colisão lateral mesmo sentido;Com Vítimas Feridas;Anoitecer;Crescente;Céu Claro;Simples;Aclive;-27,6877273;-48,97559166
10/08/2025;18:40:00;JUNQUEIRO;Velocidade Incompatível;Saída de leito carroçável;Com Vítimas Fatais;Plena Noite;Decrescente;Nublado;Simples;Curva;-9,933058;-36,471107
10/08/2025;16:00:00;CANDIDO SALES;Ultrapassagem Indevida;Colisão frontal;Com Vítimas Fatais;Pleno dia;Decrescente;Céu Claro;Simples;"Reta;Aclive";-15,365402;-41,176728
10/08/2025;16:00:00;BAEPENDI;Velocidade Incompatível;Tombamento;Com Vítimas Feridas;Pleno dia;Crescente;Céu Claro;Simples;Curva;-21,924425;-44,801388
10/08/2025;17:04:00;SAPUCAIA;Acesso irregular;Tombamento;Com Vítimas Feridas;Pleno dia;Decrescente;Céu Claro;Simples;"Curva;Declive";-22,0130246;-42,952816
10/08/2025;19:14:00;JAGUAQUARA;Acesso irregular;Colisão frontal;Com Vítimas Feridas;Plena Noite;Decrescente;Céu Claro;Simples;Reta;-13,49378585;-40,04801667
10/08/2025;07:15:00;RONDONOPOLIS;Ultrapassagem Indevida;Colisão lateral mesmo sentido;Com Vítimas Feridas;Pleno dia;Crescente;Céu Claro;Dupla;Reta;-16,43612051;-54,68243158
10/08/2025;03:30:00;UBERLANDIA;Demais falhas na via;Colisão com objeto;Com Vítimas Fatais;Plena Noite;Crescente;Céu Claro;Dupla;Interseção de Vias;-18,9046142;-48,2881737
10/08/2025;04:30:00;RIO DE JANEIRO;Acumulo de areia ou detritos sobre o pavimento;Queda de ocupante de veículo;Com Vítimas Feridas;Amanhecer;Crescente;Céu Claro;Simples;Reta;-22,8044804;-43,3452039
10/08/2025;02:30:00;UIRAUNA;Animais na Pista;Atropelamento de Animal;Com Vítimas Feridas;Plena Noite;Crescente;Céu Claro;Simples;Reta;-6,46024;-38,377737
10/08/2025;05:30:00;RIO CASCA;Pista esburacada;Saída de leito carroçável;Sem Vítimas;Amanhecer;Decrescente;Céu Claro;Simples;Curva;-20,17105613;-42,69799233
10/08/2025;05:40:00;BRASILIA;Velocidade Incompatível;Saída de leito carroçável;Com Vítimas Feridas;Amanhecer;Crescente;Céu Claro;Dupla;Curva;-15,78917703;-48,22540998
10/08/2025;05:45:00;COXIM;Velocidade Incompatível;Saída de leito carroçável;Com Vítimas Feridas;Amanhecer;Decrescente;Ignorado;Dupla;Reta;-18,124;-54,698