data_inversa;horario;municipio;causa_acidente;tipo_acidente;classificacao_acidente;fase_dia;sentido_via;condicao_metereologica;tipo_pista;tracado_via;latitude;longitude
10/08/2025;06:10:00;SOBRAL;Animais na Pista;Atropelamento de Animal;Com Vítimas Feridas;Pleno dia;Decrescente;Céu Claro;Simples;Reta;-3,70151026;-40,36809325
10/08/2025;07:50:00;ITAJA;Restrição de visibilidade em curvas verticais;Colisão transversal;Com Vítimas Feridas;Pleno dia;Decrescente;Céu Claro;Simples;"Reta;Aclive";-5,659061;-36,762889
10/08/2025;07:30:00;RIO DO SUL;Velocidade Incompatível;Capotamento;Com Vítimas Feridas;Pleno dia;Decrescente;Sol;Simples;"Interseção de Vias;Rotatória";-27,2206059;-49,659485
10/08/2025;08:10:00;FRONTEIRA;Demais falhas na via;Tombamento;Com Vítimas Feridas;Pleno dia;Crescente;Céu Claro;Simples;Reta;-20,198883;-49,128224
10/08/2025;10:45:00;MATELANDIA;Velocidade Incompatível;Colisão com objeto;Com Vítimas Feridas;Pleno dia;Crescente;Céu Claro;Dupla;Curva;-25,25187683;-53,99097919
10/08/2025;13:05:00;TRES CORACOES;Acumulo de areia ou detritos sobre o pavimento;Tombamento;Com Vítimas Feridas;Pleno dia;Decrescente;Céu Claro;Dupla;Viaduto;-21,65633557;-45,3013553
10/08/2025;10:00:00;MAGE;Velocidade Incompatível;Colisão traseira;Com Vítimas Feridas;Pleno dia;Decrescente;Céu Claro;Simples;Reta;-22,662839;-43,042991
10/08/2025;13:30:00;JUAZEIRO;Ausência de sinalização;Colisão transversal;Com Vítimas Feridas;Pleno dia;Decrescente;Céu Claro;Dupla;"Interseção de Vias;Reta;Em Obras";-9,431073;-40,498207
10/08/2025;13:50:00;RIO VERDE;Velocidade Incompatível;Colisão traseira;Com Vítimas Feridas;Pleno dia;Crescente;Céu Claro;Múltipla;Reta;-17,7838;-50,899187
10/08/2025;14:10:00;ITATIAIUCU;Velocidade Incompatível;Colisão com objeto;Com Vítimas Feridas;Pleno dia;Crescente;Céu Claro;Dupla;Reta;-20,20005;-44,386855
10/08/2025;16:30:00;ITAMONTE;Demais Fenômenos da natureza;Colisão frontal;Com Vítimas Feridas;Pleno dia;Crescente;Céu Claro;Simples;Reta;-22,26894027;-44,88034844
10/08/2025;16:40:00;SEROPEDICA;Conversão proibida;Colisão traseira;Com Vítimas Feridas;Pleno dia;Crescente;Nublado;Simples;Reta;-22,732996;-43,712002
10/08/2025;17:50:00;CORONEL VIVIDA;Velocidade Incompatível;Colisão com objeto;Sem Vítimas;Anoitecer;Decrescente;Céu Claro;Simples;Curva;-25,97804972;-52,53708243
10/08/2025;18:30:00;SABARA;Conversão proibida;Colisão traseira;Com Vítimas Feridas;Plena Noite;Crescente;Céu Claro;Simples;Reta;-19,83441759;-43,85853767
10/08/2025;19:20:00;MANDIRITUBA;Conversão proibida;Colisão frontal;Com Vítimas Feridas;Plena Noite;Decrescente;Céu Claro;Simples;Reta;-25,812305;-49,32816
10/08/2025;18:40:00;SEROPEDICA;Acesso irregular;Colisão transversal;Com Vítimas Feridas;Plena Noite;Decrescente;Nublado;Dupla;Reta;-22,721195;-43,683328
10/08/2025;17:40:00;SANTA RITA DE MINAS;Ultrapassagem Indevida;Colisão frontal;Com Vítimas Feridas;Anoitecer;Crescente;Céu Claro;Simples;Curva;-19,88999873;-42,13587105
10/08/2025;19:40:00;TRES ARROIOS;Retorno proibido;Saída de leito carroçável;Sem Vítimas;Plena Noite;Crescente;Nublado;Simples;"Retorno Regulamentado;Interseção de Vias;Aclive;Reta";-27,526481;-52,154461
10/08/2025;20:30:00;ITAPECERICA DA SERRA;Velocidade Incompatível;Saída de leito carroçável;Sem Vítimas;Plena Noite;Decrescente;Céu Claro;Simples;"Curva;Declive";-23,69968897;-46,8672328
10/08/2025;21:00:00;BARBACENA;Animais na Pista;Capotamento;Com Vítimas Feridas;Plena Noite;Decrescente;Céu Claro;Dupla;Curva;-21,31065;-43,60226
10/08/2025;20:55:00;BETIM;Velocidade Incompatível;Colisão com objeto;Com Vítimas Feridas;Plena Noite;Decrescente;Céu Claro;Dupla;"Declive;Reta";-19,98812;-44,19441
10/08/2025;18:30:00;IGARATINGA;Animais na Pista;Atropelamento de Animal;Com Vítimas Feridas;Plena Noite;Crescente;Céu Claro;Dupla;Reta;-19,90480083;-44,68968837
10/08/2025;16:45:00;CORUMBA;Pista esburacada;Tombamento;Com Vítimas Feridas;Pleno dia;Crescente;Céu Claro;Simples;Reta;-19,511155;-57,428706
10/08/2025;20:40:00;MAE DO RIO;Retorno proibido;Colisão transversal;Com Vítimas Feridas;Plena Noite;Decrescente;Céu Claro;Simples;Reta;-1,986778;-47,526154
10/08/2025;11:30:00;NOVA MAMORE;Demais falhas na via;Saída de leito carroçável;Com Vítimas Feridas;Pleno dia;Crescente;Sol;Simples;"Em Obras;Curva";-9,97460333;-65,30925393
10/08/2025;23:00:00;URUCUCA;Velocidade Incompatível;Capotamento;Sem Vítimas;Plena Noite;Decrescente;Céu Claro;Simples;Reta;-14,57655601;-39,337183
10/08/2025;19:20:00;SAO MATEUS;Sinalização mal posicionada;Colisão com objeto;Com Vítimas Feridas;Plena Noite;Decrescente;Nublado;Simples;Reta;-18,64566014;-39,87440435
10/08/2025;15:30:00;CARMOPOLIS DE MINAS;Velocidade Incompatível;Saída de leito carroçável;Com Vítimas Feridas;Pleno dia;Crescente;Céu Claro;Simples;"Curva;Declive";-20,5391363;-44,64163542
09/08/2025;00:02:00;ITAPEVA;Velocidade Incompatível;Colisão com objeto;Com Vítimas Feridas;Plena Noite;Crescente;Chuva;Dupla;Curva;-22,7672064;-46,219264
09/08/2025;02:00:00;MAIRIPORA;Velocidade Incompatível;Tombamento;Com Vítimas Feridas;Plena Noite;Decrescente;Céu Claro;Dupla;Reta;-23,24946162;-46,59362376
09/08/2025;15:30:00;GANDU;Acostamento em desnível;Tombamento;Com Vítimas Feridas;Pleno dia;Crescente;Céu Claro;Simples;Reta;-13,82148437;-39,49464798
09/08/2025;21:00:00;CORBELIA;Ultrapassagem Indevida;Colisão lateral mesmo sentido;Com Vítimas Feridas;Plena Noite;Decrescente;Céu Claro;Simples;"Curva;Declive";-24,56190744;-53,13226461
09/08/2025;21:50:00;CARMOPOLIS DE MINAS;Velocidade Incompatível;Tombamento;Com Vítimas Fatais;Plena Noite;Crescente;Nublado;Dupla;"Declive;Curva";-20,561963;-44,665701
09/08/2025;13:17:00;JUAZEIRO;Ultrapassagem Indevida;Colisão transversal;Com Vítimas Feridas;Pleno dia;Decrescente;Céu Claro;Simples;Reta;-9,424562;-40,505997
09/08/2025;19:30:00;JOSE BONIFACIO;Conversão proibida;Colisão transversal;Com Vítimas Feridas;Plena Noite;Crescente;Céu Claro;Simples;Reta;-21,0588754;-49,66011135
09/08/2025;00:02:00;PETROLINA;Velocidade Incompatível;Saída de leito carroçável;Com Vítimas Feridas;Plena Noite;Decrescente;Céu Claro;Múltipla;Rotatória;-9,375237;-40,488013
09/08/2025;00:30:00;ACARI;Ausência de sinalização;Colisão com objeto;Com Vítimas Feridas;Plena Noite;Crescente;Céu Claro;Simples;"Reta;Desvio Temporário";-6,435195;-36,63947
09/08/2025;03:50:00;JOAO PESSOA;Animais na Pista;Atropelamento de Animal;Sem Vítimas;Plena Noite;Decrescente;Céu Claro;Simples;Reta;-7,1663616;-34,8749824
09/08/2025;05:00:00;BARRA DO GARCAS;Velocidade Incompatível;Colisão com objeto;Com Vítimas Feridas;Plena Noite;Crescente;Céu Claro;Dupla;Reta;-15,87789709;-52,29598618
09/08/2025;03:00:00;PETROLINA;Velocidade Incompatível;Colisão com objeto;Sem Vítimas;Plena Noite;Decrescente;Céu Claro;Simples;Interseção de Vias;-9,38679;-40,52601
09/08/2025;05:30:00;MEDIANEIRA;Neblina;Colisão traseira;Com Vítimas Feridas;Plena Noite;Crescente;Nevoeiro/Neblina;Dupla;"Reta;Aclive";-25,2616;-54,0473
09/08/2025;08:40:00;FEIRA DE SANTANA;Conversão proibida;Colisão transversal;Com Vítimas Feridas;Pleno dia;Crescente;Céu Claro;Simples;Reta;-12,25528;-38,9325
09/08/2025;10:30:00;SERRA;Ultrapassagem Indevida;Colisão traseira;Com Vítimas Feridas;Pleno dia;Decrescente;Céu Claro;Simples;"Curva;Aclive";-20,16099306;-40,27539975
09/08/2025;11:20:00;ERECHIM;Conversão proibida;Colisão transversal;Com Vítimas Feridas;Pleno dia;Decrescente;Céu Claro;Simples;Reta;-27,652916;-52,2598278
09/08/2025;10:10:00;MAFRA;Conversão proibida;Colisão transversal;Com Vítimas Feridas;Pleno dia;Decrescente;Céu Claro;Simples;Reta;-26,23740954;-49,68285497
09/08/2025;11:45:00;MARIALVA;Velocidade Incompatível;Colisão lateral mesmo sentido;Com Vítimas Feridas;Pleno dia;Decrescente;Céu Claro;Dupla;Reta;-23,50290946;-51,75210563
09/08/2025;14:20:00;SETE LAGOAS;Afundamento ou ondulação no pavimento;Tombamento;Com Vítimas Feridas;Pleno dia;Crescente;Céu Claro;Dupla;Reta;-19,46245951;-44,29816816
09/08/2025;11:00:00;CARDOSO MOREIRA;Demais falhas na via;Saída de leito carroçável;Com Vítimas Feridas;Pleno dia;Decrescente;Céu Claro;Simples;Curva;-21,53393789;-41,51986297
09/08/2025;11:20:00;PETROPOLIS;Acumulo de água sobre o pavimento;Colisão com objeto;Com Vítimas Feridas;Pleno dia;Crescente;Chuva;Dupla;"Declive;Curva";-22,48525124;-43,22732672
09/08/2025;15:00:00;ABREU E LIMA;Velocidade Incompatível;Colisão traseira;Com Vítimas Feridas;Pleno dia;Crescente;Céu Claro;Dupla;Reta;-7,898003;-34,902725
09/08/2025;12:00:00;SAO GONCALO DO PARA;Velocidade Incompatível;Tombamento;Com Vítimas Feridas;Pleno dia;Crescente;Céu Claro;Dupla;"Reta;Ponte";-19,89418;-44,87508
09/08/2025;15:15:00;PALHOCA;Velocidade Incompatível;Saída de leito carroçável;Sem Vítimas;Pleno dia;Decrescente;Nublado;Simples;Reta;-27,6822295;-48,7077985
09/08/2025;15:20:00;GARUVA;Pista Escorregadia;Queda de ocupante de veículo;Com Vítimas Feridas;Pleno dia;Crescente;Céu Claro;Múltipla;Viaduto;-26,02754523;-48,86156257
09/08/2025;17:20:00;CAMPOS DOS GOYTACAZES;Acumulo de água sobre o pavimento;Saída de leito carroçável;Com Vítimas Feridas;Anoitecer;Crescente;Chuva;Dupla;"Curva;Declive";-21,8358721;-41,4205826
09/08/2025;15:40:00;BARRO;Acesso irregular;Colisão transversal;Com Vítimas Feridas;Pleno dia;Decrescente;Céu Claro;Simples;"Curva;Interseção de Vias";-7,04609646;-38,78155438
09/08/2025;11:03:00;JOAQUIM GOMES;Chuva;Colisão frontal;Sem Vítimas;Pleno dia;Decrescente;Chuva;Simples;Curva;-9,05768503;-35,748
09/08/2025;18:20:00;MARECHAL FLORIANO;Curva acentuada;Queda de ocupante de veículo;Com Vítimas Feridas;Plena Noite;Crescente;Nublado;Simples;Curva;-20,412784;-40,750743
09/08/2025;12:10:00;PONTAL DO ARAGUAIA;Ultrapassagem Indevida;Colisão traseira;Com Vítimas Feridas;Pleno dia;Crescente;Céu Claro;Simples;"Reta;Ponte";-15,89563157;-52,25443876
09/08/2025;18:20:00;PATOS DE MINAS;Demais falhas na via;Queda de ocupante de veículo;Com Vítimas Feridas;Plena Noite;Decrescente;Céu Claro;Simples;"Aclive;Curva";-18,70392;-46,6059
09/08/2025;19:00:00;JUIZ DE FORA;Animais na Pista;Atropelamento de Animal;Com Vítimas Feridas;Plena Noite;Decrescente;Céu Claro;Dupla;Reta;-21,75909223;-43,44105631
09/08/2025;19:00:00;SAO JOAO DE MERITI;Demais falhas na via;Queda de ocupante de veículo;Com Vítimas Feridas;Plena Noite;Crescente;Nublado;Múltipla;Reta;-22,80090447;-43,35177032
09/08/2025;18:20:00;CACERES;Animais na Pista;Atropelamento de Animal;Sem Vítimas;Plena Noite;Crescente;Céu Claro;Simples;Reta;-16,05322;-57,77627
09/08/2025;20:25:00;SERRA;Afundamento ou ondulação no pavimento;Queda de ocupante de veículo;Com Vítimas Feridas;Plena Noite;Crescente;Céu Claro;Dupla;Reta;-20,17343401;-40,267219
09/08/2025;18:12:00;LEOPOLDINA;Retorno proibido;Colisão transversal;Com Vítimas Feridas;Plena Noite;Decrescente;Céu Claro;Simples;Reta;-21,42923579;-42,5146958
09/08/2025;20:25:00;PALMAS;Acesso irregular;Colisão frontal;Sem Vítimas;Plena Noite;Decrescente;Céu Claro;Simples;Rotatória;-10,29484747;-48,29721711
09/08/2025;19:10:00;COLONIA LEOPOLDINA;Animais na Pista;Atropelamento de Animal;Com Vítimas Fatais;Plena Noite;Crescente;Nublado;Simples;Reta;-8,921308;-35,740776
09/08/2025;21:40:00;MAFRA;Ultrapassagem Indevida;Colisão frontal;Com Vítimas Feridas;Plena Noite;Crescente;Céu Claro;Simples;"Reta;Aclive";-26,231657;-49,897081
09/08/2025;22:10:00;MANHUACU;Ultrapassagem Indevida;Colisão traseira;Com Vítimas Feridas;Plena Noite;Crescente;Céu Claro;Simples;Curva;-20,271697;-42,0398
09/08/2025;21:50:00;MUNDO NOVO;Demais falhas na via;Tombamento;Com Vítimas Feridas;Plena Noite;Crescente;Céu Claro;Simples;"Aclive;Em Obras";-23,96381;-54,32317
09/08/2025;23:05:00;VALPARAISO DE GOIAS;Velocidade Incompatível;Saída de leito carroçável;Com Vítimas Feridas;Plena Noite;Crescente;Céu Claro;Dupla;Reta;-16,113505;-47,969301
09/08/2025;18:30:00;TERENOS;Animais na Pista;Atropelamento de Animal;Sem Vítimas;Anoitecer;Crescente;Céu Claro;Dupla;Reta;-20,44945211;-55,15746117
09/08/2025;19:50:00;PRADO;Iluminação deficiente;Colisão traseira;Com Vítimas Feridas;Plena Noite;Crescente;Céu Claro;Simples;"Declive;Reta";-17,136859;-39,570124
09/08/2025;23:30:00;SENADOR JOSE BENTO;Animais na Pista;Atropelamento de Animal;Sem Vítimas;Plena Noite;Crescente;Céu Claro;Simples;Declive;-22,1419378;-46,13348007
09/08/2025;23:30:00;SANTANA DO IPANEMA;Animais na Pista;Atropelamento de Animal;Com Vítimas Feridas;Plena Noite;Decrescente;Céu Claro;Simples;Aclive;-9,37759042;-37,22490756
09/08/2025;13:00:00;INDIANOPOLIS;Conversão proibida;Colisão transversal;Com Vítimas Feridas;Pleno dia;Crescente;Céu Claro;Simples;Reta;-18,922967;-47,783967
09/08/2025;03:30:00;SAO BORJA;Velocidade Incompatível;Saída de leito carroçável;Sem Vítimas;Plena Noite;Crescente;Céu Claro;Simples;Reta;-28,63021041;-56,00040285
09/08/2025;04:15:00;FORTALEZA;Velocidade Incompatível;Colisão com objeto;Sem Vítimas;Amanhecer;Crescente;Céu Claro;Múltipla;Reta;-3,73765451;-38,57696772
09/08/2025;19:21:00;BRASILIA;Velocidade Incompatível;Colisão traseira;Com Vítimas Feridas;Plena Noite;Crescente;Céu Claro;Simples;Reta;-15,634511;-48,200452
08/08/2025;06:50:00;JOAO MONLEVADE;Conversão proibida;Colisão lateral mesmo sentido;Com Vítimas Feridas;Pleno dia;Crescente;Céu Claro;Simples;Reta;-19,842;-43,176
08/08/2025;07:30:00;IBIA;Conversão proibida;Colisão traseira;Com Vítimas Feridas;Pleno dia;Crescente;Céu Claro;Simples;"Interseção de Vias;Em Obras;Reta;Ponte";-19,57046563;-46,56864166
08/08/2025;11:50:00;JAGUARIBE;Ultrapassagem Indevida;Colisão traseira;Com Vítimas Feridas;Pleno dia;Crescente;Céu Claro;Simples;Reta;-5,8194446;-38,537438
08/08/2025;13:00:00;SIMOES FILHO;Deficiência do Sistema de Iluminação/Sinalização;Incêndio;Sem Vítimas;Pleno dia;Crescente;Céu Claro;Dupla;Reta;-12,8402039;-38,4154721
08/08/2025;13:45:00;JAGUARACU;Ultrapassagem Indevida;Colisão transversal;Com Vítimas Fatais;Pleno dia;Decrescente;Céu Claro;Simples;Reta;-19,5858035;-42,730771
08/08/2025;15:15:00;CAXAMBU;Velocidade Incompatível;Colisão frontal;Com Vítimas Feridas;Pleno dia;Decrescente;Chuva;Simples;Rotatória;-21,97077792;-44,92354631
08/08/2025;19:45:00;CARUARU;Animais na Pista;Atropelamento de Animal;Com Vítimas Feridas;Plena Noite;Decrescente;Céu Claro;Dupla;"Declive;Reta";-8,17104;-35,97473
08/08/2025;21:20:00;DIAMANTINO;Ultrapassagem Indevida;Colisão lateral sentido oposto;Com Vítimas Fatais;Plena Noite;Decrescente;Céu Claro;Simples;Reta;-14,396852;-56,345598
08/08/2025;00:30:00;MOSSORO;Animais na Pista;Atropelamento de Animal;Com Vítimas Feridas;Plena Noite;Crescente;Céu Claro;Simples;Reta;-5,1692071;-37,24393186
08/08/2025;03:55:00;ARAQUARI;Chuva;Saída de leito carroçável;Com Vítimas Feridas;Plena Noite;Crescente;Chuva;Dupla;Curva;-26,44352481;-48,79989624
08/08/2025;05:30:00;BURITIZEIRO;Acesso irregular;Colisão frontal;Com Vítimas Feridas;Amanhecer;Decrescente;Céu Claro;Simples;Reta;-17,64724935;-45,40630943
08/08/2025;07:20:00;CAMPINA GRANDE;Conversão proibida;Colisão lateral mesmo sentido;Com Vítimas Feridas;Pleno dia;Crescente;Céu Claro;Simples;Reta;-7,275987;-35,9028888
08/08/2025;12:05:00;ITAJAI;Velocidade Incompatível;Colisão traseira;Com Vítimas Feridas;Pleno dia;Decrescente;Chuva;Dupla;Reta;-26,923038;-48,7076025
08/08/2025;16:10:00;UBATUBA;Conversão proibida;Colisão transversal;Com Vítimas Feridas;Pleno dia;Decrescente;Nublado;Simples;Reta;-23,45162274;-45,07602453
08/08/2025;16:30:00;SOORETAMA;Velocidade Incompatível;Saída de leito carroçável;Com Vítimas Feridas;Pleno dia;Decrescente;Céu Claro;Simples;"Reta;Aclive";-19,05109376;-40,02899504
08/08/2025;16:55:00;ANGRA DOS REIS;Ultrapassagem Indevida;Colisão transversal;Com Vítimas Feridas;Pleno dia;Crescente;Céu Claro;Simples;Reta;-22,994119;-44,248613
08/08/2025;17:00:00;CAMBUI;Velocidade Incompatível;Saída de leito carroçável;Com Vítimas Feridas;Pleno dia;Crescente;Chuva;Dupla;"Curva;Aclive";-22,67462016;-46,09800732
08/08/2025;17:20:00;FEIRA DE SANTANA;Ultrapassagem Indevida;Colisão transversal;Com Vítimas Feridas;Pleno dia;Crescente;Céu Claro;Simples;Reta;-12,235177;-38,94432
08/08/2025;16:30:00;APUCARANA;Velocidade Incompatível;Saída de leito carroçável;Com Vítimas Feridas;Pleno dia;Crescente;Sol;Dupla;Reta;-23,567;-51,525
08/08/2025;10:45:00;MATELANDIA;Condutor usando celular;Colisão com objeto;Com Vítimas Feridas;Pleno dia;Crescente;Céu Claro;Dupla;"Declive;Curva";-25,25073619;-53,98367135
08/08/2025;19:30:00;SILVA JARDIM;Deficiência do Sistema de Iluminação/Sinalização;Colisão traseira;Com Vítimas Feridas;Plena Noite;Crescente;Garoa/Chuvisco;Dupla;Reta;-22,625844;-42,428894
08/08/2025;20:20:00;VITORIA DA CONQUISTA;Deficiência do Sistema de Iluminação/Sinalização;Colisão traseira;Sem Vítimas;Plena Noite;Decrescente;Céu Claro;Simples;Reta;-14,7842;-40,7429
08/08/2025;00:20:00;LARANJEIRAS DO SUL;Velocidade Incompatível;Saída de leito carroçável;Sem Vítimas;Amanhecer;Decrescente;Chuva;Simples;"Declive;Curva";-25,3706;-52,3051
08/08/2025;18:10:00;SAO JOSE DOS PINHAIS;Chuva;Tombamento;Com Vítimas Feridas;Pleno dia;Decrescente;Chuva;Dupla;Reta;-25,52206399;-49,10583302
07/08/2025;02:50:00;COREAU;Iluminação deficiente;Atropelamento de Pedestre;Com Vítimas Fatais;Plena Noite;Crescente;Céu Claro;Simples;Reta;-3,75000917;-40,69250107
07/08/2025;04:40:00;SAO JOSE DOS PINHAIS;Neblina;Colisão traseira;Sem Vítimas;Plena Noite;Crescente;Nevoeiro/Neblina;Múltipla;Reta;-25,569242;-49,224463
07/08/2025;15:50:00;PONTA GROSSA;Velocidade Incompatível;Colisão frontal;Com Vítimas Fatais;Pleno dia;Crescente;Céu Claro;Simples;Reta;-25,052933;-50,312935
07/08/2025;16:00:00;GENERAL CARNEIRO;Velocidade Incompatível;Saída de leito carroçável;Com Vítimas Fatais;Pleno dia;Crescente;Céu Claro;Simples;Curva;-15,569882;-52,911983
07/08/2025;13:30:00;ITAPECURU MIRIM;Ultrapassagem Indevida;Colisão frontal;Com Vítimas Fatais;Pleno dia;Decrescente;Sol;Simples;Reta;-3,378613;-44,377463
07/08/2025;19:00:00;SIMOLANDIA;Demais Fenômenos da natureza;Incêndio;Sem Vítimas;Plena Noite;Decrescente;Céu Claro;Dupla;Reta;-14,46088372;-46,47772461
07/08/2025;21:45:00;MARECHAL FLORIANO;Curva acentuada;Tombamento;Com Vítimas Feridas;Plena Noite;Crescente;Céu Claro;Simples;"Declive;Curva";-20,41732735;-40,81572024
07/08/2025;22:00:00;CAMPOS DOS GOYTACAZES;Velocidade Incompatível;Colisão traseira;Sem Vítimas;Plena Noite;Crescente;Céu Claro;Dupla;Curva;-21,755398;-41,347334
07/08/2025;19:18:00;PEDRO GOMES;Velocidade Incompatível;Colisão traseira;Sem Vítimas;Plena Noite;Crescente;Céu Claro;Simples;Reta;-17,76094593;-54,75196267
07/08/2025;21:40:00;NOVA OLINDA DO MARANHAO;Pista esburacada;Colisão lateral sentido oposto;Sem Vítimas;Plena Noite;Decrescente;Céu Claro;Simples;Reta;-2,861298;-45,689877
07/08/2025;19:35:00;MUQUEM DE SAO FRANCISCO;Ultrapassagem Indevida;Colisão lateral sentido oposto;Com Vítimas Fatais;Plena Noite;Decrescente;Nublado;Simples;Reta;-12,14741709;-43,37882996
07/08/2025;16:00:00;ITAPERUNA;Velocidade Incompatível;Tombamento;Com Vítimas Feridas;Pleno dia;Crescente;Céu Claro;Simples;"Aclive;Curva";-21,25269648;-41,78347198
07/08/2025;21:48:00;NOVO PROGRESSO;Ultrapassagem Indevida;Colisão transversal;Sem Vítimas;Plena Noite;Crescente;Ignorado;Simples;Reta;-7,665;-55,21861
07/08/2025;04:50:00;ITAPECERICA DA SERRA;Velocidade Incompatível;Colisão lateral mesmo sentido;Com Vítimas Feridas;Plena Noite;Crescente;Ignorado;Dupla;"Declive;Curva";-23,63597003;-46,83111208
07/08/2025;07:00:00;SAO JOSE DOS PINHAIS;Velocidade Incompatível;Colisão com objeto;Sem Vítimas;Pleno dia;Crescente;Nublado;Dupla;Reta;-25,74771905;-49,1300869
07/08/2025;07:00:00;BURITI DOS LOPES;Velocidade Incompatível;Colisão com objeto;Com Vítimas Feridas;Pleno dia;Decrescente;Sol;Simples;Curva;-3,16360534;-41,8208027
07/08/2025;07:00:00;LONDRINA;Ultrapassagem Indevida;Colisão lateral mesmo sentido;Com Vítimas Feridas;Pleno dia;Crescente;Céu Claro;Dupla;"Retorno Regulamentado;Reta;Interseção de Vias";-23,29781289;-51,19723027
07/08/2025;06:50:00;JARDIM DO SERIDO;Acesso irregular;Colisão transversal;Com Vítimas Feridas;Pleno dia;Crescente;Céu Claro;Simples;"Reta;Aclive";-6,59338564;-36,78033137
07/08/2025;11:05:00;SAO FRANCISCO DO SUL;Retorno proibido;Colisão traseira;Sem Vítimas;Pleno dia;Crescente;Céu Claro;Simples;Reta;-26,255347;-48,62088
07/08/2025;11:50:00;BOM JESUS DO AMPARO;Afundamento ou ondulação no pavimento;Tombamento;Com Vítimas Feridas;Pleno dia;Decrescente;Sol;Dupla;"Curva;Declive";-19,73818802;-43,51036549
07/08/2025;08:15:00;MANHUACU;Velocidade Incompatível;Colisão traseira;Com Vítimas Feridas;Pleno dia;Decrescente;Nublado;Dupla;"Reta;Aclive";-20,25998388;-42,01889545
07/08/2025;11:50:00;CARATINGA;Animais na Pista;Atropelamento de Animal;Com Vítimas Feridas;Pleno dia;Decrescente;Céu Claro;Simples;"Curva;Aclive";-19,79912065;-42,13872671
07/08/2025;13:10:00;CHAPECO;Velocidade Incompatível;Colisão lateral sentido oposto;Com Vítimas Feridas;Pleno dia;Crescente;Nublado;Simples;"Declive;Reta";-27,04569;-52,635703
07/08/2025;14:00:00;ITABUNA;Acesso irregular;Colisão transversal;Com Vítimas Feridas;Pleno dia;Crescente;Sol;Simples;Reta;-14,79985;-39,29099
07/08/2025;12:12:00;INDAIAL;Acumulo de areia ou detritos sobre o pavimento;Tombamento;Com Vítimas Feridas;Pleno dia;Crescente;Nublado;Simples;"Em Obras;Reta";-26,87086499;-49,21789018
07/08/2025;14:00:00;INDIARA;Velocidade Incompatível;Atropelamento de Pedestre;Com Vítimas Feridas;Pleno dia;Crescente;Céu Claro;Dupla;"Reta;Declive;Em Obras";-17,09946909;-49,875555
07/08/2025;17:20:00;TIBAGI;Velocidade Incompatível;Capotamento;Sem Vítimas;Pleno dia;Decrescente;Nublado;Dupla;Curva;-24,69163;-50,580775
07/08/2025;17:30:00;LONDRINA;Ultrapassagem Indevida;Colisão lateral mesmo sentido;Com Vítimas Feridas;Anoitecer;Crescente;Céu Claro;Simples;Reta;-23,29458677;-51,21114775
07/08/2025;18:40:00;RIO DO FOGO;Animais na Pista;Atropelamento de Animal;Com Vítimas Feridas;Plena Noite;Decrescente;Céu Claro;Simples;Reta;-5,328672;-35,40543
07/08/2025;15:00:00;LEOPOLDINA;Ultrapassagem Indevida;Tombamento;Com Vítimas Feridas;Pleno dia;Crescente;Céu Claro;Simples;"Aclive;Curva";-21,585976;-42,778072
07/08/2025;19:36:00;JUQUITIBA;Pista Escorregadia;Queda de ocupante de veículo;Com Vítimas Feridas;Plena Noite;Decrescente;Céu Claro;Dupla;Reta;-23,93503507;-47,01732159
07/08/2025;19:20:00;GENERAL CARNEIRO;Retorno proibido;Colisão transversal;Com Vítimas Feridas;Plena Noite;Crescente;Céu Claro;Simples;Reta;-15,569882;-52,911983
07/08/2025;19:00:00;BLUMENAU;Deficiência do Sistema de Iluminação/Sinalização;Saída de leito carroçável;Sem Vítimas;Plena Noite;Decrescente;Nublado;Múltipla;"Reta;Em Obras";-26,88420536;-49,14710132
07/08/2025;19:30:00;SINOP;Conversão proibida;Colisão lateral mesmo sentido;Com Vítimas Feridas;Plena Noite;Decrescente;Céu Claro;Simples;Reta;-11,83508397;-55,4884243
07/08/2025;19:30:00;CORRENTINA;Ausência de sinalização;Colisão traseira;Com Vítimas Feridas;Plena Noite;Crescente;Ignorado;Simples;Reta;-13,66733826;-45,80749512
07/08/2025;21:50:00;SAO JOAO DE MERITI;Acumulo de areia ou detritos sobre o pavimento;Tombamento;Com Vítimas Feridas;Plena Noite;Crescente;Nublado;Múltipla;Reta;-22,79495029;-43,36245624
07/08/2025;23:50:00;BETIM;Animais na Pista;Atropelamento de Animal;Com Vítimas Feridas;Plena Noite;Crescente;Nublado;Dupla;Reta;-19,95588529;-44,10506414
07/08/2025;22:20:00;CLAUDIA;Animais na Pista;Capotamento;Com Vítimas Feridas;Plena Noite;Crescente;Céu Claro;Simples;Declive;-11,260078;-55,310928
07/08/2025;22:45:00;JEQUIE;Velocidade Incompatível;Colisão transversal;Com Vítimas Feridas;Plena Noite;Crescente;Céu Claro;Simples;Curva;-13,934233;-39,992036
07/08/2025;21:10:00;SAO JOSE;Velocidade Incompatível;Colisão com objeto;Com Vítimas Feridas;Plena Noite;Decrescente;Céu Claro;Dupla;Reta;-27,53473962;-48,62857215
06/08/2025;00:25:00;PIRIPIRI;Curva acentuada;Saída de leito carroçável;Com Vítimas Feridas;Plena Noite;Decrescente;Céu Claro;Simples;Curva;-4,3155456;-41,7726464