data_inversa;horario;municipio;causa_acidente;tipo_acidente;classificacao_acidente;fase_dia;sentido_via;condicao_metereologica;tipo_pista;tracado_via;latitude;longitude
06/08/2025;06:00:00;MADALENA;Pista esburacada;Tombamento;Com Vítimas Feridas;Amanhecer;Crescente;Céu Claro;Simples;"Reta;Aclive";-4,801416;-39,527866
06/08/2025;04:50:00;CAARAPO;Animais na Pista;Tombamento;Com Vítimas Feridas;Amanhecer;Decrescente;Nevoeiro/Neblina;Dupla;Reta;-22,437386;-54,821354
06/08/2025;06:55:00;SAO FRANCISCO DO SUL;Ultrapassagem Indevida;Colisão lateral mesmo sentido;Com Vítimas Feridas;Pleno dia;Crescente;Nublado;Simples;"Em Obras;Reta";-26,34603714;-48,6574173
06/08/2025;00:15:00;QUATRO BARRAS;Velocidade Incompatível;Tombamento;Com Vítimas Feridas;Plena Noite;Decrescente;Céu Claro;Dupla;Curva;-25,30796478;-48,98336856
06/08/2025;06:30:00;IBIRAMA;Velocidade Incompatível;Colisão com objeto;Sem Vítimas;Amanhecer;Decrescente;Garoa/Chuvisco;Simples;Curva;-27,08196237;-49,50069141
06/08/2025;08:57:00;CAIAPONIA;Velocidade Incompatível;Saída de leito carroçável;Com Vítimas Feridas;Pleno dia;Crescente;Céu Claro;Simples;"Reta;Declive";-17,10554478;-51,8705678
06/08/2025;07:00:00;ENCRUZILHADA;Ultrapassagem Indevida;Saída de leito carroçável;Sem Vítimas;Pleno dia;Crescente;Céu Claro;Simples;Curva;-15,553347;-41,26096
06/08/2025;12:10:00;VARGEM;Animais na Pista;Colisão traseira;Sem Vítimas;Pleno dia;Decrescente;Céu Claro;Dupla;Reta;-22,89433176;-46,41599614
06/08/2025;11:00:00;SAO JOAO DO CARIRI;Ultrapassagem Indevida;Colisão transversal;Com Vítimas Feridas;Pleno dia;Crescente;Céu Claro;Simples;"Curva;Aclive";-7,343993;-36,459018
06/08/2025;13:30:00;SANTO AMARO DA IMPERATRIZ;Velocidade Incompatível;Tombamento;Com Vítimas Fatais;Pleno dia;Decrescente;Nublado;Simples;"Curva;Declive";-27,6883629;-48,7921799
06/08/2025;14:45:00;ARAGUARI;Ultrapassagem Indevida;Colisão lateral mesmo sentido;Com Vítimas Feridas;Pleno dia;Crescente;Céu Claro;Dupla;"Reta;Aclive";-18,63014193;-48,11754227
06/08/2025;17:00:00;NOVA VICOSA;Afundamento ou ondulação no pavimento;Colisão frontal;Com Vítimas Fatais;Plena Noite;Crescente;Céu Claro;Simples;Reta;-17,92945775;-39,83698279
06/08/2025;18:40:00;LAJEDO;Ultrapassagem Indevida;Colisão frontal;Com Vítimas Fatais;Plena Noite;Decrescente;Céu Claro;Simples;Reta;-8,600952;-36,292427
06/08/2025;18:40:00;PONTE ALTA;Ausência de sinalização;Colisão traseira;Com Vítimas Feridas;Plena Noite;Decrescente;Chuva;Simples;"Aclive;Reta";-27,37709135;-50,4303588
06/08/2025;17:05:00;RIACHAO DAS NEVES;Demais Fenômenos da natureza;Incêndio;Sem Vítimas;Pleno dia;Decrescente;Sol;Simples;Reta;-11,98412;-44,932405
06/08/2025;21:30:00;SOBRAL;Velocidade Incompatível;Tombamento;Com Vítimas Fatais;Plena Noite;Decrescente;Céu Claro;Simples;Curva;-3,66502727;-40,18450677
06/08/2025;23:15:00;CAMPINA GRANDE DO SUL;Velocidade Incompatível;Tombamento;Com Vítimas Feridas;Plena Noite;Decrescente;Nublado;Dupla;"Declive;Curva";-25,112015;-48,802805
06/08/2025;09:18:00;MATUPA;Acesso irregular;Saída de leito carroçável;Com Vítimas Feridas;Pleno dia;Crescente;Céu Claro;Simples;Reta;-10,09108;-54,917645
06/08/2025;01:25:00;CACHOEIRINHA;Animais na Pista;Colisão com objeto;Com Vítimas Feridas;Plena Noite;Decrescente;Céu Claro;Dupla;Reta;-29,95858334;-51,08190918
06/08/2025;07:00:00;PALHOCA;Acesso irregular;Colisão transversal;Com Vítimas Feridas;Pleno dia;Crescente;Nublado;Dupla;Reta;-27,65033;-48,6751
06/08/2025;06:30:00;BRASILIA;Ultrapassagem Indevida;Colisão lateral mesmo sentido;Com Vítimas Feridas;Amanhecer;Decrescente;Céu Claro;Simples;Reta;-15,98203064;-47,92389393
06/08/2025;06:32:00;CONTAGEM;Velocidade Incompatível;Tombamento;Com Vítimas Fatais;Pleno dia;Crescente;Céu Claro;Dupla;Reta;-19,83407445;-44,08132195
06/08/2025;07:15:00;GOIANIA;Ultrapassagem Indevida;Colisão frontal;Com Vítimas Feridas;Pleno dia;Decrescente;Sol;Simples;Reta;-16,61576226;-49,2062692
06/08/2025;04:08:00;TERRA NOVA DO NORTE;Animais na Pista;Atropelamento de Animal;Sem Vítimas;Amanhecer;Decrescente;Céu Claro;Simples;Reta;-10,321;-55,037
06/08/2025;08:20:00;MORRO REDONDO;Ultrapassagem Indevida;Colisão frontal;Com Vítimas Feridas;Pleno dia;Decrescente;Nevoeiro/Neblina;Simples;"Reta;Declive";-31,732387;-52,65368
06/08/2025;05:20:00;CATALAO;Deficiência do Sistema de Iluminação/Sinalização;Colisão com objeto;Sem Vítimas;Amanhecer;Decrescente;Céu Claro;Dupla;"Reta;Desvio Temporário;Em Obras";-18,17801;-47,935142
06/08/2025;07:45:00;PONTA GROSSA;Pista Escorregadia;Tombamento;Com Vítimas Feridas;Pleno dia;Crescente;Nublado;Dupla;"Curva;Declive";-25,10361099;-50,19610977
06/08/2025;07:41:00;ANTONINA;Chuva;Saída de leito carroçável;Com Vítimas Feridas;Pleno dia;Crescente;Chuva;Dupla;Curva;-25,111015;-48,751935
06/08/2025;10:00:00;GUARULHOS;Velocidade Incompatível;Colisão traseira;Com Vítimas Feridas;Pleno dia;Crescente;Nublado;Múltipla;"Reta;Em Obras";-23,47542614;-46,51035056
06/08/2025;10:50:00;MAUA DA SERRA;Velocidade Incompatível;Colisão traseira;Com Vítimas Feridas;Pleno dia;Decrescente;Sol;Dupla;Reta;-23,92016262;-51,176922
06/08/2025;12:00:00;PARNAMIRIM;Acostamento em desnível;Tombamento;Com Vítimas Feridas;Pleno dia;Decrescente;Chuva;Dupla;Reta;-5,932673;-35,264722
06/08/2025;13:40:00;APIUNA;Ultrapassagem Indevida;Colisão frontal;Com Vítimas Feridas;Pleno dia;Crescente;Nublado;Simples;"Reta;Interseção de Vias";-27,083709;-49,446679
06/08/2025;14:25:00;MOSSORO;Acesso irregular;Colisão transversal;Com Vítimas Feridas;Pleno dia;Decrescente;Céu Claro;Simples;Reta;-5,196567;-37,316607
06/08/2025;14:00:00;ARAQUARI;Velocidade Incompatível;Saída de leito carroçável;Com Vítimas Feridas;Pleno dia;Decrescente;Nublado;Simples;Reta;-26,37433331;-48,71589867
06/08/2025;15:30:00;BAYEUX;Ultrapassagem Indevida;Colisão lateral mesmo sentido;Com Vítimas Feridas;Pleno dia;Decrescente;Céu Claro;Dupla;Reta;-7,14552472;-34,916394
06/08/2025;14:00:00;PONTES E LACERDA;Animais na Pista;Atropelamento de Animal;Com Vítimas Feridas;Pleno dia;Decrescente;Céu Claro;Simples;Reta;-15,286755;-59,2817183
06/08/2025;17:20:00;BELO JARDIM;Animais na Pista;Atropelamento de Animal;Com Vítimas Feridas;Pleno dia;Decrescente;Céu Claro;Simples;"Declive;Reta";-8,34479;-36,393077
06/08/2025;17:20:00;OLIVEIRA;Velocidade Incompatível;Colisão traseira;Com Vítimas Feridas;Pleno dia;Decrescente;Céu Claro;Dupla;Reta;-20,74068483;-44,77156537
06/08/2025;16:55:00;XAXIM;Velocidade Incompatível;Colisão frontal;Com Vítimas Feridas;Pleno dia;Decrescente;Chuva;Simples;Reta;-26,91776943;-52,49371497
06/08/2025;17:20:00;GUARACIABA;Velocidade Incompatível;Saída de leito carroçável;Com Vítimas Feridas;Pleno dia;Decrescente;Nublado;Simples;Curva;-26,56343338;-53,50891024
06/08/2025;18:00:00;COLORADO DO OESTE;Acumulo de areia ou detritos sobre o pavimento;Queda de ocupante de veículo;Com Vítimas Feridas;Plena Noite;Crescente;Céu Claro;Simples;Reta;-13,15584216;-60,54495335
06/08/2025;15:10:00;BOM RETIRO;Ultrapassagem Indevida;Colisão transversal;Com Vítimas Fatais;Pleno dia;Crescente;Garoa/Chuvisco;Simples;Curva;-27,813598;-49,5999694
06/08/2025;21:20:00;TRES RIOS;Animais na Pista;Atropelamento de Animal;Com Vítimas Feridas;Plena Noite;Decrescente;Céu Claro;Dupla;Reta;-22,1046738;-43,16915128
06/08/2025;22:45:00;MOSSORO;Animais na Pista;Atropelamento de Animal;Com Vítimas Feridas;Plena Noite;Decrescente;Céu Claro;Dupla;Reta;-5,142873;-37,346747
06/08/2025;22:00:00;NOVA SERRANA;Animais na Pista;Atropelamento de Animal;Com Vítimas Feridas;Plena Noite;Crescente;Céu Claro;Simples;Reta;-19,83292391;-45,06299973
06/08/2025;22:25:00;PAULO AFONSO;Animais na Pista;Atropelamento de Animal;Com Vítimas Feridas;Plena Noite;Decrescente;Céu Claro;Simples;Reta;-9,515325;-38,218277
06/08/2025;17:50:00;JOINVILLE;Velocidade Incompatível;Engavetamento;Com Vítimas Feridas;Anoitecer;Crescente;Chuva;Dupla;Reta;-26,26431884;-48,90031664
06/08/2025;08:30:00;CRISTINO CASTRO;Ultrapassagem Indevida;Colisão frontal;Com Vítimas Fatais;Pleno dia;Decrescente;Céu Claro;Simples;"Reta;Declive";-8,76045;-44,166268
05/08/2025;01:40:00;CAMPINA GRANDE DO SUL;Velocidade Incompatível;Tombamento;Com Vítimas Feridas;Plena Noite;Decrescente;Garoa/Chuvisco;Dupla;"Curva;Declive";-25,10339886;-48,7007618
05/08/2025;02:50:00;TRIUNFO POTIGUAR;Velocidade Incompatível;Saída de leito carroçável;Com Vítimas Fatais;Plena Noite;Decrescente;Céu Claro;Simples;Curva;-5,8596007;-37,19644245
05/08/2025;05:00:00;RIBAS DO RIO PARDO;Animais na Pista;Atropelamento de Animal;Com Vítimas Fatais;Amanhecer;Decrescente;Nublado;Simples;Reta;-20,40084961;-53,90131831
05/08/2025;06:10:00;TUCANO;Ultrapassagem Indevida;Colisão frontal;Sem Vítimas;Pleno dia;Decrescente;Céu Claro;Simples;Curva;-10,96651684;-38,75610352
05/08/2025;08:43:00;CONCEICAO DA BARRA;Ultrapassagem Indevida;Colisão lateral mesmo sentido;Com Vítimas Feridas;Pleno dia;Decrescente;Sol;Simples;"Reta;Declive";-18,4611303;-39,92972374
05/08/2025;07:20:00;CONGONHAS;Velocidade Incompatível;Saída de leito carroçável;Com Vítimas Fatais;Pleno dia;Crescente;Sol;Simples;"Curva;Declive";-20,453023;-43,840541
05/08/2025;05:30:00;PARAGOMINAS;Deficiência do Sistema de Iluminação/Sinalização;Colisão traseira;Com Vítimas Feridas;Amanhecer;Decrescente;Nublado;Simples;"Declive;Reta";-3,435338;-47,457965
05/08/2025;19:30:00;POUSO ALTO;Velocidade Incompatível;Colisão com objeto;Com Vítimas Feridas;Plena Noite;Crescente;Céu Claro;Simples;"Declive;Curva";-22,13711798;-44,96987343
05/08/2025;00:45:00;CURITIBA;Velocidade Incompatível;Colisão com objeto;Com Vítimas Feridas;Plena Noite;Crescente;Céu Claro;Múltipla;Curva;-25,55579;-49,306441
05/08/2025;01:57:00;PONTES E LACERDA;Animais na Pista;Atropelamento de Animal;Com Vítimas Feridas;Plena Noite;Decrescente;Céu Claro;Simples;Reta;-15,25159245;-59,33009863
05/08/2025;05:49:00;CAMPO GRANDE;Ultrapassagem Indevida;Colisão lateral sentido oposto;Com Vítimas Feridas;Amanhecer;Decrescente;Céu Claro;Simples;Reta;-20,574816;-54,702981
05/08/2025;07:41:00;SERRA;Sinalização mal posicionada;Colisão traseira;Com Vítimas Feridas;Pleno dia;Crescente;Céu Claro;Dupla;Curva;-20,0488657;-40,3866812
05/08/2025;07:40:00;JABOATAO DOS GUARARAPES;Acesso irregular;Colisão transversal;Com Vítimas Feridas;Pleno dia;Crescente;Garoa/Chuvisco;Dupla;"Reta;Interseção de Vias";-8,22532;-34,99349
05/08/2025;09:15:00;CAMPINA GRANDE DO SUL;Chuva;Saída de leito carroçável;Com Vítimas Feridas;Pleno dia;Decrescente;Garoa/Chuvisco;Dupla;Curva;-25,0703257;-48,586307
05/08/2025;13:10:00;CASCAVEL;Velocidade Incompatível;Colisão traseira;Com Vítimas Feridas;Pleno dia;Crescente;Céu Claro;Simples;"Reta;Interseção de Vias";-24,97;-53,43
05/08/2025;11:30:00;PETROPOLIS;Velocidade Incompatível;Saída de leito carroçável;Com Vítimas Feridas;Pleno dia;Decrescente;Nublado;Simples;Curva;-22,2824812;-43,1192892
05/08/2025;14:50:00;CARUARU;Chuva;Capotamento;Sem Vítimas;Plena Noite;Crescente;Chuva;Dupla;Reta;-8,30493;-35,969161
05/08/2025;14:20:00;JOINVILLE;Velocidade Incompatível;Colisão com objeto;Com Vítimas Feridas;Pleno dia;Crescente;Chuva;Dupla;Curva;-26,15025499;-48,90919559
05/08/2025;14:45:00;SAO JOSE;Sinalização mal posicionada;Atropelamento de Pedestre;Com Vítimas Feridas;Pleno dia;Crescente;Chuva;Dupla;"Reta;Interseção de Vias";-27,5528667;-48,6196682
05/08/2025;14:30:00;MANDAGUARI;Ultrapassagem Indevida;Colisão lateral mesmo sentido;Com Vítimas Feridas;Pleno dia;Crescente;Céu Claro;Simples;Interseção de Vias;-23,52137308;-51,67952506
05/08/2025;15:45:00;JABOATAO DOS GUARARAPES;Ultrapassagem Indevida;Colisão lateral mesmo sentido;Com Vítimas Feridas;Pleno dia;Decrescente;Chuva;Dupla;Reta;-8,214822;-34,987232
05/08/2025;16:40:00;DIVINO;Velocidade Incompatível;Colisão com objeto;Com Vítimas Feridas;Pleno dia;Crescente;Céu Claro;Simples;"Curva;Aclive";-20,61298277;-42,21376419
05/08/2025;18:40:00;FEIRA DE SANTANA;Ultrapassagem Indevida;Colisão frontal;Com Vítimas Feridas;Plena Noite;Decrescente;Céu Claro;Simples;Reta;-12,2473;-38,9344
05/08/2025;18:57:00;NOVA IGUACU;Ultrapassagem Indevida;Colisão lateral mesmo sentido;Com Vítimas Fatais;Plena Noite;Crescente;Céu Claro;Dupla;Reta;-22,74959304;-43,44138477
05/08/2025;13:00:00;LAGOINHA DO PIAUI;Afundamento ou ondulação no pavimento;Tombamento;Com Vítimas Feridas;Pleno dia;Decrescente;Sol;Simples;Reta;-5,8144647;-42,62180328
05/08/2025;15:10:00;PLANALTO;Ultrapassagem Indevida;Colisão frontal;Com Vítimas Feridas;Pleno dia;Crescente;Sol;Simples;"Reta;Declive";-14,690408;-40,563852
05/08/2025;18:30:00;LINHARES;Retorno proibido;Colisão transversal;Com Vítimas Feridas;Pleno dia;Decrescente;Céu Claro;Simples;Reta;-19,34509012;-40,06368653
05/08/2025;13:40:00;CAMPOS DOS GOYTACAZES;Acumulo de areia ou detritos sobre o pavimento;Tombamento;Com Vítimas Feridas;Pleno dia;Crescente;Céu Claro;Simples;Reta;-21,71892354;-41,3125941
05/08/2025;18:20:00;APODI;Ultrapassagem Indevida;Colisão lateral sentido oposto;Sem Vítimas;Plena Noite;Decrescente;Céu Claro;Simples;Reta;-5,618045;-37,788611
05/08/2025;19:30:00;CAMPINA GRANDE;Sinalização mal posicionada;Colisão traseira;Com Vítimas Feridas;Plena Noite;Decrescente;Chuva;Simples;"Desvio Temporário;Em Obras";-7,166245;-36,0643533
05/08/2025;18:02:00;GOVERNADOR MANGABEIRA;Acesso irregular;Colisão transversal;Com Vítimas Feridas;Anoitecer;Crescente;Céu Claro;Simples;"Declive;Reta";-12,598826;-39,04481
05/08/2025;19:50:00;UNIAO DA VITORIA;Velocidade Incompatível;Saída de leito carroçável;Com Vítimas Fatais;Plena Noite;Decrescente;Nevoeiro/Neblina;Simples;"Declive;Curva";-26,23667;-51,15447
05/08/2025;22:30:00;TERESINA;Chuva;Saída de leito carroçável;Com Vítimas Feridas;Plena Noite;Crescente;Chuva;Dupla;Reta;-5,062612;-42,71823
05/08/2025;05:40:00;AMELIA RODRIGUES;Animais na Pista;Atropelamento de Animal;Com Vítimas Feridas;Pleno dia;Crescente;Nublado;Dupla;Reta;-12,49874534;-38,64768147
05/08/2025;15:00:00;UBERABA;Acumulo de areia ou detritos sobre o pavimento;Tombamento;Com Vítimas Feridas;Pleno dia;Crescente;Nublado;Simples;Curva;-19,767198;-47,889458
05/08/2025;14:00:00;AGUAS MORNAS;Velocidade Incompatível;Colisão transversal;Com Vítimas Feridas;Pleno dia;Decrescente;Chuva;Simples;Reta;-27,6884182;-48,9774839
04/08/2025;00:45:00;SAO GONCALO;Deficiência do Sistema de Iluminação/Sinalização;Colisão traseira;Com Vítimas Fatais;Plena Noite;Crescente;Céu Claro;Dupla;Reta;-22,81922577;-43,08099747
04/08/2025;07:10:00;ITAPEMIRIM;Velocidade Incompatível;Tombamento;Com Vítimas Feridas;Pleno dia;Crescente;Céu Claro;Simples;Curva;-20,8930026;-41,0277974
04/08/2025;07:30:00;CARIACICA;Velocidade Incompatível;Colisão traseira;Com Vítimas Feridas;Pleno dia;Crescente;Céu Claro;Dupla;Reta;-20,346398;-40,4109828
04/08/2025;15:40:00;VARZEA GRANDE;Pista Escorregadia;Colisão frontal;Com Vítimas Fatais;Pleno dia;Crescente;Chuva;Simples;Curva;-15,60035;-56,20656
04/08/2025;18:00:00;IRATI;Ausência de sinalização;Colisão lateral sentido oposto;Sem Vítimas;Plena Noite;Decrescente;Nublado;Simples;"Reta;Aclive;Em Obras";-25,539384;-50,6599
04/08/2025;18:45:00;DOM ELISEU;Ultrapassagem Indevida;Colisão lateral sentido oposto;Sem Vítimas;Plena Noite;Crescente;Céu Claro;Simples;Reta;-4,249553;-47,561438
04/08/2025;20:30:00;CANDIDO SALES;Iluminação deficiente;Colisão transversal;Com Vítimas Fatais;Plena Noite;Crescente;Céu Claro;Simples;"Declive;Reta";-15,4648;-41,23802
04/08/2025;17:15:00;PEROLA DOESTE;Condutor usando celular;Colisão frontal;Com Vítimas Feridas;Pleno dia;Decrescente;Nublado;Simples;Reta;-25,907014;-53,747622
04/08/2025;18:40:00;CANDIDO SALES;Ultrapassagem Indevida;Colisão frontal;Sem Vítimas;Plena Noite;Decrescente;Céu Claro;Simples;Reta;-15,48815;-41,24053
04/08/2025;08:45:00;POUSO NOVO;Velocidade Incompatível;Colisão transversal;Com Vítimas Feridas;Pleno dia;Decrescente;Chuva;Simples;"Em Obras;Curva;Aclive";-29,207754;-52,182019
04/08/2025;00:20:00;NOVA IGUACU;Condutor usando celular;Colisão traseira;Com Vítimas Feridas;Plena Noite;Decrescente;Céu Claro;Múltipla;Reta;-22,73905534;-43,47220151
04/08/2025;01:34:00;PARAOPEBA;Animais na Pista;Atropelamento de Animal;Com Vítimas Feridas;Plena Noite;Crescente;Ignorado;Dupla;Reta;-19,273895;-44,419048
04/08/2025;01:25:00;PATOS;Animais na Pista;Tombamento;Com Vítimas Fatais;Plena Noite;Crescente;Céu Claro;Simples;Reta;-7,035697;-37,309758
04/08/2025;04:45:00;MUNDO NOVO;Chuva;Saída de leito carroçável;Com Vítimas Feridas;Plena Noite;Crescente;Chuva;Simples;Reta;-23,95464602;-54,31666374
04/08/2025;06:30:00;CAMPOS DOS GOYTACAZES;Velocidade Incompatível;Saída de leito carroçável;Com Vítimas Feridas;Pleno dia;Crescente;Céu Claro;Dupla;Reta;-21,87240342;-41,56791971
04/08/2025;07:35:00;GOVERNADOR CELSO RAMOS;Acumulo de areia ou detritos sobre o pavimento;Tombamento;Com Vítimas Feridas;Pleno dia;Decrescente;Garoa/Chuvisco;Simples;Viaduto;-27,378614;-48,630786
04/08/2025;07:55:00;SANTA TEREZA DO OESTE;Chuva;Saída de leito carroçável;Com Vítimas Feridas;Pleno dia;Crescente;Chuva;Dupla;Curva;-25,11522879;-53,58528821
04/08/2025;08:30:00;BIGUACU;Pista Escorregadia;Colisão com objeto;Com Vítimas Feridas;Pleno dia;Decrescente;Chuva;Dupla;Reta;-27,474867;-48,640713
04/08/2025;07:45:00;CARIACICA;Velocidade Incompatível;Tombamento;Com Vítimas Feridas;Pleno dia;Crescente;Céu Claro;Múltipla;Reta;-20,33035781;-40,39916849
04/08/2025;08:50:00;TRES FORQUILHAS;Pista Escorregadia;Colisão com objeto;Com Vítimas Feridas;Pleno dia;Crescente;Chuva;Dupla;Curva;-29,537506;-50,030541
04/08/2025;09:45:00;CAMPINA GRANDE;Velocidade Incompatível;Saída de leito carroçável;Com Vítimas Feridas;Pleno dia;Decrescente;Chuva;Simples;"Curva;Retorno Regulamentado";-7,204325;-35,951478
04/08/2025;16:15:00;BIGUACU;Pista Escorregadia;Colisão com objeto;Com Vítimas Feridas;Pleno dia;Decrescente;Chuva;Dupla;Curva;-27,4703989;-48,6410945
04/08/2025;15:59:00;LUZIANIA;Acesso irregular;Colisão traseira;Com Vítimas Feridas;Pleno dia;Decrescente;Céu Claro;Dupla;"Retorno Regulamentado;Reta";-16,167098;-47,929905
04/08/2025;14:05:00;GOVERNADOR VALADARES;Conversão proibida;Colisão traseira;Com Vítimas Feridas;Pleno dia;Decrescente;Céu Claro;Simples;Reta;-18,76781679;-41,9848866
04/08/2025;16:40:00;FLEXEIRAS;Chuva;Saída de leito carroçável;Com Vítimas Feridas;Pleno dia;Decrescente;Chuva;Dupla;Curva;-9,17018282;-35,77430472
04/08/2025;18:15:00;NOVA ERA;Deficiência do Sistema de Iluminação/Sinalização;Incêndio;Sem Vítimas;Plena Noite;Crescente;Céu Claro;Simples;"Declive;Reta";-19,800376;-43
04/08/2025;18:30:00;CONDE;Animais na Pista;Atropelamento de Animal;Com Vítimas Feridas;Plena Noite;Decrescente;Céu Claro;Dupla;Declive;-7,217977;-34,912772
04/08/2025;18:40:00;CAMPO LARGO;Demais falhas na via;Tombamento;Com Vítimas Feridas;Plena Noite;Crescente;Céu Claro;Dupla;"Reta;Em Obras";-25,446;-49,572
04/08/2025;18:20:00;SANTA CECILIA;Chuva;Saída de leito carroçável;Sem Vítimas;Plena Noite;Crescente;Céu Claro;Simples;Reta;-26,77613;-50,34803
04/08/2025;18:44:00;GOIANA;Animais na Pista;Atropelamento de Animal;Com Vítimas Feridas;Plena Noite;Decrescente;Nublado;Dupla;Reta;-7,55467877;-34,99106574
04/08/2025;15:40:00;POCO DAS TRINCHEIRAS;Demais falhas na via;Queda de ocupante de veículo;Com Vítimas Feridas;Pleno dia;Decrescente;Garoa/Chuvisco;Simples;Aclive;-9,32529;-37,306738
04/08/2025;18:15:00;MONTEIRO;Deficiência do Sistema de Iluminação/Sinalização;Colisão traseira;Com Vítimas Feridas;Plena Noite;Crescente;Nublado;Simples;"Reta;Ponte";-7,887063;-37,107088
04/08/2025;19:10:00;GRAVATA;Ultrapassagem Indevida;Colisão frontal;Com Vítimas Feridas;Plena Noite;Crescente;Céu Claro;Simples;Reta;-8,192;-35,548
04/08/2025;23:15:00;EXTREMOZ;Velocidade Incompatível;Colisão traseira;Com Vítimas Feridas;Plena Noite;Decrescente;Céu Claro;Simples;Reta;-5,679478;-35,262845
04/08/2025;05:20:00;MILAGRES;Chuva;Colisão lateral sentido oposto;Com Vítimas Feridas;Amanhecer;Crescente;Garoa/Chuvisco;Simples;Reta;-7,29992895;-38,88620496
04/08/2025;15:40:00;SAPUCAIA;Ultrapassagem Indevida;Colisão frontal;Sem Vítimas;Pleno dia;Crescente;Céu Claro;Simples;Reta;-6,96719154;-49,72560791
03/08/2025;09:00:00;POUSO NOVO;Velocidade Incompatível;Colisão lateral sentido oposto;Com Vítimas Feridas;Pleno dia;Decrescente;Chuva;Simples;"Declive;Curva";-29,20134327;-52,18315984
03/08/2025;12:00:00;IBIA;Velocidade Incompatível;Tombamento;Com Vítimas Feridas;Pleno dia;Crescente;Céu Claro;Simples;"Ponte;Curva;Declive";-19,58597025;-46,40152328
03/08/2025;12:12:00;JUAZEIRO;Acostamento em desnível;Colisão lateral mesmo sentido;Com Vítimas Fatais;Pleno dia;Crescente;Céu Claro;Simples;Reta;-9,4258897;-40,5054529
03/08/2025;13:50:00;JAGUARUNA;Chuva;Colisão com objeto;Com Vítimas Feridas;Pleno dia;Decrescente;Chuva;Dupla;Curva;-28,591999;-49,0449101
03/08/2025;14:50:00;PERDOES;Velocidade Incompatível;Colisão com objeto;Com Vítimas Feridas;Pleno dia;Crescente;Céu Claro;Simples;"Curva;Rotatória";-21,106449;-45,091368
03/08/2025;12:30:00;CONCEICAO DA BARRA;Ultrapassagem Indevida;Saída de leito carroçável;Com Vítimas Feridas;Pleno dia;Crescente;Céu Claro;Simples;Reta;-18,37805076;-39,94661524
03/08/2025;05:30:00;GENERAL CARNEIRO;Velocidade Incompatível;Saída de leito carroçável;Com Vítimas Feridas;Plena Noite;Crescente;Nublado;Simples;Curva;-26,3803;-51,264987
03/08/2025;06:20:00;MARINGA;Velocidade Incompatível;Colisão traseira;Com Vítimas Feridas;Plena Noite;Crescente;Nublado;Dupla;"Declive;Reta";-23,40520675;-51,99405313
03/08/2025;04:45:00;CARMOPOLIS DE MINAS;Velocidade Incompatível;Tombamento;Com Vítimas Feridas;Plena Noite;Decrescente;Céu Claro;Dupla;"Curva;Declive";-20,61048826;-44,73511191
03/08/2025;06:10:00;JEQUIE;Pista esburacada;Capotamento;Com Vítimas Feridas;Pleno dia;Crescente;Céu Claro;Simples;Reta;-13,923633;-40,00771523
03/08/2025;11:30:00;PETROPOLIS;Velocidade Incompatível;Colisão com objeto;Com Vítimas Feridas;Pleno dia;Crescente;Céu Claro;Dupla;Curva;-22,451145;-43,203295
03/08/2025;12:45:00;NOVA UNIAO;Afundamento ou ondulação no pavimento;Tombamento;Com Vítimas Feridas;Pleno dia;Decrescente;Céu Claro;Dupla;"Declive;Curva";-19,752562;-43,539265
03/08/2025;14:00:00;ARAGUARI;Velocidade Incompatível;Tombamento;Com Vítimas Fatais;Pleno dia;Crescente;Céu Claro;Dupla;"Curva;Aclive";-18,51598558;-48,03597897
03/08/2025;12:30:00;CUNHA PORA;Acumulo de água sobre o pavimento;Saída de leito carroçável;Com Vítimas Feridas;Pleno dia;Decrescente;Chuva;Simples;"Curva;Declive";-26,82385057;-53,15038562
03/08/2025;13:20:00;NAZARE DO PIAUI;Velocidade Incompatível;Colisão com objeto;Sem Vítimas;Pleno dia;Decrescente;Céu Claro;Simples;Reta;-6,949;-42,711233
03/08/2025;15:40:00;SAO FRANCISCO DO OESTE;Ultrapassagem Indevida;Colisão frontal;Com Vítimas Fatais;Pleno dia;Decrescente;Céu Claro;Simples;Reta;-5,995559;-38,163052
03/08/2025;12:00:00;CAPIXABA;Pista esburacada;Saída de leito carroçável;Com Vítimas Feridas;Pleno dia;Crescente;Céu Claro;Simples;Reta;-10,592732;-67,925341
03/08/2025;16:00:00;FLORES DE GOIAS;Ultrapassagem Indevida;Colisão frontal;Sem Vítimas;Pleno dia;Decrescente;Céu Claro;Simples;Reta;-14,781568;-46,690673
03/08/2025;15:40:00;SAO JOAO DO MANHUACU;Velocidade Incompatível;Tombamento;Com Vítimas Feridas;Pleno dia;Crescente;Céu Claro;Simples;Reta;-20,38305;-42,147085
03/08/2025;17:00:00;PORTO SEGURO;Velocidade Incompatível;Capotamento;Com Vítimas Feridas;Anoitecer;Crescente;Nublado;Simples;Curva;-16,39623661;-39,41516876
03/08/2025;15:45:00;BURITI DOS LOPES;Conversão proibida;Colisão transversal;Com Vítimas Feridas;Pleno dia;Decrescente;Céu Claro;Simples;Reta;-3,32184504;-41,74221039
03/08/2025;18:20:00;GOIATUBA;Velocidade Incompatível;Capotamento;Com Vítimas Feridas;Plena Noite;Crescente;Céu Claro;Dupla;Reta;-18,011492;-49,262277
03/08/2025;18:00:00;MANGARATIBA;Curva acentuada;Saída de leito carroçável;Com Vítimas Feridas;Plena Noite;Decrescente;Céu Claro;Simples;Curva;-22,9408768;-43,9943168