data_inversa;horario;municipio;causa_acidente;tipo_acidente;classificacao_acidente;fase_dia;sentido_via;condicao_metereologica;tipo_pista;tracado_via;latitude;longitude
03/08/2025;19:30:00;CARIRI DO TOCANTINS;Deficiência do Sistema de Iluminação/Sinalização;Colisão lateral mesmo sentido;Com Vítimas Feridas;Plena Noite;Decrescente;Céu Claro;Simples;Reta;-11,867;-49,1547
03/08/2025;20:00:00;PORTO SEGURO;Animais na Pista;Atropelamento de Animal;Com Vítimas Feridas;Plena Noite;Decrescente;Garoa/Chuvisco;Simples;Reta;-16,41369195;-39,16282654
03/08/2025;22:00:00;SAO GONCALO DO AMARANTE;Animais na Pista;Atropelamento de Animal;Com Vítimas Feridas;Plena Noite;Crescente;Céu Claro;Simples;Reta;-5,71801547;-35,27445054
03/08/2025;21:15:00;MOSSORO;Animais na Pista;Atropelamento de Animal;Com Vítimas Feridas;Plena Noite;Crescente;Céu Claro;Simples;Reta;-5,191648;-37,309962
03/08/2025;22:20:00;ARACRUZ;Acumulo de areia ou detritos sobre o pavimento;Saída de leito carroçável;Com Vítimas Feridas;Plena Noite;Decrescente;Céu Claro;Simples;Reta;-19,58842636;-40,19146228
03/08/2025;21:30:00;CARAZINHO;Acumulo de água sobre o pavimento;Saída de leito carroçável;Com Vítimas Feridas;Plena Noite;Crescente;Chuva;Simples;"Curva;Declive";-28,27990714;-52,7653268
03/08/2025;18:00:00;SAO SEBASTIAO;Acesso irregular;Atropelamento de Pedestre;Com Vítimas Feridas;Plena Noite;Decrescente;Chuva;Dupla;Reta;-9,99233459;-36,58442438
03/08/2025;05:50:00;MARECHAL CANDIDO RONDON;Acumulo de areia ou detritos sobre o pavimento;Queda de ocupante de veículo;Com Vítimas Feridas;Plena Noite;Crescente;Céu Claro;Simples;"Curva;Declive;Interseção de Vias";-24,5671186;-54,03357522
02/08/2025;10:30:00;JABOATAO DOS GUARARAPES;Velocidade Incompatível;Colisão com objeto;Sem Vítimas;Pleno dia;Decrescente;Céu Claro;Dupla;Curva;-8,07855;-34,99118
02/08/2025;07:28:00;CAMPINA GRANDE DO SUL;Curva acentuada;Tombamento;Com Vítimas Feridas;Pleno dia;Decrescente;Céu Claro;Dupla;"Declive;Curva";-25,11429;-48,846762
02/08/2025;11:00:00;RORAINOPOLIS;Demais falhas na via;Colisão frontal;Com Vítimas Fatais;Pleno dia;Decrescente;Céu Claro;Simples;Reta;-0,43848;-60,66986
02/08/2025;09:50:00;JARU;Ultrapassagem Indevida;Colisão frontal;Com Vítimas Fatais;Pleno dia;Crescente;Céu Claro;Simples;Reta;-10,566864;-62,373507
02/08/2025;18:30:00;MIRANDA;Acostamento em desnível;Tombamento;Sem Vítimas;Plena Noite;Crescente;Céu Claro;Simples;Reta;-19,96684;-56,836195
02/08/2025;22:45:00;QUEIMADOS;Velocidade Incompatível;Colisão traseira;Sem Vítimas;Plena Noite;Decrescente;Céu Claro;Dupla;Reta;-22,7354711;-43,5545492
02/08/2025;04:35:00;FRANCISCO SA;Velocidade Incompatível;Tombamento;Com Vítimas Feridas;Amanhecer;Crescente;Céu Claro;Simples;Reta;-16,4728126;-43,475464
02/08/2025;03:50:00;GUARULHOS;Velocidade Incompatível;Capotamento;Com Vítimas Feridas;Plena Noite;Decrescente;Céu Claro;Dupla;Reta;-23,49509478;-46,55938117
02/08/2025;03:35:00;ITAGUAI;Iluminação deficiente;Atropelamento de Animal;Com Vítimas Feridas;Plena Noite;Decrescente;Céu Claro;Simples;Reta;-22,85744502;-43,76132476
02/08/2025;04:00:00;PALHOCA;Velocidade Incompatível;Colisão com objeto;Com Vítimas Fatais;Plena Noite;Decrescente;Céu Claro;Múltipla;Reta;-27,640208;-48,667442
02/08/2025;05:00:00;PELOTAS;Velocidade Incompatível;Saída de leito carroçável;Com Vítimas Feridas;Plena Noite;Crescente;Nublado;Simples;"Curva;Aclive";-31,61739;-52,5086929
02/08/2025;02:00:00;JATOBA;Ultrapassagem Indevida;Colisão frontal;Com Vítimas Feridas;Plena Noite;Decrescente;Céu Claro;Simples;"Reta;Aclive";-9,27644808;-38,21763039
02/08/2025;05:18:00;CEARA-MIRIM;Animais na Pista;Atropelamento de Animal;Sem Vítimas;Amanhecer;Decrescente;Vento;Simples;Reta;-5,64752522;-35,44906268
02/08/2025;06:45:00;UBERLANDIA;Pista Escorregadia;Tombamento;Com Vítimas Feridas;Pleno dia;Decrescente;Céu Claro;Simples;Rotatória;-18,91065;-48,3035
02/08/2025;00:20:00;BACABAL;Velocidade Incompatível;Colisão traseira;Com Vítimas Fatais;Plena Noite;Crescente;Céu Claro;Simples;Reta;-4,22418773;-44,7933197
02/08/2025;09:40:00;SAO JOAO DO MANHUACU;Conversão proibida;Colisão transversal;Com Vítimas Feridas;Pleno dia;Crescente;Céu Claro;Simples;Interseção de Vias;-20,394;-42,148
02/08/2025;09:00:00;BRASILIA;Sinalização mal posicionada;Colisão traseira;Com Vítimas Feridas;Pleno dia;Crescente;Céu Claro;Dupla;Em Obras;-15,648608;-47,771831
02/08/2025;09:25:00;CARATINGA;Ultrapassagem Indevida;Colisão traseira;Com Vítimas Feridas;Pleno dia;Crescente;Sol;Simples;Curva;-19,76997484;-42,13210702
02/08/2025;08:50:00;SORRISO;Ultrapassagem Indevida;Colisão frontal;Com Vítimas Feridas;Pleno dia;Crescente;Céu Claro;Simples;"Reta;Em Obras";-12,394819;-55,619238
02/08/2025;12:00:00;SANGAO;Velocidade Incompatível;Saída de leito carroçável;Com Vítimas Feridas;Pleno dia;Crescente;Céu Claro;Múltipla;"Retorno Regulamentado;Rotatória";-28,64178467;-49,10028458
02/08/2025;12:30:00;JOAO CAMARA;Conversão proibida;Colisão transversal;Com Vítimas Feridas;Pleno dia;Crescente;Céu Claro;Simples;Reta;-5,48731;-35,902444
02/08/2025;08:50:00;MONTES CLAROS;Pista Escorregadia;Saída de leito carroçável;Com Vítimas Feridas;Pleno dia;Crescente;Céu Claro;Simples;"Declive;Reta";-16,6537055;-43,7179377
02/08/2025;15:00:00;PACAJUS;Ultrapassagem Indevida;Colisão frontal;Com Vítimas Feridas;Pleno dia;Crescente;Céu Claro;Simples;"Declive;Reta";-4,23116;-38,47886
02/08/2025;15:07:00;BOM RETIRO;Conversão proibida;Colisão transversal;Com Vítimas Feridas;Pleno dia;Decrescente;Céu Claro;Simples;Reta;-27,82020459;-49,5620513
02/08/2025;15:30:00;FONTOURA XAVIER;Ultrapassagem Indevida;Colisão lateral sentido oposto;Com Vítimas Feridas;Pleno dia;Decrescente;Céu Claro;Simples;"Em Obras;Declive";-28,902822;-52,400292
02/08/2025;13:00:00;ITABORAI;Acesso irregular;Colisão lateral sentido oposto;Com Vítimas Feridas;Pleno dia;Crescente;Céu Claro;Simples;"Reta;Aclive";-22,77363469;-42,86827767
02/08/2025;17:30:00;MAGE;Conversão proibida;Colisão transversal;Com Vítimas Feridas;Anoitecer;Decrescente;Céu Claro;Simples;Reta;-22,663638;-43,036396
02/08/2025;15:35:00;SERRA BRANCA;Acesso irregular;Colisão frontal;Com Vítimas Feridas;Pleno dia;Crescente;Sol;Simples;Reta;-7,489085;-36,650553
02/08/2025;18:30:00;SAO PAULO;Sinalização mal posicionada;Colisão com objeto;Com Vítimas Feridas;Plena Noite;Crescente;Céu Claro;Múltipla;"Reta;Em Obras;Declive";-23,50139182;-46,56440226
02/08/2025;17:10:00;MONTES CLAROS DE GOIAS;Animais na Pista;Saída de leito carroçável;Com Vítimas Feridas;Pleno dia;Crescente;Céu Claro;Simples;Reta;-15,919502;-51,408203
02/08/2025;18:35:00;CABEDELO;Afundamento ou ondulação no pavimento;Tombamento;Com Vítimas Feridas;Plena Noite;Crescente;Garoa/Chuvisco;Dupla;Reta;-7,05619181;-34,85076475
02/08/2025;18:00:00;TEIXEIRA DE FREITAS;Velocidade Incompatível;Saída de leito carroçável;Com Vítimas Feridas;Plena Noite;Decrescente;Céu Claro;Simples;Reta;-17,5588836;-39,7263003
02/08/2025;18:50:00;UBERLANDIA;Velocidade Incompatível;Colisão lateral mesmo sentido;Com Vítimas Feridas;Plena Noite;Crescente;Céu Claro;Dupla;Reta;-18,908894;-48,310277
02/08/2025;19:40:00;BOZANO;Afundamento ou ondulação no pavimento;Colisão frontal;Com Vítimas Feridas;Plena Noite;Crescente;Nublado;Simples;Reta;-28,36708434;-53,816185
02/08/2025;20:25:00;LAURENTINO;Velocidade Incompatível;Capotamento;Com Vítimas Fatais;Plena Noite;Decrescente;Céu Claro;Simples;Reta;-27,243245;-49,68979
02/08/2025;19:25:00;ARAQUARI;Ultrapassagem Indevida;Colisão lateral mesmo sentido;Com Vítimas Fatais;Plena Noite;Crescente;Céu Claro;Dupla;Curva;-26,452728;-48,782707
02/08/2025;20:00:00;ITATIAIUCU;Conversão proibida;Colisão lateral mesmo sentido;Com Vítimas Feridas;Plena Noite;Crescente;Céu Claro;Simples;Interseção de Vias;-20,2268799;-44,39580409
02/08/2025;20:45:00;PETROPOLIS;Velocidade Incompatível;Colisão lateral sentido oposto;Sem Vítimas;Plena Noite;Decrescente;Vento;Simples;Curva;-22,3993837;-43,10927868
02/08/2025;20:05:00;REDUTO;Velocidade Incompatível;Colisão frontal;Com Vítimas Feridas;Plena Noite;Crescente;Céu Claro;Simples;"Declive;Curva";-20,253841;-41,997153
02/08/2025;20:40:00;XEXEU;Velocidade Incompatível;Colisão frontal;Com Vítimas Feridas;Plena Noite;Crescente;Céu Claro;Dupla;Reta;-8,81686;-35,63751
02/08/2025;22:40:00;BOA VISTA;Pista esburacada;Queda de ocupante de veículo;Com Vítimas Feridas;Plena Noite;Crescente;Céu Claro;Simples;Reta;2,71960198;-60,82450206
02/08/2025;23:10:00;IRATI;Ultrapassagem Indevida;Colisão lateral mesmo sentido;Com Vítimas Feridas;Plena Noite;Decrescente;Nublado;Simples;Reta;-25,49347838;-50,64664006
02/08/2025;22:00:00;RIO NEGRO;Animais na Pista;Atropelamento de Animal;Com Vítimas Feridas;Plena Noite;Crescente;Céu Claro;Simples;Reta;-19,346285;-54,988831
02/08/2025;23:30:00;CUITE;Animais na Pista;Atropelamento de Animal;Com Vítimas Fatais;Plena Noite;Decrescente;Garoa/Chuvisco;Simples;Reta;-6,595387;-36,139177
02/08/2025;09:00:00;PEDRO LEOPOLDO;Velocidade Incompatível;Queda de ocupante de veículo;Com Vítimas Feridas;Pleno dia;Decrescente;Céu Claro;Dupla;"Reta;Aclive";-19,668638;-44,19451
02/08/2025;12:35:00;HERVAL DOESTE;Velocidade Incompatível;Saída de leito carroçável;Com Vítimas Feridas;Pleno dia;Crescente;Sol;Simples;"Declive;Curva";-27,1953922;-51,5063221
02/08/2025;17:30:00;OURO PRETO DO OESTE;Ultrapassagem Indevida;Colisão frontal;Com Vítimas Feridas;Pleno dia;Crescente;Sol;Simples;Declive;-10,64635;-62,307673
02/08/2025;14:45:00;MARABA;Velocidade Incompatível;Colisão traseira;Com Vítimas Feridas;Pleno dia;Crescente;Céu Claro;Simples;"Declive;Reta";-5,314008;-49,248135
02/08/2025;13:46:00;FEIRA DE SANTANA;Conversão proibida;Colisão traseira;Com Vítimas Feridas;Pleno dia;Decrescente;Céu Claro;Simples;Reta;-12,25406;-38,93219
01/08/2025;06:20:00;MAUA DA SERRA;Velocidade Incompatível;Tombamento;Com Vítimas Feridas;Amanhecer;Decrescente;Nublado;Dupla;Reta;-23,912;-51,188
01/08/2025;05:00:00;IBIQUERA;Velocidade Incompatível;Saída de leito carroçável;Com Vítimas Feridas;Amanhecer;Decrescente;Garoa/Chuvisco;Simples;Reta;-12,46943;-40,96297
01/08/2025;09:30:00;ESPLANADA;Acumulo de água sobre o pavimento;Colisão traseira;Com Vítimas Feridas;Pleno dia;Crescente;Chuva;Dupla;"Reta;Aclive";-11,76755575;-37,94439554
01/08/2025;13:30:00;SILVA JARDIM;Restrição de visibilidade em curvas horizontais;Colisão lateral mesmo sentido;Sem Vítimas;Pleno dia;Decrescente;Céu Claro;Dupla;Curva;-22,50603969;-42,29623524
01/08/2025;12:50:00;SINOP;Ultrapassagem Indevida;Colisão lateral mesmo sentido;Com Vítimas Feridas;Pleno dia;Crescente;Céu Claro;Simples;Reta;-11,79712109;-55,47889709
01/08/2025;15:30:00;TRES CORACOES;Velocidade Incompatível;Colisão traseira;Com Vítimas Feridas;Pleno dia;Crescente;Céu Claro;Dupla;Reta;-21,6109966;-45,2411634
01/08/2025;16:40:00;FRANCISCO SA;Ultrapassagem Indevida;Colisão frontal;Com Vítimas Feridas;Pleno dia;Crescente;Céu Claro;Simples;Curva;-16,46858794;-43,4265317
01/08/2025;17:00:00;GUARANTA DO NORTE;Acesso irregular;Colisão traseira;Sem Vítimas;Anoitecer;Crescente;Céu Claro;Simples;Reta;-9,9006501;-54,8989718
01/08/2025;22:40:00;CAPANEMA;Velocidade Incompatível;Saída de leito carroçável;Com Vítimas Feridas;Plena Noite;Crescente;Céu Claro;Simples;"Declive;Curva";-25,607645;-53,637248
01/08/2025;14:30:00;PAULO AFONSO;Ultrapassagem Indevida;Colisão frontal;Com Vítimas Feridas;Pleno dia;Crescente;Nublado;Simples;Curva;-9,469279;-38,205921
01/08/2025;00:10:00;BARRA DO GARCAS;Ultrapassagem Indevida;Colisão lateral mesmo sentido;Com Vítimas Feridas;Plena Noite;Decrescente;Céu Claro;Dupla;Interseção de Vias;-15,87767198;-52,29570508
01/08/2025;01:30:00;ANGRA DOS REIS;Velocidade Incompatível;Capotamento;Sem Vítimas;Plena Noite;Decrescente;Céu Claro;Simples;Reta;-22,93481;-44,3197
01/08/2025;05:45:00;BARRA VELHA;Velocidade Incompatível;Colisão com objeto;Com Vítimas Feridas;Amanhecer;Decrescente;Nublado;Dupla;Curva;-26,60199738;-48,72540665
01/08/2025;04:12:00;CACOAL;Animais na Pista;Atropelamento de Animal;Sem Vítimas;Plena Noite;Crescente;Céu Claro;Simples;"Aclive;Reta";-11,439943;-61,509987
01/08/2025;07:10:00;ARAQUARI;Conversão proibida;Colisão transversal;Com Vítimas Feridas;Pleno dia;Crescente;Céu Claro;Simples;Reta;-26,41326;-48,758438
01/08/2025;08:43:00;JUAZEIRO;Modificação proibida;Colisão transversal;Com Vítimas Feridas;Pleno dia;Crescente;Céu Claro;Simples;Reta;-9,447315;-40,4906883
01/08/2025;08:30:00;GUARULHOS;Ultrapassagem Indevida;Colisão traseira;Com Vítimas Feridas;Pleno dia;Crescente;Céu Claro;Múltipla;"Reta;Viaduto";-23,45173593;-46,46250665
01/08/2025;08:03:00;LINS;Afundamento ou ondulação no pavimento;Queda de ocupante de veículo;Com Vítimas Feridas;Pleno dia;Crescente;Céu Claro;Simples;Reta;-21,6513;-49,7888
01/08/2025;11:30:00;BLUMENAU;Conversão proibida;Colisão transversal;Com Vítimas Feridas;Pleno dia;Crescente;Nublado;Simples;Reta;-26,88182782;-49,16305661
01/08/2025;12:00:00;SAO PAULO;Ultrapassagem Indevida;Colisão lateral mesmo sentido;Com Vítimas Feridas;Pleno dia;Crescente;Céu Claro;Dupla;"Reta;Aclive";-23,5222;-46,585634
01/08/2025;15:15:00;SAO FRANCISCO DE GOIAS;Condutor usando celular;Tombamento;Com Vítimas Feridas;Pleno dia;Crescente;Céu Claro;Simples;"Aclive;Curva";-15,893825;-49,238088
01/08/2025;15:10:00;GUARATINGUETA;Animais na Pista;Atropelamento de Animal;Com Vítimas Feridas;Pleno dia;Crescente;Céu Claro;Dupla;Reta;-22,81298991;-45,17837562
01/08/2025;17:10:00;UBATUBA;Retorno proibido;Colisão transversal;Com Vítimas Feridas;Pleno dia;Crescente;Céu Claro;Simples;Reta;-23,4187936;-45,04366636
01/08/2025;16:55:00;FORQUILHA;Ultrapassagem Indevida;Saída de leito carroçável;Com Vítimas Feridas;Pleno dia;Crescente;Céu Claro;Simples;Curva;-3,78484335;-40,24033897
01/08/2025;18:30:00;CAMPOS DOS GOYTACAZES;Condutor usando celular;Colisão frontal;Com Vítimas Feridas;Plena Noite;Crescente;Céu Claro;Simples;Reta;-21,54055;-41,341812
01/08/2025;19:00:00;QUEIMADAS;Deficiência do Sistema de Iluminação/Sinalização;Colisão traseira;Com Vítimas Fatais;Plena Noite;Decrescente;Céu Claro;Simples;Reta;-7,4558425;-35,9163425
01/08/2025;17:15:00;MALLET;Conversão proibida;Colisão transversal;Com Vítimas Fatais;Anoitecer;Crescente;Céu Claro;Simples;Reta;-25,87590542;-50,83442688
01/08/2025;18:40:00;SERRA;Animais na Pista;Atropelamento de Animal;Com Vítimas Feridas;Plena Noite;Decrescente;Nublado;Simples;Reta;-20,10808697;-40,32925862
01/08/2025;17:25:00;GRAO MOGOL;Velocidade Incompatível;Saída de leito carroçável;Com Vítimas Feridas;Pleno dia;Crescente;Céu Claro;Simples;Reta;-16,299023;-42,732178
01/08/2025;19:30:00;CAPITAO LEONIDAS MARQUES;Curva acentuada;Saída de leito carroçável;Com Vítimas Feridas;Plena Noite;Decrescente;Céu Claro;Simples;"Aclive;Curva";-25,54473476;-53,59227117
01/08/2025;21:00:00;CORDILHEIRA ALTA;Ultrapassagem Indevida;Colisão frontal;Com Vítimas Feridas;Plena Noite;Crescente;Céu Claro;Simples;Reta;-26,99697293;-52,63262677
01/08/2025;21:50:00;HIDROLANDIA;Ausência de sinalização;Queda de ocupante de veículo;Com Vítimas Feridas;Plena Noite;Decrescente;Vento;Dupla;Reta;-16,92037551;-49,25286265
01/08/2025;22:45:00;SAO GONCALO;Animais na Pista;Colisão com objeto;Com Vítimas Feridas;Plena Noite;Crescente;Céu Claro;Dupla;Reta;-22,78710682;-42,99691507
01/08/2025;22:00:00;MINEIROS;Animais na Pista;Atropelamento de Animal;Com Vítimas Feridas;Plena Noite;Decrescente;Céu Claro;Simples;Reta;-17,585357;-52,500285
01/08/2025;20:25:00;FLORIANO;Animais na Pista;Atropelamento de Animal;Sem Vítimas;Plena Noite;Decrescente;Céu Claro;Simples;"Ponte;Reta";-6,752587;-42,924875
01/08/2025;14:30:00;GOVERNADOR VALADARES;Velocidade Incompatível;Colisão traseira;Com Vítimas Feridas;Pleno dia;Decrescente;Céu Claro;Simples;Reta;-18,9023978;-41,9493979
01/08/2025;10:30:00;FELIXLANDIA;Velocidade Incompatível;Saída de leito carroçável;Com Vítimas Feridas;Pleno dia;Decrescente;Céu Claro;Simples;"Reta;Declive";-18,8011675;-44,7990693
01/08/2025;19:42:00;ITAPIPOCA;Animais na Pista;Atropelamento de Animal;Com Vítimas Feridas;Plena Noite;Decrescente;Céu Claro;Simples;Declive;-3,463015;-39,656641
01/08/2025;18:45:00;PATO BRANCO;Condutor usando celular;Colisão frontal;Com Vítimas Feridas;Plena Noite;Decrescente;Céu Claro;Simples;Reta;-26,23588662;-52,69079296
31/07/2025;08:10:00;GUIMARANIA;Falta de acostamento;Colisão com objeto;Com Vítimas Fatais;Pleno dia;Decrescente;Sol;Simples;"Aclive;Reta";-18,822;-46,783
31/07/2025;08:45:00;CAMANDUCAIA;Curva acentuada;Tombamento;Com Vítimas Feridas;Pleno dia;Crescente;Sol;Dupla;Curva;-22,76244543;-46,16960764
31/07/2025;15:55:00;LAJEDO;Acesso irregular;Colisão transversal;Sem Vítimas;Pleno dia;Crescente;Céu Claro;Simples;"Declive;Reta";-8,63528002;-36,30667157
31/07/2025;18:00:00;CARANDAI;Velocidade Incompatível;Colisão transversal;Com Vítimas Feridas;Anoitecer;Crescente;Nublado;Simples;Retorno Regulamentado;-20,89182756;-43,81702488
31/07/2025;18:15:00;LUZ;Conversão proibida;Colisão transversal;Com Vítimas Feridas;Anoitecer;Decrescente;Céu Claro;Simples;Aclive;-19,7838882;-45,65397531
31/07/2025;15:14:00;PRESIDENTE MEDICI;Ultrapassagem Indevida;Colisão lateral mesmo sentido;Com Vítimas Feridas;Pleno dia;Decrescente;Sol;Simples;Curva;-11,36585951;-61,84341431
31/07/2025;17:15:00;SANTA CECILIA;Velocidade Incompatível;Tombamento;Sem Vítimas;Anoitecer;Crescente;Céu Claro;Simples;"Interseção de Vias;Curva";-26,91369;-50,44465
31/07/2025;18:30:00;JENIPAPO DOS VIEIRAS;Ausência de sinalização;Colisão traseira;Sem Vítimas;Plena Noite;Decrescente;Chuva;Simples;Curva;-5,58246024;-45,69269478
31/07/2025;22:35:00;ANCHIETA;Velocidade Incompatível;Colisão lateral sentido oposto;Com Vítimas Feridas;Plena Noite;Decrescente;Nublado;Simples;Curva;-20,75808023;-40,75608015
31/07/2025;00:30:00;NOVA MUTUM;Velocidade Incompatível;Saída de leito carroçável;Com Vítimas Feridas;Plena Noite;Crescente;Céu Claro;Dupla;Reta;-13,882919;-56,088442
31/07/2025;05:50:00;SANTA IZABEL DO PARA;Conversão proibida;Colisão transversal;Com Vítimas Fatais;Pleno dia;Crescente;Nublado;Dupla;Reta;-1,283563;-48,064536
31/07/2025;07:36:00;FOZ DO IGUACU;Ultrapassagem Indevida;Colisão lateral mesmo sentido;Com Vítimas Feridas;Pleno dia;Crescente;Céu Claro;Simples;"Curva;Em Obras;Desvio Temporário";-25,57731348;-54,54338249
31/07/2025;07:30:00;COLOMBO;Demais Fenômenos da natureza;Atropelamento de Pedestre;Com Vítimas Feridas;Pleno dia;Crescente;Céu Claro;Dupla;"Declive;Curva";-25,385483;-49,172419
31/07/2025;06:15:00;PEDRA PRETA;Ultrapassagem Indevida;Colisão frontal;Com Vítimas Feridas;Pleno dia;Crescente;Céu Claro;Simples;Reta;-16,82688876;-54,05299187
31/07/2025;07:50:00;BLUMENAU;Conversão proibida;Colisão transversal;Com Vítimas Feridas;Pleno dia;Decrescente;Céu Claro;Simples;Reta;-26,8650034;-49,09903765
31/07/2025;07:40:00;EUNAPOLIS;Acumulo de areia ou detritos sobre o pavimento;Queda de ocupante de veículo;Com Vítimas Feridas;Pleno dia;Crescente;Céu Claro;Simples;Reta;-16,37220953;-39,55655099
31/07/2025;08:00:00;SAPUCAIA;Conversão proibida;Colisão frontal;Com Vítimas Feridas;Pleno dia;Crescente;Céu Claro;Simples;Reta;-21,889581;-42,703623
31/07/2025;09:50:00;GANDU;Pista Escorregadia;Saída de leito carroçável;Com Vítimas Feridas;Pleno dia;Decrescente;Nublado;Simples;Curva;-13,7958;-39,495825
31/07/2025;09:25:00;TORITAMA;Velocidade Incompatível;Atropelamento de Pedestre;Com Vítimas Feridas;Pleno dia;Crescente;Garoa/Chuvisco;Simples;Reta;-8,00796;-36,06315
31/07/2025;11:00:00;ARAPONGAS;Velocidade Incompatível;Queda de ocupante de veículo;Com Vítimas Feridas;Pleno dia;Decrescente;Céu Claro;Dupla;Reta;-23,48;-51,4238
31/07/2025;14:00:00;UBERABA;Demais falhas na via;Colisão com objeto;Sem Vítimas;Pleno dia;Crescente;Céu Claro;Dupla;"Reta;Aclive";-19,77057736;-47,90592626
31/07/2025;14:30:00;ILHEUS;Velocidade Incompatível;Saída de leito carroçável;Com Vítimas Feridas;Pleno dia;Crescente;Chuva;Dupla;Curva;-14,78249807;-39,23434079
31/07/2025;15:50:00;IPAMERI;Pista esburacada;Queda de ocupante de veículo;Com Vítimas Feridas;Pleno dia;Decrescente;Céu Claro;Dupla;Reta;-16,93176905;-47,71408077
31/07/2025;15:30:00;PICOS;Conversão proibida;Colisão lateral mesmo sentido;Com Vítimas Feridas;Pleno dia;Decrescente;Sol;Simples;Reta;-7,07796713;-41,48397585
31/07/2025;18:10:00;ANGRA DOS REIS;Conversão proibida;Colisão lateral mesmo sentido;Com Vítimas Feridas;Anoitecer;Crescente;Nublado;Simples;Reta;-22,954968;-44,31815
31/07/2025;18:00:00;MONTES CLAROS;Velocidade Incompatível;Saída de leito carroçável;Com Vítimas Feridas;Anoitecer;Crescente;Nublado;Simples;"Reta;Declive";-16,6536806;-43,7179974
31/07/2025;20:35:00;NITEROI;Velocidade Incompatível;Colisão lateral mesmo sentido;Com Vítimas Feridas;Plena Noite;Decrescente;Céu Claro;Dupla;Reta;-22,88073209;-43,10671449
31/07/2025;23:10:00;LINHARES;Animais na Pista;Tombamento;Com Vítimas Feridas;Plena Noite;Crescente;Céu Claro;Múltipla;"Curva;Declive";-19,40223508;-40,0610687
31/07/2025;21:30:00;PATOS;Animais na Pista;Atropelamento de Animal;Com Vítimas Feridas;Plena Noite;Decrescente;Céu Claro;Simples;Reta;-6,99004;-37,322545
31/07/2025;23:00:00;ITAGUAI;Iluminação deficiente;Colisão traseira;Com Vítimas Feridas;Plena Noite;Decrescente;Céu Claro;Dupla;Reta;-22,861502;-43,793456
31/07/2025;21:40:00;UBATUBA;Conversão proibida;Colisão transversal;Com Vítimas Feridas;Plena Noite;Decrescente;Céu Claro;Simples;Reta;-23,44885156;-45,07882325
31/07/2025;21:00:00;LIMOEIRO DO NORTE;Animais na Pista;Atropelamento de Animal;Com Vítimas Fatais;Plena Noite;Decrescente;Céu Claro;Simples;Reta;-5,163132141;-38,16173112
31/07/2025;23:25:00;GOVERNADOR VALADARES;Acesso irregular;Colisão frontal;Com Vítimas Feridas;Plena Noite;Crescente;Céu Claro;Simples;"Aclive;Interseção de Vias";-18,7777053;-41,98747098
31/07/2025;22:30:00;ARAQUARI;Conversão proibida;Colisão frontal;Com Vítimas Feridas;Plena Noite;Crescente;Nublado;Simples;Reta;-26,3749;-48,716741
30/07/2025;01:20:00;BRUMADINHO;Velocidade Incompatível;Colisão traseira;Com Vítimas Feridas;Plena Noite;Decrescente;Céu Claro;Dupla;"Declive;Curva";-20,1007981;-44,31922
30/07/2025;10:00:00;IPUIUNA;Modificação proibida;Colisão transversal;Com Vítimas Feridas;Pleno dia;Crescente;Céu Claro;Simples;Reta;-22,10200777;-46,18144333
30/07/2025;15:55:00;LAGES;Velocidade Incompatível;Colisão transversal;Com Vítimas Feridas;Pleno dia;Decrescente;Sol;Simples;Reta;-27,79563186;-50,38549215
30/07/2025;23:30:00;COMODORO;Velocidade Incompatível;Colisão traseira;Com Vítimas Feridas;Plena Noite;Crescente;Céu Claro;Simples;Aclive;-13,97878982;-59,75301325
30/07/2025;00:40:00;BETIM;Velocidade Incompatível;Tombamento;Com Vítimas Feridas;Plena Noite;Crescente;Céu Claro;Dupla;Curva;-19,97944817;-44,25241845
30/07/2025;05:40:00;ALPERCATA;Animais na Pista;Atropelamento de Animal;Com Vítimas Feridas;Amanhecer;Crescente;Nublado;Simples;Reta;-18,94772291;-41,95136972
30/07/2025;07:18:00;GUARULHOS;Acesso irregular;Tombamento;Com Vítimas Feridas;Pleno dia;Decrescente;Sol;Múltipla;"Reta;Em Obras";-23,484813;-46,539384
30/07/2025;07:00:00;ANGRA DOS REIS;Conversão proibida;Colisão transversal;Com Vítimas Feridas;Pleno dia;Crescente;Céu Claro;Simples;Reta;-22,98995918;-44,24208726
30/07/2025;07:48:00;SAO GONCALO;Animais na Pista;Colisão traseira;Com Vítimas Feridas;Pleno dia;Crescente;Sol;Dupla;Reta;-22,81184828;-43,07211399
30/07/2025;07:45:00;NOVA LIMA;Acumulo de areia ou detritos sobre o pavimento;Colisão lateral mesmo sentido;Com Vítimas Feridas;Pleno dia;Crescente;Sol;Dupla;Reta;-20,05120908;-43,96739094
30/07/2025;15:00:00;RIO LARGO;Acesso irregular;Colisão transversal;Com Vítimas Feridas;Pleno dia;Crescente;Céu Claro;Dupla;Retorno Regulamentado;-9,468845;-35,824343
30/07/2025;14:00:00;RECIFE;Pista esburacada;Queda de ocupante de veículo;Com Vítimas Feridas;Pleno dia;Crescente;Céu Claro;Dupla;Curva;-8,00721;-34,93787
30/07/2025;16:10:00;FORTALEZA;Animais na Pista;Atropelamento de Animal;Com Vítimas Feridas;Pleno dia;Decrescente;Sol;Dupla;"Reta;Aclive";-3,88742646;-38,5016799