data_inversa;horario;municipio;causa_acidente;tipo_acidente;classificacao_acidente;fase_dia;sentido_via;condicao_metereologica;tipo_pista;tracado_via;latitude;longitude
26/07/2025;13:00:00;DOMINGOS MARTINS;Acesso irregular;Colisão lateral mesmo sentido;Com Vítimas Feridas;Pleno dia;Crescente;Céu Claro;Simples;Curva;-20,382063;-40,607021
26/07/2025;16:00:00;JUIZ DE FORA;Velocidade Incompatível;Colisão com objeto;Com Vítimas Feridas;Pleno dia;Crescente;Céu Claro;Dupla;Curva;-21,762931;-43,441131
26/07/2025;14:20:00;ACAILANDIA;Acesso irregular;Colisão transversal;Com Vítimas Fatais;Pleno dia;Crescente;Céu Claro;Simples;Reta;-4,97999;-47,52029
26/07/2025;18:00:00;LONTRAS;Retorno proibido;Colisão transversal;Com Vítimas Feridas;Pleno dia;Crescente;Céu Claro;Simples;Reta;-27,13440523;-49,54078523
26/07/2025;16:45:00;PELOTAS;Conversão proibida;Colisão transversal;Com Vítimas Feridas;Pleno dia;Decrescente;Chuva;Simples;"Reta;Interseção de Vias";-31,72961309;-52,37967817
26/07/2025;17:40:00;PORTO VELHO;Demais Fenômenos da natureza;Eventos atípicos;Com Vítimas Feridas;Pleno dia;Crescente;Céu Claro;Dupla;Reta;-8,79403161;-63,84362189
26/07/2025;18:35:00;JOAO MONLEVADE;Conversão proibida;Colisão frontal;Com Vítimas Feridas;Plena Noite;Crescente;Céu Claro;Simples;"Reta;Interseção de Vias";-19,84189636;-43,17442095
26/07/2025;12:30:00;SANTANA DO PARAISO;Ultrapassagem Indevida;Colisão lateral sentido oposto;Com Vítimas Feridas;Pleno dia;Crescente;Sol;Simples;Reta;-19,408991;-42,487741
26/07/2025;19:45:00;CONSELHEIRO LAFAIETE;Acesso irregular;Colisão transversal;Com Vítimas Feridas;Plena Noite;Decrescente;Céu Claro;Simples;Reta;-20,6492233;-43,80937833
26/07/2025;21:41:00;JATAI;Velocidade Incompatível;Queda de ocupante de veículo;Com Vítimas Feridas;Plena Noite;Crescente;Céu Claro;Dupla;"Reta;Aclive;Viaduto";-17,915732;-51,692922
26/07/2025;18:10:00;JAPIRA;Ultrapassagem Indevida;Colisão frontal;Com Vítimas Fatais;Plena Noite;Crescente;Céu Claro;Simples;Reta;-23,7735114;-50,185161
26/07/2025;19:00:00;CORUPA;Acesso irregular;Saída de leito carroçável;Sem Vítimas;Plena Noite;Crescente;Céu Claro;Simples;Reta;-26,43783;-49,235901
26/07/2025;23:30:00;CANOAS;Chuva;Colisão traseira;Com Vítimas Feridas;Plena Noite;Crescente;Chuva;Dupla;Reta;-29,95514515;-51,17642848
26/07/2025;10:30:00;UBATUBA;Conversão proibida;Colisão transversal;Com Vítimas Feridas;Pleno dia;Crescente;Céu Claro;Simples;Reta;-23,43552911;-45,08767605
26/07/2025;18:50:00;FLORIANO;Acumulo de areia ou detritos sobre o pavimento;Colisão com objeto;Com Vítimas Feridas;Plena Noite;Crescente;Céu Claro;Simples;"Reta;Rotatória";-6,81490003;-42,9405539
26/07/2025;06:00:00;IBIRAMA;Ultrapassagem Indevida;Colisão frontal;Com Vítimas Feridas;Amanhecer;Crescente;Nevoeiro/Neblina;Simples;Reta;-27,10544998;-49,52207062
26/07/2025;08:30:00;PARNAIBA;Conversão proibida;Colisão traseira;Com Vítimas Feridas;Pleno dia;Crescente;Céu Claro;Simples;Reta;-3,0644108;-41,7782783
26/07/2025;21:32:00;NATAL;Animais na Pista;Queda de ocupante de veículo;Com Vítimas Feridas;Plena Noite;Decrescente;Céu Claro;Dupla;Reta;-5,75414158;-35,28864233
25/07/2025;06:40:00;LUZIANIA;Demais falhas na via;Colisão transversal;Com Vítimas Feridas;Pleno dia;Crescente;Céu Claro;Simples;"Curva;Em Obras";-16,25132707;-47,90158057
25/07/2025;06:50:00;ACAILANDIA;Ultrapassagem Indevida;Colisão lateral sentido oposto;Com Vítimas Feridas;Amanhecer;Crescente;Nublado;Simples;"Reta;Aclive";-4,97158622;-47,51655579
25/07/2025;14:20:00;EXTREMA;Ausência de sinalização;Colisão traseira;Com Vítimas Fatais;Pleno dia;Decrescente;Chuva;Dupla;"Declive;Curva";-22,85001;-46,3365
25/07/2025;16:20:00;ITUMBIARA;Velocidade Incompatível;Colisão lateral mesmo sentido;Com Vítimas Feridas;Pleno dia;Crescente;Céu Claro;Simples;Declive;-18,3526544;-49,385168
25/07/2025;17:10:00;PARATY;Chuva;Colisão frontal;Com Vítimas Feridas;Anoitecer;Crescente;Chuva;Simples;Curva;-23,099;-44,701
25/07/2025;07:10:00;ITAPERUNA;Velocidade Incompatível;Tombamento;Com Vítimas Feridas;Pleno dia;Crescente;Céu Claro;Simples;Curva;-21,25299059;-41,78334904
25/07/2025;22:20:00;GENERAL CARNEIRO;Acostamento em desnível;Saída de leito carroçável;Com Vítimas Feridas;Plena Noite;Decrescente;Céu Claro;Simples;Curva;-15,664355;-52,799767
25/07/2025;22:15:00;PAPANDUVA;Acesso irregular;Colisão transversal;Com Vítimas Feridas;Plena Noite;Crescente;Céu Claro;Simples;Reta;-26,426968;-50,228345
25/07/2025;02:40:00;SOLEDADE;Acostamento em desnível;Saída de leito carroçável;Com Vítimas Feridas;Plena Noite;Crescente;Nublado;Simples;"Curva;Em Obras";-28,746998;-52,547775
25/07/2025;05:40:00;MARINGA;Velocidade Incompatível;Atropelamento de Pedestre;Com Vítimas Fatais;Plena Noite;Crescente;Nublado;Dupla;"Declive;Reta";-23,403748;-51,995791
25/07/2025;09:47:00;BIGUACU;Velocidade Incompatível;Saída de leito carroçável;Com Vítimas Feridas;Pleno dia;Crescente;Garoa/Chuvisco;Dupla;Curva;-27,47768;-48,64177
25/07/2025;09:30:00;JUQUITIBA;Velocidade Incompatível;Saída de leito carroçável;Com Vítimas Feridas;Pleno dia;Crescente;Céu Claro;Dupla;Reta;-23,96920524;-47,133886
25/07/2025;10:25:00;MIRACATU;Chuva;Saída de leito carroçável;Sem Vítimas;Pleno dia;Crescente;Chuva;Dupla;"Declive;Curva";-24,0717957;-47,2436857
25/07/2025;07:00:00;SANTA TERESINHA;Acostamento em desnível;Saída de leito carroçável;Com Vítimas Feridas;Pleno dia;Crescente;Céu Claro;Simples;Reta;-12,58741632;-39,52318668
25/07/2025;11:10:00;ARROIO GRANDE;Animais na Pista;Atropelamento de Animal;Sem Vítimas;Pleno dia;Crescente;Céu Claro;Simples;"Curva;Aclive";-32,15801615;-52,97362268
25/07/2025;10:40:00;FORMIGUEIRO;Acumulo de areia ou detritos sobre o pavimento;Saída de leito carroçável;Com Vítimas Feridas;Pleno dia;Decrescente;Céu Claro;Simples;Reta;-30,057458;-53,663925
25/07/2025;10:30:00;CAJAZEIRAS;Animais na Pista;Colisão frontal;Com Vítimas Feridas;Pleno dia;Decrescente;Céu Claro;Simples;Reta;-6,89970887;-38,57125664
25/07/2025;11:35:00;PETROLINA;Animais na Pista;Atropelamento de Animal;Com Vítimas Feridas;Pleno dia;Decrescente;Céu Claro;Simples;Reta;-9,356012;-40,478378
25/07/2025;12:00:00;RIO DO SUL;Retorno proibido;Colisão transversal;Com Vítimas Feridas;Pleno dia;Decrescente;Nublado;Simples;"Declive;Reta";-27,183;-49,602
25/07/2025;14:30:00;SAO PAULO;Velocidade Incompatível;Colisão com objeto;Com Vítimas Feridas;Pleno dia;Decrescente;Chuva;Múltipla;"Reta;Declive;Em Obras";-23,50920366;-46,57258485
25/07/2025;12:20:00;AGUAS MORNAS;Velocidade Incompatível;Saída de leito carroçável;Com Vítimas Feridas;Pleno dia;Decrescente;Chuva;Simples;"Declive;Curva";-27,685098;-48,972953
25/07/2025;13:03:00;ARAQUARI;Acesso irregular;Colisão transversal;Com Vítimas Feridas;Pleno dia;Decrescente;Garoa/Chuvisco;Simples;Reta;-26,41649381;-48,77133457
25/07/2025;15:40:00;BIGUACU;Acumulo de água sobre o pavimento;Colisão com objeto;Com Vítimas Feridas;Pleno dia;Crescente;Garoa/Chuvisco;Dupla;Curva;-27,43670601;-48,62621181
25/07/2025;16:10:00;SAO GONCALO DO SAPUCAI;Velocidade Incompatível;Colisão com objeto;Com Vítimas Feridas;Pleno dia;Crescente;Chuva;Dupla;Curva;-21,89582883;-45,55007654
25/07/2025;16:40:00;SAO FRANCISCO DO SUL;Velocidade Incompatível;Atropelamento de Pedestre;Com Vítimas Feridas;Pleno dia;Decrescente;Nublado;Simples;Rotatória;-26,258047;-48,623221
25/07/2025;15:20:00;CARMOPOLIS DE MINAS;Ultrapassagem Indevida;Colisão lateral sentido oposto;Com Vítimas Feridas;Pleno dia;Crescente;Nublado;Simples;Retorno Regulamentado;-20,521889;-44,627873
25/07/2025;16:00:00;POUSO ALTO;Chuva;Tombamento;Com Vítimas Feridas;Pleno dia;Decrescente;Chuva;Simples;Curva;-22,15951469;-44,96437311
25/07/2025;18:50:00;JUIZ DE FORA;Chuva;Tombamento;Com Vítimas Fatais;Plena Noite;Decrescente;Chuva;Dupla;Curva;-21,77681461;-43,43248956
25/07/2025;17:20:00;MANGARATIBA;Chuva;Colisão traseira;Com Vítimas Feridas;Anoitecer;Crescente;Chuva;Simples;Reta;-22,9462;-44,06188
25/07/2025;19:35:00;PALHOCA;Retorno proibido;Colisão transversal;Com Vítimas Feridas;Plena Noite;Crescente;Garoa/Chuvisco;Simples;Reta;-27,65847795;-48,68174019
25/07/2025;18:30:00;TERESOPOLIS;Velocidade Incompatível;Queda de ocupante de veículo;Com Vítimas Feridas;Anoitecer;Decrescente;Chuva;Simples;Curva;-22,362505;-42,949969
25/07/2025;19:20:00;PERDOES;Chuva;Saída de leito carroçável;Com Vítimas Feridas;Plena Noite;Decrescente;Chuva;Dupla;Curva;-21,12777939;-45,10020733
25/07/2025;17:40:00;CARMO DA CACHOEIRA;Velocidade Incompatível;Saída de leito carroçável;Com Vítimas Feridas;Anoitecer;Decrescente;Chuva;Dupla;"Curva;Aclive";-21,4786075;-45,2012047
25/07/2025;19:25:00;MAMBORE;Ultrapassagem Indevida;Saída de leito carroçável;Com Vítimas Feridas;Plena Noite;Crescente;Céu Claro;Simples;Curva;-24,22442396;-52,5170517
25/07/2025;21:00:00;MURIAE;Conversão proibida;Colisão transversal;Com Vítimas Feridas;Plena Noite;Crescente;Garoa/Chuvisco;Simples;Reta;-21,11881229;-42,38020062
25/07/2025;23:35:00;DEMERVAL LOBAO;Animais na Pista;Atropelamento de Animal;Com Vítimas Feridas;Plena Noite;Decrescente;Céu Claro;Dupla;"Reta;Aclive";-5,318779;-42,70072
25/07/2025;22:50:00;CAMPINA GRANDE DO SUL;Animais na Pista;Atropelamento de Animal;Sem Vítimas;Plena Noite;Crescente;Nevoeiro/Neblina;Dupla;Curva;-25,15308712;-48,86059698
25/07/2025;22:40:00;FAZENDA RIO GRANDE;Velocidade Incompatível;Colisão traseira;Com Vítimas Fatais;Plena Noite;Decrescente;Nevoeiro/Neblina;Dupla;"Declive;Reta";-25,679891;-49,315995
25/07/2025;18:25:00;PALMITOS;Velocidade Incompatível;Saída de leito carroçável;Com Vítimas Feridas;Anoitecer;Crescente;Garoa/Chuvisco;Simples;Curva;-27,15801736;-53,2179565
25/07/2025;11:28:00;JOAO PESSOA;Acesso irregular;Colisão transversal;Com Vítimas Feridas;Pleno dia;Decrescente;Céu Claro;Simples;Interseção de Vias;-7,17075;-34,86919
24/07/2025;09:45:00;IGARASSU;Acesso irregular;Colisão transversal;Com Vítimas Feridas;Pleno dia;Crescente;Céu Claro;Dupla;Reta;-7,845118;-34,91074
24/07/2025;09:00:00;MATEUS LEME;Velocidade Incompatível;Tombamento;Com Vítimas Feridas;Pleno dia;Decrescente;Céu Claro;Dupla;Curva;-19,91905989;-44,47979093
24/07/2025;10:00:00;CAJATI;Velocidade Incompatível;Tombamento;Com Vítimas Feridas;Pleno dia;Crescente;Nublado;Múltipla;"Curva;Aclive";-24,789613;-48,210933
24/07/2025;11:30:00;ALAGOINHAS;Pista esburacada;Colisão transversal;Com Vítimas Feridas;Pleno dia;Crescente;Céu Claro;Simples;Reta;-12,10258243;-38,37450075
24/07/2025;14:00:00;SANTA MARIA DO PARA;Acostamento em desnível;Tombamento;Com Vítimas Feridas;Pleno dia;Decrescente;Céu Claro;Simples;Reta;-1,366968;-47,570505
24/07/2025;18:00:00;CAMPINA GRANDE DO SUL;Velocidade Incompatível;Tombamento;Com Vítimas Feridas;Plena Noite;Crescente;Chuva;Dupla;"Aclive;Curva";-25,06398673;-48,57042789
24/07/2025;15:00:00;NOVA LARANJEIRAS;Ultrapassagem Indevida;Colisão frontal;Com Vítimas Feridas;Pleno dia;Crescente;Chuva;Simples;Reta;-25,271759;-52,606975
24/07/2025;19:00:00;GOIATUBA;Ultrapassagem Indevida;Colisão com objeto;Com Vítimas Feridas;Plena Noite;Crescente;Céu Claro;Simples;Ponte;-18,101241;-50,072959
24/07/2025;21:15:00;ANTONINA;Velocidade Incompatível;Saída de leito carroçável;Com Vítimas Feridas;Plena Noite;Crescente;Garoa/Chuvisco;Dupla;Curva;-25,10460357;-48,71440554
24/07/2025;23:40:00;ABADIANIA;Velocidade Incompatível;Tombamento;Com Vítimas Fatais;Plena Noite;Crescente;Céu Claro;Dupla;"Declive;Curva";-16,149;-48,61
24/07/2025;21:01:00;HUMAITA;Acesso irregular;Colisão transversal;Com Vítimas Feridas;Plena Noite;Crescente;Céu Claro;Simples;"Reta;Interseção de Vias";-7,53556321;-63,05665211
24/07/2025;11:00:00;MONTE CASTELO;Velocidade Incompatível;Colisão traseira;Sem Vítimas;Pleno dia;Decrescente;Nevoeiro/Neblina;Simples;Curva;-26,7570094;-50,3297364
24/07/2025;01:10:00;CURITIBA;Animais na Pista;Atropelamento de Animal;Com Vítimas Feridas;Plena Noite;Decrescente;Nublado;Dupla;Reta;-25,47928536;-49,20063218
24/07/2025;03:30:00;VIANA;Velocidade Incompatível;Saída de leito carroçável;Com Vítimas Feridas;Plena Noite;Decrescente;Céu Claro;Dupla;Curva;-20,37560324;-40,44286108
24/07/2025;07:30:00;MURICI;Ultrapassagem Indevida;Colisão lateral mesmo sentido;Com Vítimas Feridas;Pleno dia;Crescente;Nublado;Simples;Reta;-9,29614;-35,958163
24/07/2025;06:00:00;NOVA LIMA;Retorno proibido;Colisão frontal;Com Vítimas Feridas;Amanhecer;Crescente;Céu Claro;Simples;Reta;-20,16412;-43,965041
24/07/2025;07:30:00;MAGE;Demais falhas na via;Colisão lateral mesmo sentido;Com Vítimas Feridas;Pleno dia;Decrescente;Céu Claro;Múltipla;Reta;-22,66237;-43,1298855
24/07/2025;08:00:00;SAO MIGUEL DO IGUACU;Acesso irregular;Saída de leito carroçável;Sem Vítimas;Pleno dia;Crescente;Chuva;Múltipla;"Retorno Regulamentado;Interseção de Vias;Reta";-25,373625;-54,271514
24/07/2025;09:50:00;SEROPEDICA;Afundamento ou ondulação no pavimento;Capotamento;Com Vítimas Feridas;Pleno dia;Crescente;Céu Claro;Dupla;Curva;-22,71971479;-43,69146824
24/07/2025;09:15:00;CAMPINA GRANDE DO SUL;Velocidade Incompatível;Colisão com objeto;Sem Vítimas;Pleno dia;Decrescente;Chuva;Dupla;"Declive;Curva";-25,08746452;-48,60394478
24/07/2025;11:50:00;ANTONINA;Velocidade Incompatível;Colisão com objeto;Sem Vítimas;Pleno dia;Decrescente;Garoa/Chuvisco;Simples;Curva;-25,10544789;-48,71678766
24/07/2025;13:45:00;CAMPO GRANDE;Retorno proibido;Colisão transversal;Com Vítimas Feridas;Pleno dia;Crescente;Céu Claro;Simples;Reta;-20,477413;-54,559418
24/07/2025;13:15:00;IMBITUVA;Velocidade Incompatível;Saída de leito carroçável;Com Vítimas Feridas;Pleno dia;Decrescente;Chuva;Simples;"Curva;Declive";-25,156973;-50,512223
24/07/2025;15:00:00;APUCARANA;Velocidade Incompatível;Colisão lateral mesmo sentido;Com Vítimas Feridas;Pleno dia;Decrescente;Nublado;Dupla;Curva;-23,5854;-51,569975
24/07/2025;15:05:00;CURITIBA;Acumulo de areia ou detritos sobre o pavimento;Tombamento;Sem Vítimas;Pleno dia;Decrescente;Nublado;Dupla;Reta;-25,438075;-49,364808
24/07/2025;14:40:00;SANTA TEREZA DO OESTE;Pista Escorregadia;Colisão com objeto;Com Vítimas Feridas;Pleno dia;Crescente;Garoa/Chuvisco;Dupla;Reta;-25,06134326;-53,56281281
24/07/2025;17:30:00;RIO NEGRINHO;Conversão proibida;Colisão lateral mesmo sentido;Com Vítimas Feridas;Anoitecer;Crescente;Céu Claro;Simples;"Reta;Aclive;Interseção de Vias";-26,24287117;-49,51246111
24/07/2025;18:25:00;SANTA MARIA;Conversão proibida;Colisão transversal;Com Vítimas Feridas;Plena Noite;Crescente;Céu Claro;Dupla;Reta;-29,701672;-53,838134
24/07/2025;19:00:00;JUAZEIRO;Animais na Pista;Atropelamento de Animal;Com Vítimas Feridas;Plena Noite;Crescente;Céu Claro;Simples;Reta;-9,65382398;-40,39172473
24/07/2025;18:40:00;MURIAE;Ultrapassagem Indevida;Colisão lateral mesmo sentido;Com Vítimas Feridas;Anoitecer;Decrescente;Céu Claro;Dupla;Reta;-21,14613225;-42,38042593
24/07/2025;20:00:00;PIMENTA BUENO;Ultrapassagem Indevida;Colisão frontal;Com Vítimas Feridas;Plena Noite;Crescente;Céu Claro;Simples;"Aclive;Reta";-11,896205;-60,979818
24/07/2025;22:20:00;TRIUNFO;Velocidade Incompatível;Saída de leito carroçável;Com Vítimas Feridas;Plena Noite;Decrescente;Céu Claro;Dupla;Rotatória;-29,7585406;-51,59333177
24/07/2025;22:25:00;EUNAPOLIS;Animais na Pista;Atropelamento de Animal;Com Vítimas Feridas;Plena Noite;Decrescente;Céu Claro;Simples;Reta;-16,37296019;-39,57209855
24/07/2025;22:40:00;CHAPECO;Velocidade Incompatível;Colisão com objeto;Com Vítimas Feridas;Plena Noite;Crescente;Céu Claro;Simples;Reta;-27,0366885;-52,6342897
24/07/2025;23:00:00;MINEIROS;Curva acentuada;Colisão com objeto;Com Vítimas Feridas;Plena Noite;Decrescente;Céu Claro;Dupla;Rotatória;-17,57677561;-52,52022743
24/07/2025;12:00:00;GOIANIA;Curva acentuada;Colisão com objeto;Sem Vítimas;Pleno dia;Não Informado;Céu Claro;Simples;Reta;-16,70853011;-49,26704591
24/07/2025;14:45:00;MARAVILHA;Velocidade Incompatível;Colisão lateral mesmo sentido;Sem Vítimas;Pleno dia;Crescente;Nublado;Simples;Aclive;-26,79342864;-53,19395542
23/07/2025;05:00:00;MIRACATU;Velocidade Incompatível;Tombamento;Com Vítimas Feridas;Plena Noite;Decrescente;Nublado;Dupla;Curva;-24,11108339;-47,26565552
23/07/2025;06:50:00;PAULA FREITAS;Afundamento ou ondulação no pavimento;Colisão lateral mesmo sentido;Com Vítimas Feridas;Amanhecer;Decrescente;Nevoeiro/Neblina;Simples;Reta;-26,17731577;-50,91785431
23/07/2025;08:20:00;JUCATI;Ultrapassagem Indevida;Colisão frontal;Com Vítimas Feridas;Pleno dia;Decrescente;Chuva;Simples;"Declive;Reta";-8,72597;-36,43036
23/07/2025;07:15:00;MURIAE;Velocidade Incompatível;Tombamento;Com Vítimas Feridas;Pleno dia;Crescente;Céu Claro;Simples;"Declive;Curva";-21,009571;-42,361352
23/07/2025;09:50:00;FLEXEIRAS;Acumulo de água sobre o pavimento;Colisão lateral mesmo sentido;Sem Vítimas;Pleno dia;Decrescente;Chuva;Dupla;Curva;-9,248996;-35,757572
23/07/2025;13:00:00;GRAO MOGOL;Velocidade Incompatível;Tombamento;Com Vítimas Fatais;Pleno dia;Crescente;Sol;Simples;Curva;-16,33690716;-43,13798285
23/07/2025;13:30:00;CAMPO LARGO;Acesso irregular;Colisão transversal;Com Vítimas Feridas;Pleno dia;Crescente;Céu Claro;Dupla;Reta;-25,436337;-49,443152
23/07/2025;05:45:00;SAO LUIS;Conversão proibida;Engavetamento;Sem Vítimas;Pleno dia;Decrescente;Céu Claro;Dupla;Curva;-2,56813798;-44,35884476
23/07/2025;13:30:00;MONTES CLAROS;Velocidade Incompatível;Tombamento;Sem Vítimas;Pleno dia;Decrescente;Sol;Simples;"Declive;Curva";-16,806855;-43,90501
23/07/2025;15:55:00;IGARASSU;Sinalização mal posicionada;Atropelamento de Pedestre;Com Vítimas Feridas;Pleno dia;Decrescente;Céu Claro;Múltipla;Reta;-7,872828;-34,906256
23/07/2025;07:50:00;MOEMA;Velocidade Incompatível;Saída de leito carroçável;Com Vítimas Feridas;Pleno dia;Decrescente;Céu Claro;Simples;Reta;-19,78529716;-45,43251515
23/07/2025;17:50:00;AUGUSTO SEVERO;Velocidade Incompatível;Colisão com objeto;Sem Vítimas;Anoitecer;Crescente;Céu Claro;Simples;Curva;-5,86134247;-37,29347616
23/07/2025;23:10:00;POUSO ALEGRE;Velocidade Incompatível;Tombamento;Com Vítimas Feridas;Plena Noite;Decrescente;Céu Claro;Dupla;Curva;-22,23381086;-45,87650299
23/07/2025;06:10:00;SAO JOAO DO ARAGUAIA;Ultrapassagem Indevida;Colisão frontal;Com Vítimas Fatais;Amanhecer;Crescente;Sol;Simples;Aclive;-5,476286;-48,829161
23/07/2025;07:55:00;MANHUACU;Conversão proibida;Colisão lateral mesmo sentido;Com Vítimas Feridas;Pleno dia;Crescente;Céu Claro;Simples;Reta;-20,273787;-42,049486
23/07/2025;09:30:00;CONTAGEM;Velocidade Incompatível;Colisão traseira;Com Vítimas Feridas;Pleno dia;Crescente;Céu Claro;Dupla;Reta;-19,865301;-44,06621
23/07/2025;11:35:00;GUARAI;Ultrapassagem Indevida;Capotamento;Com Vítimas Feridas;Pleno dia;Decrescente;Céu Claro;Simples;Reta;-8,94787049;-48,50167573
23/07/2025;13:45:00;SANTA MARIA;Ultrapassagem Indevida;Colisão lateral mesmo sentido;Com Vítimas Feridas;Pleno dia;Decrescente;Nublado;Dupla;Reta;-29,70261966;-53,79374027
23/07/2025;16:15:00;SAO MATEUS;Acesso irregular;Colisão transversal;Com Vítimas Feridas;Pleno dia;Crescente;Céu Claro;Simples;Reta;-18,7480909;-39,8618377
23/07/2025;15:30:00;RONDONOPOLIS;Condutor usando celular;Saída de leito carroçável;Com Vítimas Feridas;Pleno dia;Decrescente;Céu Claro;Dupla;"Reta;Aclive";-16,76337639;-54,65793226
23/07/2025;18:00:00;PELOTAS;Retorno proibido;Colisão transversal;Com Vítimas Feridas;Anoitecer;Decrescente;Nublado;Simples;Reta;-31,73192333;-52,37670645
23/07/2025;16:45:00;MAFRA;Acesso irregular;Colisão transversal;Sem Vítimas;Pleno dia;Crescente;Céu Claro;Simples;"Interseção de Vias;Em Obras";-26,14465879;-49,82049092
23/07/2025;17:50:00;AGUA CLARA;Animais na Pista;Atropelamento de Animal;Com Vítimas Feridas;Pleno dia;Decrescente;Céu Claro;Simples;"Reta;Declive";-20,509389;-52,656978
23/07/2025;16:15:00;PETROPOLIS;Velocidade Incompatível;Capotamento;Com Vítimas Feridas;Pleno dia;Decrescente;Céu Claro;Dupla;Curva;-22,481684;-43,233257
23/07/2025;18:43:00;CUNHA PORA;Iluminação deficiente;Saída de leito carroçável;Com Vítimas Feridas;Plena Noite;Decrescente;Céu Claro;Dupla;Retorno Regulamentado;-26,90392912;-53,18833159
23/07/2025;18:35:00;JOINVILLE;Velocidade Incompatível;Colisão traseira;Com Vítimas Feridas;Plena Noite;Crescente;Nublado;Dupla;Curva;-26,37033987;-48,85757446
23/07/2025;22:15:00;CARATINGA;Acesso irregular;Colisão traseira;Com Vítimas Feridas;Plena Noite;Crescente;Céu Claro;Simples;Reta;-19,78544186;-42,1346283
23/07/2025;22:43:00;ANGICAL DO PIAUI;Animais na Pista;Atropelamento de Animal;Com Vítimas Fatais;Plena Noite;Decrescente;Céu Claro;Simples;Reta;-6,095005;-42,724235
23/07/2025;21:10:00;CAMPO LARGO;Ultrapassagem Indevida;Colisão lateral mesmo sentido;Com Vítimas Feridas;Plena Noite;Decrescente;Ignorado;Dupla;Reta;-25,44761664;-49,48608138
23/07/2025;07:00:00;CURITIBA;Ultrapassagem Indevida;Colisão lateral mesmo sentido;Com Vítimas Feridas;Pleno dia;Crescente;Céu Claro;Dupla;Reta;-25,51797604;-49,33558401
22/07/2025;01:00:00;MONTE ALEGRE DE MINAS;Ultrapassagem Indevida;Colisão lateral sentido oposto;Com Vítimas Feridas;Plena Noite;Decrescente;Céu Claro;Simples;Reta;-18,885427;-49,052486
22/07/2025;06:20:00;FRANCISCO SA;Ultrapassagem Indevida;Tombamento;Com Vítimas Feridas;Pleno dia;Decrescente;Céu Claro;Simples;"Declive;Reta";-16,51944026;-43,64652509
22/07/2025;03:00:00;BOA VIAGEM;Pista esburacada;Saída de leito carroçável;Sem Vítimas;Plena Noite;Decrescente;Ignorado;Simples;"Reta;Aclive";-5,055766;-39,691864
22/07/2025;07:30:00;LAPA;Velocidade Incompatível;Tombamento;Com Vítimas Feridas;Pleno dia;Decrescente;Sol;Simples;Curva;-25,7643727;-49,7378525
22/07/2025;09:40:00;ATILIO VIVACQUA;Acumulo de areia ou detritos sobre o pavimento;Eventos atípicos;Com Vítimas Feridas;Pleno dia;Decrescente;Céu Claro;Simples;Reta;-21,05295076;-41,19356378
22/07/2025;06:20:00;CACHOEIRA DOS INDIOS;Velocidade Incompatível;Saída de leito carroçável;Com Vítimas Feridas;Amanhecer;Decrescente;Céu Claro;Simples;"Declive;Curva";-6,971933;-38,734406
22/07/2025;10:00:00;CASIMIRO DE ABREU;Velocidade Incompatível;Saída de leito carroçável;Com Vítimas Feridas;Pleno dia;Crescente;Céu Claro;Simples;Curva;-22,45666413;-42,06021414
22/07/2025;10:30:00;PORTO ALEGRE;Velocidade Incompatível;Colisão com objeto;Com Vítimas Feridas;Pleno dia;Decrescente;Céu Claro;Dupla;"Curva;Declive";-29,98782558;-51,20280918
22/07/2025;10:45:00;LAGUNA;Animais na Pista;Colisão lateral mesmo sentido;Com Vítimas Feridas;Pleno dia;Crescente;Céu Claro;Múltipla;Reta;-28,44067432;-48,81602637
22/07/2025;11:30:00;CATALAO;Velocidade Incompatível;Tombamento;Com Vítimas Feridas;Pleno dia;Crescente;Céu Claro;Dupla;"Curva;Rotatória;Em Obras";-18,1896;-47,9511
22/07/2025;14:35:00;CONGONHAS;Velocidade Incompatível;Tombamento;Com Vítimas Feridas;Pleno dia;Crescente;Céu Claro;Simples;"Declive;Curva";-20,4401867;-43,8417123
22/07/2025;15:20:00;BELO HORIZONTE;Acumulo de areia ou detritos sobre o pavimento;Queda de ocupante de veículo;Com Vítimas Feridas;Pleno dia;Decrescente;Céu Claro;Dupla;"Interseção de Vias;Curva";-20,00137;-43,964598
22/07/2025;16:30:00;CACHOEIRA DOS INDIOS;Velocidade Incompatível;Saída de leito carroçável;Com Vítimas Feridas;Pleno dia;Crescente;Céu Claro;Simples;Curva;-6,98674761;-38,74761651
22/07/2025;16:40:00;MILAGRES;Conversão proibida;Colisão frontal;Com Vítimas Feridas;Pleno dia;Decrescente;Céu Claro;Simples;Reta;-7,30213182;-38,89356494
22/07/2025;15:30:00;NOVA MUTUM;Ultrapassagem Indevida;Colisão frontal;Com Vítimas Feridas;Pleno dia;Crescente;Sol;Simples;Reta;-13,65265935;-56,03610992
22/07/2025;07:20:00;JOAO NEIVA;Velocidade Incompatível;Saída de leito carroçável;Sem Vítimas;Pleno dia;Crescente;Céu Claro;Simples;Reta;-19,74554411;-40,37613837
22/07/2025;07:40:00;LINHARES;Velocidade Incompatível;Atropelamento de Pedestre;Com Vítimas Feridas;Pleno dia;Decrescente;Céu Claro;Dupla;Reta;-19,35402527;-40,06360143
22/07/2025;09:00:00;PELOTAS;Conversão proibida;Colisão lateral mesmo sentido;Com Vítimas Feridas;Pleno dia;Decrescente;Céu Claro;Dupla;"Reta;Interseção de Vias";-31,731803;-52,390097