data_inversa;horario;municipio;causa_acidente;tipo_acidente;classificacao_acidente;fase_dia;sentido_via;condicao_metereologica;tipo_pista;tracado_via;latitude;longitude
22/07/2025;08:07:00;PESQUEIRA;Ultrapassagem Indevida;Colisão frontal;Com Vítimas Feridas;Pleno dia;Crescente;Céu Claro;Simples;Curva;-8,405402;-36,817502
22/07/2025;11:40:00;ANGRA DOS REIS;Conversão proibida;Colisão lateral mesmo sentido;Com Vítimas Feridas;Pleno dia;Decrescente;Sol;Simples;Curva;-22,99031843;-44,30408478
22/07/2025;12:51:00;CAETE;Velocidade Incompatível;Saída de leito carroçável;Com Vítimas Feridas;Pleno dia;Crescente;Céu Claro;Dupla;"Curva;Declive";-19,786968;-43,682879
22/07/2025;15:30:00;CORRENTINA;Velocidade Incompatível;Colisão traseira;Com Vítimas Feridas;Pleno dia;Decrescente;Céu Claro;Simples;"Reta;Aclive;Interseção de Vias";-13,345173;-44,633473
22/07/2025;17:40:00;COLATINA;Ultrapassagem Indevida;Colisão frontal;Com Vítimas Feridas;Plena Noite;Decrescente;Céu Claro;Dupla;Reta;-19,57401021;-40,50709009
22/07/2025;19:31:00;VALPARAISO DE GOIAS;Faixas de trânsito com largura insuficiente;Colisão traseira;Sem Vítimas;Plena Noite;Decrescente;Céu Claro;Dupla;"Ponte;Reta";-16,07854084;-47,98607022
22/07/2025;18:50:00;JACIARA;Conversão proibida;Colisão frontal;Com Vítimas Feridas;Plena Noite;Crescente;Céu Claro;Dupla;"Retorno Regulamentado;Reta;Aclive";-15,968661;-54,943843
22/07/2025;16:30:00;NOSSA SENHORA DO SOCORRO;Animais na Pista;Atropelamento de Animal;Com Vítimas Feridas;Pleno dia;Decrescente;Céu Claro;Dupla;Reta;-10,90238269;-37,14529037
22/07/2025;18:45:00;NOVA LONDRINA;Ultrapassagem Indevida;Colisão frontal;Com Vítimas Fatais;Plena Noite;Decrescente;Céu Claro;Simples;Reta;-22,82618;-53,003033
22/07/2025;21:30:00;ATIBAIA;Acesso irregular;Colisão frontal;Com Vítimas Feridas;Anoitecer;Decrescente;Céu Claro;Dupla;Interseção de Vias;-23,2155047;-46,5939589
22/07/2025;21:40:00;ITAQUIRAI;Velocidade Incompatível;Colisão com objeto;Com Vítimas Feridas;Plena Noite;Crescente;Céu Claro;Simples;"Declive;Reta;Ponte";-23,390973;-54,211087
22/07/2025;23:00:00;JARAGUARI;Animais na Pista;Atropelamento de Animal;Sem Vítimas;Plena Noite;Crescente;Céu Claro;Simples;"Reta;Aclive";-20,30530622;-54,50687377
22/07/2025;23:40:00;BELO HORIZONTE;Retorno proibido;Colisão transversal;Com Vítimas Feridas;Plena Noite;Crescente;Céu Claro;Simples;"Aclive;Reta";-19,83435;-43,85963
22/07/2025;15:30:00;ITAGUAI;Acumulo de areia ou detritos sobre o pavimento;Queda de ocupante de veículo;Com Vítimas Feridas;Pleno dia;Decrescente;Nublado;Múltipla;Retorno Regulamentado;-22,8589342;-43,7591329
21/07/2025;02:05:00;CAMPINA GRANDE DO SUL;Velocidade Incompatível;Tombamento;Com Vítimas Feridas;Plena Noite;Decrescente;Céu Claro;Simples;Curva;-25,11188;-48,802757
21/07/2025;07:10:00;JOAO NEIVA;Velocidade Incompatível;Saída de leito carroçável;Com Vítimas Feridas;Pleno dia;Decrescente;Céu Claro;Simples;Curva;-19,74270827;-40,36509647
21/07/2025;07:00:00;IBIRAPITANGA;Curva acentuada;Tombamento;Com Vítimas Feridas;Amanhecer;Decrescente;Céu Claro;Simples;Curva;-13,95039628;-39,48451897
21/07/2025;09:00:00;VILHENA;Curva acentuada;Saída de leito carroçável;Com Vítimas Fatais;Pleno dia;Crescente;Céu Claro;Simples;"Declive;Curva";-12,85812158;-60,37751198
21/07/2025;11:20:00;AGUA BOA;Acostamento em desnível;Tombamento;Com Vítimas Feridas;Pleno dia;Crescente;Céu Claro;Simples;Reta;-13,93385;-52,09921
21/07/2025;12:30:00;ITAPUA DO OESTE;Retorno proibido;Colisão transversal;Com Vítimas Feridas;Pleno dia;Crescente;Céu Claro;Dupla;"Reta;Retorno Regulamentado";-9,19617844;-63,1846658
21/07/2025;14:10:00;ITABELA;Velocidade Incompatível;Saída de leito carroçável;Com Vítimas Fatais;Pleno dia;Decrescente;Céu Claro;Simples;Curva;-16,747273;-39,45065
21/07/2025;11:55:00;XANXERE;Condutor usando celular;Colisão lateral sentido oposto;Com Vítimas Feridas;Pleno dia;Crescente;Céu Claro;Simples;"Declive;Reta";-26,9141871;-52,4771404
21/07/2025;20:10:00;PONTES E LACERDA;Animais na Pista;Atropelamento de Animal;Com Vítimas Feridas;Plena Noite;Crescente;Céu Claro;Simples;Reta;-15,1936276;-59,3229754
21/07/2025;09:00:00;JOAQUIM GOMES;Velocidade Incompatível;Engavetamento;Com Vítimas Fatais;Pleno dia;Decrescente;Céu Claro;Dupla;"Curva;Em Obras";-9,094403;-35,753435
21/07/2025;13:20:00;SEROPEDICA;Ultrapassagem Indevida;Saída de leito carroçável;Com Vítimas Feridas;Pleno dia;Decrescente;Céu Claro;Dupla;Reta;-22,791594;-43,779924
21/07/2025;01:10:00;AQUIRAZ;Retorno proibido;Colisão traseira;Com Vítimas Feridas;Plena Noite;Crescente;Céu Claro;Múltipla;Reta;-4,05971393;-38,50447129
21/07/2025;01:45:00;PORTO ALEGRE;Neblina;Colisão com objeto;Sem Vítimas;Plena Noite;Decrescente;Nevoeiro/Neblina;Dupla;"Declive;Curva";-29,98805876;-51,20312333
21/07/2025;03:30:00;GUARULHOS;Velocidade Incompatível;Colisão traseira;Com Vítimas Feridas;Plena Noite;Decrescente;Nublado;Múltipla;Reta;-23,442633;-46,443877
21/07/2025;03:00:00;UNIAO DOS PALMARES;Animais na Pista;Atropelamento de Animal;Com Vítimas Fatais;Plena Noite;Crescente;Nublado;Simples;Reta;-9,1753287;-36,0297938
21/07/2025;06:30:00;ESCADA;Acumulo de areia ou detritos sobre o pavimento;Queda de ocupante de veículo;Com Vítimas Feridas;Pleno dia;Crescente;Céu Claro;Dupla;Reta;-8,38078;-35,24565
21/07/2025;05:18:00;DELMIRO GOUVEIA;Ultrapassagem Indevida;Colisão lateral mesmo sentido;Com Vítimas Feridas;Amanhecer;Crescente;Céu Claro;Simples;"Declive;Reta";-9,387503;-38,149715
21/07/2025;05:20:00;PILAR;Ultrapassagem Indevida;Colisão frontal;Com Vítimas Fatais;Amanhecer;Crescente;Céu Claro;Simples;Reta;-9,592196;-35,916718
21/07/2025;06:00:00;RIO CASCA;Velocidade Incompatível;Saída de leito carroçável;Com Vítimas Feridas;Amanhecer;Decrescente;Nublado;Simples;Curva;-20,06080233;-42,72099496
21/07/2025;06:50:00;PESCARIA BRAVA;Animais na Pista;Atropelamento de Animal;Com Vítimas Feridas;Amanhecer;Crescente;Céu Claro;Dupla;"Reta;Declive";-28,425693;-48,858668
21/07/2025;07:00:00;MUNDO NOVO;Falta de acostamento;Atropelamento de Pedestre;Com Vítimas Fatais;Amanhecer;Crescente;Céu Claro;Simples;Reta;-23,987703;-54,331223
21/07/2025;09:50:00;SAO DOMINGOS DO ARAGUAIA;Pista esburacada;Saída de leito carroçável;Com Vítimas Feridas;Pleno dia;Crescente;Sol;Simples;Reta;-5,522155;-48,67698
21/07/2025;12:40:00;TRES RIOS;Velocidade Incompatível;Saída de leito carroçável;Com Vítimas Feridas;Pleno dia;Crescente;Céu Claro;Dupla;"Curva;Declive";-22,09790861;-43,17248058
21/07/2025;05:55:00;CASTILHO;Animais na Pista;Atropelamento de Animal;Sem Vítimas;Pleno dia;Crescente;Céu Claro;Múltipla;Curva;-20,791104;-51,616866
21/07/2025;09:50:00;SEROPEDICA;Conversão proibida;Colisão transversal;Com Vítimas Feridas;Pleno dia;Decrescente;Céu Claro;Simples;Reta;-22,71738517;-43,69957495
21/07/2025;14:04:00;JI-PARANA;Conversão proibida;Colisão lateral mesmo sentido;Com Vítimas Feridas;Pleno dia;Crescente;Céu Claro;Simples;Reta;-10,865403;-61,969972
21/07/2025;10:59:00;ULIANOPOLIS;Pista esburacada;Eventos atípicos;Com Vítimas Feridas;Pleno dia;Decrescente;Céu Claro;Simples;Reta;-3,695812;-47,487097
21/07/2025;16:30:00;CURITIBA;Retorno proibido;Colisão transversal;Sem Vítimas;Pleno dia;Decrescente;Céu Claro;Dupla;Reta;-25,575576;-49,311949
21/07/2025;18:19:00;ESPERANCA;Deficiência do Sistema de Iluminação/Sinalização;Atropelamento de Pedestre;Com Vítimas Feridas;Plena Noite;Crescente;Céu Claro;Simples;Aclive;-7,023446;-35,855908
21/07/2025;19:00:00;ANGRA DOS REIS;Animais na Pista;Atropelamento de Animal;Com Vítimas Feridas;Plena Noite;Crescente;Nublado;Simples;Reta;-22,98999436;-44,24216063
21/07/2025;19:15:00;CABEDELO;Demais falhas na via;Tombamento;Com Vítimas Feridas;Plena Noite;Decrescente;Céu Claro;Dupla;Reta;-6,98528547;-34,82890956
21/07/2025;18:45:00;MACAE;Ultrapassagem Indevida;Colisão transversal;Com Vítimas Feridas;Plena Noite;Crescente;Céu Claro;Simples;Curva;-22,33900145;-41,91721916
21/07/2025;19:00:00;ARIQUEMES;Animais na Pista;Atropelamento de Animal;Com Vítimas Feridas;Plena Noite;Decrescente;Céu Claro;Dupla;"Aclive;Reta";-9,902923;-63,056267
21/07/2025;21:30:00;MURIAE;Velocidade Incompatível;Queda de ocupante de veículo;Com Vítimas Feridas;Plena Noite;Crescente;Céu Claro;Simples;Reta;-20,96141958;-42,35229492
21/07/2025;19:40:00;PARACATU;Afundamento ou ondulação no pavimento;Queda de ocupante de veículo;Com Vítimas Feridas;Plena Noite;Crescente;Céu Claro;Simples;Reta;-17,46022998;-46,66362047
21/07/2025;18:30:00;AMAJARI;Demais falhas na via;Saída de leito carroçável;Com Vítimas Feridas;Plena Noite;Decrescente;Nublado;Simples;Reta;3,73146642;-61,00304604
21/07/2025;23:00:00;PANAMBI;Afundamento ou ondulação no pavimento;Incêndio;Sem Vítimas;Plena Noite;Crescente;Céu Claro;Simples;Reta;-28,3515252;-53,49002838
21/07/2025;06:30:00;ROSARIO DO SUL;Ultrapassagem Indevida;Colisão frontal;Com Vítimas Feridas;Amanhecer;Decrescente;Nevoeiro/Neblina;Simples;Reta;-30,30164;-54,991393
21/07/2025;14:30:00;GENERAL CARNEIRO;Animais na Pista;Saída de leito carroçável;Com Vítimas Feridas;Pleno dia;Decrescente;Céu Claro;Simples;Reta;-15,71724709;-53,65602493
20/07/2025;04:15:00;FORMOSA;Ultrapassagem Indevida;Colisão lateral sentido oposto;Sem Vítimas;Plena Noite;Crescente;Céu Claro;Simples;"Declive;Curva";-15,4492451;-47,0973694
20/07/2025;04:30:00;PARAMBU;Ausência de sinalização;Colisão lateral sentido oposto;Sem Vítimas;Plena Noite;Decrescente;Céu Claro;Simples;"Curva;Em Obras";-6,448489;-40,727544
20/07/2025;13:30:00;BOA NOVA;Acesso irregular;Colisão transversal;Com Vítimas Fatais;Pleno dia;Decrescente;Céu Claro;Simples;Reta;-14,27637498;-40,30132771
20/07/2025;19:20:00;RIBAS DO RIO PARDO;Acesso irregular;Colisão com objeto;Sem Vítimas;Plena Noite;Decrescente;Céu Claro;Simples;Reta;-20,46281;-53,70251
20/07/2025;22:00:00;BENTO GONCALVES;Velocidade Incompatível;Engavetamento;Sem Vítimas;Plena Noite;Decrescente;Céu Claro;Simples;"Reta;Declive;Em Obras";-29,05079053;-51,58324448
20/07/2025;12:30:00;RIO PARDO;Velocidade Incompatível;Saída de leito carroçável;Sem Vítimas;Pleno dia;Crescente;Céu Claro;Simples;Rotatória;-30,02325275;-52,37380028
20/07/2025;02:28:00;NOSSA SENHORA DO SOCORRO;Animais na Pista;Atropelamento de Animal;Sem Vítimas;Plena Noite;Decrescente;Céu Claro;Dupla;Reta;-10,90221413;-37,14506507
20/07/2025;04:30:00;CARIACICA;Velocidade Incompatível;Saída de leito carroçável;Com Vítimas Feridas;Plena Noite;Decrescente;Nublado;Múltipla;Curva;-20,34087468;-40,4041636
20/07/2025;02:45:00;BARRA VELHA;Velocidade Incompatível;Capotamento;Com Vítimas Feridas;Plena Noite;Crescente;Céu Claro;Dupla;"Reta;Interseção de Vias";-26,66919457;-48,68985828
20/07/2025;00:30:00;TRES ARROIOS;Acostamento em desnível;Queda de ocupante de veículo;Com Vítimas Feridas;Plena Noite;Crescente;Céu Claro;Simples;Reta;-27,48013747;-52,10952763
20/07/2025;07:30:00;CORRENTINA;Velocidade Incompatível;Saída de leito carroçável;Com Vítimas Feridas;Pleno dia;Crescente;Céu Claro;Simples;Reta;-13,6597;-45,7593
20/07/2025;01:40:00;MAGE;Velocidade Incompatível;Queda de ocupante de veículo;Com Vítimas Feridas;Plena Noite;Decrescente;Céu Claro;Dupla;Reta;-22,6593983;-43,0910128
20/07/2025;07:20:00;ELDORADO DO SUL;Velocidade Incompatível;Colisão traseira;Com Vítimas Feridas;Pleno dia;Decrescente;Nevoeiro/Neblina;Dupla;Reta;-29,99419783;-51,27902448
20/07/2025;08:00:00;LAPA;Ultrapassagem Indevida;Colisão lateral sentido oposto;Com Vítimas Feridas;Pleno dia;Decrescente;Céu Claro;Simples;"Declive;Reta";-25,76026616;-49,73344294
20/07/2025;09:10:00;ANAPOLIS;Velocidade Incompatível;Colisão traseira;Com Vítimas Feridas;Pleno dia;Crescente;Céu Claro;Dupla;"Declive;Reta";-16,34790161;-48,90832756
20/07/2025;09:59:00;PORTO SEGURO;Pista Escorregadia;Colisão frontal;Com Vítimas Feridas;Pleno dia;Crescente;Garoa/Chuvisco;Simples;Curva;-16,373111;-39,307178
20/07/2025;11:15:00;PORTO ALEGRE;Velocidade Incompatível;Tombamento;Com Vítimas Feridas;Pleno dia;Crescente;Céu Claro;Simples;Curva;-29,9694719;-51,17683768
20/07/2025;09:40:00;PETROPOLIS;Velocidade Incompatível;Colisão traseira;Com Vítimas Feridas;Pleno dia;Decrescente;Céu Claro;Dupla;Reta;-22,44954127;-43,20032928
20/07/2025;12:00:00;SANTA LUZIA;Conversão proibida;Colisão transversal;Com Vítimas Feridas;Pleno dia;Crescente;Céu Claro;Simples;Curva;-19,82225533;-43,8178809
20/07/2025;16:40:00;GUARANIACU;Conversão proibida;Colisão transversal;Com Vítimas Feridas;Pleno dia;Decrescente;Céu Claro;Simples;Reta;-25,1223548;-52,7718269
20/07/2025;18:00:00;ITAMONTE;Ultrapassagem Indevida;Colisão transversal;Com Vítimas Feridas;Plena Noite;Decrescente;Céu Claro;Simples;Curva;-22,28876985;-44,86824542
20/07/2025;18:40:00;GASPAR;Ultrapassagem Indevida;Saída de leito carroçável;Com Vítimas Feridas;Plena Noite;Crescente;Nublado;Simples;"Reta;Desvio Temporário;Declive;Em Obras";-26,91306788;-48,9627707
20/07/2025;16:00:00;VENTUROSA;Ultrapassagem Indevida;Colisão frontal;Com Vítimas Feridas;Pleno dia;Decrescente;Nublado;Simples;"Declive;Reta";-8,6043965;-36,8566496
20/07/2025;18:50:00;POUSO ALEGRE;Conversão proibida;Colisão transversal;Com Vítimas Feridas;Plena Noite;Crescente;Céu Claro;Simples;"Aclive;Reta";-22,188368;-45,983382
20/07/2025;20:00:00;UBERLANDIA;Demais falhas na via;Queda de ocupante de veículo;Com Vítimas Feridas;Plena Noite;Crescente;Céu Claro;Dupla;Declive;-18,882338;-48,263891
20/07/2025;20:30:00;CAPAO DO LEAO;Animais na Pista;Atropelamento de Animal;Com Vítimas Feridas;Plena Noite;Decrescente;Nevoeiro/Neblina;Simples;Reta;-31,763375;-52,415012
20/07/2025;19:45:00;ENGENHEIRO CALDAS;Acostamento em desnível;Tombamento;Com Vítimas Feridas;Pleno dia;Decrescente;Céu Claro;Simples;Reta;-19,03291061;-41,99111938
20/07/2025;19:40:00;NOVA ERA;Velocidade Incompatível;Saída de leito carroçável;Com Vítimas Fatais;Plena Noite;Crescente;Céu Claro;Simples;Curva;-19,711172;-43,000433
20/07/2025;17:00:00;PATO BRANCO;Retorno proibido;Colisão transversal;Com Vítimas Feridas;Pleno dia;Crescente;Ignorado;Simples;Retorno Regulamentado;-26,199357;-52,674998
20/07/2025;00:45:00;CAMPINA GRANDE DO SUL;Velocidade Incompatível;Saída de leito carroçável;Com Vítimas Feridas;Plena Noite;Decrescente;Nublado;Dupla;Curva;-25,22486563;-48,90641053
19/07/2025;04:28:00;SAO CAITANO;Velocidade Incompatível;Saída de leito carroçável;Com Vítimas Feridas;Amanhecer;Crescente;Garoa/Chuvisco;Simples;Curva;-8,353959;-36,171916
19/07/2025;06:35:00;ORTIGUEIRA;Velocidade Incompatível;Tombamento;Sem Vítimas;Amanhecer;Decrescente;Céu Claro;Simples;"Ponte;Curva";-24,3625983;-50,80843091
19/07/2025;10:25:00;CAMPINORTE;Ultrapassagem Indevida;Colisão lateral sentido oposto;Com Vítimas Feridas;Pleno dia;Decrescente;Céu Claro;Simples;Reta;-14,1269206;-49,10957336
19/07/2025;14:25:00;LEOPOLDINA;Velocidade Incompatível;Tombamento;Com Vítimas Feridas;Pleno dia;Crescente;Céu Claro;Simples;Curva;-21,55164673;-42,6773986
19/07/2025;16:00:00;UBERLANDIA;Ultrapassagem Indevida;Colisão com objeto;Sem Vítimas;Pleno dia;Crescente;Nublado;Dupla;"Aclive;Reta";-18,906454;-48,3189778
19/07/2025;14:00:00;CAMPOS DE JULIO;Ultrapassagem Indevida;Colisão frontal;Com Vítimas Fatais;Pleno dia;Decrescente;Céu Claro;Simples;Reta;-13,58993009;-59,08069611
19/07/2025;16:40:00;TRES MARIAS;Velocidade Incompatível;Tombamento;Com Vítimas Feridas;Pleno dia;Decrescente;Céu Claro;Simples;"Aclive;Curva";-18,3501867;-45,0932933
19/07/2025;07:40:00;FLEXEIRAS;Velocidade Incompatível;Tombamento;Com Vítimas Feridas;Pleno dia;Decrescente;Céu Claro;Dupla;Curva;-9,195248;-35,787156
19/07/2025;17:00:00;ITAMARAJU;Ultrapassagem Indevida;Colisão transversal;Com Vítimas Feridas;Anoitecer;Crescente;Céu Claro;Simples;"Declive;Reta";-16,880917;-39,51368
19/07/2025;20:30:00;ITAPEMA;Animais na Pista;Atropelamento de Animal;Com Vítimas Feridas;Plena Noite;Decrescente;Céu Claro;Dupla;Reta;-27,1048756;-48,61578941
19/07/2025;15:53:00;SANTO ANTONIO DA PLATINA;Ultrapassagem Indevida;Colisão frontal;Com Vítimas Fatais;Pleno dia;Crescente;Céu Claro;Simples;Reta;-23,39999716;-50,06024547
19/07/2025;21:00:00;ICARAIMA;Ultrapassagem Indevida;Colisão lateral sentido oposto;Com Vítimas Feridas;Plena Noite;Crescente;Nublado;Simples;"Reta;Aclive";-23,37724101;-53,66306305
19/07/2025;23:30:00;LAVRAS;Velocidade Incompatível;Tombamento;Com Vítimas Feridas;Plena Noite;Crescente;Céu Claro;Dupla;Reta;-21,32377704;-45,16654842
19/07/2025;19:55:00;PRESIDENTE MEDICI;Ultrapassagem Indevida;Colisão lateral sentido oposto;Com Vítimas Feridas;Plena Noite;Decrescente;Céu Claro;Simples;Reta;-11,254223;-61,902098
19/07/2025;20:20:00;SOBRAL;Velocidade Incompatível;Tombamento;Com Vítimas Feridas;Plena Noite;Decrescente;Céu Claro;Simples;Curva;-3,7189593;-40,3323186
19/07/2025;03:10:00;PALHANO;Ultrapassagem Indevida;Saída de leito carroçável;Com Vítimas Feridas;Pleno dia;Decrescente;Céu Claro;Simples;"Declive;Reta";-4,73925133;-38,07612802
19/07/2025;04:45:00;SAO JOSE;Velocidade Incompatível;Colisão com objeto;Com Vítimas Feridas;Plena Noite;Decrescente;Céu Claro;Dupla;Reta;-27,53577318;-48,62755744
19/07/2025;01:40:00;NOVA ALVORADA DO SUL;Animais na Pista;Atropelamento de Animal;Sem Vítimas;Plena Noite;Decrescente;Céu Claro;Simples;Reta;-21,48671593;-54,28853273
19/07/2025;04:45:00;PARANAGUA;Pista Escorregadia;Colisão com objeto;Sem Vítimas;Plena Noite;Decrescente;Céu Claro;Simples;Reta;-25,547643;-48,546619
19/07/2025;06:50:00;MIRACATU;Velocidade Incompatível;Saída de leito carroçável;Sem Vítimas;Pleno dia;Decrescente;Céu Claro;Dupla;Reta;-24,27134431;-47,40239239
19/07/2025;07:30:00;DOM AQUINO;Ultrapassagem Indevida;Saída de leito carroçável;Com Vítimas Feridas;Pleno dia;Decrescente;Céu Claro;Simples;Reta;-15,512109;-54,665065
19/07/2025;07:45:00;MAFRA;Retorno proibido;Colisão transversal;Com Vítimas Feridas;Amanhecer;Crescente;Nevoeiro/Neblina;Dupla;Curva;-26,166;-49,853
19/07/2025;07:23:00;SANTA CRUZ CABRALIA;Velocidade Incompatível;Saída de leito carroçável;Com Vítimas Feridas;Pleno dia;Crescente;Céu Claro;Simples;Curva;-16,371;-39,263
19/07/2025;11:30:00;ANAPOLIS;Conversão proibida;Colisão transversal;Com Vítimas Feridas;Pleno dia;Crescente;Céu Claro;Dupla;"Retorno Regulamentado;Reta";-16,35251841;-48,91640134
19/07/2025;11:15:00;SOLEDADE;Ultrapassagem Indevida;Colisão lateral mesmo sentido;Com Vítimas Feridas;Pleno dia;Crescente;Céu Claro;Simples;"Reta;Interseção de Vias;Em Obras";-28,721;-52,561
19/07/2025;14:30:00;ITAOBIM;Ultrapassagem Indevida;Colisão frontal;Com Vítimas Feridas;Pleno dia;Crescente;Céu Claro;Simples;"Reta;Aclive";-16,646202;-41,501415
19/07/2025;14:20:00;ITAQUIRAI;Ultrapassagem Indevida;Colisão com objeto;Com Vítimas Feridas;Pleno dia;Crescente;Céu Claro;Simples;"Declive;Reta";-23,3641405;-54,21413295
19/07/2025;16:35:00;PICADA CAFE;Velocidade Incompatível;Tombamento;Com Vítimas Feridas;Pleno dia;Crescente;Céu Claro;Simples;Curva;-29,50445;-51,11777
19/07/2025;15:30:00;BARRA DO GARCAS;Acesso irregular;Queda de ocupante de veículo;Com Vítimas Feridas;Pleno dia;Crescente;Céu Claro;Simples;Reta;-15,87350678;-52,31595039
19/07/2025;18:50:00;JOAO PESSOA;Acumulo de água sobre o pavimento;Tombamento;Com Vítimas Feridas;Plena Noite;Decrescente;Chuva;Dupla;"Curva;Retorno Regulamentado";-7,1362066;-34,853872
19/07/2025;16:30:00;CANOINHAS;Conversão proibida;Colisão transversal;Com Vítimas Feridas;Pleno dia;Decrescente;Céu Claro;Simples;"Reta;Declive";-26,2231;-50,45907
19/07/2025;13:53:00;CRISTALANDIA DO PIAUI;Ultrapassagem Indevida;Colisão frontal;Com Vítimas Feridas;Pleno dia;Crescente;Céu Claro;Simples;"Reta;Aclive";-10,7144862;-45,1830896
19/07/2025;19:20:00;SAO PEDRO DO BUTIA;Retorno proibido;Colisão transversal;Com Vítimas Fatais;Plena Noite;Crescente;Céu Claro;Simples;"Declive;Reta";-28,1265292;-54,9182977
19/07/2025;18:15:00;MONTENEGRO;Retorno proibido;Colisão transversal;Com Vítimas Feridas;Plena Noite;Decrescente;Céu Claro;Simples;Reta;-29,81797111;-51,42949104
19/07/2025;19:55:00;CAMPO GRANDE;Velocidade Incompatível;Tombamento;Com Vítimas Feridas;Plena Noite;Crescente;Céu Claro;Simples;Retorno Regulamentado;-20,988;-54,506
19/07/2025;21:30:00;PATO BRANCO;Ultrapassagem Indevida;Saída de leito carroçável;Com Vítimas Fatais;Plena Noite;Crescente;Céu Claro;Simples;Reta;-26,14906;-52,662199
19/07/2025;17:00:00;BENEVIDES;Animais na Pista;Atropelamento de Animal;Com Vítimas Feridas;Pleno dia;Decrescente;Céu Claro;Dupla;Reta;-1,364253;-48,27732
19/07/2025;18:30:00;PIMENTA BUENO;Ultrapassagem Indevida;Saída de leito carroçável;Com Vítimas Fatais;Plena Noite;Decrescente;Céu Claro;Simples;Curva;-12,049882;-60,76043
18/07/2025;05:00:00;SABARA;Velocidade Incompatível;Tombamento;Com Vítimas Feridas;Amanhecer;Decrescente;Céu Claro;Simples;Curva;-19,78936345;-43,69261524
18/07/2025;07:50:00;PETROPOLIS;Velocidade Incompatível;Tombamento;Com Vítimas Feridas;Pleno dia;Decrescente;Nublado;Dupla;Curva;-22,28224;-43,1259648
18/07/2025;08:25:00;CATANDUVAS;Velocidade Incompatível;Saída de leito carroçável;Com Vítimas Feridas;Pleno dia;Crescente;Sol;Simples;Reta;-25,10526421;-53,10679436
18/07/2025;14:20:00;PONTA GROSSA;Ultrapassagem Indevida;Colisão lateral mesmo sentido;Sem Vítimas;Pleno dia;Crescente;Sol;Dupla;"Retorno Regulamentado;Reta";-25,07550155;-50,21020085
18/07/2025;16:05:00;RIO DO SUL;Ultrapassagem Indevida;Colisão lateral mesmo sentido;Com Vítimas Feridas;Pleno dia;Decrescente;Céu Claro;Simples;Interseção de Vias;-27,1722507;-49,5810834
18/07/2025;19:50:00;BIGUACU;Velocidade Incompatível;Colisão com objeto;Com Vítimas Feridas;Plena Noite;Decrescente;Céu Claro;Dupla;"Curva;Declive";-27,5193179;-48,63750156
18/07/2025;20:00:00;SANTA RITA DO ARAGUAIA;Acostamento em desnível;Queda de ocupante de veículo;Com Vítimas Feridas;Plena Noite;Decrescente;Céu Claro;Simples;Reta;-17,323408;-53,208458
18/07/2025;01:30:00;NOVA SERRANA;Velocidade Incompatível;Saída de leito carroçável;Com Vítimas Feridas;Plena Noite;Decrescente;Céu Claro;Dupla;Reta;-19,873848;-44,95803863
18/07/2025;06:55:00;BLUMENAU;Retorno proibido;Colisão frontal;Com Vítimas Feridas;Pleno dia;Decrescente;Céu Claro;Simples;Curva;-26,87174741;-49,1120073
18/07/2025;07:40:00;JURANDA;Ultrapassagem Indevida;Saída de leito carroçável;Com Vítimas Feridas;Pleno dia;Decrescente;Céu Claro;Simples;Reta;-24,4385121;-52,8374058
18/07/2025;12:20:00;GUAPIMIRIM;Retorno proibido;Colisão transversal;Sem Vítimas;Pleno dia;Decrescente;Céu Claro;Simples;Reta;-22,66812286;-43,01126719
18/07/2025;09:20:00;IMBITUBA;Pista esburacada;Colisão com objeto;Com Vítimas Feridas;Pleno dia;Decrescente;Céu Claro;Múltipla;Reta;-28,22785861;-48,70126605
18/07/2025;13:50:00;BRASILIA;Conversão proibida;Colisão transversal;Com Vítimas Feridas;Pleno dia;Crescente;Céu Claro;Simples;"Reta;Aclive";-15,943392;-47,728565
18/07/2025;17:30:00;FORTALEZA DO TABOCAO;Ultrapassagem Indevida;Colisão frontal;Com Vítimas Fatais;Anoitecer;Crescente;Céu Claro;Simples;Reta;-9,017295;-48,50252
18/07/2025;11:20:00;BOM JARDIM;Velocidade Incompatível;Colisão frontal;Com Vítimas Feridas;Pleno dia;Decrescente;Sol;Simples;Reta;-3,582385;-45,561412
18/07/2025;16:30:00;SANTA BARBARA DO LESTE;Velocidade Incompatível;Tombamento;Com Vítimas Feridas;Pleno dia;Crescente;Céu Claro;Simples;"Aclive;Curva";-20,00693675;-42,14215279
18/07/2025;17:20:00;BAIA FORMOSA;Demais falhas na via;Saída de leito carroçável;Com Vítimas Feridas;Anoitecer;Decrescente;Céu Claro;Dupla;"Reta;Declive";-6,4705969;-35,1115771
18/07/2025;18:30:00;BANDEIRANTES;Conversão proibida;Colisão transversal;Com Vítimas Feridas;Plena Noite;Crescente;Nublado;Simples;Aclive;-23,117445;-50,375086
18/07/2025;18:00:00;ITAITUBA;Ultrapassagem Indevida;Colisão frontal;Com Vítimas Feridas;Plena Noite;Decrescente;Céu Claro;Simples;"Aclive;Curva";-4,39129783;-55,8871261
18/07/2025;19:00:00;VILHENA;Velocidade Incompatível;Colisão traseira;Com Vítimas Feridas;Plena Noite;Decrescente;Céu Claro;Simples;Reta;-12,72576462;-60,19725529