data_inversa;horario;municipio;causa_acidente;tipo_acidente;classificacao_acidente;fase_dia;sentido_via;condicao_metereologica;tipo_pista;tracado_via;latitude;longitude
13/07/2025;04:00:00;PATROCINIO;Velocidade Incompatível;Saída de leito carroçável;Com Vítimas Fatais;Amanhecer;Decrescente;Céu Claro;Simples;Reta;-18,959;-47,2357
13/07/2025;09:40:00;VACARIA;Retorno proibido;Colisão transversal;Sem Vítimas;Pleno dia;Decrescente;Céu Claro;Simples;Reta;-28,50471341;-50,91534376
13/07/2025;11:21:00;RIO BRANCO;Retorno proibido;Colisão traseira;Com Vítimas Feridas;Pleno dia;Crescente;Sol;Dupla;Reta;-9,954969;-67,85974
13/07/2025;12:52:00;DUQUE DE CAXIAS;Velocidade Incompatível;Colisão traseira;Com Vítimas Feridas;Pleno dia;Crescente;Céu Claro;Dupla;Reta;-22,6692038;-43,2712999
13/07/2025;07:30:00;FEIRA DE SANTANA;Velocidade Incompatível;Saída de leito carroçável;Com Vítimas Feridas;Pleno dia;Crescente;Céu Claro;Dupla;Curva;-12,058907;-38,969765
13/07/2025;14:30:00;LUIS EDUARDO MAGALHAES;Velocidade Incompatível;Queda de ocupante de veículo;Com Vítimas Fatais;Pleno dia;Decrescente;Céu Claro;Simples;Reta;-12,3881;-45,86696
13/07/2025;17:00:00;JUIZ DE FORA;Velocidade Incompatível;Colisão lateral sentido oposto;Com Vítimas Feridas;Anoitecer;Decrescente;Céu Claro;Simples;Reta;-21,63417289;-43,44221592
13/07/2025;18:25:00;XAXIM;Velocidade Incompatível;Saída de leito carroçável;Sem Vítimas;Anoitecer;Crescente;Céu Claro;Simples;"Interseção de Vias;Rotatória";-26,94892169;-52,52878603
13/07/2025;19:30:00;TERESOPOLIS;Velocidade Incompatível;Atropelamento de Pedestre;Com Vítimas Fatais;Plena Noite;Crescente;Céu Claro;Simples;Reta;-22,407204;-42,9513
13/07/2025;12:50:00;AGRONOMICA;Demais falhas na via;Colisão lateral sentido oposto;Com Vítimas Feridas;Pleno dia;Crescente;Céu Claro;Simples;"Em Obras;Reta";-27,27700714;-49,75189654
13/07/2025;19:00:00;PRESIDENTE TANCREDO NEVES;Velocidade Incompatível;Colisão com objeto;Sem Vítimas;Plena Noite;Decrescente;Chuva;Simples;"Declive;Reta";-13,465542;-39,418347
13/07/2025;19:30:00;CABO VERDE;Animais na Pista;Atropelamento de Animal;Com Vítimas Feridas;Plena Noite;Crescente;Céu Claro;Simples;Reta;-21,453332;-46,412467
13/07/2025;19:00:00;ANGRA DOS REIS;Conversão proibida;Colisão transversal;Com Vítimas Feridas;Plena Noite;Decrescente;Céu Claro;Simples;Reta;-22,9895791;-44,2418148
13/07/2025;20:00:00;TIANGUA;Ultrapassagem Indevida;Colisão lateral mesmo sentido;Com Vítimas Feridas;Plena Noite;Decrescente;Céu Claro;Múltipla;Reta;-3,73519213;-41,00300431
13/07/2025;22:15:00;MARANGUAPE;Animais na Pista;Atropelamento de Animal;Com Vítimas Feridas;Plena Noite;Crescente;Céu Claro;Simples;Reta;-4,021539;-38,983361
13/07/2025;03:10:00;CALIFORNIA;Ultrapassagem Indevida;Colisão frontal;Com Vítimas Feridas;Plena Noite;Decrescente;Céu Claro;Simples;Reta;-23,67206427;-51,35581462
13/07/2025;23:00:00;ARAGUAINA;Acesso irregular;Saída de leito carroçável;Com Vítimas Feridas;Pleno dia;Crescente;Céu Claro;Simples;Curva;-7,1285;-48,19802
12/07/2025;06:20:00;LAGOA DO PIAUI;Ultrapassagem Indevida;Colisão traseira;Com Vítimas Feridas;Amanhecer;Decrescente;Céu Claro;Simples;Reta;-5,42767;-42,637169
12/07/2025;07:30:00;AIURUOCA;Velocidade Incompatível;Capotamento;Com Vítimas Feridas;Amanhecer;Decrescente;Nublado;Simples;"Curva;Declive";-21,935142;-44,574521
12/07/2025;10:30:00;ALAGOINHAS;Acesso irregular;Colisão transversal;Com Vítimas Feridas;Pleno dia;Decrescente;Chuva;Simples;Reta;-12,07861818;-38,34528496
12/07/2025;09:00:00;SAO JOAO DO ARAGUAIA;Ultrapassagem Indevida;Colisão lateral mesmo sentido;Com Vítimas Feridas;Pleno dia;Decrescente;Sol;Simples;"Curva;Declive";-5,48100875;-48,85105133
12/07/2025;16:00:00;EXTREMA;Velocidade Incompatível;Tombamento;Com Vítimas Feridas;Pleno dia;Decrescente;Sol;Dupla;"Declive;Curva";-22,788472;-46,243878
12/07/2025;15:35:00;BURITIZEIRO;Ultrapassagem Indevida;Colisão frontal;Com Vítimas Fatais;Pleno dia;Decrescente;Céu Claro;Simples;Reta;-17,73772;-45,41376
12/07/2025;17:40:00;CARIRA;Conversão proibida;Colisão transversal;Com Vítimas Feridas;Anoitecer;Decrescente;Céu Claro;Simples;Reta;-10,34831097;-37,70669684
12/07/2025;05:20:00;CONCEICAO DAS ALAGOAS;Acesso irregular;Saída de leito carroçável;Sem Vítimas;Plena Noite;Crescente;Céu Claro;Dupla;Reta;-19,75947039;-48,30804616
12/07/2025;07:20:00;CAMPINA GRANDE;Acumulo de areia ou detritos sobre o pavimento;Tombamento;Com Vítimas Feridas;Pleno dia;Crescente;Chuva;Simples;Reta;-7,280259;-35,888975
12/07/2025;09:00:00;UBERABA;Velocidade Incompatível;Saída de leito carroçável;Com Vítimas Feridas;Pleno dia;Crescente;Nublado;Dupla;Reta;-19,680934;-47,994439
12/07/2025;07:12:00;RIO BRANCO;Pista esburacada;Saída de leito carroçável;Com Vítimas Feridas;Pleno dia;Decrescente;Céu Claro;Simples;"Reta;Aclive";-10,047498;-67,612481
12/07/2025;15:15:00;BLUMENAU;Acesso irregular;Colisão lateral mesmo sentido;Com Vítimas Feridas;Pleno dia;Decrescente;Nublado;Dupla;"Reta;Em Obras";-26,87733007;-49,12940025
12/07/2025;17:20:00;SAO BORJA;Animais na Pista;Atropelamento de Animal;Com Vítimas Feridas;Pleno dia;Crescente;Céu Claro;Simples;Reta;-28,6704321;-55,9745452
12/07/2025;17:00:00;IMPERATRIZ;Acumulo de areia ou detritos sobre o pavimento;Tombamento;Com Vítimas Feridas;Pleno dia;Decrescente;Céu Claro;Simples;Reta;-5,469428;-47,47228
12/07/2025;17:45:00;GOIANAPOLIS;Condutor usando celular;Saída de leito carroçável;Com Vítimas Feridas;Anoitecer;Crescente;Nublado;Dupla;"Curva;Declive";-16,528349;-49,137731
12/07/2025;17:00:00;COLATINA;Velocidade Incompatível;Colisão transversal;Com Vítimas Feridas;Anoitecer;Crescente;Nublado;Simples;"Reta;Interseção de Vias";-19,49994424;-40,77002764
12/07/2025;18:15:00;SANTA LUZIA;Ausência de sinalização;Saída de leito carroçável;Com Vítimas Feridas;Plena Noite;Crescente;Céu Claro;Simples;Reta;-6,87409787;-36,90860152
12/07/2025;19:00:00;CURITIBA;Velocidade Incompatível;Colisão traseira;Sem Vítimas;Plena Noite;Crescente;Céu Claro;Dupla;Reta;-25,45571369;-49,36104655
12/07/2025;19:00:00;CARANDAI;Velocidade Incompatível;Tombamento;Com Vítimas Feridas;Plena Noite;Decrescente;Céu Claro;Simples;"Curva;Retorno Regulamentado;Declive";-20,94805221;-43,79703332
12/07/2025;18:15:00;GARANHUNS;Ultrapassagem Indevida;Colisão lateral sentido oposto;Com Vítimas Feridas;Plena Noite;Crescente;Nublado;Simples;"Aclive;Reta";-8,914911;-36,488611
12/07/2025;19:28:00;MOSSORO;Iluminação deficiente;Colisão traseira;Com Vítimas Fatais;Plena Noite;Crescente;Céu Claro;Simples;Reta;-5,196615;-37,415155
12/07/2025;19:00:00;JUCATI;Animais na Pista;Atropelamento de Animal;Com Vítimas Feridas;Plena Noite;Crescente;Garoa/Chuvisco;Simples;Curva;-8,740957;-36,430827
12/07/2025;19:00:00;ARIQUEMES;Iluminação deficiente;Saída de leito carroçável;Com Vítimas Feridas;Plena Noite;Crescente;Céu Claro;Dupla;"Reta;Interseção de Vias";-9,916573;-63,055148
12/07/2025;19:20:00;QUEIMADOS;Iluminação deficiente;Atropelamento de Pedestre;Com Vítimas Fatais;Plena Noite;Decrescente;Céu Claro;Dupla;Reta;-22,73185705;-43,61743927
12/07/2025;20:05:00;IMPERATRIZ;Conversão proibida;Colisão transversal;Com Vítimas Feridas;Plena Noite;Decrescente;Céu Claro;Múltipla;Reta;-5,50439;-47,471797
12/07/2025;23:45:00;SAO MIGUEL DE TAIPU;Animais na Pista;Atropelamento de Animal;Com Vítimas Fatais;Plena Noite;Crescente;Céu Claro;Dupla;Reta;-7,191111;-35,183228
12/07/2025;23:50:00;MAIRIPORA;Velocidade Incompatível;Saída de leito carroçável;Com Vítimas Feridas;Plena Noite;Crescente;Céu Claro;Dupla;"Aclive;Curva";-23,343744;-46,5727513
12/07/2025;21:25:00;SANTANA DO IPANEMA;Iluminação deficiente;Queda de ocupante de veículo;Com Vítimas Feridas;Plena Noite;Crescente;Garoa/Chuvisco;Simples;Reta;-9,352822;-37,274163
12/07/2025;19:10:00;PALMAS;Velocidade Incompatível;Colisão lateral mesmo sentido;Com Vítimas Fatais;Plena Noite;Decrescente;Céu Claro;Múltipla;Reta;-10,247212;-48,312313
11/07/2025;02:30:00;ANCHIETA;Velocidade Incompatível;Colisão frontal;Com Vítimas Feridas;Plena Noite;Crescente;Chuva;Simples;Curva;-20,756072;-40,75604
11/07/2025;07:45:00;JOAO PINHEIRO;Ultrapassagem Indevida;Colisão traseira;Com Vítimas Feridas;Pleno dia;Crescente;Céu Claro;Simples;Curva;-17,72573;-46,215615
11/07/2025;11:00:00;FEIRA DE SANTANA;Velocidade Incompatível;Colisão traseira;Com Vítimas Feridas;Pleno dia;Decrescente;Céu Claro;Dupla;Reta;-12,1302879;-38,9677455
11/07/2025;13:50:00;UBERLANDIA;Velocidade Incompatível;Atropelamento de Pedestre;Com Vítimas Feridas;Pleno dia;Crescente;Céu Claro;Dupla;Reta;-18,958201;-48,216532
11/07/2025;15:30:00;LAPA;Demais falhas na via;Colisão lateral sentido oposto;Com Vítimas Feridas;Pleno dia;Crescente;Céu Claro;Simples;Curva;-25,78363333;-49,84212756
11/07/2025;18:30:00;MARINGA;Velocidade Incompatível;Colisão lateral mesmo sentido;Sem Vítimas;Plena Noite;Decrescente;Céu Claro;Dupla;"Reta;Interseção de Vias";-23,42064446;-51,90930605
11/07/2025;15:45:00;CORUPA;Ultrapassagem Indevida;Colisão frontal;Com Vítimas Feridas;Pleno dia;Decrescente;Céu Claro;Simples;"Aclive;Reta";-26,426008;-49,252457
11/07/2025;21:00:00;FLEXEIRAS;Pista Escorregadia;Tombamento;Sem Vítimas;Plena Noite;Decrescente;Chuva;Dupla;Reta;-9,211152;-35,778427
11/07/2025;20:00:00;SANTA LUZIA DO PARUA;Pista esburacada;Saída de leito carroçável;Com Vítimas Feridas;Plena Noite;Decrescente;Céu Claro;Simples;Reta;-2,45812314;-45,79856873
11/07/2025;22:30:00;LAPA;Velocidade Incompatível;Tombamento;Com Vítimas Feridas;Plena Noite;Decrescente;Céu Claro;Simples;Curva;-25,78672471;-49,84556079
11/07/2025;03:40:00;CONGONHAS;Velocidade Incompatível;Tombamento;Com Vítimas Fatais;Plena Noite;Crescente;Céu Claro;Simples;"Declive;Curva";-20,4768335;-43,8424124
11/07/2025;10:59:00;PETROLINA;Ausência de sinalização;Colisão traseira;Com Vítimas Feridas;Pleno dia;Decrescente;Ignorado;Dupla;"Reta;Viaduto";-9,39900675;-40,5049413
11/07/2025;05:25:00;IPIRANGA;Velocidade Incompatível;Saída de leito carroçável;Com Vítimas Feridas;Plena Noite;Crescente;Céu Claro;Dupla;Curva;-24,84902282;-50,47318551
11/07/2025;02:00:00;SAO GERALDO DO ARAGUAIA;Animais na Pista;Atropelamento de Animal;Com Vítimas Feridas;Plena Noite;Decrescente;Céu Claro;Simples;Reta;-6,381609;-48,574558
11/07/2025;06:50:00;CARIACICA;Acostamento em desnível;Colisão lateral mesmo sentido;Com Vítimas Feridas;Pleno dia;Decrescente;Nublado;Dupla;Curva;-20,2908053;-40,3917302
11/07/2025;09:20:00;GOIANIA;Acesso irregular;Colisão traseira;Com Vítimas Feridas;Pleno dia;Decrescente;Sol;Múltipla;Reta;-16,616152;-49,205932
11/07/2025;11:20:00;TANQUINHO;Velocidade Incompatível;Tombamento;Com Vítimas Feridas;Pleno dia;Decrescente;Nublado;Simples;Curva;-11,983217;-39,086153
11/07/2025;09:30:00;IMPERATRIZ;Velocidade Incompatível;Colisão traseira;Sem Vítimas;Pleno dia;Crescente;Céu Claro;Simples;Reta;-5,3507;-47,48462
11/07/2025;12:25:00;RIO DO SUL;Retorno proibido;Colisão frontal;Sem Vítimas;Pleno dia;Crescente;Sol;Simples;Reta;-27,2376293;-49,6833124
11/07/2025;11:20:00;MARECHAL FLORIANO;Acumulo de água sobre o pavimento;Saída de leito carroçável;Sem Vítimas;Pleno dia;Decrescente;Chuva;Simples;Reta;-20,41166445;-40,88046074
11/07/2025;09:10:00;CAMPOS DOS GOYTACAZES;Ultrapassagem Indevida;Colisão traseira;Sem Vítimas;Pleno dia;Decrescente;Céu Claro;Simples;Reta;-21,78500629;-41,37863159
11/07/2025;14:00:00;BARAO;Acesso irregular;Colisão transversal;Com Vítimas Feridas;Pleno dia;Crescente;Céu Claro;Dupla;Reta;-29,37482158;-51,50150148
11/07/2025;12:06:00;JOINVILLE;Velocidade Incompatível;Colisão transversal;Com Vítimas Fatais;Pleno dia;Crescente;Céu Claro;Múltipla;"Reta;Interseção de Vias";-26,34324892;-48,85831475
11/07/2025;09:00:00;JOAO MONLEVADE;Chuva;Saída de leito carroçável;Com Vítimas Feridas;Pleno dia;Crescente;Garoa/Chuvisco;Simples;"Curva;Aclive";-19,8580572;-43,1230545
11/07/2025;14:35:00;POCOS DE CALDAS;Ultrapassagem Indevida;Colisão frontal;Com Vítimas Feridas;Pleno dia;Crescente;Sol;Simples;"Declive;Reta";-21,78364592;-46,43616769
11/07/2025;17:35:00;GUARULHOS;Pista Escorregadia;Tombamento;Com Vítimas Feridas;Anoitecer;Decrescente;Céu Claro;Simples;Curva;-23,46273544;-46,49053955
11/07/2025;16:50:00;JOINVILLE;Velocidade Incompatível;Colisão traseira;Com Vítimas Feridas;Pleno dia;Decrescente;Céu Claro;Dupla;Reta;-26,39002442;-48,83972168
11/07/2025;17:55:00;SIDROLANDIA;Animais na Pista;Atropelamento de Animal;Com Vítimas Feridas;Plena Noite;Crescente;Céu Claro;Simples;Reta;-20,97847063;-55,05429268
11/07/2025;19:20:00;MACAIBA;Acesso irregular;Colisão transversal;Com Vítimas Feridas;Plena Noite;Crescente;Chuva;Dupla;Reta;-5,87293184;-35,31818032
11/07/2025;18:30:00;CASCAVEL;Conversão proibida;Colisão transversal;Com Vítimas Feridas;Anoitecer;Crescente;Nublado;Simples;Reta;-24,946384;-53,398265
11/07/2025;18:50:00;PALMITOS;Velocidade Incompatível;Colisão traseira;Com Vítimas Feridas;Plena Noite;Crescente;Céu Claro;Simples;Reta;-27,11680873;-53,21547646
11/07/2025;17:40:00;BLUMENAU;Acesso irregular;Colisão transversal;Com Vítimas Feridas;Plena Noite;Crescente;Céu Claro;Simples;"Reta;Em Obras";-26,87965029;-49,17108027
11/07/2025;23:50:00;UBERABA;Velocidade Incompatível;Tombamento;Com Vítimas Feridas;Plena Noite;Crescente;Céu Claro;Dupla;"Interseção de Vias;Viaduto";-19,777086;-47,923912
11/07/2025;18:35:00;SEROPEDICA;Acesso irregular;Colisão transversal;Com Vítimas Feridas;Plena Noite;Crescente;Céu Claro;Simples;Interseção de Vias;-22,73580033;-43,71249139
11/07/2025;12:10:00;RIALMA;Acesso irregular;Colisão traseira;Com Vítimas Feridas;Pleno dia;Decrescente;Céu Claro;Simples;"Curva;Retorno Regulamentado";-15,27580412;-49,55164254
11/07/2025;11:30:00;UBAITABA;Retorno proibido;Colisão transversal;Com Vítimas Feridas;Pleno dia;Decrescente;Nublado;Simples;Aclive;-14,27284955;-39,32723254
11/07/2025;18:45:00;BRASILIA;Ultrapassagem Indevida;Colisão lateral mesmo sentido;Com Vítimas Feridas;Anoitecer;Decrescente;Céu Claro;Dupla;"Túnel;Interseção de Vias;Viaduto;Reta";-15,594777;-47,656545
10/07/2025;00:02:00;RIACHAO DO JACUIPE;Ultrapassagem Indevida;Colisão frontal;Com Vítimas Fatais;Plena Noite;Crescente;Céu Claro;Simples;Reta;-11,861693;-39,323513
10/07/2025;01:00:00;RORAINOPOLIS;Animais na Pista;Colisão frontal;Com Vítimas Feridas;Plena Noite;Crescente;Garoa/Chuvisco;Simples;Reta;0,86379212;-60,43521023
10/07/2025;03:30:00;CRISTALINA;Afundamento ou ondulação no pavimento;Tombamento;Com Vítimas Feridas;Plena Noite;Decrescente;Céu Claro;Dupla;Reta;-16,612447;-47,759905
10/07/2025;09:40:00;ENTRE-IJUIS;Velocidade Incompatível;Tombamento;Com Vítimas Feridas;Pleno dia;Crescente;Sol;Simples;Reta;-28,372989;-54,143297
10/07/2025;05:45:00;IGARASSU;Condutor usando celular;Tombamento;Com Vítimas Feridas;Amanhecer;Decrescente;Chuva;Múltipla;"Declive;Reta";-7,84672431;-34,90993587
10/07/2025;07:50:00;LAVRAS;Velocidade Incompatível;Colisão com objeto;Com Vítimas Feridas;Pleno dia;Crescente;Céu Claro;Dupla;"Declive;Curva";-21,2873478;-45,1432075
10/07/2025;11:00:00;CAMPINA GRANDE;Afundamento ou ondulação no pavimento;Saída de leito carroçável;Com Vítimas Feridas;Pleno dia;Decrescente;Nublado;Simples;"Aclive;Reta";-7,1799883;-36,001173
10/07/2025;11:00:00;GUARAMIRIM;Retorno proibido;Colisão transversal;Com Vítimas Feridas;Pleno dia;Crescente;Nublado;Dupla;Reta;-26,45305388;-48,91078949
10/07/2025;14:00:00;SAO LUIS;Pista Escorregadia;Capotamento;Com Vítimas Feridas;Pleno dia;Crescente;Garoa/Chuvisco;Dupla;"Reta;Aclive";-2,6587988;-44,30255055
10/07/2025;16:00:00;JOINVILLE;Conversão proibida;Colisão transversal;Com Vítimas Feridas;Pleno dia;Decrescente;Nublado;Dupla;Reta;-26,2436795;-48,91060559
10/07/2025;18:00:00;PONTE ALTA;Acesso irregular;Colisão lateral mesmo sentido;Com Vítimas Feridas;Plena Noite;Crescente;Nublado;Simples;Reta;-27,60227483;-50,35522811
10/07/2025;18:40:00;ITABELA;Velocidade Incompatível;Colisão frontal;Com Vítimas Feridas;Plena Noite;Crescente;Nublado;Simples;"Declive;Curva";-16,618743;-39,541362
10/07/2025;20:20:00;DUQUE DE CAXIAS;Ultrapassagem Indevida;Queda de ocupante de veículo;Com Vítimas Feridas;Plena Noite;Decrescente;Céu Claro;Simples;Reta;-22,64085096;-43,28336197
10/07/2025;16:03:00;TRAIRAO;Ultrapassagem Indevida;Colisão lateral sentido oposto;Com Vítimas Feridas;Pleno dia;Crescente;Céu Claro;Simples;Reta;-4,845752;-56,153592
10/07/2025;08:35:00;CABEDELO;Animais na Pista;Atropelamento de Animal;Com Vítimas Feridas;Pleno dia;Crescente;Nublado;Simples;"Reta;Interseção de Vias";-6,9744588;-34,8319278
10/07/2025;08:15:00;ENTRE-IJUIS;Velocidade Incompatível;Saída de leito carroçável;Com Vítimas Feridas;Pleno dia;Decrescente;Céu Claro;Simples;"Aclive;Reta";-28,37364531;-54,12338376
10/07/2025;07:30:00;PORTO VELHO;Acesso irregular;Colisão transversal;Com Vítimas Feridas;Pleno dia;Crescente;Céu Claro;Múltipla;Reta;-8,77697726;-63,87275219
10/07/2025;08:10:00;ARAQUARI;Conversão proibida;Colisão transversal;Com Vítimas Feridas;Pleno dia;Crescente;Nublado;Simples;Reta;-26,406352;-48,747726
10/07/2025;12:40:00;CARAVELAS;Acumulo de água sobre o pavimento;Saída de leito carroçável;Com Vítimas Feridas;Pleno dia;Crescente;Chuva;Simples;"Reta;Aclive";-17,652406;-39,77127322
10/07/2025;12:54:00;ITATIAIA;Fumaça;Colisão traseira;Com Vítimas Feridas;Pleno dia;Decrescente;Céu Claro;Dupla;Reta;-22,49587779;-44,64602217
10/07/2025;15:00:00;BLUMENAU;Retorno proibido;Colisão transversal;Com Vítimas Feridas;Pleno dia;Decrescente;Nublado;Simples;Reta;-26,86394536;-49,04543487
10/07/2025;14:20:00;GUARANIACU;Velocidade Incompatível;Saída de leito carroçável;Com Vítimas Feridas;Pleno dia;Decrescente;Céu Claro;Simples;Reta;-25,18342764;-52,66744314
10/07/2025;15:48:00;RIO BRANCO;Pista Escorregadia;Tombamento;Com Vítimas Feridas;Pleno dia;Decrescente;Céu Claro;Dupla;"Rotatória;Declive;Interseção de Vias";-9,97746149;-67,84942813
10/07/2025;18:10:00;VITORIA;Pista esburacada;Tombamento;Com Vítimas Feridas;Plena Noite;Crescente;Céu Claro;Dupla;"Reta;Ponte";-20,3219121;-40,3538621
10/07/2025;18:05:00;ERECHIM;Acesso irregular;Colisão lateral mesmo sentido;Com Vítimas Feridas;Anoitecer;Crescente;Nublado;Simples;"Declive;Reta";-27,63459295;-52,2374532
10/07/2025;18:13:00;JARDIM;Conversão proibida;Colisão transversal;Com Vítimas Feridas;Anoitecer;Crescente;Céu Claro;Simples;"Reta;Interseção de Vias";-21,482818;-56,148535
10/07/2025;19:00:00;SEROPEDICA;Retorno proibido;Colisão traseira;Com Vítimas Feridas;Plena Noite;Decrescente;Céu Claro;Dupla;Reta;-22,719932;-43,691415
10/07/2025;16:45:00;SARANDI;Velocidade Incompatível;Engavetamento;Com Vítimas Feridas;Pleno dia;Decrescente;Céu Claro;Dupla;Reta;-23,435573;-51,880832
10/07/2025;20:20:00;ANAPOLIS;Velocidade Incompatível;Saída de leito carroçável;Sem Vítimas;Plena Noite;Decrescente;Ignorado;Dupla;"Reta;Declive";-16,366652;-48,937627
10/07/2025;19:03:00;CABEDELO;Velocidade Incompatível;Saída de leito carroçável;Com Vítimas Feridas;Plena Noite;Decrescente;Garoa/Chuvisco;Dupla;Reta;-7,023846;-34,837221
10/07/2025;18:30:00;DOURADOS;Iluminação deficiente;Tombamento;Com Vítimas Feridas;Plena Noite;Decrescente;Céu Claro;Dupla;Reta;-22,25246;-54,776864
10/07/2025;21:45:00;GUARAPUAVA;Velocidade Incompatível;Saída de leito carroçável;Com Vítimas Feridas;Plena Noite;Decrescente;Nublado;Dupla;"Reta;Aclive";-25,35327636;-51,45946419
10/07/2025;20:00:00;ITUMBIARA;Velocidade Incompatível;Saída de leito carroçável;Com Vítimas Feridas;Plena Noite;Crescente;Céu Claro;Dupla;"Reta;Rotatória;Interseção de Vias";-18,29641539;-49,58468524
10/07/2025;19:30:00;MANGARATIBA;Curva acentuada;Saída de leito carroçável;Com Vítimas Feridas;Plena Noite;Decrescente;Céu Claro;Simples;Curva;-22,94996088;-44,06743733
09/07/2025;09:50:00;NAVEGANTES;Ultrapassagem Indevida;Colisão lateral mesmo sentido;Com Vítimas Feridas;Pleno dia;Crescente;Sol;Dupla;"Reta;Em Obras";-26,8590621;-48,68897885
09/07/2025;11:35:00;EUSEBIO;Conversão proibida;Colisão lateral mesmo sentido;Com Vítimas Feridas;Pleno dia;Crescente;Céu Claro;Dupla;"Retorno Regulamentado;Reta";-3,91835314;-38,50738049
09/07/2025;10:35:00;AGUAS MORNAS;Ultrapassagem Indevida;Colisão frontal;Com Vítimas Fatais;Pleno dia;Decrescente;Céu Claro;Simples;"Curva;Declive";-27,7221;-48,90682
09/07/2025;12:00:00;IBIRAMA;Velocidade Incompatível;Tombamento;Com Vítimas Feridas;Pleno dia;Crescente;Céu Claro;Simples;"Declive;Curva";-27,0956;-49,5284
09/07/2025;10:40:00;CAMANDUCAIA;Velocidade Incompatível;Tombamento;Com Vítimas Feridas;Pleno dia;Decrescente;Sol;Dupla;Curva;-22,7705036;-46,1931404
09/07/2025;20:10:00;IGARAPE;Velocidade Incompatível;Tombamento;Com Vítimas Feridas;Plena Noite;Crescente;Céu Claro;Dupla;"Curva;Declive";-20,08269674;-44,30820465
09/07/2025;22:10:00;JOAO PINHEIRO;Ausência de sinalização;Tombamento;Sem Vítimas;Plena Noite;Decrescente;Céu Claro;Simples;Declive;-18,05285425;-45,6522722
09/07/2025;19:15:00;TIBAGI;Velocidade Incompatível;Saída de leito carroçável;Com Vítimas Feridas;Plena Noite;Crescente;Céu Claro;Dupla;"Curva;Retorno Regulamentado";-24,6893524;-50,5826497
09/07/2025;01:30:00;PEDRA PRETA;Velocidade Incompatível;Tombamento;Com Vítimas Feridas;Plena Noite;Crescente;Ignorado;Simples;"Curva;Declive";-16,79463603;-54,16873723
09/07/2025;04:12:00;MACAIBA;Velocidade Incompatível;Saída de leito carroçável;Sem Vítimas;Plena Noite;Decrescente;Céu Claro;Dupla;"Curva;Declive;Viaduto";-5,88840917;-35,49149788
09/07/2025;07:00:00;CABEDELO;Acesso irregular;Colisão transversal;Com Vítimas Feridas;Amanhecer;Decrescente;Sol;Dupla;"Reta;Em Obras";-7,065125;-34,849925
09/07/2025;04:30:00;SANTANA DO LIVRAMENTO;Animais na Pista;Atropelamento de Animal;Sem Vítimas;Plena Noite;Crescente;Nevoeiro/Neblina;Simples;Reta;-30,507669;-56,18869312
09/07/2025;09:20:00;TAUBATE;Afundamento ou ondulação no pavimento;Tombamento;Com Vítimas Feridas;Pleno dia;Decrescente;Nublado;Dupla;Reta;-23,03412614;-45,5526999
09/07/2025;09:45:00;JEQUIE;Pista esburacada;Tombamento;Com Vítimas Feridas;Pleno dia;Crescente;Sol;Simples;Reta;-13,89045;-40,14183
09/07/2025;09:15:00;UBATUBA;Conversão proibida;Colisão transversal;Com Vítimas Feridas;Pleno dia;Crescente;Céu Claro;Simples;Reta;-23,45700653;-45,070467
09/07/2025;09:20:00;CURITIBA;Acumulo de areia ou detritos sobre o pavimento;Colisão lateral mesmo sentido;Sem Vítimas;Pleno dia;Decrescente;Céu Claro;Simples;"Reta;Interseção de Vias;Declive";-25,43152854;-49,37676279
09/07/2025;11:10:00;TEOFILO OTONI;Conversão proibida;Colisão traseira;Com Vítimas Feridas;Pleno dia;Decrescente;Céu Claro;Simples;"Reta;Declive";-17,511747;-41,486257
09/07/2025;13:40:00;SANTA RITA;Ultrapassagem Indevida;Colisão frontal;Sem Vítimas;Pleno dia;Crescente;Céu Claro;Simples;"Reta;Ponte";-3,21321;-44,36223
09/07/2025;17:13:00;IGARASSU;Ultrapassagem Indevida;Atropelamento de Pedestre;Sem Vítimas;Anoitecer;Crescente;Céu Claro;Dupla;Reta;-7,869033;-34,906651
09/07/2025;09:40:00;SAO JOAO DO MANHUACU;Acumulo de areia ou detritos sobre o pavimento;Queda de ocupante de veículo;Com Vítimas Feridas;Pleno dia;Crescente;Céu Claro;Simples;Reta;-20,40136;-42,149967
09/07/2025;17:30:00;BRASILIA;Velocidade Incompatível;Colisão com objeto;Com Vítimas Feridas;Anoitecer;Crescente;Céu Claro;Simples;"Ponte;Reta";-15,979223;-47,956167
09/07/2025;19:00:00;RIO DE JANEIRO;Demais falhas na via;Tombamento;Com Vítimas Feridas;Plena Noite;Crescente;Céu Claro;Dupla;Reta;-22,8052009;-43,3447035
09/07/2025;18:40:00;ROLANDIA;Velocidade Incompatível;Colisão frontal;Com Vítimas Feridas;Plena Noite;Crescente;Céu Claro;Simples;Interseção de Vias;-23,3127935;-51,37280909
09/07/2025;22:00:00;CURITIBA;Velocidade Incompatível;Colisão com objeto;Com Vítimas Feridas;Plena Noite;Crescente;Nublado;Múltipla;Reta;-25,554524;-49,30601
09/07/2025;23:20:00;SIMAO PEREIRA;Conversão proibida;Colisão transversal;Com Vítimas Feridas;Plena Noite;Crescente;Céu Claro;Simples;Interseção de Vias;-21,93539;-43,3138
09/07/2025;22:00:00;MONSENHOR GIL;Animais na Pista;Atropelamento de Animal;Sem Vítimas;Plena Noite;Crescente;Céu Claro;Simples;Declive;-5,62691931;-42,59674072