data_inversa;horario;municipio;causa_acidente;tipo_acidente;classificacao_acidente;fase_dia;sentido_via;condicao_metereologica;tipo_pista;tracado_via;latitude;longitude
05/07/2025;08:00:00;BLUMENAU;Retorno proibido;Tombamento;Com Vítimas Feridas;Pleno dia;Decrescente;Nublado;Simples;"Aclive;Curva;Em Obras";-26,86384965;-49,04470531
05/07/2025;08:30:00;APIUNA;Velocidade Incompatível;Saída de leito carroçável;Com Vítimas Fatais;Pleno dia;Decrescente;Nublado;Simples;Reta;-27,0176312;-49,3709391
05/07/2025;07:40:00;CACERES;Ausência de sinalização;Queda de ocupante de veículo;Com Vítimas Feridas;Pleno dia;Crescente;Céu Claro;Simples;Reta;-15,844938;-57,858088
05/07/2025;11:00:00;PETROPOLIS;Curva acentuada;Colisão com objeto;Com Vítimas Feridas;Pleno dia;Decrescente;Céu Claro;Dupla;Curva;-22,345054;-43,131671
05/07/2025;10:30:00;ROSARIO DO SUL;Ultrapassagem Indevida;Saída de leito carroçável;Com Vítimas Feridas;Pleno dia;Crescente;Nevoeiro/Neblina;Simples;Reta;-30,23079676;-55,02733581
05/07/2025;13:30:00;SANTA ISABEL;Acesso irregular;Colisão traseira;Com Vítimas Feridas;Pleno dia;Crescente;Céu Claro;Dupla;Reta;-23,36607722;-46,22911541
05/07/2025;13:00:00;PICOS;Ultrapassagem Indevida;Colisão lateral mesmo sentido;Sem Vítimas;Pleno dia;Crescente;Céu Claro;Dupla;Reta;-7,07574508;-41,4697454
05/07/2025;10:10:00;NOVA MUTUM;Ultrapassagem Indevida;Saída de leito carroçável;Com Vítimas Feridas;Pleno dia;Decrescente;Céu Claro;Simples;Reta;-13,68643615;-56,03885651
05/07/2025;11:40:00;RIALMA;Velocidade Incompatível;Saída de leito carroçável;Com Vítimas Feridas;Pleno dia;Decrescente;Céu Claro;Simples;Reta;-15,39670315;-49,54217143
05/07/2025;09:30:00;FLOR DA SERRA DO SUL;Velocidade Incompatível;Saída de leito carroçável;Com Vítimas Fatais;Pleno dia;Crescente;Céu Claro;Simples;Curva;-26,2462089;-53,2115302
05/07/2025;16:00:00;ARAQUARI;Velocidade Incompatível;Colisão com objeto;Com Vítimas Feridas;Pleno dia;Crescente;Céu Claro;Simples;Em Obras;-26,448557;-48,836657
05/07/2025;16:10:00;CUNHA PORA;Ultrapassagem Indevida;Saída de leito carroçável;Com Vítimas Feridas;Pleno dia;Decrescente;Céu Claro;Simples;"Aclive;Curva";-26,84361083;-53,17123861
05/07/2025;17:00:00;ARAGUARI;Velocidade Incompatível;Saída de leito carroçável;Com Vítimas Feridas;Anoitecer;Crescente;Céu Claro;Dupla;"Aclive;Reta";-18,44739228;-48,05033064
05/07/2025;17:00:00;FUNDAO;Conversão proibida;Colisão transversal;Com Vítimas Feridas;Anoitecer;Decrescente;Céu Claro;Simples;Curva;-19,9899069;-40,4134209
05/07/2025;01:40:00;CACERES;Animais na Pista;Atropelamento de Animal;Sem Vítimas;Plena Noite;Crescente;Céu Claro;Simples;Reta;-15,819958;-58,079899
05/07/2025;17:20:00;CAMPINA GRANDE;Demais falhas na via;Queda de ocupante de veículo;Com Vítimas Feridas;Anoitecer;Decrescente;Nublado;Simples;"Em Obras;Reta";-7,2697811;-35,8861591
05/07/2025;17:10:00;JI-PARANA;Ultrapassagem Indevida;Colisão lateral mesmo sentido;Com Vítimas Feridas;Pleno dia;Crescente;Sol;Dupla;Reta;-10,881585;-61,940707
05/07/2025;13:00:00;RIBEIRA DO POMBAL;Pista esburacada;Tombamento;Com Vítimas Feridas;Pleno dia;Decrescente;Chuva;Simples;Reta;-10,741665;-38,499368
05/07/2025;18:20:00;PALHOCA;Conversão proibida;Colisão transversal;Com Vítimas Feridas;Plena Noite;Crescente;Ignorado;Simples;Reta;-27,66191963;-48,68461959
05/07/2025;15:20:00;TIMBE DO SUL;Demais falhas na via;Eventos atípicos;Com Vítimas Feridas;Pleno dia;Crescente;Céu Claro;Simples;"Reta;Aclive;Em Obras";-28,80538956;-49,93776143
05/07/2025;18:45:00;MARUIM;Animais na Pista;Atropelamento de Animal;Com Vítimas Feridas;Plena Noite;Decrescente;Ignorado;Dupla;"Aclive;Curva";-10,75665026;-37,10462658
05/07/2025;20:40:00;CACHOEIRA ALTA;Animais na Pista;Atropelamento de Animal;Com Vítimas Feridas;Plena Noite;Decrescente;Céu Claro;Simples;Reta;-18,65216862;-51,00269979
05/07/2025;16:40:00;DOIS IRMAOS DO BURITI;Afundamento ou ondulação no pavimento;Saída de leito carroçável;Com Vítimas Feridas;Pleno dia;Decrescente;Céu Claro;Simples;Reta;-20,503205;-55,326985
05/07/2025;21:00:00;ESPLANADA;Iluminação deficiente;Atropelamento de Pedestre;Com Vítimas Feridas;Plena Noite;Crescente;Nublado;Simples;Curva;-11,820637;-37,979833
05/07/2025;21:00:00;CAMPO MOURAO;Ultrapassagem Indevida;Colisão frontal;Com Vítimas Feridas;Plena Noite;Decrescente;Céu Claro;Simples;"Declive;Reta";-24,06123814;-52,49825478
05/07/2025;20:50:00;MAGE;Velocidade Incompatível;Colisão com objeto;Com Vítimas Feridas;Plena Noite;Crescente;Nublado;Dupla;Interseção de Vias;-22,64809524;-43,1802492
05/07/2025;23:00:00;ARAQUARI;Animais na Pista;Atropelamento de Animal;Com Vítimas Feridas;Plena Noite;Crescente;Nublado;Simples;Reta;-26,417152;-48,774903
05/07/2025;21:38:00;NOVA NAZARE;Velocidade Incompatível;Saída de leito carroçável;Com Vítimas Feridas;Plena Noite;Decrescente;Céu Claro;Simples;Curva;-14,384;-52,17
05/07/2025;14:10:00;MATEUS LEME;Velocidade Incompatível;Saída de leito carroçável;Com Vítimas Feridas;Pleno dia;Decrescente;Céu Claro;Dupla;Reta;-19,9192673;-44,4795292
05/07/2025;23:40:00;IRAUCUBA;Animais na Pista;Atropelamento de Animal;Com Vítimas Feridas;Plena Noite;Decrescente;Céu Claro;Simples;Reta;-3,74987434;-39,78512485
04/07/2025;10:35:00;FEIRA DE SANTANA;Restrição de visibilidade em curvas horizontais;Colisão traseira;Com Vítimas Feridas;Pleno dia;Decrescente;Céu Claro;Dupla;Curva;-12,30076;-39,03861
04/07/2025;12:00:00;UMBAUBA;Velocidade Incompatível;Colisão frontal;Com Vítimas Fatais;Pleno dia;Decrescente;Chuva;Simples;Reta;-11,394163;-37,674831
04/07/2025;10:50:00;PRATA;Velocidade Incompatível;Colisão traseira;Com Vítimas Feridas;Pleno dia;Crescente;Céu Claro;Simples;"Reta;Declive";-19,212805;-48,937287
04/07/2025;15:15:00;JULIO DE CASTILHOS;Condutor usando celular;Colisão lateral sentido oposto;Com Vítimas Feridas;Pleno dia;Crescente;Céu Claro;Simples;"Reta;Interseção de Vias";-29,20325573;-53,67495982
04/07/2025;14:26:00;PONTA GROSSA;Animais na Pista;Colisão traseira;Sem Vítimas;Pleno dia;Crescente;Sol;Dupla;Reta;-25,16200818;-50,1215082
04/07/2025;22:30:00;MONTE CASTELO;Velocidade Incompatível;Tombamento;Sem Vítimas;Plena Noite;Decrescente;Garoa/Chuvisco;Simples;Curva;-26,5141715;-50,2251921
04/07/2025;06:15:00;SAO JOSE;Pista Escorregadia;Tombamento;Com Vítimas Feridas;Amanhecer;Crescente;Garoa/Chuvisco;Múltipla;Curva;-27,58545;-48,617702
04/07/2025;06:00:00;PALMEIRA;Animais na Pista;Atropelamento de Animal;Com Vítimas Feridas;Amanhecer;Decrescente;Nevoeiro/Neblina;Simples;Reta;-25,43149311;-50,15499115
04/07/2025;07:00:00;VILA BOA;Ultrapassagem Indevida;Colisão frontal;Com Vítimas Feridas;Pleno dia;Crescente;Céu Claro;Simples;Reta;-15,04415037;-47,063241
04/07/2025;07:15:00;GUARULHOS;Acumulo de areia ou detritos sobre o pavimento;Colisão com objeto;Com Vítimas Feridas;Pleno dia;Decrescente;Céu Claro;Múltipla;"Em Obras;Reta";-23,48021238;-46,53353282
04/07/2025;06:35:00;RIO BRANCO;Acesso irregular;Colisão transversal;Com Vítimas Feridas;Pleno dia;Crescente;Céu Claro;Dupla;Rotatória;-10,01285758;-67,80885167
04/07/2025;12:00:00;PANAMA;Animais na Pista;Saída de leito carroçável;Com Vítimas Feridas;Pleno dia;Crescente;Céu Claro;Dupla;"Declive;Reta";-18,2167;-49,2705
04/07/2025;13:10:00;JOAO MONLEVADE;Velocidade Incompatível;Capotamento;Com Vítimas Feridas;Pleno dia;Crescente;Garoa/Chuvisco;Simples;"Declive;Curva";-19,8499713;-43,151044
04/07/2025;11:50:00;COLATINA;Acesso irregular;Queda de ocupante de veículo;Com Vítimas Feridas;Pleno dia;Crescente;Nublado;Simples;Reta;-19,53007358;-40,69202758
04/07/2025;14:46:00;HUMAITA;Velocidade Incompatível;Tombamento;Com Vítimas Feridas;Pleno dia;Crescente;Céu Claro;Simples;Reta;-7,50592321;-63,02997563
04/07/2025;12:30:00;SIDROLANDIA;Velocidade Incompatível;Saída de leito carroçável;Sem Vítimas;Pleno dia;Crescente;Céu Claro;Simples;Reta;-20,88554789;-54,8325491
04/07/2025;15:50:00;SAO LEOPOLDO;Acesso irregular;Atropelamento de Pedestre;Com Vítimas Feridas;Pleno dia;Decrescente;Céu Claro;Dupla;Reta;-29,75676759;-51,1516571
04/07/2025;15:20:00;CAMPOS DOS GOYTACAZES;Acumulo de água sobre o pavimento;Saída de leito carroçável;Com Vítimas Feridas;Pleno dia;Decrescente;Chuva;Dupla;Reta;-21,8497024;-41,418752
04/07/2025;12:00:00;ANTONINA;Chuva;Queda de ocupante de veículo;Com Vítimas Feridas;Pleno dia;Crescente;Nublado;Dupla;Reta;-25,11227844;-48,75026464
04/07/2025;14:10:00;TIMON;Acumulo de areia ou detritos sobre o pavimento;Queda de ocupante de veículo;Com Vítimas Feridas;Pleno dia;Crescente;Céu Claro;Simples;"Reta;Em Obras";-5,131111;-42,815133
04/07/2025;18:00:00;GRAVATA;Ausência de sinalização;Colisão frontal;Com Vítimas Feridas;Plena Noite;Decrescente;Céu Claro;Simples;Reta;-8,19348;-35,54458
04/07/2025;18:30:00;SAO JOSE;Velocidade Incompatível;Engavetamento;Com Vítimas Feridas;Pleno dia;Decrescente;Chuva;Múltipla;Reta;-27,62222441;-48,6508821
04/07/2025;19:00:00;FRONTEIRA;Velocidade Incompatível;Tombamento;Com Vítimas Feridas;Plena Noite;Decrescente;Céu Claro;Simples;Reta;-20,147686;-49,111192
04/07/2025;18:25:00;SINOP;Ultrapassagem Indevida;Colisão lateral sentido oposto;Sem Vítimas;Plena Noite;Crescente;Céu Claro;Simples;Viaduto;-11,89912537;-55,50510261
04/07/2025;18:30:00;CAMPINA GRANDE DO SUL;Velocidade Incompatível;Capotamento;Com Vítimas Fatais;Plena Noite;Decrescente;Chuva;Dupla;Curva;-25,151925;-48,859565
04/07/2025;19:50:00;JAGUARE;Ultrapassagem Indevida;Colisão frontal;Com Vítimas Feridas;Plena Noite;Crescente;Céu Claro;Simples;Reta;-18,919268;-39,966487
04/07/2025;19:05:00;CACIMBINHAS;Animais na Pista;Atropelamento de Animal;Com Vítimas Feridas;Plena Noite;Decrescente;Céu Claro;Simples;Reta;-9,40171;-36,973643
04/07/2025;18:20:00;SINOP;Acesso irregular;Colisão transversal;Com Vítimas Feridas;Plena Noite;Crescente;Céu Claro;Simples;"Em Obras;Reta";-11,895052;-55,5040941
04/07/2025;19:00:00;JACAREI;Velocidade Incompatível;Saída de leito carroçável;Com Vítimas Fatais;Plena Noite;Decrescente;Nublado;Simples;Reta;-23,30203964;-46,0238421
04/07/2025;20:30:00;CAMPINA GRANDE DO SUL;Chuva;Colisão com objeto;Com Vítimas Feridas;Plena Noite;Crescente;Chuva;Dupla;Curva;-25,31013918;-49,00975454
04/07/2025;19:00:00;JI-PARANA;Acesso irregular;Colisão traseira;Com Vítimas Feridas;Plena Noite;Decrescente;Céu Claro;Dupla;"Curva;Interseção de Vias";-10,86754679;-61,96593457
04/07/2025;21:00:00;VITORIA DE SANTO ANTAO;Animais na Pista;Colisão com objeto;Com Vítimas Feridas;Plena Noite;Crescente;Céu Claro;Dupla;Reta;-8,13344;-35,29452
04/07/2025;21:00:00;AGUA PRETA;Demais falhas na via;Saída de leito carroçável;Com Vítimas Feridas;Plena Noite;Crescente;Céu Claro;Dupla;Reta;-8,56515022;-35,47275066
04/07/2025;22:10:00;CACOAL;Ultrapassagem Indevida;Colisão lateral sentido oposto;Com Vítimas Feridas;Plena Noite;Crescente;Céu Claro;Simples;"Declive;Reta";-11,45904;-61,419065
04/07/2025;23:00:00;CASCAVEL;Ultrapassagem Indevida;Saída de leito carroçável;Sem Vítimas;Plena Noite;Decrescente;Céu Claro;Simples;Reta;-24,93185989;-53,39413404
04/07/2025;18:32:00;VARZEA GRANDE;Acesso irregular;Colisão transversal;Com Vítimas Feridas;Plena Noite;Crescente;Céu Claro;Dupla;Reta;-15,64138678;-56,20141732
04/07/2025;17:46:00;JI-PARANA;Velocidade Incompatível;Colisão traseira;Com Vítimas Feridas;Anoitecer;Decrescente;Céu Claro;Dupla;Reta;-10,88236516;-61,939888
04/07/2025;19:45:00;AREIA BRANCA;Animais na Pista;Atropelamento de Animal;Com Vítimas Feridas;Plena Noite;Decrescente;Céu Claro;Simples;Reta;-10,767232;-37,327058
03/07/2025;14:59:00;MIMOSO DO SUL;Ultrapassagem Indevida;Colisão lateral mesmo sentido;Com Vítimas Feridas;Pleno dia;Decrescente;Chuva;Simples;Reta;-21,05580434;-41,19702919
03/07/2025;16:00:00;JAGUARI;Demais Fenômenos da natureza;Colisão traseira;Com Vítimas Feridas;Pleno dia;Crescente;Sol;Simples;"Aclive;Curva";-29,48359576;-54,68601465
03/07/2025;16:47:00;ANCHIETA;Ultrapassagem Indevida;Colisão frontal;Com Vítimas Feridas;Anoitecer;Decrescente;Chuva;Simples;Curva;-20,762657;-40,760368
03/07/2025;12:40:00;XAXIM;Velocidade Incompatível;Tombamento;Sem Vítimas;Pleno dia;Crescente;Sol;Simples;Curva;-26,97574389;-52,58883619
03/07/2025;13:03:00;ITABELA;Ultrapassagem Indevida;Colisão frontal;Com Vítimas Feridas;Pleno dia;Crescente;Céu Claro;Simples;Curva;-16,536;-39,57
03/07/2025;17:30:00;SEABRA;Conversão proibida;Queda de ocupante de veículo;Com Vítimas Feridas;Anoitecer;Decrescente;Céu Claro;Simples;Reta;-12,450807;-41,750885
03/07/2025;16:50:00;CASCAVEL;Ultrapassagem Indevida;Colisão frontal;Sem Vítimas;Pleno dia;Decrescente;Céu Claro;Simples;Reta;-24,880732;-53,344802
03/07/2025;16:30:00;LAGOA GRANDE;Velocidade Incompatível;Colisão traseira;Com Vítimas Feridas;Pleno dia;Crescente;Céu Claro;Simples;Ponte;-9,001183;-40,272267
03/07/2025;06:45:00;BRASILIA;Pista esburacada;Tombamento;Com Vítimas Feridas;Amanhecer;Decrescente;Céu Claro;Dupla;"Reta;Declive";-15,907775;-48,143911
03/07/2025;06:30:00;CORBELIA;Ultrapassagem Indevida;Colisão frontal;Sem Vítimas;Amanhecer;Crescente;Ignorado;Simples;Reta;-24,72023681;-53,24659034
03/07/2025;07:30:00;ARAPONGAS;Ultrapassagem Indevida;Colisão transversal;Com Vítimas Feridas;Pleno dia;Decrescente;Céu Claro;Simples;Interseção de Vias;-23,413122;-51,427001
03/07/2025;05:30:00;GOVERNADOR VALADARES;Velocidade Incompatível;Saída de leito carroçável;Com Vítimas Feridas;Amanhecer;Crescente;Céu Claro;Simples;Retorno Regulamentado;-18,89155723;-42,00499244
03/07/2025;08:35:00;ARACATI;Retorno proibido;Colisão traseira;Com Vítimas Feridas;Pleno dia;Crescente;Céu Claro;Dupla;Curva;-4,565399;-37,707808
03/07/2025;07:30:00;CONTAGEM;Velocidade Incompatível;Colisão traseira;Com Vítimas Feridas;Pleno dia;Decrescente;Nublado;Dupla;Reta;-19,9587617;-44,0549954
03/07/2025;07:50:00;TORRES;Velocidade Incompatível;Colisão traseira;Com Vítimas Feridas;Pleno dia;Crescente;Céu Claro;Simples;Reta;-29,32471505;-49,77950184
03/07/2025;10:20:00;CAMPINA GRANDE DO SUL;Velocidade Incompatível;Saída de leito carroçável;Com Vítimas Feridas;Pleno dia;Crescente;Chuva;Dupla;"Declive;Reta;Ponte";-25,081333;-48,624036
03/07/2025;12:30:00;SERRA;Chuva;Saída de leito carroçável;Sem Vítimas;Pleno dia;Crescente;Chuva;Simples;Reta;-20,1198544;-40,3096446
03/07/2025;11:30:00;MASCOTE;Ultrapassagem Indevida;Colisão frontal;Com Vítimas Fatais;Pleno dia;Decrescente;Céu Claro;Simples;Curva;-15,485475;-39,43303
03/07/2025;14:20:00;JATAIZINHO;Velocidade Incompatível;Tombamento;Com Vítimas Feridas;Pleno dia;Decrescente;Sol;Dupla;Curva;-23,28387653;-50,95153984
03/07/2025;15:40:00;ENTRE-IJUIS;Velocidade Incompatível;Colisão traseira;Com Vítimas Feridas;Pleno dia;Decrescente;Sol;Simples;Reta;-28,37780825;-54,27864075
03/07/2025;16:00:00;JOAO PESSOA;Velocidade Incompatível;Queda de ocupante de veículo;Com Vítimas Feridas;Pleno dia;Crescente;Céu Claro;Simples;"Reta;Aclive";-7,16944548;-34,87343285
03/07/2025;16:40:00;ANGRA DOS REIS;Pista Escorregadia;Queda de ocupante de veículo;Com Vítimas Feridas;Pleno dia;Decrescente;Garoa/Chuvisco;Simples;Curva;-22,98998343;-44,24214339
03/07/2025;17:20:00;DIVINO;Velocidade Incompatível;Queda de ocupante de veículo;Com Vítimas Feridas;Anoitecer;Decrescente;Garoa/Chuvisco;Simples;Curva;-20,641316;-42,245067
03/07/2025;18:30:00;MARINGA;Demais falhas na via;Saída de leito carroçável;Com Vítimas Feridas;Plena Noite;Decrescente;Nublado;Dupla;"Reta;Aclive";-23,3897;-52,0155
03/07/2025;19:09:00;NATAL;Acumulo de água sobre o pavimento;Colisão com objeto;Com Vítimas Feridas;Plena Noite;Decrescente;Chuva;Dupla;Reta;-5,7258986;-35,284186
03/07/2025;18:30:00;FLORANIA;Velocidade Incompatível;Capotamento;Com Vítimas Feridas;Plena Noite;Decrescente;Céu Claro;Simples;Reta;-6,1508895;-36,80522204
03/07/2025;19:50:00;ARROIO DOS RATOS;Ultrapassagem Indevida;Colisão lateral sentido oposto;Com Vítimas Feridas;Plena Noite;Crescente;Nublado;Simples;Reta;-30,10966879;-51,80736065
03/07/2025;19:22:00;OURO PRETO DO OESTE;Animais na Pista;Atropelamento de Animal;Com Vítimas Feridas;Plena Noite;Decrescente;Céu Claro;Simples;Reta;-10,73579;-62,227715
03/07/2025;18:30:00;INHUMA;Conversão proibida;Colisão lateral mesmo sentido;Sem Vítimas;Plena Noite;Decrescente;Céu Claro;Simples;Reta;-6,66062918;-41,69908843
03/07/2025;21:45:00;CABEDELO;Acostamento em desnível;Tombamento;Com Vítimas Feridas;Plena Noite;Decrescente;Garoa/Chuvisco;Múltipla;"Reta;Desvio Temporário;Em Obras";-7,0594772;-34,8512428
03/07/2025;16:30:00;MANHUACU;Chuva;Queda de ocupante de veículo;Com Vítimas Feridas;Pleno dia;Decrescente;Chuva;Simples;"Declive;Curva";-20,161295;-42,189066
03/07/2025;18:40:00;MANHUACU;Ultrapassagem Indevida;Colisão frontal;Com Vítimas Feridas;Amanhecer;Decrescente;Chuva;Simples;Reta;-20,26014;-42,09079
03/07/2025;19:30:00;CORUMBA;Animais na Pista;Saída de leito carroçável;Com Vítimas Feridas;Plena Noite;Crescente;Céu Claro;Simples;Reta;-19,585896;-57,150559
03/07/2025;06:45:00;JEREMOABO;Modificação proibida;Colisão transversal;Com Vítimas Feridas;Pleno dia;Decrescente;Céu Claro;Simples;Reta;-10,097452;-38,391765
02/07/2025;07:54:00;RECIFE;Chuva;Tombamento;Com Vítimas Fatais;Pleno dia;Crescente;Chuva;Dupla;Reta;-7,977285;-34,926653
02/07/2025;00:25:00;MATOES;Velocidade Incompatível;Colisão lateral mesmo sentido;Com Vítimas Feridas;Plena Noite;Decrescente;Ignorado;Simples;Reta;-5,230193;-43,556552
02/07/2025;07:40:00;PRATA;Velocidade Incompatível;Colisão traseira;Com Vítimas Feridas;Pleno dia;Decrescente;Nevoeiro/Neblina;Simples;Reta;-19,506201;-48,846705
02/07/2025;12:10:00;JAGUARACU;Conversão proibida;Colisão transversal;Com Vítimas Feridas;Pleno dia;Decrescente;Céu Claro;Simples;"Em Obras;Reta";-19,562914;-42,71078825
02/07/2025;10:50:00;SAO FRANCISCO DO GLORIA;Velocidade Incompatível;Tombamento;Sem Vítimas;Pleno dia;Crescente;Nublado;Simples;"Declive;Curva";-20,802418;-42,312978
02/07/2025;06:30:00;PADRE BERNARDO;Velocidade Incompatível;Saída de leito carroçável;Com Vítimas Feridas;Pleno dia;Crescente;Céu Claro;Simples;Curva;-15,211122;-48,476615
02/07/2025;15:00:00;LINHARES;Ultrapassagem Indevida;Colisão frontal;Com Vítimas Fatais;Pleno dia;Crescente;Céu Claro;Simples;Reta;-19,25978667;-40,08962667
02/07/2025;14:15:00;NITEROI;Ausência de sinalização;Colisão traseira;Com Vítimas Feridas;Pleno dia;Crescente;Chuva;Dupla;Reta;-22,8818944;-43,106304
02/07/2025;13:30:00;PARAGOMINAS;Ultrapassagem Indevida;Colisão lateral mesmo sentido;Com Vítimas Feridas;Pleno dia;Decrescente;Céu Claro;Simples;Reta;-3,246713;-47,475239
02/07/2025;17:30:00;CAMPO GRANDE;Conversão proibida;Colisão lateral sentido oposto;Com Vítimas Feridas;Plena Noite;Crescente;Céu Claro;Simples;Reta;-20,616847;-54,574962
02/07/2025;18:20:00;VIRMOND;Acostamento em desnível;Tombamento;Com Vítimas Feridas;Plena Noite;Crescente;Nublado;Simples;"Declive;Curva";-25,3771465;-52,25384043
02/07/2025;20:40:00;UBERLANDIA;Deficiência do Sistema de Iluminação/Sinalização;Colisão traseira;Com Vítimas Feridas;Plena Noite;Crescente;Céu Claro;Dupla;Declive;-18,952811;-48,217209
02/07/2025;18:20:00;GARANHUNS;Pista esburacada;Colisão lateral sentido oposto;Com Vítimas Fatais;Plena Noite;Crescente;Céu Claro;Simples;Reta;-8,8697051;-36,4630349
02/07/2025;18:00:00;ALFREDO WAGNER;Demais falhas na via;Tombamento;Com Vítimas Feridas;Plena Noite;Decrescente;Céu Claro;Simples;Curva;-27,6988;-49,28321
02/07/2025;22:00:00;AGUA BOA;Falta de acostamento;Saída de leito carroçável;Com Vítimas Feridas;Plena Noite;Crescente;Céu Claro;Simples;Reta;-13,96299303;-52,1194582
02/07/2025;17:35:00;SANTO ANTONIO DO DESCOBERTO;Velocidade Incompatível;Colisão traseira;Com Vítimas Fatais;Pleno dia;Decrescente;Céu Claro;Dupla;"Aclive;Curva";-16,079422;-48,269702
02/07/2025;06:45:00;CAXIAS DO SUL;Demais Fenômenos da natureza;Queda de ocupante de veículo;Com Vítimas Feridas;Amanhecer;Decrescente;Céu Claro;Dupla;Reta;-29,18548182;-51,17375558
02/07/2025;07:45:00;JOAO PESSOA;Animais na Pista;Atropelamento de Animal;Com Vítimas Feridas;Pleno dia;Decrescente;Chuva;Dupla;Reta;-7,1108407;-34,8428051
02/07/2025;07:30:00;TERESOPOLIS;Velocidade Incompatível;Saída de leito carroçável;Sem Vítimas;Pleno dia;Decrescente;Céu Claro;Simples;Reta;-22,308111;-42,936899
02/07/2025;06:40:00;MAGE;Chuva;Tombamento;Com Vítimas Feridas;Amanhecer;Crescente;Chuva;Simples;Reta;-22,6575913;-43,08453798
02/07/2025;05:10:00;SANTA TERESINHA;Afundamento ou ondulação no pavimento;Queda de ocupante de veículo;Com Vítimas Feridas;Pleno dia;Crescente;Céu Claro;Simples;"Em Obras;Reta";-12,5983445;-39,53876495
02/07/2025;07:35:00;JACUPIRANGA;Pista Escorregadia;Queda de ocupante de veículo;Com Vítimas Feridas;Pleno dia;Crescente;Chuva;Dupla;Reta;-24,65197716;-47,94858305
02/07/2025;08:30:00;LAVRINHAS;Curva acentuada;Saída de leito carroçável;Com Vítimas Feridas;Pleno dia;Decrescente;Céu Claro;Dupla;Curva;-22,60082257;-44,88918543
02/07/2025;10:10:00;SABARA;Velocidade Incompatível;Saída de leito carroçável;Com Vítimas Feridas;Pleno dia;Crescente;Céu Claro;Simples;"Declive;Curva";-19,80501;-43,761947
02/07/2025;07:50:00;CAMPOS NOVOS;Pista Escorregadia;Colisão frontal;Com Vítimas Feridas;Amanhecer;Decrescente;Nevoeiro/Neblina;Simples;"Reta;Declive";-27,39226892;-51,15848064
02/07/2025;10:15:00;ITATIAIA;Conversão proibida;Colisão transversal;Com Vítimas Feridas;Pleno dia;Crescente;Nublado;Simples;"Retorno Regulamentado;Reta";-22,46491428;-44,50038707
02/07/2025;12:00:00;MACAPA;Ultrapassagem Indevida;Colisão lateral mesmo sentido;Com Vítimas Feridas;Pleno dia;Decrescente;Céu Claro;Simples;"Reta;Interseção de Vias";0,08638176;-51,08456147
02/07/2025;11:50:00;DUQUE DE CAXIAS;Pista Escorregadia;Saída de leito carroçável;Com Vítimas Feridas;Pleno dia;Crescente;Chuva;Simples;"Curva;Declive";-22,56386334;-43,23574703
02/07/2025;13:05:00;CAPANEMA;Ultrapassagem Indevida;Colisão lateral sentido oposto;Com Vítimas Feridas;Pleno dia;Decrescente;Céu Claro;Simples;Reta;-1,26448865;-47,13104943
02/07/2025;18:30:00;ARACATI;Acesso irregular;Colisão transversal;Com Vítimas Feridas;Plena Noite;Decrescente;Céu Claro;Dupla;Reta;-4,5760295;-37,731649
02/07/2025;19:10:00;PRATA;Conversão proibida;Saída de leito carroçável;Com Vítimas Feridas;Plena Noite;Crescente;Céu Claro;Simples;Reta;-19,330037;-48,905428
02/07/2025;18:00:00;AGUAS LINDAS DE GOIAS;Velocidade Incompatível;Colisão lateral mesmo sentido;Com Vítimas Fatais;Anoitecer;Crescente;Céu Claro;Dupla;"Aclive;Viaduto";-15,75521953;-48,25684458
02/07/2025;18:40:00;SANTA TERESINHA;Afundamento ou ondulação no pavimento;Queda de ocupante de veículo;Com Vítimas Feridas;Plena Noite;Decrescente;Céu Claro;Simples;"Em Obras;Reta";-12,61907;-39,58122
02/07/2025;20:00:00;PEJUCARA;Velocidade Incompatível;Saída de leito carroçável;Com Vítimas Feridas;Plena Noite;Crescente;Céu Claro;Simples;"Reta;Aclive";-28,49402;-53,550144
02/07/2025;19:40:00;TANGUA;Pista Escorregadia;Colisão traseira;Com Vítimas Feridas;Plena Noite;Decrescente;Chuva;Dupla;Reta;-22,73003627;-42,70282745
02/07/2025;18:40:00;ALVORADA DOESTE;Animais na Pista;Atropelamento de Animal;Sem Vítimas;Plena Noite;Decrescente;Céu Claro;Simples;Reta;-11,222177;-62,147637
02/07/2025;16:49:00;JI-PARANA;Pista esburacada;Queda de ocupante de veículo;Com Vítimas Feridas;Pleno dia;Crescente;Céu Claro;Dupla;"Reta;Ponte";-10,881263;-61,941337
02/07/2025;18:50:00;CARATINGA;Animais na Pista;Atropelamento de Animal;Com Vítimas Feridas;Plena Noite;Decrescente;Céu Claro;Simples;Reta;-19,732606;-42,132993
02/07/2025;21:47:00;ITAPECERICA DA SERRA;Pista Escorregadia;Tombamento;Com Vítimas Feridas;Plena Noite;Decrescente;Garoa/Chuvisco;Dupla;Retorno Regulamentado;-23,700272;-46,8689379
02/07/2025;22:15:00;MANGARATIBA;Condutor usando celular;Colisão transversal;Com Vítimas Feridas;Plena Noite;Decrescente;Nublado;Simples;Reta;-22,93580266;-44,0002319
02/07/2025;18:00:00;NOVA ALVORADA DO SUL;Conversão proibida;Colisão transversal;Sem Vítimas;Plena Noite;Crescente;Céu Claro;Simples;"Reta;Aclive";-21,01942729;-54,50664997