data_inversa;horario;municipio;causa_acidente;tipo_acidente;classificacao_acidente;fase_dia;sentido_via;condicao_metereologica;tipo_pista;tracado_via;latitude;longitude
02/07/2025;19:10:00;OEIRAS;Conversão proibida;Colisão transversal;Com Vítimas Feridas;Plena Noite;Crescente;Céu Claro;Simples;Reta;-7,006092;-42,120105
01/07/2025;00:05:00;LAVRINHAS;Velocidade Incompatível;Tombamento;Com Vítimas Feridas;Plena Noite;Crescente;Céu Claro;Dupla;Curva;-22,58485052;-44,8777771
01/07/2025;06:10:00;BARRA DO GARCAS;Iluminação deficiente;Colisão traseira;Sem Vítimas;Pleno dia;Crescente;Céu Claro;Simples;Reta;-15,01253928;-52,25503027
01/07/2025;09:35:00;MACAIBA;Acumulo de água sobre o pavimento;Saída de leito carroçável;Com Vítimas Feridas;Pleno dia;Crescente;Chuva;Dupla;Reta;-5,869887;-35,424692
01/07/2025;08:40:00;CANTAGALO;Ultrapassagem Indevida;Colisão frontal;Com Vítimas Feridas;Pleno dia;Decrescente;Céu Claro;Simples;"Declive;Curva";-25,381264;-52,116723
01/07/2025;10:30:00;POUSO ALEGRE;Sinalização mal posicionada;Colisão lateral mesmo sentido;Com Vítimas Feridas;Pleno dia;Decrescente;Céu Claro;Dupla;Reta;-22,23982899;-45,88096082
01/07/2025;09:50:00;FILADELFIA;Acostamento em desnível;Colisão lateral mesmo sentido;Com Vítimas Feridas;Pleno dia;Crescente;Garoa/Chuvisco;Simples;"Aclive;Reta";-10,82869433;-40,11437498
01/07/2025;13:15:00;RIO BRILHANTE;Velocidade Incompatível;Tombamento;Com Vítimas Feridas;Pleno dia;Crescente;Céu Claro;Simples;Rotatória;-21,7859971;-54,52655045
01/07/2025;14:15:00;PORTO VITORIA;Afundamento ou ondulação no pavimento;Saída de leito carroçável;Sem Vítimas;Pleno dia;Decrescente;Céu Claro;Simples;Curva;-26,28464232;-51,19311333
01/07/2025;18:00:00;GUARULHOS;Velocidade Incompatível;Colisão traseira;Com Vítimas Feridas;Anoitecer;Decrescente;Nublado;Dupla;Reta;-23,42258297;-46,37657102
01/07/2025;19:29:00;MANGARATIBA;Chuva;Colisão traseira;Com Vítimas Feridas;Plena Noite;Decrescente;Chuva;Simples;Reta;-22,9165315;-43,9102029
01/07/2025;18:30:00;SERRA BRANCA;Conversão proibida;Colisão transversal;Com Vítimas Feridas;Plena Noite;Decrescente;Nublado;Simples;Reta;-7,486262;-36,6465
01/07/2025;22:10:00;ITAPEMIRIM;Velocidade Incompatível;Tombamento;Com Vítimas Feridas;Plena Noite;Crescente;Nublado;Simples;Curva;-20,8898128;-41,03797114
01/07/2025;09:15:00;BARRA MANSA;Ausência de sinalização;Engavetamento;Com Vítimas Feridas;Pleno dia;Crescente;Céu Claro;Dupla;Reta;-22,50078638;-44,2294213
01/07/2025;13:00:00;TIJUCAS DO SUL;Velocidade Incompatível;Colisão traseira;Com Vítimas Feridas;Pleno dia;Crescente;Garoa/Chuvisco;Dupla;Declive;-25,8531611;-48,9773208
01/07/2025;00:21:00;AQUIRAZ;Animais na Pista;Atropelamento de Animal;Com Vítimas Feridas;Plena Noite;Decrescente;Céu Claro;Múltipla;Reta;-3,987168;-38,515468
01/07/2025;00:30:00;ALHANDRA;Acumulo de água sobre o pavimento;Saída de leito carroçável;Com Vítimas Feridas;Plena Noite;Decrescente;Chuva;Dupla;Reta;-7,2944214;-34,93745661
01/07/2025;05:15:00;CONCEICAO DA BARRA;Neblina;Colisão traseira;Com Vítimas Feridas;Amanhecer;Decrescente;Céu Claro;Simples;"Declive;Reta";-18,60154709;-39,8875688
01/07/2025;06:20:00;CAETE;Demais falhas na via;Saída de leito carroçável;Com Vítimas Feridas;Amanhecer;Crescente;Sol;Dupla;"Curva;Declive";-19,74765012;-43,62417308
01/07/2025;06:50:00;LARANJEIRAS;Pista esburacada;Saída de leito carroçável;Com Vítimas Feridas;Pleno dia;Decrescente;Nublado;Dupla;"Aclive;Reta";-10,80393519;-37,14041647
01/07/2025;07:40:00;SETE LAGOAS;Pista esburacada;Tombamento;Com Vítimas Feridas;Pleno dia;Crescente;Céu Claro;Múltipla;Reta;-19,4743693;-44,2919537
01/07/2025;09:00:00;GOIANINHA;Acumulo de água sobre o pavimento;Colisão com objeto;Com Vítimas Feridas;Pleno dia;Crescente;Chuva;Dupla;"Ponte;Aclive;Reta";-6,3285034;-35,1768873
01/07/2025;10:30:00;CAXAMBU;Afundamento ou ondulação no pavimento;Queda de ocupante de veículo;Com Vítimas Feridas;Pleno dia;Crescente;Céu Claro;Simples;"Curva;Aclive";-22,04829233;-44,92672391
01/07/2025;15:40:00;UBATUBA;Velocidade Incompatível;Colisão frontal;Com Vítimas Feridas;Pleno dia;Crescente;Chuva;Simples;Curva;-23,40097903;-45,02040759
01/07/2025;15:40:00;COLATINA;Conversão proibida;Colisão transversal;Com Vítimas Feridas;Pleno dia;Crescente;Céu Claro;Simples;Declive;-19,5225136;-40,6684762
01/07/2025;15:25:00;ANTONINA;Velocidade Incompatível;Colisão com objeto;Com Vítimas Feridas;Pleno dia;Crescente;Garoa/Chuvisco;Dupla;Reta;-25,111;-48,751543
01/07/2025;16:58:00;RIBAS DO RIO PARDO;Retorno proibido;Colisão frontal;Com Vítimas Fatais;Pleno dia;Crescente;Céu Claro;Simples;Reta;-20,464911;-53,692584
01/07/2025;18:40:00;CONCEICAO DA BARRA;Deficiência do Sistema de Iluminação/Sinalização;Colisão lateral mesmo sentido;Com Vítimas Fatais;Anoitecer;Crescente;Céu Claro;Simples;Reta;-18,61385926;-39,88375604
01/07/2025;17:50:00;CAMPO GRANDE;Animais na Pista;Atropelamento de Animal;Com Vítimas Feridas;Plena Noite;Crescente;Céu Claro;Simples;Reta;-20,4709298;-54,4577848
01/07/2025;19:00:00;BANDEIRANTES;Conversão proibida;Colisão transversal;Com Vítimas Feridas;Plena Noite;Crescente;Céu Claro;Simples;Reta;-19,91215;-54,370484
01/07/2025;21:15:00;NATAL;Retorno proibido;Colisão lateral mesmo sentido;Com Vítimas Feridas;Plena Noite;Decrescente;Chuva;Dupla;Interseção de Vias;-5,753107;-35,288887
01/07/2025;18:10:00;CRISTINO CASTRO;Ultrapassagem Indevida;Colisão frontal;Com Vítimas Feridas;Amanhecer;Crescente;Céu Claro;Simples;Reta;-8,65874;-44
01/07/2025;20:15:00;ALTOS;Conversão proibida;Colisão frontal;Com Vítimas Feridas;Plena Noite;Decrescente;Céu Claro;Simples;"Reta;Interseção de Vias";-5,039568;-42,460812
01/07/2025;22:37:00;DUQUE DE CAXIAS;Chuva;Colisão com objeto;Com Vítimas Feridas;Plena Noite;Decrescente;Céu Claro;Múltipla;Curva;-22,61408671;-43,28668079
01/07/2025;22:40:00;RIO DE JANEIRO;Afundamento ou ondulação no pavimento;Tombamento;Com Vítimas Feridas;Plena Noite;Decrescente;Chuva;Dupla;Reta;-22,81338117;-43,28749537
01/07/2025;19:30:00;ALAGOINHAS;Afundamento ou ondulação no pavimento;Colisão traseira;Com Vítimas Feridas;Plena Noite;Crescente;Nublado;Simples;Reta;-12,15355023;-38,40309608
01/07/2025;18:30:00;CHAPECO;Ultrapassagem Indevida;Colisão frontal;Com Vítimas Feridas;Plena Noite;Crescente;Céu Claro;Simples;Reta;-27,04359353;-52,63587926
01/07/2025;07:51:00;CAMPINA GRANDE DO SUL;Chuva;Tombamento;Com Vítimas Feridas;Pleno dia;Crescente;Chuva;Dupla;"Aclive;Reta";-25,34936762;-49,0543383
30/06/2025;07:10:00;BELA VISTA DE MINAS;Demais Fenômenos da natureza;Colisão traseira;Com Vítimas Feridas;Amanhecer;Decrescente;Céu Claro;Simples;Reta;-19,84482821;-43,10743215
30/06/2025;09:00:00;ANGRA DOS REIS;Conversão proibida;Colisão transversal;Com Vítimas Feridas;Pleno dia;Decrescente;Sol;Simples;"Declive;Curva";-23,03396559;-44,1812819
30/06/2025;12:20:00;CAPELA;Velocidade Incompatível;Colisão com objeto;Sem Vítimas;Pleno dia;Crescente;Chuva;Dupla;Reta;-10,49768615;-36,94520831
30/06/2025;09:29:00;OURO PRETO DO OESTE;Ultrapassagem Indevida;Colisão lateral sentido oposto;Com Vítimas Feridas;Pleno dia;Decrescente;Céu Claro;Simples;Reta;-10,737388;-62,188435
30/06/2025;18:00:00;PARANAGUA;Velocidade Incompatível;Colisão lateral mesmo sentido;Sem Vítimas;Plena Noite;Crescente;Chuva;Dupla;Reta;-25,56411075;-48,63271801
30/06/2025;15:50:00;PETROLINA;Pista Escorregadia;Colisão frontal;Com Vítimas Feridas;Pleno dia;Decrescente;Garoa/Chuvisco;Dupla;"Interseção de Vias;Viaduto";-9,3862;-40,526775
30/06/2025;16:00:00;CAMPINA GRANDE DO SUL;Velocidade Incompatível;Tombamento;Com Vítimas Feridas;Plena Noite;Decrescente;Garoa/Chuvisco;Simples;Curva;-25,1094974;-48,84327984
30/06/2025;18:30:00;IPAUMIRIM;Velocidade Incompatível;Tombamento;Com Vítimas Feridas;Plena Noite;Crescente;Céu Claro;Simples;Rotatória;-6,84192;-38,73711
30/06/2025;23:00:00;BARRA MANSA;Velocidade Incompatível;Colisão traseira;Com Vítimas Feridas;Plena Noite;Crescente;Céu Claro;Dupla;"Curva;Em Obras";-22,4870758;-44,2548089
30/06/2025;15:45:00;RIBAS DO RIO PARDO;Ultrapassagem Indevida;Colisão lateral sentido oposto;Com Vítimas Feridas;Pleno dia;Decrescente;Céu Claro;Simples;Curva;-20,429434;-53,976762
30/06/2025;05:10:00;VITORIA DA CONQUISTA;Conversão proibida;Colisão transversal;Com Vítimas Feridas;Amanhecer;Crescente;Nublado;Simples;Viaduto;-14,895208;-40,862336
30/06/2025;06:48:00;COLATINA;Demais Fenômenos da natureza;Colisão traseira;Com Vítimas Feridas;Pleno dia;Decrescente;Sol;Simples;"Aclive;Reta";-19,52172911;-40,66671904
30/06/2025;07:45:00;CURITIBA;Velocidade Incompatível;Colisão com objeto;Com Vítimas Feridas;Pleno dia;Crescente;Garoa/Chuvisco;Múltipla;Reta;-25,4476288;-49,2437504
30/06/2025;06:20:00;SORRISO;Demais falhas na via;Queda de ocupante de veículo;Com Vítimas Feridas;Pleno dia;Crescente;Sol;Simples;Reta;-12,63299191;-55,77640659
30/06/2025;07:50:00;DUQUE DE CAXIAS;Velocidade Incompatível;Colisão com objeto;Com Vítimas Feridas;Pleno dia;Decrescente;Céu Claro;Dupla;"Aclive;Reta";-22,585864;-43,2777232
30/06/2025;08:50:00;PALHOCA;Chuva;Colisão com objeto;Com Vítimas Feridas;Pleno dia;Decrescente;Chuva;Múltipla;Reta;-27,6745083;-48,67429225
30/06/2025;09:20:00;BIGUACU;Pista Escorregadia;Tombamento;Com Vítimas Feridas;Pleno dia;Decrescente;Chuva;Dupla;Reta;-27,48867648;-48,65084589
30/06/2025;07:10:00;PETROPOLIS;Velocidade Incompatível;Saída de leito carroçável;Com Vítimas Feridas;Pleno dia;Crescente;Céu Claro;Dupla;Curva;-22,47469167;-43,23680687
30/06/2025;07:40:00;SAO VICENTE DO SUL;Acumulo de areia ou detritos sobre o pavimento;Saída de leito carroçável;Com Vítimas Feridas;Amanhecer;Decrescente;Céu Claro;Simples;"Curva;Ponte";-29,61703;-54,68303
30/06/2025;11:20:00;JABOATAO DOS GUARARAPES;Conversão proibida;Colisão transversal;Com Vítimas Feridas;Pleno dia;Crescente;Chuva;Dupla;Reta;-8,14897;-34,94386
30/06/2025;11:55:00;MORRETES;Pista Escorregadia;Colisão com objeto;Com Vítimas Feridas;Pleno dia;Decrescente;Garoa/Chuvisco;Dupla;"Curva;Declive";-25,56107281;-48,81220913
30/06/2025;07:30:00;PICOS;Acesso irregular;Colisão transversal;Com Vítimas Feridas;Pleno dia;Decrescente;Céu Claro;Simples;Reta;-7,078309;-41,43804
30/06/2025;13:00:00;BLUMENAU;Retorno proibido;Colisão transversal;Com Vítimas Feridas;Pleno dia;Crescente;Nublado;Simples;"Em Obras;Curva";-26,87650706;-49,12561297
30/06/2025;08:30:00;ANGRA DOS REIS;Velocidade Incompatível;Tombamento;Com Vítimas Feridas;Pleno dia;Decrescente;Céu Claro;Simples;Reta;-22,98750339;-44,23479813
30/06/2025;14:30:00;RIO DE JANEIRO;Ultrapassagem Indevida;Colisão lateral mesmo sentido;Com Vítimas Feridas;Pleno dia;Crescente;Céu Claro;Simples;Reta;-22,8626877;-43,60146269
30/06/2025;10:53:00;BELTERRA;Ultrapassagem Indevida;Colisão lateral mesmo sentido;Sem Vítimas;Pleno dia;Crescente;Céu Claro;Simples;"Declive;Reta";-3,027995;-54,928693
30/06/2025;14:30:00;PARACATU;Afundamento ou ondulação no pavimento;Queda de ocupante de veículo;Com Vítimas Feridas;Pleno dia;Decrescente;Céu Claro;Simples;Declive;-17,22200621;-46,86536757
30/06/2025;12:00:00;CAMPOS DOS GOYTACAZES;Conversão proibida;Colisão transversal;Com Vítimas Feridas;Pleno dia;Decrescente;Céu Claro;Simples;Reta;-21,75094284;-41,33810805
30/06/2025;17:44:00;CONSELHEIRO LAFAIETE;Velocidade Incompatível;Colisão transversal;Com Vítimas Feridas;Pleno dia;Crescente;Céu Claro;Simples;Reta;-20,641154;-43,8131
30/06/2025;18:10:00;VALPARAISO DE GOIAS;Velocidade Incompatível;Colisão lateral mesmo sentido;Com Vítimas Feridas;Plena Noite;Crescente;Céu Claro;Dupla;Reta;-16,0940233;-47,98177779
30/06/2025;16:00:00;IPIAU;Afundamento ou ondulação no pavimento;Saída de leito carroçável;Com Vítimas Feridas;Pleno dia;Crescente;Céu Claro;Simples;Curva;-14,10067738;-39,777306
30/06/2025;15:40:00;CAMPOS DOS GOYTACAZES;Ultrapassagem Indevida;Colisão frontal;Com Vítimas Feridas;Pleno dia;Crescente;Céu Claro;Simples;Reta;-21,8375814;-41,4306045
30/06/2025;20:05:00;URUGUAIANA;Animais na Pista;Atropelamento de Animal;Sem Vítimas;Plena Noite;Crescente;Céu Claro;Simples;Reta;-29,76702235;-57,01123238
30/06/2025;19:15:00;SERRA TALHADA;Conversão proibida;Colisão transversal;Com Vítimas Feridas;Plena Noite;Decrescente;Céu Claro;Simples;Reta;-7,9887563;-38,2556153
30/06/2025;22:00:00;PLANALTO;Acesso irregular;Colisão frontal;Com Vítimas Feridas;Plena Noite;Crescente;Céu Claro;Simples;Reta;-14,67582113;-40,50169945
30/06/2025;16:00:00;ELDORADO DO SUL;Animais na Pista;Atropelamento de Animal;Com Vítimas Feridas;Pleno dia;Crescente;Céu Claro;Simples;Reta;-30,068192;-51,57123
30/06/2025;02:30:00;BETIM;Velocidade Incompatível;Colisão traseira;Com Vítimas Feridas;Plena Noite;Crescente;Nublado;Dupla;Reta;-19,955775;-44,148783
30/06/2025;19:30:00;POMBAL;Ultrapassagem Indevida;Saída de leito carroçável;Com Vítimas Fatais;Plena Noite;Crescente;Céu Claro;Simples;"Curva;Aclive";-6,719087;-37,851753
30/06/2025;14:20:00;HIDROLANDIA;Animais na Pista;Atropelamento de Animal;Com Vítimas Feridas;Pleno dia;Decrescente;Céu Claro;Dupla;Aclive;-16,93341473;-49,25196648
29/06/2025;08:55:00;PLANALTO;Ultrapassagem Indevida;Colisão transversal;Com Vítimas Feridas;Pleno dia;Decrescente;Céu Claro;Simples;Reta;-14,66219;-40,46993
29/06/2025;09:20:00;PRESIDENTE MEDICI;Acostamento em desnível;Saída de leito carroçável;Com Vítimas Feridas;Pleno dia;Crescente;Céu Claro;Simples;Reta;-11,287907;-61,899425
29/06/2025;11:15:00;SANTOS DUMONT;Velocidade Incompatível;Tombamento;Com Vítimas Feridas;Pleno dia;Decrescente;Sol;Simples;Curva;-21,45724301;-43,55822199
29/06/2025;14:00:00;SANTA LUZIA;Ultrapassagem Indevida;Colisão lateral mesmo sentido;Com Vítimas Feridas;Pleno dia;Crescente;Sol;Simples;"Reta;Declive";-19,824024;-43,824863
29/06/2025;13:45:00;FLEXEIRAS;Velocidade Incompatível;Tombamento;Com Vítimas Feridas;Pleno dia;Decrescente;Chuva;Dupla;Curva;-9,14721742;-35,7687792
29/06/2025;16:30:00;CAMPINA GRANDE DO SUL;Chuva;Colisão traseira;Com Vítimas Feridas;Anoitecer;Crescente;Chuva;Dupla;"Declive;Curva";-25,19420875;-48,88920156
29/06/2025;18:40:00;ANGICOS;Velocidade Incompatível;Colisão frontal;Com Vítimas Fatais;Plena Noite;Crescente;Céu Claro;Simples;Curva;-5,67804;-36,61083
29/06/2025;11:00:00;RIBEIRAO CASCALHEIRA;Acostamento em desnível;Tombamento;Sem Vítimas;Pleno dia;Crescente;Céu Claro;Simples;Curva;-13,18713665;-51,92276001
29/06/2025;09:15:00;SELVIRIA;Velocidade Incompatível;Saída de leito carroçável;Com Vítimas Feridas;Pleno dia;Crescente;Céu Claro;Simples;"Declive;Curva";-20,50028026;-51,57163739
29/06/2025;00:04:00;SAO CAITANO;Acesso irregular;Colisão transversal;Com Vítimas Feridas;Plena Noite;Crescente;Chuva;Simples;Reta;-8,333208;-36,130173
29/06/2025;02:53:00;CAMPOS DOS GOYTACAZES;Conversão proibida;Colisão transversal;Sem Vítimas;Plena Noite;Decrescente;Ignorado;Simples;Reta;-21,7425;-41,3314
29/06/2025;04:00:00;MEDIANEIRA;Neblina;Colisão traseira;Com Vítimas Feridas;Plena Noite;Crescente;Chuva;Dupla;Reta;-25,2736;-54,06756
29/06/2025;03:45:00;ALTAMIRA;Animais na Pista;Atropelamento de Animal;Sem Vítimas;Plena Noite;Crescente;Céu Claro;Simples;Reta;-3,209257;-52,239967
29/06/2025;06:30:00;SANTA LUZIA DO ITANHY;Chuva;Capotamento;Com Vítimas Feridas;Amanhecer;Decrescente;Chuva;Simples;Curva;-11,31478621;-37,52336741
29/06/2025;09:00:00;CAUCAIA;Afundamento ou ondulação no pavimento;Saída de leito carroçável;Com Vítimas Feridas;Pleno dia;Decrescente;Nublado;Simples;Reta;-3,84478;-38,773983
29/06/2025;11:00:00;PAUDALHO;Acumulo de água sobre o pavimento;Colisão com objeto;Com Vítimas Feridas;Pleno dia;Decrescente;Chuva;Dupla;Curva;-7,93889134;-35,12615059
29/06/2025;09:50:00;MURIAE;Acesso irregular;Colisão transversal;Com Vítimas Feridas;Pleno dia;Crescente;Céu Claro;Simples;Curva;-21,12680318;-42,37312177
29/06/2025;12:05:00;IBIRAPUA;Demais falhas na via;Colisão frontal;Com Vítimas Feridas;Pleno dia;Crescente;Céu Claro;Simples;Reta;-17,79622073;-39,78044128
29/06/2025;11:00:00;NOVA IGUACU;Conversão proibida;Colisão lateral mesmo sentido;Com Vítimas Feridas;Pleno dia;Decrescente;Céu Claro;Simples;Reta;-22,84036522;-43,60988013
29/06/2025;15:10:00;CANOAS;Velocidade Incompatível;Saída de leito carroçável;Com Vítimas Feridas;Pleno dia;Decrescente;Garoa/Chuvisco;Dupla;"Viaduto;Curva;Retorno Regulamentado;Declive";-29,88187469;-51,23430035
29/06/2025;16:10:00;CENTRALINA;Velocidade Incompatível;Saída de leito carroçável;Com Vítimas Feridas;Pleno dia;Decrescente;Céu Claro;Dupla;Reta;-18,6617393;-49,1662433
29/06/2025;17:00:00;RIBEIRAO DAS NEVES;Velocidade Incompatível;Colisão traseira;Com Vítimas Feridas;Plena Noite;Crescente;Céu Claro;Dupla;Reta;-19,77639606;-44,12246704
29/06/2025;19:20:00;CABEDELO;Animais na Pista;Atropelamento de Animal;Com Vítimas Feridas;Plena Noite;Crescente;Chuva;Dupla;Reta;-7,025;-34,838
29/06/2025;18:15:00;SEROPEDICA;Animais na Pista;Atropelamento de Animal;Com Vítimas Feridas;Plena Noite;Crescente;Céu Claro;Dupla;Reta;-22,79506697;-43,78412247
29/06/2025;16:15:00;SAO GONCALO;Animais na Pista;Atropelamento de Animal;Com Vítimas Fatais;Pleno dia;Crescente;Céu Claro;Dupla;Reta;-22,79578653;-43,03945541
29/06/2025;21:10:00;ANGRA DOS REIS;Velocidade Incompatível;Queda de ocupante de veículo;Com Vítimas Feridas;Plena Noite;Decrescente;Céu Claro;Simples;Reta;-23,013572;-44,284071
29/06/2025;22:00:00;RIO TINTO;Velocidade Incompatível;Tombamento;Com Vítimas Feridas;Plena Noite;Crescente;Chuva;Dupla;Reta;-6,763839;-35,133743
29/06/2025;20:30:00;BARRACAO;Velocidade Incompatível;Colisão transversal;Com Vítimas Feridas;Plena Noite;Crescente;Céu Claro;Simples;Interseção de Vias;-26,2515533;-53,6360556
29/06/2025;21:40:00;ALTO ARAGUAIA;Animais na Pista;Atropelamento de Animal;Com Vítimas Feridas;Plena Noite;Decrescente;Nublado;Simples;"Declive;Reta";-17,21370286;-53,33822191
29/06/2025;18:40:00;BARRA DO GARCAS;Conversão proibida;Colisão transversal;Com Vítimas Feridas;Plena Noite;Crescente;Céu Claro;Simples;Reta;-15,8922641;-52,26085279
29/06/2025;05:16:00;PIRAI;Animais na Pista;Atropelamento de Animal;Com Vítimas Feridas;Plena Noite;Decrescente;Céu Claro;Dupla;Declive;-22,69209628;-43,80450189
29/06/2025;19:00:00;SAO JOSE DOS PINHAIS;Demais falhas na via;Queda de ocupante de veículo;Com Vítimas Feridas;Plena Noite;Decrescente;Ignorado;Dupla;Reta;-25,57012941;-49,21736805
29/06/2025;13:00:00;SENADOR JOSE BENTO;Velocidade Incompatível;Tombamento;Com Vítimas Feridas;Pleno dia;Crescente;Ignorado;Simples;"Curva;Aclive";-22,13119297;-46,18152514
28/06/2025;01:30:00;PETROPOLIS;Velocidade Incompatível;Colisão lateral sentido oposto;Com Vítimas Feridas;Plena Noite;Crescente;Céu Claro;Simples;Curva;-22,390513;-43,12522
28/06/2025;03:47:00;PASTOS BONS;Ultrapassagem Indevida;Colisão frontal;Com Vítimas Fatais;Plena Noite;Crescente;Céu Claro;Simples;Reta;-6,60493;-44,092598
28/06/2025;07:30:00;JAGUARE;Ultrapassagem Indevida;Colisão frontal;Com Vítimas Feridas;Pleno dia;Decrescente;Sol;Simples;Reta;-18,98246939;-39,99647554
28/06/2025;07:50:00;SAO CAITANO;Ultrapassagem Indevida;Colisão lateral mesmo sentido;Com Vítimas Feridas;Pleno dia;Crescente;Céu Claro;Dupla;Reta;-8,3293;-36,1234
28/06/2025;03:00:00;CAMPESTRE DO MARANHAO;Acesso irregular;Colisão lateral sentido oposto;Com Vítimas Feridas;Plena Noite;Decrescente;Céu Claro;Simples;Reta;-6,183697;-47,362242
28/06/2025;07:30:00;GRAO MOGOL;Pista Escorregadia;Saída de leito carroçável;Com Vítimas Fatais;Pleno dia;Crescente;Garoa/Chuvisco;Simples;"Declive;Curva";-16,21368559;-42,87757874
28/06/2025;16:45:00;BIGUACU;Ultrapassagem Indevida;Colisão lateral mesmo sentido;Sem Vítimas;Pleno dia;Crescente;Chuva;Dupla;Reta;-27,51098;-48,64327
28/06/2025;16:00:00;PAULO FRONTIN;Velocidade Incompatível;Colisão lateral sentido oposto;Com Vítimas Feridas;Pleno dia;Crescente;Chuva;Simples;"Declive;Curva";-26,03334008;-50,68576813
28/06/2025;18:40:00;SAO SEBASTIAO DO PASSE;Chuva;Tombamento;Com Vítimas Feridas;Plena Noite;Decrescente;Chuva;Dupla;"Reta;Declive";-12,52977914;-38,60265825
28/06/2025;19:52:00;GURUPI;Ultrapassagem Indevida;Colisão lateral mesmo sentido;Sem Vítimas;Plena Noite;Crescente;Céu Claro;Simples;Reta;-11,6989509;-49,0716194
28/06/2025;18:20:00;CAMPO GRANDE;Ultrapassagem Indevida;Colisão lateral mesmo sentido;Sem Vítimas;Plena Noite;Decrescente;Céu Claro;Simples;Reta;-20,61139;-54,742714
28/06/2025;03:00:00;PRESIDENTE FIGUEIREDO;Pista esburacada;Tombamento;Com Vítimas Feridas;Plena Noite;Crescente;Céu Claro;Simples;"Aclive;Reta";-1,91401292;-60,05798018
28/06/2025;22:00:00;VITORIA DA CONQUISTA;Sinalização mal posicionada;Colisão traseira;Com Vítimas Fatais;Plena Noite;Crescente;Nevoeiro/Neblina;Simples;Reta;-14,89834049;-40,85849762
28/06/2025;00:50:00;RANCHO QUEIMADO;Velocidade Incompatível;Saída de leito carroçável;Com Vítimas Feridas;Plena Noite;Decrescente;Nublado;Simples;Curva;-27,68139991;-49,1116333
28/06/2025;03:50:00;SARANDI;Condutor usando celular;Saída de leito carroçável;Sem Vítimas;Plena Noite;Decrescente;Chuva;Simples;Reta;-27,96436;-52,90926
28/06/2025;05:15:00;SINOP;Retorno proibido;Colisão lateral mesmo sentido;Com Vítimas Feridas;Amanhecer;Decrescente;Nublado;Simples;Reta;-11,91388081;-55,50899148
28/06/2025;06:35:00;ITAPEMA;Chuva;Colisão com objeto;Com Vítimas Feridas;Amanhecer;Crescente;Chuva;Múltipla;Reta;-27,12654486;-48,60961832
28/06/2025;08:40:00;ANGRA DOS REIS;Velocidade Incompatível;Capotamento;Com Vítimas Feridas;Pleno dia;Crescente;Sol;Simples;Curva;-23,02444784;-44,51007843
28/06/2025;10:30:00;PIRACURUCA;Condutor usando celular;Colisão transversal;Com Vítimas Feridas;Pleno dia;Decrescente;Céu Claro;Simples;"Interseção de Vias;Rotatória";-3,91842183;-41,71160817
28/06/2025;13:45:00;RIBEIRA DO POMBAL;Pista esburacada;Queda de ocupante de veículo;Com Vítimas Feridas;Pleno dia;Crescente;Céu Claro;Simples;Reta;-10,80419766;-38,52575697
28/06/2025;13:43:00;PALMARES;Ultrapassagem Indevida;Colisão lateral mesmo sentido;Com Vítimas Feridas;Pleno dia;Crescente;Garoa/Chuvisco;Simples;Reta;-8,6853186;-35,5843343
28/06/2025;12:20:00;PASSO FUNDO;Chuva;Saída de leito carroçável;Com Vítimas Feridas;Pleno dia;Crescente;Chuva;Simples;Curva;-28,24215043;-52,55612612
28/06/2025;15:10:00;SANTO ANTONIO DA PATRULHA;Acumulo de água sobre o pavimento;Saída de leito carroçável;Com Vítimas Feridas;Pleno dia;Crescente;Chuva;Dupla;Reta;-29,88395081;-50,44390798
28/06/2025;16:00:00;JOAO PESSOA;Acumulo de areia ou detritos sobre o pavimento;Tombamento;Com Vítimas Feridas;Pleno dia;Crescente;Céu Claro;Dupla;"Viaduto;Curva";-7,16508354;-34,89835787
28/06/2025;11:00:00;PETROPOLIS;Pista Escorregadia;Queda de ocupante de veículo;Com Vítimas Feridas;Pleno dia;Decrescente;Céu Claro;Simples;Curva;-22,5280498;-43,2232336
28/06/2025;17:50:00;FEIRA DE SANTANA;Afundamento ou ondulação no pavimento;Queda de ocupante de veículo;Com Vítimas Feridas;Anoitecer;Decrescente;Nublado;Dupla;Reta;-12,33656842;-39,07257199
28/06/2025;18:20:00;BELO HORIZONTE;Deficiência do Sistema de Iluminação/Sinalização;Atropelamento de Pedestre;Com Vítimas Feridas;Plena Noite;Crescente;Céu Claro;Múltipla;Reta;-19,84507477;-43,88690472
28/06/2025;18:30:00;SANTA RITA;Acumulo de água sobre o pavimento;Colisão com objeto;Com Vítimas Feridas;Plena Noite;Decrescente;Chuva;Dupla;Curva;-7,029077;-35,058447
28/06/2025;19:20:00;APARECIDA;Deficiência do Sistema de Iluminação/Sinalização;Atropelamento de Pedestre;Com Vítimas Feridas;Plena Noite;Crescente;Céu Claro;Dupla;Reta;-22,85325987;-45,23225784
28/06/2025;19:34:00;MACAIBA;Conversão proibida;Colisão transversal;Com Vítimas Feridas;Plena Noite;Crescente;Chuva;Dupla;Reta;-5,8644733;-35,34615962
28/06/2025;18:30:00;LAGES;Chuva;Saída de leito carroçável;Sem Vítimas;Plena Noite;Decrescente;Chuva;Simples;"Reta;Aclive";-27,79526957;-50,38312761
28/06/2025;20:30:00;BENTO GONCALVES;Acumulo de água sobre o pavimento;Saída de leito carroçável;Com Vítimas Feridas;Plena Noite;Decrescente;Chuva;Dupla;"Aclive;Curva";-29,18887103;-51,52161789