data_inversa;horario;municipio;causa_acidente;tipo_acidente;classificacao_acidente;fase_dia;sentido_via;condicao_metereologica;tipo_pista;tracado_via;latitude;longitude
24/06/2025;14:27:00;HORIZONTE;Acesso irregular;Colisão transversal;Com Vítimas Feridas;Pleno dia;Crescente;Céu Claro;Dupla;Reta;-4,07612649;-38,50023206
24/06/2025;13:00:00;ITABERABA;Pista esburacada;Engavetamento;Com Vítimas Feridas;Pleno dia;Decrescente;Céu Claro;Simples;"Declive;Curva";-12,48350963;-40,52753448
24/06/2025;16:10:00;GUARULHOS;Demais falhas na via;Queda de ocupante de veículo;Com Vítimas Feridas;Pleno dia;Decrescente;Céu Claro;Múltipla;Reta;-23,49694405;-46,55555248
24/06/2025;06:30:00;SAO JOSE;Animais na Pista;Atropelamento de Animal;Sem Vítimas;Amanhecer;Decrescente;Céu Claro;Dupla;Reta;-27,58423896;-48,69541883
24/06/2025;17:05:00;BIGUACU;Acesso irregular;Colisão transversal;Com Vítimas Feridas;Anoitecer;Decrescente;Céu Claro;Múltipla;"Declive;Reta";-27,51853526;-48,63814177
24/06/2025;18:30:00;BRASILIA;Retorno proibido;Colisão transversal;Sem Vítimas;Plena Noite;Decrescente;Céu Claro;Simples;Reta;-15,9796068;-47,92030334
24/06/2025;18:40:00;ANGRA DOS REIS;Iluminação deficiente;Atropelamento de Pedestre;Com Vítimas Feridas;Plena Noite;Decrescente;Chuva;Simples;Reta;-22,97761106;-44,2963979
24/06/2025;20:10:00;PORTO BELO;Acumulo de areia ou detritos sobre o pavimento;Tombamento;Com Vítimas Feridas;Plena Noite;Decrescente;Céu Claro;Dupla;"Reta;Interseção de Vias";-27,192017;-48,61239
24/06/2025;16:30:00;VITORIA DA CONQUISTA;Velocidade Incompatível;Saída de leito carroçável;Com Vítimas Feridas;Pleno dia;Crescente;Céu Claro;Simples;Curva;-14,89427612;-40,86583614
24/06/2025;19:10:00;SANTA RITA DE MINAS;Animais na Pista;Atropelamento de Animal;Com Vítimas Feridas;Plena Noite;Crescente;Céu Claro;Simples;"Reta;Aclive";-19,90758497;-42,13522345
24/06/2025;19:00:00;PELOTAS;Velocidade Incompatível;Saída de leito carroçável;Sem Vítimas;Plena Noite;Crescente;Céu Claro;Simples;Curva;-31,74544741;-52,40349166
24/06/2025;22:45:00;ESTANCIA;Velocidade Incompatível;Saída de leito carroçável;Com Vítimas Feridas;Plena Noite;Crescente;Céu Claro;Simples;"Reta;Interseção de Vias";-11,2629115;-37,441561
24/06/2025;20:40:00;VARGEM BONITA;Velocidade Incompatível;Saída de leito carroçável;Com Vítimas Feridas;Plena Noite;Crescente;Céu Claro;Simples;Curva;-26,975905;-51,780773
24/06/2025;19:30:00;AMARANTE;Animais na Pista;Atropelamento de Animal;Com Vítimas Feridas;Plena Noite;Decrescente;Céu Claro;Simples;Reta;-6,474;-42,793
24/06/2025;18:40:00;BOA VISTA;Velocidade Incompatível;Saída de leito carroçável;Sem Vítimas;Plena Noite;Crescente;Céu Claro;Simples;Reta;3,4488625;-60,90905786
24/06/2025;17:40:00;JABOATAO DOS GUARARAPES;Animais na Pista;Tombamento;Com Vítimas Feridas;Plena Noite;Crescente;Garoa/Chuvisco;Dupla;Reta;-8,15741236;-34,9412391
24/06/2025;10:20:00;MURITIBA;Ultrapassagem Indevida;Colisão frontal;Com Vítimas Feridas;Pleno dia;Decrescente;Sol;Simples;"Curva;Declive";-12,6432472;-39,1010882
24/06/2025;20:00:00;CAEM;Animais na Pista;Atropelamento de Animal;Com Vítimas Feridas;Pleno dia;Crescente;Ignorado;Simples;Reta;-11,16599018;-40,05215264
23/06/2025;01:30:00;OLIVEIRA FORTES;Velocidade Incompatível;Tombamento;Com Vítimas Feridas;Plena Noite;Crescente;Nublado;Dupla;"Curva;Aclive";-21,3573983;-43,58143078
23/06/2025;06:20:00;PORTO VITORIA;Velocidade Incompatível;Colisão frontal;Com Vítimas Fatais;Plena Noite;Crescente;Chuva;Simples;"Curva;Declive";-26,30982172;-51,21601
23/06/2025;08:45:00;HULHA NEGRA;Pista esburacada;Colisão frontal;Com Vítimas Feridas;Pleno dia;Decrescente;Céu Claro;Simples;Reta;-31,3368404;-53,96691509
23/06/2025;08:00:00;SAO JOAO DO SUL;Condutor usando celular;Colisão traseira;Com Vítimas Feridas;Pleno dia;Crescente;Céu Claro;Dupla;Curva;-29,18072;-49,754975
23/06/2025;08:50:00;CACERES;Velocidade Incompatível;Tombamento;Com Vítimas Feridas;Pleno dia;Crescente;Céu Claro;Simples;Curva;-16,15268762;-57,35275269
23/06/2025;10:00:00;PENHA;Chuva;Saída de leito carroçável;Com Vítimas Feridas;Pleno dia;Crescente;Chuva;Múltipla;Rotatória;-26,80765732;-48,68135802
23/06/2025;12:30:00;SAPUCAIA;Velocidade Incompatível;Colisão transversal;Com Vítimas Fatais;Pleno dia;Crescente;Céu Claro;Simples;Curva;-22,06401;-42,79503
23/06/2025;17:28:00;PIRAQUARA;Chuva;Saída de leito carroçável;Sem Vítimas;Anoitecer;Crescente;Chuva;Dupla;Curva;-25,402687;-49,059223
23/06/2025;16:50:00;JATAI;Acumulo de água sobre o pavimento;Saída de leito carroçável;Com Vítimas Feridas;Anoitecer;Crescente;Chuva;Dupla;Curva;-17,86435978;-51,56656265
23/06/2025;18:00:00;GUARAPARI;Conversão proibida;Colisão transversal;Com Vítimas Feridas;Plena Noite;Decrescente;Céu Claro;Dupla;"Reta;Retorno Regulamentado";-20,591389;-40,499247
23/06/2025;17:40:00;PARAOPEBA;Velocidade Incompatível;Tombamento;Com Vítimas Feridas;Anoitecer;Crescente;Céu Claro;Simples;Reta;-19,17532848;-44,50870514
23/06/2025;19:40:00;GUARATUBA;Velocidade Incompatível;Tombamento;Com Vítimas Feridas;Plena Noite;Crescente;Nublado;Dupla;Curva;-25,9627283;-48,8981809
23/06/2025;17:58:00;SANTA BRIGIDA;Ultrapassagem Indevida;Colisão frontal;Com Vítimas Fatais;Plena Noite;Decrescente;Céu Claro;Simples;"Reta;Aclive";-9,826767;-38,259888
23/06/2025;23:30:00;UBERLANDIA;Velocidade Incompatível;Colisão traseira;Com Vítimas Feridas;Plena Noite;Decrescente;Chuva;Dupla;"Aclive;Reta";-19,031743;-48,201924
23/06/2025;17:05:00;CAREACU;Velocidade Incompatível;Saída de leito carroçável;Com Vítimas Feridas;Anoitecer;Crescente;Chuva;Dupla;"Declive;Curva";-22,00940716;-45,67772985
23/06/2025;23:50:00;URUCUCA;Velocidade Incompatível;Tombamento;Com Vítimas Feridas;Plena Noite;Decrescente;Nublado;Simples;Interseção de Vias;-14,56637917;-39,33492243
23/06/2025;01:25:00;CAMPO MOURAO;Chuva;Saída de leito carroçável;Com Vítimas Feridas;Plena Noite;Crescente;Chuva;Simples;"Curva;Declive";-24,139258;-52,443015
23/06/2025;01:40:00;BAYEUX;Acumulo de água sobre o pavimento;Tombamento;Com Vítimas Feridas;Plena Noite;Crescente;Chuva;Dupla;Reta;-7,143671;-34,918615
23/06/2025;04:00:00;ITABUNA;Velocidade Incompatível;Saída de leito carroçável;Com Vítimas Feridas;Amanhecer;Crescente;Nevoeiro/Neblina;Simples;"Reta;Ponte";-14,84692702;-39,28236857
23/06/2025;03:30:00;BAYEUX;Acumulo de água sobre o pavimento;Colisão traseira;Com Vítimas Feridas;Plena Noite;Crescente;Chuva;Dupla;Reta;-7,142945;-34,919398
23/06/2025;05:00:00;CONDE;Acumulo de água sobre o pavimento;Colisão com objeto;Com Vítimas Feridas;Amanhecer;Decrescente;Chuva;Simples;Declive;-7,223633;-34,914723
23/06/2025;03:20:00;ANGRA DOS REIS;Velocidade Incompatível;Tombamento;Com Vítimas Feridas;Plena Noite;Crescente;Nublado;Simples;Reta;-22,95722219;-44,30801002
23/06/2025;06:20:00;PORTO ALEGRE;Pista Escorregadia;Colisão lateral mesmo sentido;Com Vítimas Feridas;Pleno dia;Decrescente;Céu Claro;Múltipla;"Curva;Declive";-29,98804439;-51,20304672
23/06/2025;06:30:00;COLOMBO;Velocidade Incompatível;Colisão lateral mesmo sentido;Com Vítimas Feridas;Pleno dia;Decrescente;Céu Claro;Dupla;"Reta;Declive";-25,37109487;-49,12712574
23/06/2025;05:30:00;PALHOCA;Chuva;Colisão com objeto;Com Vítimas Feridas;Amanhecer;Decrescente;Chuva;Dupla;Curva;-27,818748;-48,631258
23/06/2025;07:20:00;BARAO DE GRAJAU;Animais na Pista;Atropelamento de Animal;Com Vítimas Feridas;Pleno dia;Decrescente;Céu Claro;Simples;Reta;-6,72837092;-43,09455872
23/06/2025;08:34:00;CARIACICA;Afundamento ou ondulação no pavimento;Tombamento;Com Vítimas Feridas;Pleno dia;Decrescente;Céu Claro;Simples;Declive;-20,24802;-40,370447
23/06/2025;07:20:00;BETIM;Afundamento ou ondulação no pavimento;Tombamento;Com Vítimas Feridas;Pleno dia;Decrescente;Céu Claro;Múltipla;Reta;-19,958959;-44,070755
23/06/2025;10:20:00;GUARULHOS;Velocidade Incompatível;Colisão traseira;Com Vítimas Feridas;Pleno dia;Crescente;Nublado;Múltipla;Reta;-23,43041567;-46,41534732
23/06/2025;09:45:00;APUCARANA;Velocidade Incompatível;Saída de leito carroçável;Com Vítimas Feridas;Pleno dia;Crescente;Chuva;Simples;Curva;-23,52353728;-51,44383399
23/06/2025;08:30:00;RIO VERDE DE MATO GROSSO;Animais na Pista;Atropelamento de Animal;Sem Vítimas;Pleno dia;Crescente;Chuva;Simples;"Aclive;Reta";-18,89825669;-54,84300334
23/06/2025;11:20:00;NOSSA SENHORA DO SOCORRO;Ausência de sinalização;Colisão transversal;Com Vítimas Feridas;Pleno dia;Crescente;Céu Claro;Simples;"Reta;Declive";-10,90385185;-37,1479067
23/06/2025;11:00:00;SAO JOSE DOS PINHAIS;Acumulo de água sobre o pavimento;Capotamento;Com Vítimas Feridas;Pleno dia;Crescente;Chuva;Dupla;Reta;-25,5557153;-49,0294879
23/06/2025;08:45:00;PALMEIRA;Chuva;Colisão frontal;Com Vítimas Feridas;Pleno dia;Decrescente;Chuva;Simples;"Curva;Declive";-25,4234035;-50,1073244
23/06/2025;11:30:00;SAO PAULO;Acumulo de água sobre o pavimento;Colisão frontal;Sem Vítimas;Pleno dia;Crescente;Chuva;Múltipla;Curva;-23,46840776;-46,57057855
23/06/2025;12:30:00;VALPARAISO DE GOIAS;Animais na Pista;Tombamento;Com Vítimas Feridas;Pleno dia;Decrescente;Sol;Dupla;Reta;-16,059866;-47,982881
23/06/2025;07:20:00;ARAQUARI;Chuva;Queda de ocupante de veículo;Com Vítimas Feridas;Pleno dia;Crescente;Chuva;Dupla;Desvio Temporário;-26,45102184;-48,8731405
23/06/2025;12:54:00;CAMANDUCAIA;Velocidade Incompatível;Colisão com objeto;Com Vítimas Feridas;Pleno dia;Decrescente;Nublado;Dupla;Curva;-22,77491529;-46,18622303
23/06/2025;13:00:00;CORUPA;Pista Escorregadia;Colisão frontal;Com Vítimas Feridas;Pleno dia;Crescente;Nublado;Simples;"Aclive;Curva";-26,391413;-49,302459
23/06/2025;14:00:00;CAMPINA GRANDE DO SUL;Velocidade Incompatível;Colisão traseira;Com Vítimas Feridas;Pleno dia;Decrescente;Garoa/Chuvisco;Dupla;Curva;-25,099809;-48,689637
23/06/2025;14:20:00;UBATUBA;Modificação proibida;Colisão transversal;Com Vítimas Feridas;Pleno dia;Decrescente;Céu Claro;Simples;Reta;-23,43414119;-45,08710669
23/06/2025;14:15:00;TIBAGI;Velocidade Incompatível;Saída de leito carroçável;Sem Vítimas;Pleno dia;Crescente;Chuva;Dupla;"Curva;Declive";-24,8764868;-50,4428058
23/06/2025;14:40:00;SERRA;Velocidade Incompatível;Colisão lateral mesmo sentido;Com Vítimas Feridas;Pleno dia;Crescente;Céu Claro;Múltipla;"Reta;Declive";-20,12534476;-40,30265808
23/06/2025;14:15:00;RIACHAO DO BACAMARTE;Pista Escorregadia;Saída de leito carroçável;Com Vítimas Feridas;Pleno dia;Crescente;Chuva;Dupla;Curva;-7,246136;-35,676564
23/06/2025;15:45:00;MAIRIPORA;Chuva;Queda de ocupante de veículo;Com Vítimas Feridas;Pleno dia;Crescente;Chuva;Dupla;"Declive;Curva";-23,30804431;-46,57842485
23/06/2025;10:00:00;GOIATUBA;Velocidade Incompatível;Capotamento;Com Vítimas Feridas;Pleno dia;Decrescente;Céu Claro;Dupla;Declive;-18,03434;-49,265557
23/06/2025;17:00:00;MAIRIPORA;Chuva;Colisão com objeto;Com Vítimas Feridas;Anoitecer;Decrescente;Garoa/Chuvisco;Dupla;"Curva;Declive";-23,246618;-46,593621
23/06/2025;17:10:00;MAIRIPORA;Demais Fenômenos da natureza;Colisão com objeto;Com Vítimas Feridas;Anoitecer;Decrescente;Chuva;Múltipla;"Curva;Declive";-23,34924782;-46,56076804
23/06/2025;16:00:00;VARZEA GRANDE;Chuva;Tombamento;Com Vítimas Feridas;Pleno dia;Crescente;Chuva;Simples;Curva;-15,445294;-56,331211
23/06/2025;16:30:00;PARACATU;Conversão proibida;Colisão traseira;Com Vítimas Feridas;Pleno dia;Crescente;Céu Claro;Dupla;"Curva;Aclive";-17,224373;-46,864091
23/06/2025;17:35:00;CAMPINA GRANDE;Acumulo de areia ou detritos sobre o pavimento;Tombamento;Com Vítimas Feridas;Plena Noite;Crescente;Garoa/Chuvisco;Simples;"Reta;Em Obras";-7,278908;-35,893562
23/06/2025;18:30:00;GUARAMIRIM;Retorno proibido;Colisão transversal;Com Vítimas Feridas;Plena Noite;Decrescente;Nublado;Simples;Reta;-26,47580186;-49,01702492
23/06/2025;18:15:00;PARATY;Demais Fenômenos da natureza;Queda de ocupante de veículo;Com Vítimas Feridas;Plena Noite;Crescente;Vento;Simples;Rotatória;-23,225;-44,723
23/06/2025;17:52:00;PORTO GRANDE;Acesso irregular;Colisão transversal;Com Vítimas Feridas;Plena Noite;Crescente;Céu Claro;Simples;Reta;0,70448054;-51,40771151
23/06/2025;19:20:00;ITAITINGA;Velocidade Incompatível;Colisão traseira;Com Vítimas Feridas;Pleno dia;Crescente;Céu Claro;Dupla;Reta;-3,98993478;-38,51621501
23/06/2025;16:20:00;CAMANDUCAIA;Pista Escorregadia;Colisão com objeto;Com Vítimas Feridas;Pleno dia;Crescente;Chuva;Dupla;Curva;-22,77000912;-46,19384006
23/06/2025;18:30:00;CACHOEIRA DO SUL;Conversão proibida;Colisão transversal;Com Vítimas Feridas;Plena Noite;Crescente;Vento;Simples;Curva;-30,01344239;-52,89156294
23/06/2025;22:05:00;CURVELO;Ultrapassagem Indevida;Queda de ocupante de veículo;Com Vítimas Feridas;Plena Noite;Crescente;Ignorado;Simples;Reta;-19,1450194;-44,5391573
23/06/2025;21:05:00;LINHARES;Ultrapassagem Indevida;Colisão frontal;Com Vítimas Feridas;Plena Noite;Crescente;Céu Claro;Simples;Curva;-19,48624173;-40,12292258
23/06/2025;23:30:00;NOVA IGUACU;Deficiência do Sistema de Iluminação/Sinalização;Colisão traseira;Com Vítimas Feridas;Plena Noite;Crescente;Céu Claro;Dupla;Reta;-22,6721481;-43,3845025
23/06/2025;13:12:00;NOVO PROGRESSO;Conversão proibida;Colisão frontal;Com Vítimas Feridas;Pleno dia;Crescente;Céu Claro;Simples;Reta;-7,052089;-55,409928
22/06/2025;16:35:00;RANCHO QUEIMADO;Velocidade Incompatível;Colisão frontal;Com Vítimas Fatais;Pleno dia;Decrescente;Chuva;Simples;"Declive;Curva";-27,696318;-49,052074
22/06/2025;18:30:00;MAFRA;Acumulo de areia ou detritos sobre o pavimento;Colisão frontal;Com Vítimas Feridas;Plena Noite;Decrescente;Nublado;Simples;"Curva;Declive";-26,20771653;-49,73613136
22/06/2025;23:20:00;SENADOR JOSE BENTO;Velocidade Incompatível;Tombamento;Com Vítimas Feridas;Plena Noite;Crescente;Céu Claro;Simples;"Curva;Declive";-22,133661;-46,173142
22/06/2025;15:30:00;EWBANK DA CAMARA;Curva acentuada;Tombamento;Com Vítimas Feridas;Pleno dia;Crescente;Céu Claro;Simples;Curva;-21,53869148;-43,51086723
22/06/2025;02:00:00;TERESINA;Animais na Pista;Atropelamento de Animal;Com Vítimas Feridas;Plena Noite;Crescente;Céu Claro;Dupla;"Reta;Retorno Regulamentado";-5,214572;-42,753975
22/06/2025;04:20:00;PALHOCA;Velocidade Incompatível;Colisão com objeto;Com Vítimas Feridas;Plena Noite;Crescente;Garoa/Chuvisco;Múltipla;Reta;-27,65132035;-48,67569773
22/06/2025;06:00:00;SAO CRISTOVAO;Demais Fenômenos da natureza;Saída de leito carroçável;Com Vítimas Feridas;Amanhecer;Decrescente;Sol;Dupla;Aclive;-10,96538121;-37,26667492
22/06/2025;06:45:00;CASCAVEL;Animais na Pista;Atropelamento de Animal;Com Vítimas Feridas;Amanhecer;Crescente;Céu Claro;Dupla;Reta;-24,993;-53,512
22/06/2025;08:00:00;CAMPINA GRANDE DO SUL;Velocidade Incompatível;Capotamento;Com Vítimas Feridas;Pleno dia;Crescente;Chuva;Simples;Curva;-25,185853;-48,886155
22/06/2025;08:20:00;PAULISTA;Chuva;Capotamento;Com Vítimas Feridas;Pleno dia;Decrescente;Chuva;Dupla;Curva;-7,933368;-34,902327
22/06/2025;08:10:00;DUQUE DE CAXIAS;Acumulo de areia ou detritos sobre o pavimento;Tombamento;Com Vítimas Feridas;Pleno dia;Crescente;Céu Claro;Dupla;Curva;-22,6689024;-43,2799744
22/06/2025;08:15:00;FLORESTAL;Velocidade Incompatível;Saída de leito carroçável;Com Vítimas Feridas;Pleno dia;Crescente;Céu Claro;Dupla;Curva;-19,93500156;-44,45750481
22/06/2025;09:20:00;BAYEUX;Acostamento em desnível;Tombamento;Com Vítimas Feridas;Pleno dia;Crescente;Céu Claro;Dupla;Reta;-7,14357061;-34,91857738
22/06/2025;09:40:00;SAO JOSE DOS PINHAIS;Velocidade Incompatível;Colisão traseira;Com Vítimas Feridas;Pleno dia;Crescente;Garoa/Chuvisco;Dupla;Curva;-25,59089547;-49,1716489
22/06/2025;08:00:00;BOM JARDIM DE MINAS;Conversão proibida;Colisão transversal;Com Vítimas Feridas;Pleno dia;Decrescente;Céu Claro;Simples;"Curva;Rotatória;Declive;Interseção de Vias";-21,936688;-44,193527
22/06/2025;09:45:00;SABARA;Velocidade Incompatível;Colisão traseira;Com Vítimas Feridas;Pleno dia;Crescente;Sol;Simples;"Reta;Aclive";-19,80926002;-43,76815308
22/06/2025;09:40:00;TERESINA;Velocidade Incompatível;Colisão traseira;Com Vítimas Feridas;Pleno dia;Decrescente;Sol;Múltipla;"Interseção de Vias;Reta;Rotatória";-5,1237766;-42,7948558
22/06/2025;10:20:00;ANTONINA;Velocidade Incompatível;Saída de leito carroçável;Com Vítimas Feridas;Pleno dia;Decrescente;Chuva;Dupla;"Declive;Curva";-25,11155955;-48,76530647
22/06/2025;12:30:00;SEROPEDICA;Retorno proibido;Colisão lateral mesmo sentido;Com Vítimas Feridas;Pleno dia;Crescente;Céu Claro;Simples;Reta;-22,72243625;-43,72344017
22/06/2025;09:20:00;ARAQUARI;Velocidade Incompatível;Saída de leito carroçável;Com Vítimas Fatais;Pleno dia;Crescente;Chuva;Dupla;"Declive;Curva";-26,439197;-48,802252
22/06/2025;14:30:00;VIANA;Velocidade Incompatível;Capotamento;Com Vítimas Feridas;Pleno dia;Crescente;Céu Claro;Simples;"Declive;Curva";-20,36924731;-40,44430939
22/06/2025;14:30:00;SAO JOSE;Chuva;Colisão lateral mesmo sentido;Com Vítimas Feridas;Pleno dia;Decrescente;Chuva;Dupla;"Curva;Aclive";-27,58566014;-48,61788724
22/06/2025;13:50:00;POUSO REDONDO;Acumulo de água sobre o pavimento;Colisão transversal;Com Vítimas Feridas;Pleno dia;Crescente;Chuva;Simples;"Declive;Curva";-27,30105815;-50,07954296
22/06/2025;15:10:00;LONTRAS;Chuva;Saída de leito carroçável;Com Vítimas Feridas;Pleno dia;Decrescente;Chuva;Simples;"Aclive;Curva";-27,14636811;-49,54975657
22/06/2025;17:15:00;PINDAMONHANGABA;Ultrapassagem Indevida;Colisão traseira;Com Vítimas Feridas;Anoitecer;Crescente;Céu Claro;Dupla;"Reta;Interseção de Vias";-22,9760953;-45,45215607
22/06/2025;13:00:00;LINDOESTE;Velocidade Incompatível;Colisão com objeto;Com Vítimas Feridas;Pleno dia;Decrescente;Nublado;Dupla;Curva;-25,22200365;-53,59467879
22/06/2025;17:30:00;NOVA IGUACU;Conversão proibida;Colisão lateral sentido oposto;Com Vítimas Feridas;Pleno dia;Decrescente;Céu Claro;Simples;Reta;-22,84833623;-43,60370636
22/06/2025;17:40:00;ALAGOINHAS;Animais na Pista;Atropelamento de Animal;Com Vítimas Fatais;Anoitecer;Decrescente;Céu Claro;Simples;Reta;-12,06399861;-38,31550598
22/06/2025;18:30:00;UNIAO DOS PALMARES;Iluminação deficiente;Colisão traseira;Com Vítimas Feridas;Plena Noite;Decrescente;Céu Claro;Simples;Reta;-9,17592166;-36,03042332
22/06/2025;19:10:00;SANTA MARIA;Pista esburacada;Colisão com objeto;Com Vítimas Feridas;Plena Noite;Crescente;Garoa/Chuvisco;Dupla;"Curva;Rotatória";-29,7156;-53,809495
22/06/2025;17:10:00;BRUMADINHO;Acumulo de areia ou detritos sobre o pavimento;Queda de ocupante de veículo;Com Vítimas Feridas;Anoitecer;Crescente;Céu Claro;Dupla;Curva;-20,1220436;-44,3009521
22/06/2025;20:30:00;MAIRIPORA;Velocidade Incompatível;Tombamento;Com Vítimas Feridas;Plena Noite;Decrescente;Céu Claro;Dupla;"Declive;Curva";-23,34131463;-46,57381145
22/06/2025;18:50:00;JEREMOABO;Ultrapassagem Indevida;Colisão frontal;Com Vítimas Fatais;Plena Noite;Decrescente;Nublado;Simples;Reta;-10,233091;-38,299099
22/06/2025;19:00:00;TRES MARIAS;Ultrapassagem Indevida;Colisão frontal;Com Vítimas Fatais;Anoitecer;Crescente;Céu Claro;Simples;Reta;-18,3200322;-45,11042118
22/06/2025;22:45:00;CAMPO LARGO;Velocidade Incompatível;Saída de leito carroçável;Com Vítimas Fatais;Plena Noite;Crescente;Céu Claro;Simples;"Curva;Interseção de Vias;Viaduto";-25,43499135;-49,53251307
22/06/2025;20:00:00;URUGUAIANA;Animais na Pista;Saída de leito carroçável;Com Vítimas Feridas;Plena Noite;Crescente;Nublado;Simples;Reta;-30,009951;-56,35007
22/06/2025;23:50:00;RIBEIRA DO AMPARO;Acesso irregular;Colisão transversal;Sem Vítimas;Plena Noite;Crescente;Céu Claro;Simples;Reta;-11,0127242;-38,51494
22/06/2025;19:30:00;DELMIRO GOUVEIA;Iluminação deficiente;Colisão traseira;Com Vítimas Feridas;Plena Noite;Decrescente;Nublado;Simples;Reta;-9,40122214;-38,17860603
22/06/2025;09:45:00;DOMINGOS MARTINS;Velocidade Incompatível;Queda de ocupante de veículo;Com Vítimas Feridas;Pleno dia;Decrescente;Céu Claro;Simples;Curva;-20,41060352;-40,92012405
22/06/2025;12:30:00;ITAMONTE;Velocidade Incompatível;Saída de leito carroçável;Com Vítimas Feridas;Pleno dia;Decrescente;Céu Claro;Simples;"Declive;Curva";-22,34293799;-44,81667548
21/06/2025;00:00:00;BALSA NOVA;Chuva;Saída de leito carroçável;Com Vítimas Feridas;Plena Noite;Decrescente;Chuva;Dupla;Curva;-25,44407609;-49,74350735
21/06/2025;02:58:00;BARRA DO PIRAI;Velocidade Incompatível;Tombamento;Sem Vítimas;Plena Noite;Crescente;Céu Claro;Simples;Curva;-22,47488907;-43,99329185
21/06/2025;11:40:00;LAPA;Ultrapassagem Indevida;Colisão lateral mesmo sentido;Com Vítimas Feridas;Pleno dia;Crescente;Céu Claro;Simples;Reta;-25,8515111;-49,9479092
21/06/2025;12:50:00;JAGUARIBE;Fumaça;Colisão traseira;Com Vítimas Feridas;Pleno dia;Crescente;Céu Claro;Simples;Reta;-5,8667166;-38,5945485
21/06/2025;21:00:00;LONDRINA;Chuva;Saída de leito carroçável;Com Vítimas Feridas;Plena Noite;Decrescente;Chuva;Dupla;Reta;-23,29317593;-51,13221499
21/06/2025;06:15:00;BRUMADINHO;Velocidade Incompatível;Tombamento;Com Vítimas Feridas;Amanhecer;Decrescente;Céu Claro;Dupla;Curva;-20,15785531;-44,32914835
21/06/2025;00:10:00;SAO JOAO DA BARRA;Velocidade Incompatível;Saída de leito carroçável;Com Vítimas Feridas;Plena Noite;Crescente;Céu Claro;Simples;Curva;-21,710602;-41,135201
21/06/2025;03:30:00;MESQUITA;Conversão proibida;Colisão traseira;Com Vítimas Feridas;Plena Noite;Decrescente;Céu Claro;Dupla;Reta;-22,76953375;-43,40938568
21/06/2025;11:25:00;MAGE;Ultrapassagem Indevida;Colisão transversal;Com Vítimas Feridas;Pleno dia;Crescente;Céu Claro;Simples;Reta;-22,65712548;-43,07008401
21/06/2025;13:30:00;SAO MATEUS;Conversão proibida;Colisão lateral mesmo sentido;Com Vítimas Feridas;Pleno dia;Crescente;Céu Claro;Simples;Reta;-18,77893478;-39,87439983
21/06/2025;16:40:00;SAO PAULO;Velocidade Incompatível;Capotamento;Com Vítimas Feridas;Pleno dia;Decrescente;Chuva;Dupla;Curva;-23,38300926;-46,56440163
21/06/2025;16:50:00;SAO CAITANO;Ultrapassagem Indevida;Colisão lateral mesmo sentido;Com Vítimas Feridas;Anoitecer;Crescente;Chuva;Simples;Reta;-8,412391;-36,190011
21/06/2025;18:20:00;SIDROLANDIA;Animais na Pista;Atropelamento de Animal;Com Vítimas Feridas;Plena Noite;Decrescente;Céu Claro;Simples;Reta;-20,86235896;-54,82099883
21/06/2025;17:00:00;CLAUDIA;Ultrapassagem Indevida;Saída de leito carroçável;Com Vítimas Feridas;Anoitecer;Decrescente;Céu Claro;Simples;Reta;-11,380619;-55,341766
21/06/2025;18:48:00;NOVA ITABERABA;Demais falhas na via;Colisão com objeto;Com Vítimas Feridas;Plena Noite;Decrescente;Céu Claro;Simples;"Aclive;Curva;Ponte";-26,92741364;-52,85591984
21/06/2025;21:40:00;SERRA TALHADA;Iluminação deficiente;Queda de ocupante de veículo;Com Vítimas Feridas;Plena Noite;Crescente;Céu Claro;Simples;Reta;-7,98487379;-38,27445436
21/06/2025;22:20:00;BRUMADINHO;Curva acentuada;Saída de leito carroçável;Com Vítimas Feridas;Plena Noite;Decrescente;Céu Claro;Dupla;"Curva;Aclive";-20,1626535;-44,34046626
21/06/2025;20:15:00;APUCARANA;Chuva;Saída de leito carroçável;Com Vítimas Feridas;Plena Noite;Crescente;Chuva;Simples;"Curva;Declive;Viaduto";-23,60726234;-51,40754948
21/06/2025;21:10:00;BAGE;Velocidade Incompatível;Saída de leito carroçável;Com Vítimas Feridas;Plena Noite;Decrescente;Céu Claro;Simples;Reta;-31,43355624;-54,05017018
21/06/2025;22:30:00;MORRINHOS;Velocidade Incompatível;Saída de leito carroçável;Com Vítimas Fatais;Plena Noite;Decrescente;Céu Claro;Dupla;Reta;-17,672581;-49,163759
21/06/2025;21:40:00;RIO BRANCO;Iluminação deficiente;Atropelamento de Animal;Com Vítimas Feridas;Plena Noite;Decrescente;Céu Claro;Dupla;"Reta;Declive";-10,01283847;-67,73765803
21/06/2025;22:40:00;CURITIBA;Velocidade Incompatível;Colisão traseira;Sem Vítimas;Plena Noite;Decrescente;Céu Claro;Dupla;Reta;-25,47039868;-49,35411572
21/06/2025;19:20:00;ROLANDIA;Chuva;Tombamento;Com Vítimas Feridas;Plena Noite;Decrescente;Chuva;Dupla;Reta;-23,3025962;-51,3343073
21/06/2025;23:00:00;RIO DE JANEIRO;Velocidade Incompatível;Colisão com objeto;Com Vítimas Feridas;Plena Noite;Crescente;Céu Claro;Dupla;Reta;-22,89439;-43,677726
21/06/2025;18:45:00;NOVA ITABERABA;Demais falhas na via;Colisão com objeto;Sem Vítimas;Plena Noite;Decrescente;Céu Claro;Simples;"Aclive;Curva;Ponte";-26,92723982;-52,85605643