data_inversa;horario;municipio;causa_acidente;tipo_acidente;classificacao_acidente;fase_dia;sentido_via;condicao_metereologica;tipo_pista;tracado_via;latitude;longitude
13/06/2025;17:20:00;FORMOSA;Demais Fenômenos da natureza;Colisão traseira;Com Vítimas Feridas;Pleno dia;Decrescente;Céu Claro;Simples;Reta;-15,567326;-47,245296
13/06/2025;17:10:00;CAMPOS DOS GOYTACAZES;Animais na Pista;Atropelamento de Animal;Com Vítimas Feridas;Anoitecer;Decrescente;Céu Claro;Simples;Curva;-21,824468;-41,457345
13/06/2025;15:36:00;VARZEA GRANDE;Conversão proibida;Colisão transversal;Com Vítimas Feridas;Pleno dia;Decrescente;Sol;Múltipla;Reta;-15,647019;-56,198313
13/06/2025;18:15:00;UBERLANDIA;Pista Escorregadia;Queda de ocupante de veículo;Com Vítimas Feridas;Anoitecer;Crescente;Céu Claro;Dupla;Curva;-18,91051345;-48,30400089
13/06/2025;19:00:00;CARIDADE;Ausência de sinalização;Queda de ocupante de veículo;Com Vítimas Feridas;Plena Noite;Decrescente;Nublado;Simples;Curva;-4,11946039;-39,06652361
13/06/2025;20:00:00;CONTAGEM;Afundamento ou ondulação no pavimento;Tombamento;Com Vítimas Feridas;Plena Noite;Crescente;Céu Claro;Dupla;Reta;-19,8792111;-44,05104118
13/06/2025;18:30:00;RIO NEGRINHO;Conversão proibida;Colisão transversal;Com Vítimas Feridas;Plena Noite;Crescente;Garoa/Chuvisco;Simples;Reta;-26,25642931;-49,54068947
13/06/2025;19:45:00;MORRINHOS;Animais na Pista;Saída de leito carroçável;Com Vítimas Feridas;Plena Noite;Decrescente;Céu Claro;Dupla;Reta;-17,791156;-49,198833
13/06/2025;20:41:00;ROSEIRA;Animais na Pista;Atropelamento de Animal;Com Vítimas Feridas;Plena Noite;Decrescente;Céu Claro;Dupla;Reta;-22,884467;-45,280824
13/06/2025;20:45:00;CONCEICAO DA BARRA;Velocidade Incompatível;Colisão traseira;Com Vítimas Feridas;Plena Noite;Decrescente;Nublado;Simples;"Reta;Aclive";-18,410592;-39,937021
13/06/2025;21:40:00;CAXIAS DO SUL;Conversão proibida;Colisão frontal;Com Vítimas Feridas;Plena Noite;Decrescente;Céu Claro;Simples;Interseção de Vias;-29,1499459;-51,1449909
13/06/2025;20:00:00;FRECHEIRINHA;Animais na Pista;Atropelamento de Animal;Com Vítimas Feridas;Plena Noite;Decrescente;Céu Claro;Simples;Reta;-3,75710981;-40,78202784
13/06/2025;21:22:00;PORTO VELHO;Deficiência do Sistema de Iluminação/Sinalização;Colisão traseira;Sem Vítimas;Plena Noite;Crescente;Céu Claro;Simples;Reta;-8,8002928;-63,7617714
13/06/2025;23:30:00;SERRA;Acesso irregular;Colisão transversal;Com Vítimas Feridas;Plena Noite;Decrescente;Céu Claro;Dupla;Curva;-20,14718146;-40,28093577
13/06/2025;23:45:00;JAGUARE;Velocidade Incompatível;Saída de leito carroçável;Com Vítimas Feridas;Plena Noite;Crescente;Céu Claro;Simples;Reta;-18,9843277;-39,9974592
13/06/2025;23:49:00;SAO JOSE;Pista Escorregadia;Tombamento;Com Vítimas Feridas;Plena Noite;Decrescente;Chuva;Múltipla;Curva;-27,587;-48,617
13/06/2025;09:10:00;MACAIBA;Curva acentuada;Colisão com objeto;Sem Vítimas;Pleno dia;Não Informado;Céu Claro;Simples;Interseção de Vias;-5,928091;-35,53629
13/06/2025;10:30:00;BOCAIUVA DO SUL;Ultrapassagem Indevida;Colisão transversal;Com Vítimas Feridas;Pleno dia;Crescente;Céu Claro;Simples;Reta;-25,07674046;-49,08772799
13/06/2025;16:45:00;REGISTRO;Acesso irregular;Colisão transversal;Com Vítimas Fatais;Pleno dia;Decrescente;Céu Claro;Dupla;Reta;-24,48057551;-47,8307759
13/06/2025;22:00:00;AGUAS MORNAS;Velocidade Incompatível;Colisão frontal;Com Vítimas Feridas;Plena Noite;Crescente;Chuva;Simples;"Declive;Curva";-27,688218;-48,97656
12/06/2025;03:10:00;JUNQUEIRO;Velocidade Incompatível;Tombamento;Com Vítimas Feridas;Plena Noite;Decrescente;Céu Claro;Simples;Curva;-9,900811;-36,463376
12/06/2025;06:20:00;AQUIRAZ;Chuva;Colisão traseira;Com Vítimas Feridas;Pleno dia;Decrescente;Chuva;Dupla;Reta;-4,02944261;-38,51142025
12/06/2025;06:10:00;JUNQUEIRO;Velocidade Incompatível;Tombamento;Com Vítimas Feridas;Pleno dia;Decrescente;Céu Claro;Dupla;"Curva;Declive";-9,8965633;-36,4065333
12/06/2025;10:00:00;LARANJEIRAS DO SUL;Velocidade Incompatível;Tombamento;Com Vítimas Feridas;Pleno dia;Crescente;Céu Claro;Simples;"Declive;Curva";-25,33669;-52,50747
12/06/2025;11:00:00;CAMPINA GRANDE DO SUL;Chuva;Colisão transversal;Com Vítimas Feridas;Pleno dia;Crescente;Chuva;Dupla;"Declive;Curva";-25,108894;-48,800808
12/06/2025;10:09:00;ITAGUARA;Velocidade Incompatível;Saída de leito carroçável;Com Vítimas Feridas;Pleno dia;Crescente;Céu Claro;Dupla;"Curva;Declive";-20,37591905;-44,47481275
12/06/2025;16:15:00;MONTES CLAROS;Pista Escorregadia;Colisão traseira;Com Vítimas Feridas;Pleno dia;Crescente;Chuva;Simples;"Declive;Curva";-16,6536937;-43,7179257
12/06/2025;17:00:00;FORMOSA;Velocidade Incompatível;Engavetamento;Com Vítimas Feridas;Pleno dia;Decrescente;Céu Claro;Dupla;"Reta;Interseção de Vias;Em Obras";-15,58108386;-47,34185256
12/06/2025;19:40:00;COLOMBO;Chuva;Colisão traseira;Com Vítimas Feridas;Plena Noite;Crescente;Chuva;Dupla;"Reta;Aclive";-25,387988;-49,181183
12/06/2025;21:50:00;SAO GONCALO DOS CAMPOS;Ultrapassagem Indevida;Colisão lateral sentido oposto;Sem Vítimas;Plena Noite;Crescente;Chuva;Simples;Reta;-12,473402;-38,940297
12/06/2025;23:40:00;MURIAE;Velocidade Incompatível;Tombamento;Com Vítimas Feridas;Plena Noite;Crescente;Nublado;Simples;Curva;-21,15047497;-42,38285065
12/06/2025;20:00:00;PATO BRANCO;Velocidade Incompatível;Colisão frontal;Com Vítimas Feridas;Pleno dia;Decrescente;Céu Claro;Simples;"Declive;Curva";-26,14429964;-52,65909998
12/06/2025;23:50:00;TRES RIOS;Velocidade Incompatível;Colisão frontal;Com Vítimas Feridas;Plena Noite;Crescente;Céu Claro;Simples;Reta;-22,10464693;-43,08666229
12/06/2025;13:00:00;BOM JARDIM;Pista esburacada;Saída de leito carroçável;Sem Vítimas;Pleno dia;Decrescente;Céu Claro;Simples;Reta;-3,62467;-45,509983
12/06/2025;01:50:00;CAMPANHA;Velocidade Incompatível;Colisão traseira;Com Vítimas Feridas;Plena Noite;Crescente;Nevoeiro/Neblina;Dupla;Reta;-21,76753927;-45,41907585
12/06/2025;15:30:00;MINEIROS;Ultrapassagem Indevida;Colisão lateral sentido oposto;Com Vítimas Fatais;Pleno dia;Decrescente;Céu Claro;Simples;"Aclive;Curva";-17,44985;-52,593751
12/06/2025;05:30:00;SAO CRISTOVAO;Animais na Pista;Atropelamento de Animal;Com Vítimas Feridas;Amanhecer;Decrescente;Céu Claro;Dupla;Curva;-10,925063;-37,17695
12/06/2025;06:51:00;UBERLANDIA;Animais na Pista;Atropelamento de Animal;Com Vítimas Feridas;Pleno dia;Decrescente;Céu Claro;Simples;Reta;-18,894;-48,153
12/06/2025;07:15:00;BLUMENAU;Acesso irregular;Colisão traseira;Com Vítimas Feridas;Amanhecer;Decrescente;Chuva;Simples;Reta;-26,876397;-49,12136972
12/06/2025;06:30:00;CAMPOS DOS GOYTACAZES;Velocidade Incompatível;Colisão traseira;Com Vítimas Feridas;Pleno dia;Crescente;Garoa/Chuvisco;Simples;Curva;-21,83581502;-41,42088559
12/06/2025;06:40:00;BONFIM;Acumulo de água sobre o pavimento;Saída de leito carroçável;Com Vítimas Feridas;Pleno dia;Decrescente;Chuva;Simples;Reta;2,92755951;-60,47214103
12/06/2025;09:15:00;CAMBE;Velocidade Incompatível;Engavetamento;Com Vítimas Feridas;Pleno dia;Decrescente;Céu Claro;Dupla;"Reta;Aclive";-23,29134645;-51,26484331
12/06/2025;05:35:00;PONTO DOS VOLANTES;Animais na Pista;Atropelamento de Animal;Sem Vítimas;Amanhecer;Crescente;Nevoeiro/Neblina;Simples;Reta;-16,75516351;-41,50216341
12/06/2025;08:50:00;BARRA DO PIRAI;Velocidade Incompatível;Colisão frontal;Com Vítimas Feridas;Pleno dia;Decrescente;Nublado;Simples;Curva;-22,486098;-43,89955
12/06/2025;09:50:00;PONTES E LACERDA;Conversão proibida;Colisão frontal;Com Vítimas Feridas;Pleno dia;Decrescente;Céu Claro;Simples;Reta;-15,23620956;-59,34129114
12/06/2025;09:30:00;MANGARATIBA;Chuva;Queda de ocupante de veículo;Com Vítimas Feridas;Pleno dia;Crescente;Chuva;Simples;Reta;-22,93636586;-44,00216309
12/06/2025;13:40:00;SAO JOSE DE MIPIBU;Velocidade Incompatível;Colisão traseira;Com Vítimas Feridas;Pleno dia;Decrescente;Céu Claro;Dupla;Reta;-5,983442;-35,264777
12/06/2025;09:20:00;QUIJINGUE;Velocidade Incompatível;Saída de leito carroçável;Sem Vítimas;Pleno dia;Decrescente;Céu Claro;Simples;"Declive;Reta";-10,765415;-38,899246
12/06/2025;11:45:00;PETROPOLIS;Pista Escorregadia;Capotamento;Com Vítimas Feridas;Pleno dia;Crescente;Garoa/Chuvisco;Simples;Curva;-22,5284721;-43,2228359
12/06/2025;18:30:00;SAO CAITANO;Animais na Pista;Atropelamento de Animal;Com Vítimas Feridas;Plena Noite;Crescente;Céu Claro;Simples;Reta;-8,33447;-36,135262
12/06/2025;17:30:00;FELIXLANDIA;Demais Fenômenos da natureza;Colisão com objeto;Com Vítimas Feridas;Anoitecer;Crescente;Céu Claro;Simples;Reta;-18,690394;-44,98397
12/06/2025;14:15:00;BONFIM;Acumulo de água sobre o pavimento;Saída de leito carroçável;Sem Vítimas;Pleno dia;Crescente;Chuva;Dupla;Reta;3,1211358;-60,295937
12/06/2025;20:00:00;PARATY;Animais na Pista;Atropelamento de Animal;Com Vítimas Feridas;Plena Noite;Crescente;Chuva;Simples;Reta;-23,20826751;-44,73246765
12/06/2025;20:30:00;SAO JOAO DA BARRA;Acesso irregular;Colisão frontal;Com Vítimas Feridas;Plena Noite;Crescente;Céu Claro;Simples;"Curva;Interseção de Vias";-21,71811167;-41,05745316
12/06/2025;17:52:00;AGRESTINA;Animais na Pista;Atropelamento de Animal;Com Vítimas Fatais;Plena Noite;Crescente;Garoa/Chuvisco;Simples;Declive;-8,53101;-35,939
12/06/2025;21:20:00;CAMPINA GRANDE DO SUL;Chuva;Saída de leito carroçável;Com Vítimas Feridas;Plena Noite;Crescente;Chuva;Dupla;"Declive;Curva";-25,250664;-48,909826
12/06/2025;21:30:00;ARARANGUA;Ultrapassagem Indevida;Colisão lateral mesmo sentido;Com Vítimas Feridas;Plena Noite;Crescente;Céu Claro;Simples;Reta;-28,94355125;-49,50164644
12/06/2025;04:45:00;DUQUE DE CAXIAS;Animais na Pista;Tombamento;Com Vítimas Feridas;Amanhecer;Crescente;Chuva;Dupla;Reta;-22,64670987;-43,21620226
12/06/2025;03:02:00;CARIRI DO TOCANTINS;Velocidade Incompatível;Colisão traseira;Sem Vítimas;Plena Noite;Decrescente;Céu Claro;Simples;Reta;-11,8736499;-49,1578803
11/06/2025;04:20:00;SAO GONCALO DO RIO ABAIXO;Velocidade Incompatível;Saída de leito carroçável;Sem Vítimas;Plena Noite;Crescente;Chuva;Simples;"Declive;Curva";-19,85423083;-43,22579384
11/06/2025;16:40:00;PORTO ALEGRE;Velocidade Incompatível;Colisão com objeto;Com Vítimas Feridas;Pleno dia;Decrescente;Céu Claro;Simples;"Declive;Curva";-29,98774954;-51,20284438
11/06/2025;21:30:00;MUQUEM DE SAO FRANCISCO;Deficiência do Sistema de Iluminação/Sinalização;Colisão traseira;Com Vítimas Feridas;Plena Noite;Crescente;Céu Claro;Simples;Reta;-12,21525;-43,544838
11/06/2025;17:01:00;CARMO DA CACHOEIRA;Velocidade Incompatível;Tombamento;Com Vítimas Feridas;Pleno dia;Decrescente;Céu Claro;Dupla;"Declive;Curva";-21,432593;-45,210845
11/06/2025;17:15:00;SANTA CECILIA;Velocidade Incompatível;Tombamento;Com Vítimas Feridas;Pleno dia;Decrescente;Céu Claro;Simples;Curva;-26,99237791;-50,39578768
11/06/2025;05:00:00;CASIMIRO DE ABREU;Curva acentuada;Colisão traseira;Com Vítimas Feridas;Amanhecer;Decrescente;Nublado;Dupla;"Interseção de Vias;Curva";-22,466226;-42,071341
11/06/2025;04:40:00;SAO LOURENCO DA SERRA;Pista Escorregadia;Saída de leito carroçável;Sem Vítimas;Plena Noite;Crescente;Chuva;Dupla;"Curva;Declive";-23,80631063;-46,92358007
11/06/2025;07:20:00;PARANAGUA;Conversão proibida;Colisão transversal;Com Vítimas Feridas;Pleno dia;Crescente;Céu Claro;Simples;Reta;-25,512923;-48,534706
11/06/2025;04:40:00;ALTOS;Animais na Pista;Atropelamento de Animal;Com Vítimas Feridas;Amanhecer;Crescente;Céu Claro;Simples;Reta;-4,971168;-42,374568
11/06/2025;06:55:00;CASTILHO;Ultrapassagem Indevida;Colisão frontal;Com Vítimas Feridas;Pleno dia;Crescente;Nevoeiro/Neblina;Simples;Reta;-20,78671862;-51,60304141
11/06/2025;08:40:00;QUEIMADAS;Conversão proibida;Colisão transversal;Com Vítimas Feridas;Pleno dia;Crescente;Céu Claro;Simples;"Interseção de Vias;Curva;Declive";-7,363264;-35,902623
11/06/2025;08:00:00;ESTRELA;Pista Escorregadia;Tombamento;Com Vítimas Feridas;Pleno dia;Crescente;Nublado;Dupla;"Declive;Viaduto;Curva";-29,50942529;-51,94295168
11/06/2025;09:30:00;RIO DE JANEIRO;Condutor usando celular;Colisão traseira;Com Vítimas Feridas;Pleno dia;Decrescente;Nublado;Dupla;"Reta;Ponte";-22,86801391;-43,19179249
11/06/2025;11:15:00;ITAQUIRAI;Acesso irregular;Eventos atípicos;Com Vítimas Feridas;Pleno dia;Crescente;Céu Claro;Simples;Curva;-23,490287;-54,18491
11/06/2025;14:19:00;CARIACICA;Velocidade Incompatível;Colisão traseira;Com Vítimas Feridas;Pleno dia;Decrescente;Garoa/Chuvisco;Dupla;Retorno Regulamentado;-20,26612129;-40,38619341
11/06/2025;13:50:00;SANTO ANTONIO DA PATRULHA;Acumulo de areia ou detritos sobre o pavimento;Colisão com objeto;Sem Vítimas;Pleno dia;Crescente;Céu Claro;Dupla;Reta;-29,881329;-50,435598
11/06/2025;13:15:00;RIO BRANCO;Velocidade Incompatível;Colisão traseira;Com Vítimas Feridas;Pleno dia;Crescente;Nublado;Dupla;Rotatória;-9,95293654;-67,86254883
11/06/2025;15:20:00;CAXIAS DO SUL;Ultrapassagem Indevida;Colisão lateral mesmo sentido;Com Vítimas Feridas;Pleno dia;Decrescente;Céu Claro;Dupla;"Reta;Interseção de Vias;Viaduto";-29,13322316;-51,12950206
11/06/2025;17:20:00;ARAPONGAS;Animais na Pista;Atropelamento de Animal;Com Vítimas Feridas;Pleno dia;Decrescente;Céu Claro;Dupla;Reta;-23,46027856;-51,42348139
11/06/2025;19:50:00;VIANA;Chuva;Saída de leito carroçável;Com Vítimas Feridas;Plena Noite;Decrescente;Chuva;Múltipla;Reta;-20,38654947;-40,46307564
11/06/2025;20:05:00;MOSSORO;Curva acentuada;Tombamento;Com Vítimas Feridas;Plena Noite;Crescente;Céu Claro;Simples;Curva;-5,0678226;-37,33089566
11/06/2025;18:15:00;PORTO ALEGRE;Animais na Pista;Atropelamento de Animal;Com Vítimas Feridas;Anoitecer;Decrescente;Nublado;Dupla;Reta;-29,96795372;-51,12047911
11/06/2025;20:00:00;ANGRA DOS REIS;Conversão proibida;Colisão frontal;Com Vítimas Feridas;Plena Noite;Crescente;Céu Claro;Simples;Curva;-23,00669741;-44,27651016
11/06/2025;21:35:00;CAMPO GRANDE;Conversão proibida;Colisão lateral sentido oposto;Sem Vítimas;Plena Noite;Crescente;Céu Claro;Simples;"Interseção de Vias;Reta";-20,567777;-54,687636
11/06/2025;21:50:00;CANTA;Animais na Pista;Atropelamento de Animal;Com Vítimas Feridas;Plena Noite;Crescente;Céu Claro;Simples;Reta;2,81005647;-60,60962296
11/06/2025;23:55:00;FORTALEZA;Velocidade Incompatível;Saída de leito carroçável;Com Vítimas Feridas;Plena Noite;Crescente;Chuva;Dupla;Reta;-3,850178;-38,496036
11/06/2025;23:30:00;VITORIA DA CONQUISTA;Acesso irregular;Colisão lateral sentido oposto;Com Vítimas Feridas;Plena Noite;Crescente;Céu Claro;Simples;Reta;-14,89661;-40,832372
11/06/2025;21:40:00;CLAUDIA;Animais na Pista;Capotamento;Com Vítimas Feridas;Plena Noite;Decrescente;Céu Claro;Simples;Reta;-11,26776259;-55,31299006
11/06/2025;23:55:00;CONCEICAO DO JACUIPE;Iluminação deficiente;Colisão traseira;Com Vítimas Feridas;Plena Noite;Decrescente;Céu Claro;Dupla;Reta;-12,361752;-38,823432
11/06/2025;19:30:00;ALEXANIA;Animais na Pista;Saída de leito carroçável;Com Vítimas Feridas;Pleno dia;Crescente;Céu Claro;Dupla;Reta;-16,10164;-48,46178
10/06/2025;07:35:00;RESSAQUINHA;Velocidade Incompatível;Tombamento;Com Vítimas Feridas;Pleno dia;Decrescente;Céu Claro;Simples;"Curva;Declive;Em Obras";-21,0704517;-43,77023757
10/06/2025;09:40:00;CAAPORA;Curva acentuada;Colisão traseira;Com Vítimas Feridas;Pleno dia;Crescente;Céu Claro;Dupla;Curva;-7,458125;-34,980893
10/06/2025;00:10:00;VARZEA DA PALMA;Velocidade Incompatível;Tombamento;Com Vítimas Feridas;Plena Noite;Crescente;Nublado;Simples;Curva;-17,196;-44,82
10/06/2025;13:50:00;SABARA;Velocidade Incompatível;Tombamento;Com Vítimas Feridas;Pleno dia;Decrescente;Sol;Simples;Curva;-19,78737938;-43,68981405
10/06/2025;14:35:00;JOINVILLE;Falta de acostamento;Atropelamento de Pedestre;Com Vítimas Feridas;Pleno dia;Decrescente;Nublado;Dupla;"Reta;Interseção de Vias";-26,24818294;-48,90950052
10/06/2025;12:50:00;SERITINGA;Velocidade Incompatível;Tombamento;Com Vítimas Feridas;Pleno dia;Decrescente;Céu Claro;Simples;Curva;-21,93232312;-44,51591134
10/06/2025;11:45:00;RIBAS DO RIO PARDO;Ultrapassagem Indevida;Colisão lateral mesmo sentido;Com Vítimas Feridas;Pleno dia;Crescente;Céu Claro;Simples;Reta;-20,45526;-53,348978
10/06/2025;19:00:00;BREJOES;Ultrapassagem Indevida;Colisão lateral mesmo sentido;Com Vítimas Feridas;Plena Noite;Crescente;Céu Claro;Simples;Reta;-13,04412;-39,9651
10/06/2025;15:00:00;ITABORAI;Conversão proibida;Colisão traseira;Com Vítimas Feridas;Pleno dia;Crescente;Nublado;Dupla;Reta;-22,76353149;-42,92828248
10/06/2025;01:16:00;PESCARIA BRAVA;Conversão proibida;Colisão transversal;Com Vítimas Feridas;Plena Noite;Decrescente;Céu Claro;Múltipla;"Curva;Em Obras";-28,428979;-48,922903
10/06/2025;04:35:00;MONTENEGRO;Animais na Pista;Atropelamento de Animal;Com Vítimas Feridas;Plena Noite;Crescente;Céu Claro;Dupla;Reta;-29,81831043;-51,42781232
10/06/2025;07:15:00;UBERLANDIA;Velocidade Incompatível;Colisão traseira;Com Vítimas Feridas;Pleno dia;Decrescente;Céu Claro;Dupla;Reta;-18,904413;-48,285394
10/06/2025;06:30:00;DUQUE DE CAXIAS;Animais na Pista;Atropelamento de Animal;Com Vítimas Feridas;Amanhecer;Crescente;Nublado;Dupla;Reta;-22,585864;-43,2777232
10/06/2025;08:30:00;MEDIANEIRA;Neblina;Colisão traseira;Sem Vítimas;Pleno dia;Decrescente;Nublado;Dupla;Reta;-25,295;-54,116
10/06/2025;10:30:00;SANTA RITA;Chuva;Saída de leito carroçável;Com Vítimas Feridas;Pleno dia;Decrescente;Chuva;Dupla;Curva;-7,01675245;-35,06130696
10/06/2025;10:00:00;GUARACIABA;Retorno proibido;Colisão transversal;Com Vítimas Feridas;Pleno dia;Decrescente;Nevoeiro/Neblina;Simples;Reta;-26,64143745;-53,5184319
10/06/2025;11:10:00;IMBITUBA;Desvio temporário;Colisão com objeto;Com Vítimas Feridas;Pleno dia;Decrescente;Céu Claro;Múltipla;"Reta;Aclive;Em Obras;Viaduto";-28,18;-48,7
10/06/2025;13:40:00;BOM RETIRO;Animais na Pista;Atropelamento de Pedestre;Com Vítimas Feridas;Pleno dia;Decrescente;Céu Claro;Simples;Curva;-27,800256;-49,477621
10/06/2025;16:45:00;SAPEACU;Restrição de visibilidade em curvas horizontais;Colisão transversal;Com Vítimas Feridas;Pleno dia;Decrescente;Céu Claro;Simples;Curva;-12,75337202;-39,184368
10/06/2025;16:35:00;SAPUCAIA;Conversão proibida;Colisão transversal;Com Vítimas Feridas;Pleno dia;Crescente;Nublado;Simples;Reta;-22,03203465;-42,98574686
10/06/2025;17:20:00;CONGONHAS;Acumulo de areia ou detritos sobre o pavimento;Tombamento;Com Vítimas Feridas;Anoitecer;Crescente;Céu Claro;Simples;Curva;-20,4705468;-43,84405866
10/06/2025;18:17:00;NATAL;Acesso irregular;Colisão transversal;Com Vítimas Feridas;Plena Noite;Crescente;Céu Claro;Simples;Reta;-5,80596095;-35,24108546
10/06/2025;18:30:00;BREJO SANTO;Iluminação deficiente;Atropelamento de Pedestre;Com Vítimas Fatais;Plena Noite;Crescente;Ignorado;Dupla;Interseção de Vias;-7,45625668;-38,97390096
10/06/2025;18:00:00;BELEM DE SAO FRANCISCO;Animais na Pista;Atropelamento de Animal;Com Vítimas Feridas;Anoitecer;Decrescente;Céu Claro;Simples;Reta;-8,6273;-39,0702
10/06/2025;18:30:00;ARAGUARI;Velocidade Incompatível;Colisão com objeto;Com Vítimas Feridas;Plena Noite;Crescente;Céu Claro;Dupla;"Declive;Curva";-18,73495;-48,226364
10/06/2025;17:25:00;PRIMAVERA DO LESTE;Animais na Pista;Atropelamento de Animal;Com Vítimas Feridas;Anoitecer;Decrescente;Nublado;Simples;Reta;-15,577275;-54,376054
10/06/2025;19:15:00;SAO LUIS;Animais na Pista;Atropelamento de Animal;Com Vítimas Feridas;Plena Noite;Decrescente;Céu Claro;Dupla;"Reta;Aclive";-2,634653;-44,267224
10/06/2025;20:30:00;RIACHAO DO JACUIPE;Ultrapassagem Indevida;Colisão frontal;Com Vítimas Fatais;Anoitecer;Decrescente;Nublado;Simples;Reta;-11,789911;-39,4247588
09/06/2025;10:00:00;GUARULHOS;Chuva;Queda de ocupante de veículo;Com Vítimas Feridas;Pleno dia;Crescente;Chuva;Múltipla;Reta;-23,45965995;-46,48139477
09/06/2025;10:00:00;DUQUE DE CAXIAS;Restrição de visibilidade em curvas horizontais;Colisão lateral mesmo sentido;Sem Vítimas;Pleno dia;Decrescente;Nublado;Dupla;Curva;-22,58721;-43,269362
09/06/2025;12:00:00;SENA MADUREIRA;Ultrapassagem Indevida;Colisão lateral mesmo sentido;Com Vítimas Fatais;Pleno dia;Crescente;Céu Claro;Simples;"Reta;Aclive";-8,98576277;-68,96286965
09/06/2025;20:40:00;FORQUILHA;Velocidade Incompatível;Tombamento;Com Vítimas Fatais;Plena Noite;Crescente;Céu Claro;Simples;Curva;-3,78991972;-40,2456665
09/06/2025;21:25:00;CATANDUVAS;Velocidade Incompatível;Saída de leito carroçável;Com Vítimas Feridas;Plena Noite;Decrescente;Nevoeiro/Neblina;Simples;"Curva;Declive";-25,105593;-53,1091057
09/06/2025;22:15:00;MURIAE;Velocidade Incompatível;Colisão frontal;Com Vítimas Feridas;Plena Noite;Decrescente;Chuva;Simples;Curva;-21,212667;-42,389247
09/06/2025;15:20:00;OCAUCU;Velocidade Incompatível;Capotamento;Com Vítimas Feridas;Pleno dia;Decrescente;Céu Claro;Simples;"Interseção de Vias;Rotatória;Declive;Curva";-22,4160648;-49,86048691
09/06/2025;01:20:00;LONDRINA;Velocidade Incompatível;Saída de leito carroçável;Sem Vítimas;Plena Noite;Crescente;Nublado;Dupla;Reta;-23,29264277;-51,18125645
09/06/2025;00:15:00;ARCOVERDE;Animais na Pista;Colisão frontal;Sem Vítimas;Plena Noite;Crescente;Céu Claro;Simples;"Reta;Declive";-8,423248;-37,0439382
09/06/2025;03:45:00;POMBOS;Animais na Pista;Atropelamento de Animal;Com Vítimas Fatais;Plena Noite;Crescente;Céu Claro;Dupla;Reta;-8,139551;-35,377414
09/06/2025;04:30:00;MAUA DA SERRA;Velocidade Incompatível;Colisão com objeto;Com Vítimas Feridas;Plena Noite;Crescente;Céu Claro;Dupla;Curva;-23,93961358;-51,1210769
09/06/2025;04:57:00;UBERLANDIA;Animais na Pista;Saída de leito carroçável;Sem Vítimas;Plena Noite;Decrescente;Céu Claro;Dupla;Aclive;-18,86945629;-48,56394358
09/06/2025;05:40:00;NITEROI;Pista Escorregadia;Queda de ocupante de veículo;Com Vítimas Feridas;Amanhecer;Crescente;Chuva;Múltipla;Reta;-22,87820919;-43,11392304
09/06/2025;05:10:00;DUQUE DE CAXIAS;Acumulo de água sobre o pavimento;Colisão lateral mesmo sentido;Com Vítimas Feridas;Amanhecer;Crescente;Chuva;Dupla;Reta;-22,66800162;-43,26757942
09/06/2025;06:00:00;BRASILIA;Demais falhas na via;Tombamento;Com Vítimas Feridas;Amanhecer;Decrescente;Céu Claro;Dupla;"Em Obras;Reta";-15,6430103;-47,7556865
09/06/2025;06:30:00;GARUVA;Velocidade Incompatível;Saída de leito carroçável;Sem Vítimas;Amanhecer;Crescente;Chuva;Dupla;"Curva;Aclive";-25,99520132;-48,87959925
09/06/2025;06:10:00;RECIFE;Acumulo de areia ou detritos sobre o pavimento;Tombamento;Sem Vítimas;Pleno dia;Decrescente;Nublado;Dupla;Curva;-8,12843;-34,9439
09/06/2025;07:30:00;SANTO ANTONIO DO AMPARO;Pista Escorregadia;Saída de leito carroçável;Com Vítimas Feridas;Pleno dia;Decrescente;Chuva;Dupla;"Aclive;Curva";-20,97503;-44,93791
09/06/2025;09:45:00;LUZ;Velocidade Incompatível;Saída de leito carroçável;Com Vítimas Fatais;Pleno dia;Crescente;Chuva;Simples;"Curva;Aclive";-19,771982;-45,78199
09/06/2025;10:00:00;BARRA MANSA;Chuva;Colisão com objeto;Com Vítimas Feridas;Pleno dia;Decrescente;Chuva;Dupla;Curva;-22,50776974;-44,22742724
09/06/2025;10:00:00;CAMPINA GRANDE DO SUL;Velocidade Incompatível;Saída de leito carroçável;Com Vítimas Feridas;Pleno dia;Decrescente;Chuva;Dupla;Curva;-25,111943;-48,802804
09/06/2025;07:30:00;CORNELIO PROCOPIO;Neblina;Saída de leito carroçável;Com Vítimas Feridas;Pleno dia;Crescente;Nevoeiro/Neblina;Simples;Curva;-23,170482;-50,613282
09/06/2025;10:58:00;GOIANINHA;Chuva;Colisão traseira;Com Vítimas Feridas;Pleno dia;Crescente;Chuva;Dupla;Reta;-6,3050283;-35,19054
09/06/2025;10:13:00;IMPERATRIZ;Conversão proibida;Colisão transversal;Sem Vítimas;Pleno dia;Crescente;Céu Claro;Simples;Reta;-5,485821;-47,472053
09/06/2025;12:20:00;JUIZ DE FORA;Velocidade Incompatível;Saída de leito carroçável;Com Vítimas Feridas;Pleno dia;Decrescente;Garoa/Chuvisco;Dupla;Curva;-21,75344126;-43,44509125
09/06/2025;10:25:00;MATHIAS LOBATO;Conversão proibida;Colisão transversal;Com Vítimas Feridas;Pleno dia;Crescente;Céu Claro;Simples;Curva;-18,58375418;-41,92428887
09/06/2025;07:30:00;CARMO DA CACHOEIRA;Chuva;Colisão com objeto;Com Vítimas Feridas;Pleno dia;Crescente;Garoa/Chuvisco;Dupla;Curva;-21,55074611;-45,24357462