data_inversa;horario;municipio;causa_acidente;tipo_acidente;classificacao_acidente;fase_dia;sentido_via;condicao_metereologica;tipo_pista;tracado_via;latitude;longitude
09/06/2025;12:45:00;CAXIAS DO SUL;Conversão proibida;Colisão transversal;Com Vítimas Feridas;Pleno dia;Decrescente;Nublado;Dupla;"Declive;Reta";-29,188379;-51,180905
09/06/2025;06:25:00;BARRA MANSA;Pista Escorregadia;Colisão com objeto;Com Vítimas Feridas;Amanhecer;Crescente;Chuva;Dupla;Reta;-22,56205479;-44,15696025
09/06/2025;12:00:00;NAVEGANTES;Velocidade Incompatível;Colisão com objeto;Com Vítimas Feridas;Pleno dia;Crescente;Chuva;Dupla;"Reta;Aclive;Ponte";-26,84307866;-48,71807663
09/06/2025;14:00:00;CAMPINA GRANDE DO SUL;Velocidade Incompatível;Saída de leito carroçável;Com Vítimas Feridas;Pleno dia;Decrescente;Chuva;Dupla;"Declive;Curva";-25,199233;-48,8950746
09/06/2025;14:32:00;CAMPO GRANDE;Acumulo de areia ou detritos sobre o pavimento;Tombamento;Com Vítimas Feridas;Pleno dia;Decrescente;Céu Claro;Simples;Curva;-20,523236;-54,569205
09/06/2025;14:45:00;ARAPONGAS;Ultrapassagem Indevida;Colisão lateral mesmo sentido;Com Vítimas Feridas;Pleno dia;Decrescente;Céu Claro;Simples;Reta;-23,43225535;-51,42245686
09/06/2025;11:10:00;AREAL;Chuva;Colisão com objeto;Com Vítimas Feridas;Pleno dia;Crescente;Chuva;Simples;Curva;-22,19915147;-43,15876225
09/06/2025;15:40:00;UBERABA;Acumulo de água sobre o pavimento;Saída de leito carroçável;Com Vítimas Feridas;Pleno dia;Decrescente;Chuva;Dupla;Reta;-19,2683865;-48,1271933
09/06/2025;16:35:00;ITAJA;Acumulo de água sobre o pavimento;Colisão frontal;Com Vítimas Feridas;Pleno dia;Decrescente;Chuva;Simples;Ponte;-5,65697;-36,79141
09/06/2025;16:30:00;AREAL;Pista Escorregadia;Saída de leito carroçável;Com Vítimas Feridas;Pleno dia;Crescente;Garoa/Chuvisco;Simples;Reta;-22,19257079;-43,16116333
09/06/2025;19:30:00;MIRASSOL;Sinalização mal posicionada;Colisão com objeto;Com Vítimas Feridas;Plena Noite;Crescente;Céu Claro;Dupla;Reta;-20,92588913;-49,50829165
09/06/2025;18:30:00;FEIRA DE SANTANA;Velocidade Incompatível;Colisão transversal;Com Vítimas Feridas;Plena Noite;Decrescente;Céu Claro;Simples;Retorno Regulamentado;-12,21682922;-38,96543436
09/06/2025;19:40:00;TUNEIRAS DO OESTE;Animais na Pista;Atropelamento de Animal;Com Vítimas Feridas;Plena Noite;Decrescente;Céu Claro;Simples;"Declive;Reta";-23,860946;-52,893531
09/06/2025;22:50:00;CAMPOS DOS GOYTACAZES;Iluminação deficiente;Colisão traseira;Com Vítimas Feridas;Plena Noite;Decrescente;Céu Claro;Simples;Reta;-21,773367;-41,360033
09/06/2025;22:50:00;BRASILIA;Velocidade Incompatível;Saída de leito carroçável;Com Vítimas Feridas;Plena Noite;Crescente;Céu Claro;Dupla;Declive;-15,581864;-47,521973
09/06/2025;23:30:00;TIJUCAS;Velocidade Incompatível;Saída de leito carroçável;Sem Vítimas;Plena Noite;Crescente;Nublado;Dupla;Curva;-27,31161335;-48,63287482
09/06/2025;11:45:00;TERESOPOLIS;Chuva;Capotamento;Com Vítimas Feridas;Pleno dia;Crescente;Chuva;Simples;Curva;-22,16364419;-42,81476533
09/06/2025;15:05:00;MARECHAL FLORIANO;Velocidade Incompatível;Saída de leito carroçável;Com Vítimas Feridas;Pleno dia;Decrescente;Nublado;Simples;Reta;-20,388655;-40,668755
09/06/2025;02:10:00;ALTO GARCAS;Animais na Pista;Atropelamento de Animal;Com Vítimas Feridas;Plena Noite;Decrescente;Ignorado;Simples;Reta;-16,909561;-53,638672
09/06/2025;12:25:00;PETROPOLIS;Pista Escorregadia;Capotamento;Com Vítimas Feridas;Pleno dia;Crescente;Chuva;Dupla;"Curva;Declive";-22,551615;-43,236355
09/06/2025;02:31:00;GARIBALDI;Velocidade Incompatível;Saída de leito carroçável;Com Vítimas Fatais;Plena Noite;Decrescente;Garoa/Chuvisco;Simples;"Declive;Curva";-29,23392387;-51,51608197
08/06/2025;02:45:00;CAXIAS;Animais na Pista;Capotamento;Sem Vítimas;Plena Noite;Decrescente;Céu Claro;Simples;Reta;-4,85175;-43,446785
08/06/2025;14:30:00;IBIRAPITANGA;Velocidade Incompatível;Tombamento;Com Vítimas Feridas;Pleno dia;Crescente;Céu Claro;Simples;Curva;-13,908873;-39,480525
08/06/2025;15:15:00;PARAGOMINAS;Velocidade Incompatível;Tombamento;Com Vítimas Feridas;Pleno dia;Decrescente;Céu Claro;Simples;"Curva;Rotatória";-2,895118;-47,433965
08/06/2025;19:32:00;CATALAO;Ultrapassagem Indevida;Colisão frontal;Com Vítimas Feridas;Plena Noite;Decrescente;Céu Claro;Simples;"Reta;Em Obras";-18,15807036;-47,90858209
08/06/2025;15:00:00;JAGUAQUARA;Velocidade Incompatível;Saída de leito carroçável;Com Vítimas Feridas;Pleno dia;Crescente;Céu Claro;Simples;Reta;-13,54854638;-40,07194519
08/06/2025;16:45:00;RONDON DO PARA;Ultrapassagem Indevida;Colisão traseira;Com Vítimas Fatais;Pleno dia;Crescente;Céu Claro;Simples;"Reta;Aclive";-4,889732;-48,2809
08/06/2025;20:00:00;SAPUCAIA;Velocidade Incompatível;Colisão frontal;Com Vítimas Feridas;Plena Noite;Decrescente;Chuva;Simples;Reta;-21,97275789;-42,88133383
08/06/2025;21:00:00;PORTO VELHO;Iluminação deficiente;Queda de ocupante de veículo;Com Vítimas Feridas;Plena Noite;Decrescente;Céu Claro;Simples;"Reta;Aclive";-9,75342047;-66,23139382
08/06/2025;17:30:00;CAMPOS ALTOS;Velocidade Incompatível;Tombamento;Com Vítimas Feridas;Anoitecer;Crescente;Céu Claro;Simples;Curva;-19,6579404;-46,1286767
08/06/2025;06:30:00;PAULO FRONTIN;Afundamento ou ondulação no pavimento;Colisão lateral sentido oposto;Com Vítimas Feridas;Pleno dia;Crescente;Céu Claro;Simples;Reta;-26,08179494;-50,75200082
08/06/2025;00:15:00;PIMENTA BUENO;Animais na Pista;Atropelamento de Animal;Sem Vítimas;Plena Noite;Crescente;Céu Claro;Simples;"Reta;Aclive";-11,625782;-61,2084
08/06/2025;02:00:00;PETROPOLIS;Iluminação deficiente;Saída de leito carroçável;Sem Vítimas;Plena Noite;Crescente;Ignorado;Simples;Reta;-22,28697198;-43,12176704
08/06/2025;01:45:00;MARINGA;Acumulo de água sobre o pavimento;Tombamento;Com Vítimas Feridas;Plena Noite;Decrescente;Chuva;Dupla;"Reta;Aclive";-23,3892405;-52,016797
08/06/2025;02:40:00;ARAQUARI;Chuva;Colisão lateral sentido oposto;Com Vítimas Feridas;Plena Noite;Crescente;Chuva;Simples;Reta;-26,39509354;-48,73906223
08/06/2025;04:50:00;IGARATINGA;Velocidade Incompatível;Saída de leito carroçável;Com Vítimas Feridas;Plena Noite;Crescente;Céu Claro;Dupla;Reta;-19,8907863;-44,70922123
08/06/2025;06:00:00;JUIZ DE FORA;Chuva;Colisão com objeto;Com Vítimas Feridas;Pleno dia;Crescente;Céu Claro;Dupla;Curva;-21,6918184;-43,4417523
08/06/2025;06:40:00;SAO JOSE DOS PINHAIS;Velocidade Incompatível;Saída de leito carroçável;Sem Vítimas;Amanhecer;Crescente;Nublado;Dupla;Reta;-25,5916244;-49,1719613
08/06/2025;07:00:00;SANTO ANTONIO DO AMPARO;Velocidade Incompatível;Capotamento;Com Vítimas Feridas;Pleno dia;Decrescente;Chuva;Dupla;Curva;-20,97502451;-44,93833065
08/06/2025;06:15:00;BARRACAO;Ultrapassagem Indevida;Colisão lateral mesmo sentido;Com Vítimas Feridas;Pleno dia;Crescente;Céu Claro;Simples;Reta;-26,281211;-53,567839
08/06/2025;07:00:00;CARANDAI;Velocidade Incompatível;Saída de leito carroçável;Com Vítimas Feridas;Pleno dia;Crescente;Garoa/Chuvisco;Simples;"Aclive;Curva";-20,91049528;-43,82871151
08/06/2025;09:45:00;CURITIBA;Velocidade Incompatível;Colisão com objeto;Com Vítimas Feridas;Pleno dia;Decrescente;Nublado;Dupla;"Declive;Curva";-25,4438796;-49,23356879
08/06/2025;10:30:00;PALHOCA;Acumulo de areia ou detritos sobre o pavimento;Tombamento;Com Vítimas Feridas;Pleno dia;Decrescente;Nublado;Múltipla;"Curva;Retorno Regulamentado";-27,82652392;-48,62999439
08/06/2025;10:30:00;ARAPONGAS;Chuva;Saída de leito carroçável;Com Vítimas Feridas;Pleno dia;Decrescente;Chuva;Dupla;Curva;-23,3602;-51,39812
08/06/2025;11:00:00;SETE LAGOAS;Velocidade Incompatível;Saída de leito carroçável;Com Vítimas Fatais;Pleno dia;Decrescente;Céu Claro;Dupla;"Declive;Curva";-19,40956967;-44,33432239
08/06/2025;14:25:00;CALDAS;Chuva;Saída de leito carroçável;Sem Vítimas;Pleno dia;Decrescente;Chuva;Simples;Curva;-21,814598;-46,469365
08/06/2025;13:15:00;GOVERNADOR VALADARES;Acesso irregular;Colisão transversal;Com Vítimas Feridas;Pleno dia;Crescente;Céu Claro;Simples;Interseção de Vias;-18,88278097;-41,99551123
08/06/2025;17:10:00;TRES CORACOES;Velocidade Incompatível;Saída de leito carroçável;Com Vítimas Feridas;Plena Noite;Decrescente;Chuva;Dupla;Curva;-21,6144468;-45,2605899
08/06/2025;17:30:00;MANDIRITUBA;Velocidade Incompatível;Colisão traseira;Sem Vítimas;Pleno dia;Decrescente;Nublado;Dupla;Reta;-25,6656725;-49,3139912
08/06/2025;17:00:00;POUSO ALTO;Velocidade Incompatível;Saída de leito carroçável;Com Vítimas Feridas;Anoitecer;Decrescente;Chuva;Simples;"Reta;Declive";-22,16696;-44,96662
08/06/2025;18:45:00;GUAPO;Velocidade Incompatível;Colisão traseira;Sem Vítimas;Plena Noite;Decrescente;Céu Claro;Dupla;Declive;-16,82626661;-49,53604165
08/06/2025;18:00:00;BEZERROS;Ultrapassagem Indevida;Colisão frontal;Com Vítimas Feridas;Plena Noite;Decrescente;Nublado;Simples;Reta;-8,241553;-35,749794
08/06/2025;13:00:00;SENA MADUREIRA;Pista esburacada;Saída de leito carroçável;Com Vítimas Feridas;Pleno dia;Decrescente;Garoa/Chuvisco;Simples;"Reta;Declive";-9,203067;-68,5429678
08/06/2025;15:20:00;ITATIAIA;Acumulo de água sobre o pavimento;Colisão com objeto;Com Vítimas Feridas;Pleno dia;Crescente;Chuva;Simples;Curva;-22,4931;-44,56491
08/06/2025;19:50:00;JOSE BONIFACIO;Chuva;Tombamento;Com Vítimas Feridas;Plena Noite;Decrescente;Chuva;Simples;Reta;-21,09987549;-49,67983246
08/06/2025;18:00:00;GARANHUNS;Ultrapassagem Indevida;Colisão frontal;Com Vítimas Fatais;Plena Noite;Crescente;Chuva;Simples;Reta;-8,8696887;-36,4630506
08/06/2025;21:10:00;MAIRIPORA;Pista Escorregadia;Colisão com objeto;Com Vítimas Feridas;Plena Noite;Crescente;Garoa/Chuvisco;Dupla;"Declive;Curva";-23,28901677;-46,58241782
08/06/2025;21:00:00;DUQUE DE CAXIAS;Chuva;Saída de leito carroçável;Com Vítimas Feridas;Plena Noite;Crescente;Chuva;Simples;"Declive;Curva";-22,57399392;-43,25974465
08/06/2025;18:45:00;SAO JOSE DOS PINHAIS;Chuva;Tombamento;Com Vítimas Feridas;Plena Noite;Crescente;Chuva;Dupla;Reta;-25,5330527;-49,079543
08/06/2025;17:50:00;ALTO GARCAS;Velocidade Incompatível;Colisão traseira;Com Vítimas Feridas;Plena Noite;Decrescente;Céu Claro;Simples;Reta;-16,938774;-53,58454
08/06/2025;21:55:00;MAIRIPORA;Condutor usando celular;Colisão traseira;Sem Vítimas;Plena Noite;Crescente;Chuva;Dupla;Reta;-23,29021979;-46,58701706
08/06/2025;19:50:00;NAZARE DA MATA;Animais na Pista;Atropelamento de Animal;Com Vítimas Fatais;Plena Noite;Decrescente;Céu Claro;Simples;Reta;-7,793143;-35,244732
08/06/2025;22:00:00;DUQUE DE CAXIAS;Ultrapassagem Indevida;Colisão traseira;Com Vítimas Feridas;Plena Noite;Decrescente;Ignorado;Simples;Curva;-22,6956265;-43,2888767
08/06/2025;03:40:00;DUQUE DE CAXIAS;Velocidade Incompatível;Atropelamento de Pedestre;Com Vítimas Feridas;Plena Noite;Crescente;Céu Claro;Dupla;Reta;-22,59985654;-43,28281512
08/06/2025;07:00:00;CARANDAI;Velocidade Incompatível;Saída de leito carroçável;Com Vítimas Feridas;Pleno dia;Crescente;Garoa/Chuvisco;Simples;Curva;-20,90097387;-43,82708073
08/06/2025;14:00:00;ITABERAI;Acumulo de areia ou detritos sobre o pavimento;Colisão com objeto;Sem Vítimas;Pleno dia;Decrescente;Céu Claro;Simples;"Aclive;Curva";-16,0207742;-49,8433802
08/06/2025;09:00:00;COLOMBO;Conversão proibida;Colisão transversal;Com Vítimas Feridas;Pleno dia;Decrescente;Ignorado;Simples;Reta;-25,3454324;-49,1605403
08/06/2025;17:15:00;CEARA-MIRIM;Conversão proibida;Colisão frontal;Com Vítimas Feridas;Anoitecer;Crescente;Céu Claro;Simples;"Reta;Interseção de Vias";-5,6500884;-35,4301449
08/06/2025;08:20:00;SIMOLANDIA;Ultrapassagem Indevida;Colisão frontal;Com Vítimas Fatais;Pleno dia;Crescente;Céu Claro;Simples;Curva;-14,4514011;-46,469162
07/06/2025;07:57:00;BETIM;Conversão proibida;Colisão transversal;Com Vítimas Feridas;Pleno dia;Decrescente;Céu Claro;Múltipla;"Reta;Aclive";-19,95951817;-44,08872334
07/06/2025;04:55:00;ITABELA;Neblina;Colisão frontal;Com Vítimas Feridas;Amanhecer;Decrescente;Nevoeiro/Neblina;Simples;Reta;-16,69628;-39,472778
07/06/2025;09:00:00;SIMOLANDIA;Ultrapassagem Indevida;Colisão lateral mesmo sentido;Com Vítimas Feridas;Pleno dia;Crescente;Céu Claro;Simples;Reta;-14,4513838;-46,4691694
07/06/2025;09:20:00;BRUNOPOLIS;Velocidade Incompatível;Tombamento;Com Vítimas Feridas;Pleno dia;Decrescente;Céu Claro;Simples;Curva;-27,31920027;-50,76629877
07/06/2025;14:05:00;FEIRA DE SANTANA;Ultrapassagem Indevida;Tombamento;Com Vítimas Feridas;Pleno dia;Decrescente;Céu Claro;Simples;Aclive;-12,35597041;-38,84933263
07/06/2025;08:45:00;AREAL;Curva acentuada;Tombamento;Com Vítimas Feridas;Pleno dia;Decrescente;Nublado;Dupla;Curva;-22,23908868;-43,10805408
07/06/2025;08:45:00;POUSO ALTO;Velocidade Incompatível;Colisão com objeto;Sem Vítimas;Pleno dia;Decrescente;Céu Claro;Simples;"Declive;Curva;Ponte";-22,20052193;-44,96780992
07/06/2025;15:50:00;NAVIRAI;Demais Fenômenos da natureza;Tombamento;Com Vítimas Feridas;Pleno dia;Decrescente;Chuva;Simples;"Reta;Ponte";-23,34607;-53,80165
07/06/2025;18:30:00;VITORIA DA CONQUISTA;Ultrapassagem Indevida;Colisão frontal;Com Vítimas Feridas;Plena Noite;Crescente;Nublado;Simples;Reta;-14,8248;-40,8607
07/06/2025;14:10:00;PETROLINA;Ultrapassagem Indevida;Colisão frontal;Com Vítimas Fatais;Pleno dia;Crescente;Céu Claro;Simples;Reta;-9,057808;-40,304102
07/06/2025;18:15:00;NOVA GLORIA;Ultrapassagem Indevida;Colisão frontal;Com Vítimas Fatais;Anoitecer;Crescente;Céu Claro;Simples;Reta;-15,080767;-49,4637628
07/06/2025;00:40:00;MAIRIPORA;Velocidade Incompatível;Colisão com objeto;Sem Vítimas;Plena Noite;Crescente;Chuva;Dupla;Curva;-23,29175836;-46,57951747
07/06/2025;03:00:00;CONGONHAL;Velocidade Incompatível;Colisão traseira;Com Vítimas Feridas;Plena Noite;Crescente;Céu Claro;Simples;Reta;-22,15562;-46,08033
07/06/2025;02:25:00;ILHEUS;Animais na Pista;Atropelamento de Animal;Com Vítimas Feridas;Plena Noite;Decrescente;Céu Claro;Dupla;Reta;-14,78222535;-39,2354243
07/06/2025;03:00:00;GUARATINGUETA;Velocidade Incompatível;Colisão com objeto;Sem Vítimas;Plena Noite;Crescente;Chuva;Dupla;Curva;-22,79271292;-45,16379982
07/06/2025;01:45:00;ANGRA DOS REIS;Velocidade Incompatível;Saída de leito carroçável;Com Vítimas Feridas;Plena Noite;Crescente;Chuva;Simples;Curva;-23,00283775;-44,45333228
07/06/2025;03:00:00;TEODORO SAMPAIO;Animais na Pista;Atropelamento de Animal;Sem Vítimas;Plena Noite;Decrescente;Nevoeiro/Neblina;Simples;Reta;-12,229504;-38,621976
07/06/2025;06:00:00;JUIZ DE FORA;Curva acentuada;Saída de leito carroçável;Com Vítimas Feridas;Pleno dia;Crescente;Céu Claro;Simples;"Curva;Declive";-21,74698392;-43,19740534
07/06/2025;08:40:00;MARINGA;Velocidade Incompatível;Saída de leito carroçável;Com Vítimas Feridas;Pleno dia;Crescente;Céu Claro;Dupla;Reta;-23,41034;-51,87997
07/06/2025;09:00:00;CAXIAS;Ultrapassagem Indevida;Colisão frontal;Com Vítimas Feridas;Pleno dia;Decrescente;Céu Claro;Simples;Reta;-4,987495;-43,065858
07/06/2025;09:35:00;LEOPOLDINA;Velocidade Incompatível;Colisão com objeto;Com Vítimas Feridas;Pleno dia;Decrescente;Chuva;Simples;Curva;-21,54266075;-42,65587775
07/06/2025;10:45:00;NOSSA SENHORA DO SOCORRO;Fumaça;Incêndio;Sem Vítimas;Pleno dia;Decrescente;Céu Claro;Dupla;Reta;-10,9043391;-37,12698547
07/06/2025;08:30:00;GRAVATA;Acesso irregular;Colisão transversal;Com Vítimas Feridas;Pleno dia;Crescente;Céu Claro;Dupla;Reta;-8,201762;-35,593345
07/06/2025;07:20:00;BOM DESPACHO;Velocidade Incompatível;Saída de leito carroçável;Com Vítimas Feridas;Pleno dia;Decrescente;Sol;Simples;Reta;-19,78382658;-45,42263031
07/06/2025;09:30:00;MILAGRES;Demais falhas na via;Tombamento;Com Vítimas Feridas;Pleno dia;Crescente;Céu Claro;Simples;"Reta;Interseção de Vias";-7,3965133;-38,961805
07/06/2025;14:40:00;SALVADOR;Ultrapassagem Indevida;Atropelamento de Pedestre;Com Vítimas Feridas;Pleno dia;Decrescente;Céu Claro;Dupla;Reta;-12,89342666;-38,44666839
07/06/2025;10:50:00;FERVEDOURO;Conversão proibida;Colisão lateral sentido oposto;Com Vítimas Feridas;Pleno dia;Crescente;Nublado;Simples;Curva;-20,66041366;-42,26715088
07/06/2025;16:30:00;ITABERABA;Conversão proibida;Colisão transversal;Com Vítimas Feridas;Pleno dia;Crescente;Nublado;Simples;"Reta;Aclive";-12,4979;-40,4098
07/06/2025;17:30:00;PALMAS;Retorno proibido;Colisão traseira;Com Vítimas Feridas;Pleno dia;Crescente;Céu Claro;Dupla;Reta;-10,275954;-48,302608
07/06/2025;07:50:00;IGARATINGA;Velocidade Incompatível;Saída de leito carroçável;Sem Vítimas;Pleno dia;Crescente;Céu Claro;Dupla;Reta;-19,89266006;-44,75212097
07/06/2025;15:05:00;APARECIDA DO TABOADO;Retorno proibido;Colisão frontal;Com Vítimas Feridas;Pleno dia;Crescente;Céu Claro;Simples;Reta;-19,85456068;-51,12007141
07/06/2025;16:00:00;VILHENA;Ultrapassagem Indevida;Queda de ocupante de veículo;Com Vítimas Feridas;Pleno dia;Decrescente;Céu Claro;Simples;Reta;-12,70842304;-60,12338726
07/06/2025;21:00:00;GARANHUNS;Animais na Pista;Atropelamento de Animal;Com Vítimas Feridas;Plena Noite;Decrescente;Céu Claro;Simples;Reta;-8,9252828;-36,4913726
07/06/2025;20:00:00;SAO JOAO DO ARAGUAIA;Velocidade Incompatível;Colisão frontal;Com Vítimas Fatais;Plena Noite;Decrescente;Ignorado;Simples;Reta;-5,443293;-48,912123
07/06/2025;20:50:00;JAGUARARI;Ultrapassagem Indevida;Colisão frontal;Com Vítimas Feridas;Plena Noite;Crescente;Céu Claro;Simples;Reta;-10,2396542;-40,2016846
07/06/2025;21:45:00;SAO GONCALO DO AMARANTE;Animais na Pista;Atropelamento de Animal;Com Vítimas Feridas;Plena Noite;Crescente;Nublado;Simples;Reta;-5,708946;-35,269336
07/06/2025;22:50:00;GOVERNADOR VALADARES;Velocidade Incompatível;Tombamento;Com Vítimas Feridas;Plena Noite;Decrescente;Céu Claro;Múltipla;Reta;-18,86135651;-41,97412491
07/06/2025;21:00:00;APARECIDA DO RIO NEGRO;Animais na Pista;Atropelamento de Animal;Com Vítimas Feridas;Plena Noite;Crescente;Céu Claro;Simples;Reta;-10,07058385;-48,15117229
06/06/2025;00:30:00;CAMBUI;Curva acentuada;Saída de leito carroçável;Com Vítimas Feridas;Plena Noite;Decrescente;Garoa/Chuvisco;Dupla;Curva;-22,63309445;-46,07416119
06/06/2025;06:15:00;PARANAGUA;Ausência de sinalização;Colisão transversal;Com Vítimas Feridas;Amanhecer;Crescente;Garoa/Chuvisco;Dupla;Interseção de Vias;-25,53578807;-48,53082625
06/06/2025;07:30:00;JOAO PESSOA;Ultrapassagem Indevida;Colisão lateral mesmo sentido;Com Vítimas Feridas;Pleno dia;Decrescente;Céu Claro;Dupla;Interseção de Vias;-7,191941;-34,904176
06/06/2025;12:00:00;MARIALVA;Animais na Pista;Colisão traseira;Com Vítimas Feridas;Pleno dia;Crescente;Céu Claro;Dupla;Declive;-23,454148;-51,849102
06/06/2025;14:30:00;SEROPEDICA;Curva acentuada;Colisão lateral mesmo sentido;Com Vítimas Feridas;Pleno dia;Crescente;Céu Claro;Dupla;Curva;-22,70076648;-43,75012128
06/06/2025;12:20:00;PALMEIRA;Velocidade Incompatível;Colisão lateral mesmo sentido;Com Vítimas Feridas;Pleno dia;Decrescente;Sol;Dupla;"Curva;Declive";-25,306704;-49,887976
06/06/2025;17:06:00;BARRA DO CORDA;Ausência de sinalização;Colisão lateral sentido oposto;Com Vítimas Feridas;Anoitecer;Decrescente;Céu Claro;Simples;Curva;-5,497298;-45,266688
06/06/2025;19:00:00;GOIANIA;Acumulo de areia ou detritos sobre o pavimento;Queda de ocupante de veículo;Com Vítimas Feridas;Plena Noite;Crescente;Céu Claro;Dupla;Reta;-16,73098879;-49,24338341
06/06/2025;15:20:00;CAMPOS NOVOS;Ausência de sinalização;Colisão transversal;Sem Vítimas;Pleno dia;Decrescente;Céu Claro;Simples;Interseção de Vias;-27,39370643;-51,19213399
06/06/2025;20:40:00;TRES LAGOAS;Sinalização mal posicionada;Colisão traseira;Com Vítimas Fatais;Plena Noite;Crescente;Céu Claro;Simples;"Aclive;Curva";-21,154732;-51,966099
06/06/2025;20:20:00;IBIA;Chuva;Saída de leito carroçável;Sem Vítimas;Plena Noite;Decrescente;Chuva;Simples;Reta;-19,58637299;-46,35259358
06/06/2025;18:00:00;FELIXLANDIA;Velocidade Incompatível;Saída de leito carroçável;Com Vítimas Fatais;Anoitecer;Decrescente;Céu Claro;Simples;"Curva;Aclive";-18,52156;-45,073672
06/06/2025;20:30:00;QUIJINGUE;Acostamento em desnível;Colisão frontal;Com Vítimas Fatais;Plena Noite;Decrescente;Nublado;Simples;Reta;-10,66398;-38,945983
06/06/2025;17:00:00;PORTO ALEGRE;Velocidade Incompatível;Tombamento;Com Vítimas Feridas;Pleno dia;Crescente;Nublado;Dupla;"Viaduto;Declive;Curva";-29,97375369;-51,19956873
06/06/2025;01:15:00;TERESINA;Acumulo de areia ou detritos sobre o pavimento;Queda de ocupante de veículo;Com Vítimas Feridas;Plena Noite;Crescente;Céu Claro;Dupla;Curva;-5,06827167;-42,73225576
06/06/2025;00:20:00;BAYEUX;Velocidade Incompatível;Capotamento;Com Vítimas Feridas;Plena Noite;Crescente;Céu Claro;Dupla;Reta;-7,126693;-34,941986
06/06/2025;04:20:00;ARAQUARI;Velocidade Incompatível;Capotamento;Com Vítimas Feridas;Plena Noite;Decrescente;Nublado;Simples;Curva;-26,419692;-48,778697
06/06/2025;01:10:00;SEROPEDICA;Ultrapassagem Indevida;Colisão frontal;Com Vítimas Feridas;Plena Noite;Decrescente;Céu Claro;Simples;Reta;-22,74482397;-43,70190589
06/06/2025;07:20:00;FRANCISCO SA;Velocidade Incompatível;Saída de leito carroçável;Com Vítimas Feridas;Pleno dia;Crescente;Céu Claro;Simples;Reta;-16,567083;-43,620432
06/06/2025;10:30:00;JAGUARARI;Conversão proibida;Colisão transversal;Com Vítimas Feridas;Pleno dia;Decrescente;Nublado;Simples;"Reta;Declive";-10,2542918;-40,19287348
06/06/2025;11:10:00;JI-PARANA;Acesso irregular;Colisão traseira;Com Vítimas Feridas;Pleno dia;Decrescente;Céu Claro;Múltipla;"Reta;Interseção de Vias";-10,879717;-61,943967
06/06/2025;08:12:00;IMPERATRIZ;Ultrapassagem Indevida;Colisão transversal;Com Vítimas Feridas;Pleno dia;Crescente;Céu Claro;Múltipla;Reta;-5,541168;-47,465956
06/06/2025;13:15:00;GARANHUNS;Ultrapassagem Indevida;Queda de ocupante de veículo;Com Vítimas Feridas;Pleno dia;Crescente;Céu Claro;Simples;"Reta;Declive";-8,87140789;-36,46588683
06/06/2025;15:40:00;NOVA IGUACU;Pista Escorregadia;Queda de ocupante de veículo;Com Vítimas Feridas;Pleno dia;Decrescente;Céu Claro;Múltipla;Reta;-22,74398293;-43,51360409
06/06/2025;16:40:00;CANOAS;Acesso irregular;Colisão lateral mesmo sentido;Com Vítimas Feridas;Pleno dia;Decrescente;Céu Claro;Dupla;Reta;-29,900473;-51,176294
06/06/2025;16:15:00;ITABERABA;Acumulo de areia ou detritos sobre o pavimento;Colisão com objeto;Com Vítimas Feridas;Pleno dia;Decrescente;Céu Claro;Simples;Curva;-12,509868;-40,302187
06/06/2025;18:00:00;BARRA MANSA;Acumulo de água sobre o pavimento;Colisão lateral mesmo sentido;Com Vítimas Feridas;Plena Noite;Crescente;Chuva;Dupla;"Curva;Declive";-22,52105513;-44,20448396
06/06/2025;17:30:00;SAO BORJA;Afundamento ou ondulação no pavimento;Queda de ocupante de veículo;Com Vítimas Feridas;Anoitecer;Crescente;Nublado;Simples;Reta;-28,6752768;-55,9710208
06/06/2025;18:30:00;TERESINA;Acumulo de areia ou detritos sobre o pavimento;Tombamento;Com Vítimas Feridas;Plena Noite;Decrescente;Céu Claro;Dupla;Reta;-5,11829;-42,786168
06/06/2025;19:00:00;REBOUCAS;Deficiência do Sistema de Iluminação/Sinalização;Colisão traseira;Sem Vítimas;Plena Noite;Crescente;Céu Claro;Simples;Reta;-25,595;-50,688
06/06/2025;19:00:00;SANTA MARIA DA BOA VISTA;Ultrapassagem Indevida;Capotamento;Com Vítimas Feridas;Plena Noite;Crescente;Céu Claro;Simples;Reta;-8,83635041;-39,95570898
06/06/2025;19:50:00;POUSO ALTO;Velocidade Incompatível;Saída de leito carroçável;Com Vítimas Feridas;Plena Noite;Crescente;Nublado;Simples;"Aclive;Curva";-22,17359653;-44,96418625
06/06/2025;20:15:00;FEIRA DE SANTANA;Demais falhas na via;Tombamento;Com Vítimas Feridas;Plena Noite;Decrescente;Garoa/Chuvisco;Dupla;Reta;-12,27758153;-38,98174899
06/06/2025;21:00:00;ITAPECERICA DA SERRA;Pista Escorregadia;Tombamento;Com Vítimas Feridas;Plena Noite;Decrescente;Garoa/Chuvisco;Dupla;Reta;-23,688918;-46,861872
06/06/2025;19:50:00;PATROCINIO DO MURIAE;Velocidade Incompatível;Colisão com objeto;Com Vítimas Feridas;Plena Noite;Decrescente;Céu Claro;Simples;Reta;-21,13816;-42,305376
06/06/2025;21:20:00;SATUBINHA;Deficiência do Sistema de Iluminação/Sinalização;Colisão traseira;Com Vítimas Feridas;Plena Noite;Decrescente;Céu Claro;Simples;Reta;-3,82862948;-45,20324707