data_inversa;horario;municipio;causa_acidente;tipo_acidente;classificacao_acidente;fase_dia;sentido_via;condicao_metereologica;tipo_pista;tracado_via;latitude;longitude
02/06/2025;16:00:00;DIONISIO CERQUEIRA;Velocidade Incompatível;Saída de leito carroçável;Com Vítimas Fatais;Pleno dia;Crescente;Chuva;Simples;"Declive;Curva";-26,33034532;-53,54431629
02/06/2025;17:45:00;PATOS DE MINAS;Conversão proibida;Colisão transversal;Com Vítimas Feridas;Anoitecer;Crescente;Céu Claro;Múltipla;Reta;-18,63319768;-46,47733342
02/06/2025;17:00:00;HUMAITA;Acumulo de areia ou detritos sobre o pavimento;Saída de leito carroçável;Com Vítimas Feridas;Pleno dia;Crescente;Céu Claro;Simples;Reta;-7,92364861;-62,13619465
01/06/2025;05:30:00;ITATIM;Ultrapassagem Indevida;Colisão traseira;Com Vítimas Feridas;Pleno dia;Crescente;Céu Claro;Simples;Reta;-12,80975;-39,82382
01/06/2025;16:40:00;MANHUACU;Velocidade Incompatível;Tombamento;Com Vítimas Feridas;Pleno dia;Crescente;Céu Claro;Simples;Curva;-20,14648;-42,185638
01/06/2025;18:45:00;SANTOS DUMONT;Velocidade Incompatível;Saída de leito carroçável;Com Vítimas Feridas;Plena Noite;Crescente;Nublado;Simples;Curva;-21,472;-43,552
01/06/2025;15:15:00;ORTIGUEIRA;Velocidade Incompatível;Tombamento;Com Vítimas Feridas;Pleno dia;Crescente;Céu Claro;Simples;Curva;-24,044;-51,078
01/06/2025;17:45:00;SEABRA;Velocidade Incompatível;Tombamento;Com Vítimas Feridas;Plena Noite;Decrescente;Ignorado;Simples;Curva;-12,45457;-41,61226
01/06/2025;01:40:00;CASIMIRO DE ABREU;Velocidade Incompatível;Tombamento;Com Vítimas Feridas;Plena Noite;Crescente;Céu Claro;Dupla;Curva;-22,4753585;-42,1723577
01/06/2025;20:38:00;NOVO PROGRESSO;Ultrapassagem Indevida;Colisão frontal;Com Vítimas Fatais;Anoitecer;Crescente;Nublado;Simples;Reta;-7,3375;-55,3013
01/06/2025;21:00:00;PEDRA PRETA;Acostamento em desnível;Colisão lateral sentido oposto;Com Vítimas Fatais;Plena Noite;Crescente;Céu Claro;Simples;Reta;-16,82931;-54,007138
01/06/2025;00:05:00;GUARULHOS;Acesso irregular;Queda de ocupante de veículo;Com Vítimas Feridas;Plena Noite;Crescente;Ignorado;Múltipla;"Em Obras;Reta";-23,46904495;-46,51134658
01/06/2025;03:45:00;BRASILIA;Velocidade Incompatível;Colisão traseira;Com Vítimas Feridas;Plena Noite;Crescente;Céu Claro;Dupla;Reta;-16,044264;-47,9806686
01/06/2025;05:50:00;ITAITINGA;Acumulo de água sobre o pavimento;Colisão com objeto;Com Vítimas Feridas;Amanhecer;Crescente;Chuva;Dupla;"Curva;Declive";-3,962835;-38,515489
01/06/2025;08:00:00;TRIUNFO;Velocidade Incompatível;Saída de leito carroçável;Com Vítimas Fatais;Pleno dia;Crescente;Céu Claro;Simples;Curva;-29,86870086;-51,70850247
01/06/2025;07:30:00;DUQUE DE CAXIAS;Curva acentuada;Colisão lateral mesmo sentido;Com Vítimas Feridas;Amanhecer;Decrescente;Céu Claro;Dupla;Curva;-22,60049631;-43,28018936
01/06/2025;07:28:00;BRASILIA;Velocidade Incompatível;Colisão traseira;Com Vítimas Feridas;Pleno dia;Crescente;Céu Claro;Dupla;Reta;-15,79136265;-48,10466263
01/06/2025;06:30:00;JAGUAQUARA;Velocidade Incompatível;Saída de leito carroçável;Sem Vítimas;Pleno dia;Crescente;Céu Claro;Simples;Reta;-13,54261808;-40,0692451
01/06/2025;02:00:00;SEROPEDICA;Acesso irregular;Colisão transversal;Sem Vítimas;Amanhecer;Crescente;Nublado;Simples;Reta;-22,749636;-43,697378
01/06/2025;09:00:00;PETROPOLIS;Pista Escorregadia;Queda de ocupante de veículo;Com Vítimas Feridas;Pleno dia;Decrescente;Céu Claro;Simples;Curva;-22,5284676;-43,2228492
01/06/2025;07:30:00;JAGUARIBE;Pista esburacada;Saída de leito carroçável;Com Vítimas Feridas;Pleno dia;Crescente;Nublado;Simples;"Reta;Em Obras";-5,797233;-38,529752
01/06/2025;07:30:00;PEIXOTO DE AZEVEDO;Conversão proibida;Colisão transversal;Com Vítimas Feridas;Pleno dia;Decrescente;Céu Claro;Simples;Reta;-10,24437994;-54,98871803
01/06/2025;10:00:00;GUARUJA DO SUL;Velocidade Incompatível;Saída de leito carroçável;Sem Vítimas;Pleno dia;Decrescente;Céu Claro;Simples;"Reta;Aclive";-26,38968804;-53,51712942
01/06/2025;08:45:00;CANDOI;Velocidade Incompatível;Saída de leito carroçável;Com Vítimas Feridas;Pleno dia;Crescente;Céu Claro;Simples;Curva;-25,44556541;-51,9703481
01/06/2025;11:30:00;ITUMBIARA;Velocidade Incompatível;Saída de leito carroçável;Com Vítimas Feridas;Pleno dia;Crescente;Sol;Simples;Reta;-18,39623014;-49,380295
01/06/2025;13:00:00;SAO GONCALO;Ausência de sinalização;Engavetamento;Com Vítimas Feridas;Pleno dia;Decrescente;Céu Claro;Dupla;Reta;-22,80587755;-43,06221054
01/06/2025;07:30:00;ITABORAI;Animais na Pista;Queda de ocupante de veículo;Com Vítimas Feridas;Pleno dia;Crescente;Sol;Simples;"Curva;Aclive";-22,77094841;-42,92781115
01/06/2025;16:40:00;SANTOS DUMONT;Velocidade Incompatível;Saída de leito carroçável;Com Vítimas Feridas;Pleno dia;Decrescente;Nublado;Dupla;"Curva;Aclive;Retorno Regulamentado";-21,48494447;-43,53388977
01/06/2025;15:05:00;CRISTIANO OTONI;Velocidade Incompatível;Saída de leito carroçável;Sem Vítimas;Pleno dia;Decrescente;Chuva;Simples;Curva;-20,77136519;-43,80602944
01/06/2025;17:15:00;UBERABA;Acumulo de areia ou detritos sobre o pavimento;Tombamento;Com Vítimas Feridas;Anoitecer;Crescente;Céu Claro;Dupla;Reta;-19,768479;-47,892432
01/06/2025;18:34:00;CASIMIRO DE ABREU;Iluminação deficiente;Atropelamento de Pedestre;Com Vítimas Fatais;Plena Noite;Decrescente;Céu Claro;Dupla;Curva;-22,49198;-42,1145
01/06/2025;19:20:00;IBIRAPITANGA;Pista Escorregadia;Capotamento;Com Vítimas Feridas;Plena Noite;Crescente;Nublado;Simples;Curva;-13,988515;-39,466233
01/06/2025;22:40:00;FORTALEZA;Animais na Pista;Atropelamento de Animal;Com Vítimas Feridas;Plena Noite;Decrescente;Céu Claro;Múltipla;Reta;-3,7968812;-38,5062725
01/06/2025;22:55:00;BAYEUX;Acumulo de água sobre o pavimento;Tombamento;Com Vítimas Feridas;Plena Noite;Crescente;Céu Claro;Dupla;Reta;-7,143593;-34,918787
01/06/2025;21:30:00;TRACUATEUA;Animais na Pista;Atropelamento de Animal;Com Vítimas Fatais;Plena Noite;Crescente;Céu Claro;Simples;Reta;-1,09430291;-46,9097127
01/06/2025;04:20:00;ITATIM;Velocidade Incompatível;Tombamento;Com Vítimas Feridas;Amanhecer;Crescente;Céu Claro;Simples;Aclive;-12,8261633;-39,8281457
01/06/2025;15:30:00;BETIM;Velocidade Incompatível;Colisão traseira;Com Vítimas Feridas;Pleno dia;Decrescente;Céu Claro;Dupla;"Reta;Aclive";-19,99646103;-44,20917619
31/05/2025;01:35:00;PARIQUERA-ACU;Acesso irregular;Colisão traseira;Com Vítimas Feridas;Plena Noite;Decrescente;Céu Claro;Dupla;Reta;-24,63192161;-47,90529625
31/05/2025;05:25:00;ITABAIANA;Animais na Pista;Colisão lateral mesmo sentido;Sem Vítimas;Amanhecer;Decrescente;Céu Claro;Simples;Reta;-10,729253;-37,41348839
31/05/2025;04:35:00;SERRA TALHADA;Ultrapassagem Indevida;Colisão frontal;Com Vítimas Feridas;Amanhecer;Crescente;Céu Claro;Simples;Reta;-7,984214;-38,321891
31/05/2025;05:20:00;BOA VISTA;Ultrapassagem Indevida;Colisão frontal;Com Vítimas Feridas;Amanhecer;Decrescente;Nublado;Simples;Reta;2,5505556;-60,87710059
31/05/2025;10:30:00;NOVA ERA;Velocidade Incompatível;Tombamento;Com Vítimas Feridas;Pleno dia;Crescente;Céu Claro;Simples;"Curva;Declive";-19,67527227;-42,97773242
31/05/2025;12:17:00;GLORIA DOESTE;Velocidade Incompatível;Colisão traseira;Com Vítimas Feridas;Pleno dia;Crescente;Céu Claro;Simples;Reta;-15,808;-58,398
31/05/2025;17:15:00;PRATA;Ultrapassagem Indevida;Colisão lateral sentido oposto;Com Vítimas Fatais;Pleno dia;Crescente;Céu Claro;Simples;"Curva;Declive";-19,519989;-48,834254
31/05/2025;23:00:00;IBOTIRAMA;Velocidade Incompatível;Saída de leito carroçável;Sem Vítimas;Plena Noite;Crescente;Céu Claro;Simples;"Curva;Declive";-12,087114;-43,160711
31/05/2025;21:20:00;ANGICOS;Deficiência do Sistema de Iluminação/Sinalização;Colisão traseira;Com Vítimas Feridas;Plena Noite;Decrescente;Céu Claro;Simples;Reta;-5,69584682;-36,55846596
31/05/2025;02:45:00;SAO FRANCISCO DO SUL;Velocidade Incompatível;Capotamento;Com Vítimas Feridas;Plena Noite;Crescente;Nublado;Simples;Reta;-26,291687;-48,644764
31/05/2025;02:30:00;TERESOPOLIS;Velocidade Incompatível;Colisão com objeto;Com Vítimas Feridas;Plena Noite;Decrescente;Céu Claro;Simples;Curva;-22,416812;-42,950923
31/05/2025;04:00:00;GUARAMIRIM;Velocidade Incompatível;Capotamento;Com Vítimas Feridas;Amanhecer;Decrescente;Céu Claro;Simples;"Curva;Desvio Temporário";-26,4624216;-48,9482615
31/05/2025;06:42:00;GUARAPARI;Velocidade Incompatível;Saída de leito carroçável;Sem Vítimas;Pleno dia;Crescente;Chuva;Dupla;"Curva;Aclive";-20,65842407;-40,58503501
31/05/2025;01:00:00;UBATUBA;Ultrapassagem Indevida;Colisão lateral mesmo sentido;Com Vítimas Feridas;Plena Noite;Decrescente;Céu Claro;Simples;Reta;-23,44708129;-45,08067775
31/05/2025;06:40:00;OURINHOS;Afundamento ou ondulação no pavimento;Tombamento;Com Vítimas Feridas;Amanhecer;Decrescente;Nevoeiro/Neblina;Dupla;Reta;-22,99682607;-49,90517791
31/05/2025;07:04:00;AREAL;Velocidade Incompatível;Capotamento;Sem Vítimas;Pleno dia;Decrescente;Nublado;Dupla;Curva;-22,1907989;-43,1633632
31/05/2025;07:45:00;MORRINHOS;Velocidade Incompatível;Capotamento;Com Vítimas Feridas;Pleno dia;Crescente;Céu Claro;Dupla;Reta;-17,92190275;-49,24154878
31/05/2025;07:20:00;CATALAO;Velocidade Incompatível;Colisão com objeto;Com Vítimas Feridas;Pleno dia;Decrescente;Céu Claro;Dupla;"Aclive;Curva";-18,222352;-47,973212
31/05/2025;08:47:00;SERRA;Acesso irregular;Atropelamento de Pedestre;Com Vítimas Fatais;Pleno dia;Crescente;Céu Claro;Dupla;Reta;-20,0369655;-40,4089556
31/05/2025;09:15:00;NITEROI;Pista Escorregadia;Queda de ocupante de veículo;Com Vítimas Feridas;Pleno dia;Decrescente;Céu Claro;Múltipla;Curva;-22,86780966;-43,11041203
31/05/2025;06:30:00;MINEIROS;Velocidade Incompatível;Saída de leito carroçável;Com Vítimas Feridas;Amanhecer;Crescente;Nevoeiro/Neblina;Simples;"Reta;Ponte;Declive";-17,628568;-52,382822
31/05/2025;09:00:00;PINHALZINHO;Pista Escorregadia;Tombamento;Com Vítimas Feridas;Pleno dia;Decrescente;Céu Claro;Simples;"Interseção de Vias;Rotatória";-26,82640527;-53,00463145
31/05/2025;09:40:00;CACAPAVA DO SUL;Conversão proibida;Colisão transversal;Com Vítimas Feridas;Pleno dia;Decrescente;Céu Claro;Simples;"Reta;Declive";-30,36085152;-53,46067136
31/05/2025;10:20:00;ITABUNA;Velocidade Incompatível;Colisão transversal;Com Vítimas Feridas;Pleno dia;Crescente;Céu Claro;Simples;Reta;-14,81934;-39,2942
31/05/2025;10:10:00;CARANDAI;Conversão proibida;Colisão transversal;Com Vítimas Feridas;Pleno dia;Crescente;Céu Claro;Simples;"Reta;Aclive";-20,9858551;-43,7813439
31/05/2025;12:00:00;JUQUITIBA;Acesso irregular;Colisão com objeto;Sem Vítimas;Pleno dia;Crescente;Céu Claro;Dupla;Reta;-23,97259233;-47,13564992
31/05/2025;12:55:00;CARIACICA;Velocidade Incompatível;Saída de leito carroçável;Com Vítimas Feridas;Pleno dia;Decrescente;Nublado;Simples;"Reta;Declive";-20,28480583;-40,39270369
31/05/2025;11:10:00;INHAPIM;Ultrapassagem Indevida;Colisão frontal;Com Vítimas Feridas;Pleno dia;Decrescente;Céu Claro;Simples;Curva;-19,533863;-42,125987
31/05/2025;17:15:00;MANHUACU;Velocidade Incompatível;Tombamento;Com Vítimas Feridas;Anoitecer;Crescente;Céu Claro;Simples;"Curva;Aclive";-20,252263;-42,124808
31/05/2025;18:13:00;AGUIARNOPOLIS;Velocidade Incompatível;Colisão lateral mesmo sentido;Com Vítimas Feridas;Anoitecer;Crescente;Céu Claro;Simples;"Reta;Interseção de Vias";-6,56247148;-47,47275917
31/05/2025;18:05:00;QUITANDINHA;Acesso irregular;Colisão transversal;Com Vítimas Feridas;Plena Noite;Decrescente;Nublado;Simples;Reta;-25,897631;-49,553552
31/05/2025;18:00:00;MURIAE;Ultrapassagem Indevida;Tombamento;Com Vítimas Feridas;Plena Noite;Crescente;Nublado;Simples;"Aclive;Curva";-21,220007;-42,393888
31/05/2025;17:30:00;CANDEIAS DO JAMARI;Velocidade Incompatível;Colisão traseira;Com Vítimas Feridas;Pleno dia;Crescente;Céu Claro;Múltipla;Reta;-8,79754109;-63,70055286
31/05/2025;17:00:00;CAPANEMA;Velocidade Incompatível;Colisão lateral sentido oposto;Com Vítimas Feridas;Pleno dia;Crescente;Céu Claro;Simples;Curva;-25,621226;-53,801679
31/05/2025;21:00:00;APARECIDA DE GOIANIA;Velocidade Incompatível;Saída de leito carroçável;Com Vítimas Feridas;Plena Noite;Crescente;Céu Claro;Dupla;Reta;-16,81295899;-49,23973829
31/05/2025;21:50:00;GUARULHOS;Acumulo de areia ou detritos sobre o pavimento;Queda de ocupante de veículo;Com Vítimas Feridas;Plena Noite;Crescente;Nublado;Simples;"Em Obras;Curva";-23,4614296;-46,4916854
31/05/2025;21:00:00;LAGES;Velocidade Incompatível;Colisão transversal;Com Vítimas Feridas;Plena Noite;Decrescente;Céu Claro;Simples;Reta;-27,80608098;-50,36574804
31/05/2025;20:30:00;MEDINA;Ultrapassagem Indevida;Colisão lateral sentido oposto;Com Vítimas Feridas;Plena Noite;Decrescente;Céu Claro;Simples;Reta;-16,257225;-41,469729
31/05/2025;20:00:00;CAXIAS;Deficiência do Sistema de Iluminação/Sinalização;Colisão traseira;Com Vítimas Feridas;Plena Noite;Crescente;Céu Claro;Simples;Reta;-4,8656471;-43,4259326
31/05/2025;23:20:00;JACAREZINHO;Velocidade Incompatível;Saída de leito carroçável;Com Vítimas Feridas;Plena Noite;Decrescente;Céu Claro;Simples;Reta;-23,19423346;-49,98564117
31/05/2025;22:30:00;ANGRA DOS REIS;Conversão proibida;Queda de ocupante de veículo;Com Vítimas Feridas;Plena Noite;Crescente;Céu Claro;Dupla;Reta;-22,989542;-44,2417893
31/05/2025;18:00:00;PATOS;Acesso irregular;Colisão lateral mesmo sentido;Com Vítimas Feridas;Plena Noite;Decrescente;Céu Claro;Simples;Reta;-7,0167156;-37,2846713
30/05/2025;00:30:00;SARANDI;Velocidade Incompatível;Saída de leito carroçável;Com Vítimas Feridas;Plena Noite;Decrescente;Céu Claro;Dupla;"Reta;Declive";-23,44658323;-51,86246395
30/05/2025;04:30:00;NAVEGANTES;Velocidade Incompatível;Colisão traseira;Sem Vítimas;Plena Noite;Crescente;Céu Claro;Dupla;Curva;-26,835628;-48,710105
30/05/2025;08:00:00;CRISTOPOLIS;Acesso irregular;Colisão frontal;Com Vítimas Feridas;Pleno dia;Crescente;Céu Claro;Simples;"Declive;Reta";-12,22589286;-44,42965418
30/05/2025;15:30:00;SAO JOSE DO RIO PRETO;Velocidade Incompatível;Colisão traseira;Com Vítimas Feridas;Pleno dia;Crescente;Céu Claro;Dupla;Reta;-20,8589707;-49,40524614
30/05/2025;11:00:00;NOVA ERA;Velocidade Incompatível;Tombamento;Com Vítimas Feridas;Pleno dia;Crescente;Céu Claro;Simples;Curva;-19,72350922;-43,00979286
30/05/2025;17:50:00;NOVA PRATA;Conversão proibida;Colisão traseira;Com Vítimas Feridas;Anoitecer;Crescente;Céu Claro;Simples;Reta;-28,76215635;-51,6256829
30/05/2025;18:20:00;PALHOCA;Retorno proibido;Colisão lateral mesmo sentido;Com Vítimas Fatais;Plena Noite;Crescente;Céu Claro;Simples;"Reta;Declive";-27,68738;-48,7139
30/05/2025;01:01:00;PETROPOLIS;Pista Escorregadia;Tombamento;Com Vítimas Feridas;Plena Noite;Crescente;Chuva;Dupla;"Declive;Reta";-22,549547;-43,243831
30/05/2025;06:00:00;JACAREZINHO;Neblina;Saída de leito carroçável;Sem Vítimas;Amanhecer;Crescente;Nevoeiro/Neblina;Simples;Reta;-23,03575234;-49,92058452
30/05/2025;09:20:00;POMBOS;Afundamento ou ondulação no pavimento;Queda de ocupante de veículo;Com Vítimas Feridas;Pleno dia;Decrescente;Nublado;Dupla;Reta;-8,144192;-35,388859
30/05/2025;08:50:00;JOAO PESSOA;Conversão proibida;Colisão lateral mesmo sentido;Com Vítimas Feridas;Pleno dia;Crescente;Céu Claro;Simples;Interseção de Vias;-7,16527846;-34,8620224
30/05/2025;07:05:00;INDAIAL;Velocidade Incompatível;Saída de leito carroçável;Com Vítimas Fatais;Pleno dia;Crescente;Céu Claro;Múltipla;Reta;-26,89799;-49,26535
30/05/2025;11:00:00;POUSO ALEGRE;Velocidade Incompatível;Saída de leito carroçável;Com Vítimas Feridas;Pleno dia;Crescente;Sol;Dupla;"Em Obras;Reta";-22,28772579;-45,89701049
30/05/2025;08:00:00;GUAPIMIRIM;Pista Escorregadia;Colisão frontal;Com Vítimas Feridas;Pleno dia;Decrescente;Nevoeiro/Neblina;Simples;Curva;-22,48382032;-42,99561437
30/05/2025;12:30:00;SEROPEDICA;Ultrapassagem Indevida;Colisão frontal;Com Vítimas Feridas;Pleno dia;Crescente;Nublado;Simples;Reta;-22,749636;-43,697378
30/05/2025;14:40:00;SERRA;Retorno proibido;Colisão transversal;Com Vítimas Feridas;Pleno dia;Decrescente;Nublado;Dupla;Reta;-20,176;-40,265
30/05/2025;15:00:00;FEIRA DE SANTANA;Velocidade Incompatível;Saída de leito carroçável;Com Vítimas Feridas;Pleno dia;Crescente;Chuva;Dupla;Interseção de Vias;-12,31964505;-38,87265578
30/05/2025;16:15:00;QUEIMADAS;Velocidade Incompatível;Saída de leito carroçável;Com Vítimas Feridas;Pleno dia;Decrescente;Céu Claro;Simples;"Reta;Declive";-7,4043135;-35,89590669
30/05/2025;16:00:00;PERDOES;Velocidade Incompatível;Saída de leito carroçável;Sem Vítimas;Pleno dia;Crescente;Céu Claro;Dupla;"Reta;Declive";-21,06601946;-45,05246401
30/05/2025;16:45:00;PILAR;Animais na Pista;Atropelamento de Animal;Com Vítimas Feridas;Pleno dia;Decrescente;Céu Claro;Simples;Reta;-9,591112;-35,940556
30/05/2025;16:30:00;BRASILIA;Animais na Pista;Atropelamento de Animal;Sem Vítimas;Pleno dia;Decrescente;Céu Claro;Dupla;"Reta;Aclive";-15,946423;-48,172723
30/05/2025;19:55:00;GUARULHOS;Sinalização mal posicionada;Queda de ocupante de veículo;Com Vítimas Feridas;Plena Noite;Decrescente;Nublado;Dupla;Reta;-23,4815732;-46,53433847
30/05/2025;20:40:00;BLUMENAU;Conversão proibida;Colisão frontal;Com Vítimas Feridas;Plena Noite;Decrescente;Céu Claro;Simples;"Reta;Aclive";-26,88419056;-49,15033992
30/05/2025;18:55:00;BOA VISTA;Iluminação deficiente;Colisão traseira;Com Vítimas Feridas;Plena Noite;Decrescente;Nublado;Simples;Reta;2,89300221;-60,70233822
30/05/2025;19:30:00;BRASILIA;Conversão proibida;Colisão transversal;Com Vítimas Feridas;Plena Noite;Decrescente;Céu Claro;Simples;"Aclive;Reta";-15,96533349;-47,64461339
30/05/2025;18:35:00;SAO DOMINGOS DO MARANHAO;Ultrapassagem Indevida;Colisão frontal;Com Vítimas Fatais;Plena Noite;Decrescente;Céu Claro;Simples;Reta;-5,60885859;-44,36963198
30/05/2025;18:20:00;JUAZEIRO;Animais na Pista;Atropelamento de Animal;Com Vítimas Feridas;Plena Noite;Decrescente;Céu Claro;Simples;Reta;-9,63846;-40,39898
30/05/2025;22:20:00;BAYEUX;Pista Escorregadia;Saída de leito carroçável;Sem Vítimas;Plena Noite;Decrescente;Chuva;Dupla;Curva;-7,14827;-34,913026
30/05/2025;21:27:00;CAMPO LARGO;Velocidade Incompatível;Colisão traseira;Com Vítimas Feridas;Plena Noite;Crescente;Céu Claro;Dupla;Reta;-25,43618699;-49,54395745
30/05/2025;18:00:00;ARAGARCAS;Ultrapassagem Indevida;Colisão lateral mesmo sentido;Com Vítimas Feridas;Anoitecer;Decrescente;Céu Claro;Dupla;"Aclive;Interseção de Vias;Reta";-15,89615271;-52,24952728
29/05/2025;09:20:00;TIBAGI;Velocidade Incompatível;Tombamento;Com Vítimas Feridas;Pleno dia;Decrescente;Céu Claro;Dupla;"Curva;Desvio Temporário";-24,782595;-50,512988
29/05/2025;14:50:00;GARIBALDI;Ultrapassagem Indevida;Colisão lateral mesmo sentido;Com Vítimas Feridas;Pleno dia;Crescente;Nublado;Simples;"Reta;Declive";-29,253057;-51,512363
29/05/2025;14:40:00;CAMPOS NOVOS;Velocidade Incompatível;Colisão transversal;Com Vítimas Feridas;Pleno dia;Crescente;Nublado;Simples;Rotatória;-27,36130023;-51,30159108
29/05/2025;20:20:00;JEQUIA DA PRAIA;Velocidade Incompatível;Saída de leito carroçável;Com Vítimas Feridas;Plena Noite;Crescente;Nublado;Dupla;"Curva;Declive";-9,886277;-36,136365
29/05/2025;22:40:00;HIDROLANDIA;Animais na Pista;Atropelamento de Animal;Sem Vítimas;Plena Noite;Decrescente;Céu Claro;Dupla;"Declive;Reta";-16,860057;-49,24888
29/05/2025;00:00:00;PARANAGUA;Iluminação deficiente;Colisão traseira;Com Vítimas Feridas;Plena Noite;Crescente;Nublado;Simples;Reta;-25,5253528;-48,5475054
29/05/2025;01:25:00;MEDIANEIRA;Animais na Pista;Atropelamento de Animal;Com Vítimas Feridas;Plena Noite;Crescente;Céu Claro;Dupla;Declive;-25,26199969;-54,04704541
29/05/2025;07:50:00;MARQUES DE SOUZA;Velocidade Incompatível;Saída de leito carroçável;Com Vítimas Feridas;Pleno dia;Decrescente;Chuva;Simples;Curva;-29,387811;-52,044132
29/05/2025;06:40:00;MAIRIPORA;Velocidade Incompatível;Colisão lateral mesmo sentido;Com Vítimas Feridas;Amanhecer;Crescente;Chuva;Dupla;Curva;-23,29159189;-46,57956496
29/05/2025;07:50:00;CONCORDIA;Conversão proibida;Colisão frontal;Com Vítimas Feridas;Pleno dia;Crescente;Garoa/Chuvisco;Simples;Reta;-27,251769;-51,952983
29/05/2025;09:10:00;PORTO ALEGRE;Chuva;Colisão com objeto;Com Vítimas Feridas;Pleno dia;Decrescente;Chuva;Múltipla;"Curva;Declive;Viaduto";-29,9878442;-51,20280826
29/05/2025;09:50:00;MAIRIPORA;Pista Escorregadia;Capotamento;Sem Vítimas;Pleno dia;Decrescente;Nublado;Dupla;"Curva;Declive";-23,35548186;-46,5489502
29/05/2025;10:41:00;RECIFE;Acostamento em desnível;Tombamento;Com Vítimas Feridas;Pleno dia;Decrescente;Céu Claro;Dupla;Reta;-7,972475;-34,92126
29/05/2025;07:30:00;PIMENTA BUENO;Ultrapassagem Indevida;Colisão frontal;Com Vítimas Feridas;Pleno dia;Crescente;Céu Claro;Simples;Rotatória;-11,656978;-61,191591
29/05/2025;08:45:00;CANOINHAS;Ultrapassagem Indevida;Colisão transversal;Com Vítimas Feridas;Pleno dia;Crescente;Céu Claro;Simples;Reta;-26,19129539;-50,40190458
29/05/2025;15:30:00;MATELANDIA;Velocidade Incompatível;Saída de leito carroçável;Com Vítimas Feridas;Pleno dia;Decrescente;Nublado;Dupla;Curva;-25,25159846;-53,98966726
29/05/2025;19:10:00;NOBRES;Acesso irregular;Colisão transversal;Com Vítimas Fatais;Plena Noite;Crescente;Céu Claro;Dupla;Reta;-14,70753387;-56,32224798
29/05/2025;19:30:00;JOAO NEIVA;Iluminação deficiente;Atropelamento de Pedestre;Com Vítimas Feridas;Plena Noite;Crescente;Céu Claro;Simples;Reta;-19,68364697;-40,39089203
29/05/2025;17:30:00;MURIAE;Conversão proibida;Colisão lateral mesmo sentido;Com Vítimas Feridas;Anoitecer;Decrescente;Céu Claro;Simples;Reta;-21,1464565;-42,3813279
29/05/2025;19:40:00;SAO SEBASTIAO DE LAGOA DE  ROCA;Afundamento ou ondulação no pavimento;Saída de leito carroçável;Com Vítimas Feridas;Plena Noite;Crescente;Céu Claro;Simples;"Ponte;Em Obras;Reta;Declive";-7,093295;-35,85837
29/05/2025;21:10:00;PETROLINA;Acesso irregular;Colisão transversal;Com Vítimas Feridas;Plena Noite;Crescente;Céu Claro;Dupla;Curva;-9,3750729;-40,48993772
29/05/2025;22:00:00;JOAO PESSOA;Acumulo de areia ou detritos sobre o pavimento;Queda de ocupante de veículo;Com Vítimas Feridas;Plena Noite;Crescente;Céu Claro;Dupla;Retorno Regulamentado;-7,181327;-34,900868
29/05/2025;20:30:00;CRISTALINA;Velocidade Incompatível;Saída de leito carroçável;Sem Vítimas;Plena Noite;Crescente;Céu Claro;Múltipla;Reta;-16,847;-47,507
29/05/2025;20:30:00;POSSE;Ultrapassagem Indevida;Colisão frontal;Com Vítimas Feridas;Plena Noite;Decrescente;Céu Claro;Simples;Reta;-14,204;-46,333
29/05/2025;22:00:00;GEMINIANO;Conversão proibida;Colisão lateral mesmo sentido;Com Vítimas Fatais;Plena Noite;Crescente;Céu Claro;Simples;"Reta;Aclive";-7,22537;-41,272669
29/05/2025;21:40:00;CANDEIAS DO JAMARI;Iluminação deficiente;Colisão lateral mesmo sentido;Com Vítimas Feridas;Plena Noite;Crescente;Nublado;Simples;"Reta;Aclive";-8,79279325;-63,65483729
29/05/2025;17:50:00;CONGONHAL;Conversão proibida;Colisão transversal;Com Vítimas Feridas;Pleno dia;Crescente;Céu Claro;Simples;Reta;-22,150475;-46,041717
28/05/2025;04:30:00;ORTIGUEIRA;Velocidade Incompatível;Saída de leito carroçável;Com Vítimas Feridas;Plena Noite;Crescente;Chuva;Simples;"Curva;Declive";-24,1557497;-50,97490883
28/05/2025;06:15:00;ARCOVERDE;Ultrapassagem Indevida;Colisão frontal;Com Vítimas Feridas;Pleno dia;Decrescente;Nublado;Simples;Reta;-8,424367;-37,053985
28/05/2025;07:00:00;CURVELO;Velocidade Incompatível;Saída de leito carroçável;Com Vítimas Feridas;Pleno dia;Decrescente;Céu Claro;Simples;"Reta;Declive";-19,1463465;-44,6076044
28/05/2025;07:30:00;TIBAGI;Chuva;Colisão com objeto;Com Vítimas Feridas;Pleno dia;Crescente;Chuva;Dupla;"Declive;Reta";-24,63140865;-50,64034794
28/05/2025;06:15:00;SAPUCAIA;Velocidade Incompatível;Tombamento;Com Vítimas Feridas;Amanhecer;Decrescente;Nublado;Simples;Curva;-21,94312515;-42,82719612
28/05/2025;08:30:00;SAO JOSE DA VITORIA;Velocidade Incompatível;Colisão transversal;Com Vítimas Feridas;Pleno dia;Decrescente;Céu Claro;Simples;Curva;-15,02708;-39,32934