data_inversa;horario;municipio;causa_acidente;tipo_acidente;classificacao_acidente;fase_dia;sentido_via;condicao_metereologica;tipo_pista;tracado_via;latitude;longitude
28/05/2025;13:13:00;VARZEA GRANDE;Ultrapassagem Indevida;Saída de leito carroçável;Sem Vítimas;Pleno dia;Decrescente;Chuva;Simples;Curva;-15,60359023;-56,20420933
28/05/2025;15:55:00;GUARATUBA;Velocidade Incompatível;Tombamento;Com Vítimas Feridas;Pleno dia;Crescente;Céu Claro;Dupla;"Curva;Declive";-25,86894;-48,93386571
28/05/2025;20:15:00;ADRIANOPOLIS;Velocidade Incompatível;Capotamento;Com Vítimas Fatais;Plena Noite;Decrescente;Céu Claro;Simples;"Curva;Declive";-24,77192335;-49,02962135
28/05/2025;11:15:00;CHAPECO;Curva acentuada;Tombamento;Com Vítimas Feridas;Pleno dia;Crescente;Chuva;Dupla;"Interseção de Vias;Ponte;Curva;Aclive;Viaduto";-26,99966344;-52,6462419
28/05/2025;01:20:00;PIMENTA BUENO;Animais na Pista;Atropelamento de Animal;Com Vítimas Feridas;Pleno dia;Crescente;Céu Claro;Simples;"Declive;Reta";-11,64197492;-61,19637815
28/05/2025;05:55:00;MONTES CLAROS;Afundamento ou ondulação no pavimento;Queda de ocupante de veículo;Com Vítimas Feridas;Amanhecer;Decrescente;Céu Claro;Simples;Reta;-16,6586823;-43,7264932
28/05/2025;05:40:00;GUARAPUAVA;Chuva;Saída de leito carroçável;Com Vítimas Feridas;Plena Noite;Decrescente;Chuva;Simples;Curva;-25,412232;-51,5577871
28/05/2025;05:40:00;MATELANDIA;Velocidade Incompatível;Saída de leito carroçável;Com Vítimas Feridas;Amanhecer;Crescente;Chuva;Dupla;"Declive;Curva";-25,25353325;-53,99365637
28/05/2025;06:50:00;CASCAVEL;Velocidade Incompatível;Colisão traseira;Com Vítimas Feridas;Amanhecer;Crescente;Garoa/Chuvisco;Simples;"Reta;Declive";-24,983893;-53,472623
28/05/2025;08:34:00;CONTAGEM;Conversão proibida;Colisão traseira;Com Vítimas Feridas;Pleno dia;Decrescente;Céu Claro;Múltipla;Reta;-19,95910386;-44,06862901
28/05/2025;08:10:00;AGUAS VERMELHAS;Conversão proibida;Colisão transversal;Com Vítimas Feridas;Pleno dia;Crescente;Céu Claro;Simples;Reta;-15,80549;-41,365201
28/05/2025;08:15:00;ITABUNA;Conversão proibida;Colisão lateral mesmo sentido;Com Vítimas Feridas;Pleno dia;Decrescente;Nublado;Simples;Reta;-14,820901;-39,307705
28/05/2025;10:40:00;SAO GONCALO DO AMARANTE;Acumulo de areia ou detritos sobre o pavimento;Queda de ocupante de veículo;Com Vítimas Feridas;Pleno dia;Crescente;Céu Claro;Dupla;Interseção de Vias;-5,75888523;-35,30156672
28/05/2025;06:00:00;CUIABA;Pista Escorregadia;Colisão traseira;Sem Vítimas;Amanhecer;Decrescente;Garoa/Chuvisco;Simples;Reta;-15,613952;-56,1020928
28/05/2025;08:00:00;RONDONOPOLIS;Demais falhas na via;Colisão com objeto;Com Vítimas Feridas;Pleno dia;Crescente;Céu Claro;Simples;Reta;-16,52563224;-54,59106445
28/05/2025;10:30:00;CARDOSO MOREIRA;Retorno proibido;Colisão transversal;Com Vítimas Feridas;Pleno dia;Crescente;Céu Claro;Simples;Curva;-21,51302742;-41,60144202
28/05/2025;14:30:00;GUARULHOS;Acumulo de areia ou detritos sobre o pavimento;Tombamento;Com Vítimas Feridas;Pleno dia;Crescente;Céu Claro;Múltipla;Reta;-23,45539333;-46,47590365
28/05/2025;11:55:00;ARIQUEMES;Pista Escorregadia;Tombamento;Com Vítimas Feridas;Pleno dia;Crescente;Nublado;Simples;"Reta;Aclive";-10,019012;-62,9938
28/05/2025;10:00:00;BALSAS;Ultrapassagem Indevida;Saída de leito carroçável;Com Vítimas Feridas;Pleno dia;Crescente;Céu Claro;Simples;Reta;-7,600432;-46,003513
28/05/2025;15:43:00;CAXIAS DO SUL;Deficiência do Sistema de Iluminação/Sinalização;Atropelamento de Pedestre;Com Vítimas Feridas;Pleno dia;Crescente;Chuva;Dupla;"Reta;Retorno Regulamentado";-29,16206893;-51,15714876
28/05/2025;16:15:00;MAUA DA SERRA;Chuva;Saída de leito carroçável;Com Vítimas Feridas;Pleno dia;Decrescente;Garoa/Chuvisco;Dupla;"Curva;Aclive";-23,936098;-51,166908
28/05/2025;16:40:00;CONSELHEIRO MAIRINCK;Velocidade Incompatível;Saída de leito carroçável;Com Vítimas Feridas;Pleno dia;Decrescente;Chuva;Simples;Interseção de Vias;-23,51072069;-50,1125983
28/05/2025;13:40:00;POCONE;Acumulo de água sobre o pavimento;Saída de leito carroçável;Com Vítimas Feridas;Pleno dia;Crescente;Chuva;Simples;"Curva;Aclive";-15,7790551;-56,61072922
28/05/2025;17:30:00;RIO BRANCO;Conversão proibida;Colisão transversal;Com Vítimas Feridas;Anoitecer;Decrescente;Céu Claro;Dupla;Reta;-10,012675;-67,7658914
28/05/2025;02:00:00;SAO GONCALO;Ausência de sinalização;Colisão lateral mesmo sentido;Com Vítimas Feridas;Plena Noite;Crescente;Céu Claro;Dupla;Reta;-22,79157745;-43,01728813
28/05/2025;19:30:00;RONDONOPOLIS;Chuva;Colisão com objeto;Com Vítimas Feridas;Plena Noite;Crescente;Chuva;Dupla;Reta;-16,39829511;-54,71496105
28/05/2025;20:20:00;BALNEARIO PICARRAS;Velocidade Incompatível;Colisão com objeto;Com Vítimas Feridas;Plena Noite;Decrescente;Céu Claro;Simples;Reta;-26,7965263;-48,67992489
28/05/2025;17:00:00;XAXIM;Ultrapassagem Indevida;Colisão frontal;Com Vítimas Fatais;Pleno dia;Decrescente;Chuva;Simples;"Curva;Aclive";-26,93045;-52,499462
28/05/2025;21:30:00;BOA NOVA;Velocidade Incompatível;Colisão traseira;Com Vítimas Feridas;Plena Noite;Decrescente;Nublado;Simples;"Declive;Reta";-14,304435;-40,318435
28/05/2025;20:00:00;VARZEA GRANDE;Pista Escorregadia;Saída de leito carroçável;Com Vítimas Feridas;Plena Noite;Decrescente;Garoa/Chuvisco;Simples;Reta;-15,5994479;-56,21861177
28/05/2025;08:30:00;CACERES;Chuva;Saída de leito carroçável;Sem Vítimas;Pleno dia;Decrescente;Chuva;Simples;Curva;-16,1339121;-57,2539256
27/05/2025;05:15:00;RESENDE;Velocidade Incompatível;Colisão traseira;Com Vítimas Feridas;Amanhecer;Crescente;Nevoeiro/Neblina;Dupla;Reta;-22,45582772;-44,39762799
27/05/2025;08:12:00;GETULINA;Ultrapassagem Indevida;Colisão lateral mesmo sentido;Com Vítimas Feridas;Pleno dia;Crescente;Céu Claro;Simples;Reta;-21,760795;-49,877021
27/05/2025;10:00:00;JAGUAQUARA;Velocidade Incompatível;Saída de leito carroçável;Com Vítimas Feridas;Pleno dia;Decrescente;Céu Claro;Simples;Reta;-13,5395;-40,0679
27/05/2025;13:00:00;RONDONOPOLIS;Velocidade Incompatível;Tombamento;Com Vítimas Feridas;Pleno dia;Crescente;Céu Claro;Dupla;Rotatória;-16,52300145;-54,646
27/05/2025;09:00:00;CORRENTINA;Velocidade Incompatível;Colisão frontal;Com Vítimas Fatais;Pleno dia;Decrescente;Céu Claro;Simples;Reta;-13,77156552;-46,02790833
27/05/2025;15:30:00;ITAPORANGA DAJUDA;Velocidade Incompatível;Colisão com objeto;Com Vítimas Feridas;Pleno dia;Decrescente;Nublado;Dupla;"Reta;Declive";-11,00393983;-37,3081526
27/05/2025;15:40:00;JURANDA;Ultrapassagem Indevida;Colisão frontal;Com Vítimas Fatais;Pleno dia;Crescente;Céu Claro;Simples;Reta;-24,39244295;-52,79960632
27/05/2025;16:30:00;MIMOSO DO SUL;Fumaça;Incêndio;Sem Vítimas;Pleno dia;Crescente;Céu Claro;Simples;Reta;-21,22106116;-41,30764961
27/05/2025;19:15:00;VENTANIA;Velocidade Incompatível;Tombamento;Com Vítimas Feridas;Plena Noite;Decrescente;Nublado;Simples;"Curva;Declive";-24,228981;-50,227051
27/05/2025;21:00:00;TOLEDO;Acumulo de água sobre o pavimento;Tombamento;Com Vítimas Feridas;Plena Noite;Decrescente;Chuva;Dupla;Reta;-24,72960636;-53,70180747
27/05/2025;13:00:00;SANTA INES;Velocidade Incompatível;Capotamento;Com Vítimas Fatais;Pleno dia;Crescente;Nublado;Simples;Curva;-13,26418193;-39,78453255
27/05/2025;20:07:00;MARQUINHO;Ultrapassagem Indevida;Colisão frontal;Com Vítimas Feridas;Plena Noite;Decrescente;Céu Claro;Simples;Reta;-25,09990125;-52,27140427
27/05/2025;02:15:00;ARCOVERDE;Animais na Pista;Atropelamento de Animal;Com Vítimas Feridas;Plena Noite;Decrescente;Chuva;Simples;Reta;-8,40988522;-37,09456444
27/05/2025;05:30:00;ITAGUAI;Deficiência do Sistema de Iluminação/Sinalização;Colisão transversal;Com Vítimas Feridas;Pleno dia;Crescente;Céu Claro;Dupla;Reta;-22,85889639;-43,75939298
27/05/2025;06:40:00;SOBRAL;Animais na Pista;Atropelamento de Animal;Com Vítimas Feridas;Pleno dia;Decrescente;Céu Claro;Simples;Reta;-3,7185;-40,33271
27/05/2025;07:50:00;RIO DE JANEIRO;Retorno proibido;Colisão transversal;Com Vítimas Feridas;Amanhecer;Decrescente;Céu Claro;Dupla;Reta;-22,89382322;-43,67529837
27/05/2025;08:00:00;SABARA;Conversão proibida;Colisão transversal;Com Vítimas Feridas;Pleno dia;Decrescente;Céu Claro;Simples;"Reta;Viaduto";-19,842108;-43,86654
27/05/2025;11:15:00;BLUMENAU;Conversão proibida;Colisão frontal;Com Vítimas Feridas;Pleno dia;Decrescente;Céu Claro;Simples;Reta;-26,88119623;-49,1656208
27/05/2025;05:00:00;ITAGUAI;Iluminação deficiente;Colisão com objeto;Com Vítimas Feridas;Amanhecer;Decrescente;Ignorado;Dupla;Reta;-22,8592753;-43,75918362
27/05/2025;13:40:00;GUARATUBA;Velocidade Incompatível;Tombamento;Com Vítimas Feridas;Pleno dia;Crescente;Céu Claro;Dupla;Curva;-25,96310874;-48,89750099
27/05/2025;11:30:00;RIO VERDE;Acumulo de areia ou detritos sobre o pavimento;Tombamento;Com Vítimas Feridas;Pleno dia;Decrescente;Céu Claro;Dupla;Reta;-17,82428977;-50,99226097
27/05/2025;17:35:00;RIO DO SUL;Ultrapassagem Indevida;Colisão transversal;Com Vítimas Feridas;Anoitecer;Crescente;Nublado;Simples;Reta;-27,20497898;-49,64076726
27/05/2025;18:00:00;NOVO HAMBURGO;Chuva;Tombamento;Com Vítimas Feridas;Plena Noite;Crescente;Chuva;Dupla;Reta;-29,71386662;-51,14784948
27/05/2025;18:15:00;BELO HORIZONTE;Conversão proibida;Colisão lateral mesmo sentido;Com Vítimas Feridas;Plena Noite;Decrescente;Céu Claro;Simples;Reta;-19,839353;-43,878036
27/05/2025;19:40:00;MAFRA;Ausência de sinalização;Colisão com objeto;Sem Vítimas;Plena Noite;Crescente;Nublado;Simples;"Reta;Aclive";-26,20172146;-49,88053513
27/05/2025;18:35:00;SEABRA;Iluminação deficiente;Atropelamento de Pedestre;Com Vítimas Feridas;Plena Noite;Decrescente;Nublado;Simples;Reta;-12,442735;-41,752936
27/05/2025;10:25:00;AREAL;Velocidade Incompatível;Queda de ocupante de veículo;Com Vítimas Feridas;Pleno dia;Crescente;Nublado;Dupla;Curva;-22,211208;-43,135841
27/05/2025;20:40:00;CABO VERDE;Animais na Pista;Atropelamento de Animal;Com Vítimas Feridas;Plena Noite;Decrescente;Céu Claro;Simples;Reta;-21,447408;-46,417287
27/05/2025;18:00:00;RIO NEGRINHO;Acesso irregular;Colisão lateral mesmo sentido;Com Vítimas Feridas;Anoitecer;Crescente;Nublado;Simples;Reta;-26,24459637;-49,51689863
27/05/2025;19:10:00;CAMPO GRANDE DO PIAUI;Deficiência do Sistema de Iluminação/Sinalização;Colisão traseira;Com Vítimas Feridas;Plena Noite;Decrescente;Céu Claro;Simples;Reta;-7,12883687;-41,07431603
27/05/2025;19:30:00;SOUSA;Animais na Pista;Atropelamento de Animal;Com Vítimas Feridas;Plena Noite;Crescente;Céu Claro;Simples;Reta;-6,781532;-38,266033
27/05/2025;17:10:00;CACERES;Chuva;Saída de leito carroçável;Com Vítimas Feridas;Anoitecer;Decrescente;Chuva;Simples;Reta;-16,065;-57,271
27/05/2025;19:05:00;HERVAL DOESTE;Animais na Pista;Atropelamento de Animal;Com Vítimas Feridas;Plena Noite;Decrescente;Ignorado;Simples;Reta;-27,214573;-51,480475
26/05/2025;07:50:00;UBERLANDIA;Velocidade Incompatível;Tombamento;Com Vítimas Feridas;Amanhecer;Decrescente;Céu Claro;Dupla;"Curva;Declive";-18,7819083;-48,2341617
26/05/2025;09:30:00;CRUZ ALTA;Ultrapassagem Indevida;Colisão frontal;Com Vítimas Fatais;Pleno dia;Crescente;Chuva;Simples;Reta;-28,869941;-53,617156
26/05/2025;08:00:00;FEIRA DE SANTANA;Pista Escorregadia;Tombamento;Com Vítimas Feridas;Pleno dia;Crescente;Céu Claro;Dupla;Reta;-12,2740721;-38,93342033
26/05/2025;18:30:00;SAO JOSE DOS PINHAIS;Iluminação deficiente;Colisão lateral mesmo sentido;Com Vítimas Feridas;Plena Noite;Crescente;Nublado;Dupla;Reta;-25,56868422;-49,00306284
26/05/2025;21:10:00;SAPUCAIA;Conversão proibida;Colisão traseira;Com Vítimas Feridas;Plena Noite;Crescente;Céu Claro;Dupla;Reta;-21,95987719;-42,85871962
26/05/2025;23:05:00;NAVEGANTES;Velocidade Incompatível;Tombamento;Com Vítimas Feridas;Plena Noite;Decrescente;Céu Claro;Dupla;Reta;-26,840268;-48,714635
26/05/2025;19:50:00;MIRANDA DO NORTE;Ultrapassagem Indevida;Colisão frontal;Com Vítimas Feridas;Plena Noite;Crescente;Céu Claro;Simples;Reta;-3,510429;-44,54973
26/05/2025;19:40:00;SIMOLANDIA;Falta de acostamento;Tombamento;Sem Vítimas;Plena Noite;Crescente;Céu Claro;Simples;Reta;-14,41676225;-46,652908
26/05/2025;12:35:00;FEIRA DE SANTANA;Acesso irregular;Colisão transversal;Com Vítimas Feridas;Pleno dia;Crescente;Céu Claro;Simples;Reta;-12,27015407;-38,9346398
26/05/2025;00:55:00;BALNEARIO CAMBORIU;Velocidade Incompatível;Saída de leito carroçável;Com Vítimas Feridas;Plena Noite;Decrescente;Céu Claro;Dupla;Reta;-26,995686;-48,656863
26/05/2025;05:00:00;NOVA MUTUM;Animais na Pista;Atropelamento de Animal;Com Vítimas Feridas;Amanhecer;Decrescente;Céu Claro;Dupla;Reta;-14,049092;-56,097207
26/05/2025;03:56:00;RECIFE;Chuva;Colisão com objeto;Sem Vítimas;Plena Noite;Crescente;Chuva;Dupla;Ponte;-8,02314;-34,94279
26/05/2025;06:30:00;GOVERNADOR VALADARES;Animais na Pista;Tombamento;Com Vítimas Feridas;Pleno dia;Decrescente;Céu Claro;Simples;Reta;-18,88659482;-41,94610508
26/05/2025;08:18:00;AGUAS LINDAS DE GOIAS;Retorno proibido;Colisão frontal;Com Vítimas Feridas;Pleno dia;Decrescente;Céu Claro;Dupla;Reta;-15,75453308;-48,34349155
26/05/2025;07:00:00;SANTA RITA DE MINAS;Conversão proibida;Colisão transversal;Com Vítimas Feridas;Pleno dia;Decrescente;Céu Claro;Simples;Reta;-19,872275;-42,132942
26/05/2025;08:50:00;FOZ DO IGUACU;Ultrapassagem Indevida;Colisão lateral mesmo sentido;Com Vítimas Feridas;Pleno dia;Crescente;Céu Claro;Dupla;"Ponte;Reta";-25,50948629;-54,59854674
26/05/2025;08:00:00;ICARA;Condutor usando celular;Saída de leito carroçável;Sem Vítimas;Pleno dia;Decrescente;Céu Claro;Dupla;Reta;-28,710883;-49,212871
26/05/2025;07:30:00;LONDRINA;Velocidade Incompatível;Colisão traseira;Com Vítimas Feridas;Pleno dia;Decrescente;Céu Claro;Dupla;Reta;-23,29670272;-51,1919531
26/05/2025;11:10:00;NISIA FLORESTA;Velocidade Incompatível;Queda de ocupante de veículo;Com Vítimas Feridas;Pleno dia;Crescente;Céu Claro;Dupla;Reta;-6,1117;-35,233742
26/05/2025;06:45:00;JAGUAQUARA;Ultrapassagem Indevida;Capotamento;Com Vítimas Fatais;Pleno dia;Decrescente;Nublado;Simples;"Reta;Aclive";-13,428277;-40,028059
26/05/2025;07:40:00;IMPERATRIZ;Ultrapassagem Indevida;Colisão frontal;Com Vítimas Feridas;Pleno dia;Crescente;Céu Claro;Simples;Aclive;-5,330582;-47,490078
26/05/2025;11:45:00;CRISTIANO OTONI;Conversão proibida;Colisão traseira;Com Vítimas Feridas;Pleno dia;Decrescente;Céu Claro;Simples;"Declive;Reta";-20,8349649;-43,8044466
26/05/2025;10:00:00;RIO BRANCO;Retorno proibido;Colisão transversal;Com Vítimas Feridas;Pleno dia;Decrescente;Céu Claro;Dupla;Reta;-9,97921653;-67,84832239
26/05/2025;11:45:00;JUQUITIBA;Animais na Pista;Atropelamento de Animal;Com Vítimas Feridas;Pleno dia;Crescente;Sol;Dupla;"Reta;Declive";-23,93353684;-47,01718407
26/05/2025;13:30:00;FEIRA DE SANTANA;Acesso irregular;Colisão lateral sentido oposto;Com Vítimas Feridas;Pleno dia;Decrescente;Céu Claro;Simples;Reta;-12,25430415;-38,93274518
26/05/2025;15:00:00;BRASILIA;Velocidade Incompatível;Engavetamento;Com Vítimas Feridas;Pleno dia;Crescente;Céu Claro;Dupla;"Reta;Aclive";-15,60201955;-47,68240213
26/05/2025;17:45:00;LARANJEIRAS DO SUL;Ultrapassagem Indevida;Colisão frontal;Com Vítimas Feridas;Anoitecer;Decrescente;Céu Claro;Simples;"Reta;Aclive";-25,379105;-52,398463
26/05/2025;18:15:00;PATO BRANCO;Acesso irregular;Colisão frontal;Com Vítimas Feridas;Plena Noite;Crescente;Céu Claro;Simples;Reta;-26,27078986;-52,71465218
26/05/2025;18:00:00;BRASILIA;Velocidade Incompatível;Saída de leito carroçável;Com Vítimas Feridas;Plena Noite;Crescente;Céu Claro;Simples;Curva;-15,60507797;-48,19751193
26/05/2025;18:05:00;PONTES E LACERDA;Conversão proibida;Colisão lateral mesmo sentido;Com Vítimas Feridas;Plena Noite;Crescente;Sol;Simples;Reta;-15,244465;-59,31596303
26/05/2025;19:30:00;PALMEIRA DOS INDIOS;Deficiência do Sistema de Iluminação/Sinalização;Colisão traseira;Com Vítimas Feridas;Plena Noite;Crescente;Nublado;Simples;Reta;-9,42494172;-36,63060665
26/05/2025;20:30:00;SAO GONCALO DO RIO ABAIXO;Velocidade Incompatível;Capotamento;Com Vítimas Feridas;Plena Noite;Crescente;Céu Claro;Simples;"Curva;Declive";-19,857031;-43,219462
26/05/2025;22:20:00;SAO LEOPOLDO;Chuva;Colisão transversal;Com Vítimas Feridas;Plena Noite;Decrescente;Chuva;Dupla;Curva;-29,788294;-51,1628127
26/05/2025;18:50:00;JUQUITIBA;Acumulo de areia ou detritos sobre o pavimento;Eventos atípicos;Sem Vítimas;Plena Noite;Crescente;Céu Claro;Dupla;Reta;-23,93333827;-47,07923349
26/05/2025;20:30:00;RORAINOPOLIS;Ausência de sinalização;Saída de leito carroçável;Sem Vítimas;Plena Noite;Crescente;Nevoeiro/Neblina;Simples;"Declive;Reta";-0,2318008;-61,0645133
26/05/2025;09:00:00;NOVA IGUACU;Ultrapassagem Indevida;Colisão lateral mesmo sentido;Com Vítimas Feridas;Pleno dia;Crescente;Céu Claro;Dupla;Reta;-22,737781;-43,48795128
26/05/2025;01:00:00;RIBAS DO RIO PARDO;Animais na Pista;Capotamento;Sem Vítimas;Plena Noite;Crescente;Céu Claro;Simples;Curva;-20,4537144;-53,80708694
26/05/2025;07:00:00;TROMBUDO CENTRAL;Ultrapassagem Indevida;Colisão frontal;Com Vítimas Feridas;Pleno dia;Crescente;Nublado;Simples;Reta;-27,285469;-49,800056
25/05/2025;06:00:00;SENHOR DO BONFIM;Ultrapassagem Indevida;Colisão frontal;Com Vítimas Feridas;Pleno dia;Crescente;Chuva;Simples;Reta;-10,636242;-40,129977
25/05/2025;10:30:00;MURIAE;Ultrapassagem Indevida;Colisão lateral mesmo sentido;Com Vítimas Feridas;Pleno dia;Crescente;Céu Claro;Simples;Reta;-21,1464504;-42,3813478
25/05/2025;09:40:00;CACHOEIRA DE PAJEU;Pista Escorregadia;Colisão traseira;Com Vítimas Feridas;Pleno dia;Crescente;Nublado;Simples;"Reta;Declive";-15,949492;-41,4026722
25/05/2025;16:35:00;MANHUACU;Ultrapassagem Indevida;Colisão lateral sentido oposto;Com Vítimas Feridas;Pleno dia;Crescente;Céu Claro;Simples;"Reta;Aclive";-20,15137116;-42,18556023
25/05/2025;18:30:00;RIACHAO DO JACUIPE;Iluminação deficiente;Colisão lateral sentido oposto;Com Vítimas Feridas;Plena Noite;Decrescente;Nublado;Simples;Reta;-11,76821746;-39,45808411
25/05/2025;15:50:00;SOBRAL;Acumulo de água sobre o pavimento;Saída de leito carroçável;Com Vítimas Feridas;Pleno dia;Crescente;Chuva;Simples;Rotatória;-3,69553019;-40,38150279
25/05/2025;23:50:00;IRACEMINHA;Velocidade Incompatível;Derramamento de carga;Com Vítimas Feridas;Plena Noite;Crescente;Céu Claro;Simples;Reta;-26,82119843;-53,38296533
25/05/2025;04:10:00;PORTO VELHO;Velocidade Incompatível;Capotamento;Sem Vítimas;Plena Noite;Decrescente;Céu Claro;Dupla;"Reta;Declive";-8,8002905;-63,7617689
25/05/2025;06:30:00;PATOS;Acumulo de água sobre o pavimento;Colisão frontal;Com Vítimas Feridas;Pleno dia;Decrescente;Chuva;Simples;Reta;-6,986057;-37,32828
25/05/2025;07:20:00;CAPIVARI DE BAIXO;Acumulo de água sobre o pavimento;Colisão com objeto;Com Vítimas Feridas;Amanhecer;Crescente;Chuva;Dupla;"Em Obras;Reta";-28,44771788;-48,96915285
25/05/2025;07:30:00;LUZIANIA;Velocidade Incompatível;Colisão traseira;Sem Vítimas;Pleno dia;Decrescente;Céu Claro;Dupla;Reta;-16,168614;-47,930144
25/05/2025;03:11:00;NOVA MUTUM;Deficiência do Sistema de Iluminação/Sinalização;Capotamento;Com Vítimas Feridas;Plena Noite;Decrescente;Céu Claro;Dupla;"Desvio Temporário;Em Obras;Reta";-14,14620753;-56,09986201
25/05/2025;08:05:00;MACAIBA;Acesso irregular;Colisão transversal;Com Vítimas Feridas;Pleno dia;Decrescente;Chuva;Dupla;"Reta;Em Obras";-5,86530752;-35,35292161
25/05/2025;10:15:00;SAO PAULO;Velocidade Incompatível;Queda de ocupante de veículo;Com Vítimas Feridas;Pleno dia;Decrescente;Sol;Dupla;Curva;-23,39192991;-46,57091886
25/05/2025;08:00:00;PALHOCA;Velocidade Incompatível;Saída de leito carroçável;Sem Vítimas;Pleno dia;Crescente;Chuva;Dupla;Reta;-27,84396778;-48,63526091
25/05/2025;10:40:00;ANAPOLIS;Afundamento ou ondulação no pavimento;Tombamento;Com Vítimas Feridas;Pleno dia;Decrescente;Céu Claro;Dupla;Reta;-16,373648;-48,94461
25/05/2025;09:20:00;ALAGOINHAS;Ultrapassagem Indevida;Saída de leito carroçável;Com Vítimas Feridas;Pleno dia;Decrescente;Céu Claro;Simples;"Reta;Aclive";-12,161646;-38,48948
25/05/2025;11:15:00;SAO JOSE;Pista Escorregadia;Queda de ocupante de veículo;Com Vítimas Feridas;Pleno dia;Crescente;Chuva;Simples;Retorno Regulamentado;-27,584686;-48,616835
25/05/2025;14:00:00;ARACRUZ;Conversão proibida;Colisão transversal;Com Vítimas Feridas;Pleno dia;Crescente;Céu Claro;Simples;"Reta;Declive";-19,70218142;-40,32486602
25/05/2025;11:55:00;PIMENTA BUENO;Acumulo de água sobre o pavimento;Saída de leito carroçável;Sem Vítimas;Pleno dia;Crescente;Chuva;Simples;Reta;-11,590718;-61,251572
25/05/2025;08:30:00;VILHENA;Velocidade Incompatível;Queda de ocupante de veículo;Com Vítimas Feridas;Pleno dia;Decrescente;Sol;Simples;Reta;-12,38472334;-60,61794341
25/05/2025;13:50:00;IGARASSU;Animais na Pista;Atropelamento de Animal;Com Vítimas Feridas;Pleno dia;Crescente;Céu Claro;Dupla;Reta;-7,854415;-34,908822
25/05/2025;14:00:00;CANUDOS;Animais na Pista;Saída de leito carroçável;Com Vítimas Feridas;Pleno dia;Decrescente;Céu Claro;Simples;Reta;-9,86533465;-39,16260322
25/05/2025;13:40:00;ANGRA DOS REIS;Conversão proibida;Colisão transversal;Com Vítimas Feridas;Pleno dia;Crescente;Céu Claro;Simples;"Interseção de Vias;Ponte;Curva";-23,01749085;-44,52963559
25/05/2025;19:15:00;MACAIBA;Ultrapassagem Indevida;Queda de ocupante de veículo;Com Vítimas Feridas;Plena Noite;Decrescente;Céu Claro;Simples;Reta;-5,85485229;-35,32962799
25/05/2025;18:35:00;UBATUBA;Velocidade Incompatível;Tombamento;Com Vítimas Feridas;Plena Noite;Crescente;Céu Claro;Simples;Rotatória;-23,46316222;-45,06448952
25/05/2025;20:03:00;ABADIANIA;Ultrapassagem Indevida;Colisão frontal;Com Vítimas Feridas;Plena Noite;Decrescente;Céu Claro;Simples;Aclive;-16,152932;-48,88906
25/05/2025;19:05:00;PICOS;Animais na Pista;Atropelamento de Animal;Com Vítimas Feridas;Plena Noite;Decrescente;Céu Claro;Dupla;Reta;-7,08385788;-41,40953064
25/05/2025;15:40:00;SOBRAL;Acumulo de água sobre o pavimento;Saída de leito carroçável;Com Vítimas Feridas;Pleno dia;Crescente;Chuva;Simples;Reta;-3,71020871;-40,41683285
25/05/2025;19:50:00;PILAR;Ultrapassagem Indevida;Colisão lateral sentido oposto;Com Vítimas Feridas;Plena Noite;Decrescente;Nublado;Simples;Reta;-9,57675068;-35,96304025
25/05/2025;17:25:00;JEQUIA DA PRAIA;Velocidade Incompatível;Capotamento;Com Vítimas Feridas;Anoitecer;Crescente;Nublado;Dupla;"Curva;Declive";-9,886377;-36,137849
25/05/2025;19:00:00;OEIRAS;Acesso irregular;Colisão transversal;Com Vítimas Feridas;Plena Noite;Decrescente;Céu Claro;Simples;Reta;-6,982728;-42,065967
25/05/2025;20:15:00;VERANOPOLIS;Conversão proibida;Colisão transversal;Com Vítimas Feridas;Plena Noite;Decrescente;Garoa/Chuvisco;Simples;"Interseção de Vias;Reta";-28,94086038;-51,54800755
25/05/2025;19:20:00;PANELAS;Pista esburacada;Queda de ocupante de veículo;Com Vítimas Fatais;Plena Noite;Crescente;Chuva;Simples;Ponte;-8,640435;-36,015344
25/05/2025;21:00:00;SIMOES FILHO;Velocidade Incompatível;Capotamento;Com Vítimas Feridas;Plena Noite;Crescente;Nublado;Dupla;Reta;-12,82509782;-38,40959787
25/05/2025;08:00:00;CARUARU;Acumulo de água sobre o pavimento;Tombamento;Com Vítimas Feridas;Pleno dia;Crescente;Chuva;Simples;Reta;-8,316127;-36,05114
25/05/2025;18:10:00;JEQUIE;Deficiência do Sistema de Iluminação/Sinalização;Colisão traseira;Com Vítimas Feridas;Plena Noite;Decrescente;Céu Claro;Simples;Reta;-13,924676;-40,003007
24/05/2025;02:15:00;LEOPOLDINA;Velocidade Incompatível;Tombamento;Com Vítimas Feridas;Amanhecer;Crescente;Céu Claro;Simples;"Curva;Declive";-21,590855;-42,687069
24/05/2025;02:30:00;ANTONIO DIAS;Velocidade Incompatível;Tombamento;Com Vítimas Fatais;Plena Noite;Decrescente;Céu Claro;Dupla;"Reta;Declive";-19,62218525;-42,85438299
24/05/2025;04:00:00;FRANCISCO SA;Velocidade Incompatível;Saída de leito carroçável;Com Vítimas Feridas;Amanhecer;Crescente;Céu Claro;Simples;"Curva;Declive";-16,46743;-43,43987
24/05/2025;10:20:00;FERVEDOURO;Conversão proibida;Colisão lateral mesmo sentido;Com Vítimas Fatais;Pleno dia;Crescente;Nublado;Simples;"Curva;Aclive";-20,661214;-42,267399