data_inversa;horario;municipio;causa_acidente;tipo_acidente;classificacao_acidente;fase_dia;sentido_via;condicao_metereologica;tipo_pista;tracado_via;latitude;longitude
24/05/2025;16:58:00;CARUARU;Acumulo de água sobre o pavimento;Colisão lateral sentido oposto;Com Vítimas Fatais;Plena Noite;Crescente;Chuva;Simples;"Reta;Declive";-8,36036036;-35,9860212
24/05/2025;16:15:00;JUAZEIRO;Ultrapassagem Indevida;Colisão lateral mesmo sentido;Sem Vítimas;Pleno dia;Decrescente;Céu Claro;Simples;Reta;-9,42346;-40,50659
24/05/2025;12:35:00;SINOP;Ultrapassagem Indevida;Colisão lateral sentido oposto;Com Vítimas Feridas;Pleno dia;Decrescente;Céu Claro;Simples;"Reta;Aclive";-11,60308;-55,42807
24/05/2025;02:25:00;ARUJA;Velocidade Incompatível;Saída de leito carroçável;Sem Vítimas;Plena Noite;Decrescente;Nublado;Dupla;Reta;-23,39777553;-46,29400673
24/05/2025;04:35:00;ITAMARAJU;Velocidade Incompatível;Atropelamento de Pedestre;Com Vítimas Fatais;Plena Noite;Decrescente;Nublado;Simples;Reta;-17,024785;-39,54044
24/05/2025;05:45:00;SAO JOSE;Velocidade Incompatível;Saída de leito carroçável;Sem Vítimas;Amanhecer;Decrescente;Nublado;Múltipla;Curva;-27,58357951;-48,61542882
24/05/2025;04:30:00;CURITIBA;Velocidade Incompatível;Colisão lateral mesmo sentido;Sem Vítimas;Plena Noite;Decrescente;Nublado;Dupla;Reta;-25,43065454;-49,32797877
24/05/2025;07:20:00;SERRA;Acumulo de água sobre o pavimento;Queda de ocupante de veículo;Com Vítimas Feridas;Pleno dia;Crescente;Chuva;Dupla;Reta;-20,22724888;-40,28426988
24/05/2025;05:30:00;UBERLANDIA;Velocidade Incompatível;Saída de leito carroçável;Sem Vítimas;Amanhecer;Crescente;Céu Claro;Simples;"Reta;Aclive";-18,90746389;-48,16725969
24/05/2025;08:00:00;RIACHAO DO POCO;Acumulo de areia ou detritos sobre o pavimento;Tombamento;Com Vítimas Feridas;Pleno dia;Decrescente;Céu Claro;Dupla;Retorno Regulamentado;-7,1878656;-35,2828873
24/05/2025;08:10:00;MORRETES;Velocidade Incompatível;Saída de leito carroçável;Sem Vítimas;Pleno dia;Decrescente;Chuva;Dupla;Reta;-25,53724744;-48,76703231
24/05/2025;09:00:00;SALVADOR;Velocidade Incompatível;Colisão traseira;Com Vítimas Feridas;Pleno dia;Crescente;Chuva;Dupla;Reta;-12,9311919;-38,4713261
24/05/2025;08:24:00;ROSARIO OESTE;Curva acentuada;Saída de leito carroçável;Com Vítimas Feridas;Pleno dia;Crescente;Céu Claro;Simples;Curva;-14,909488;-56,469638
24/05/2025;09:30:00;PARAIBA DO SUL;Acesso irregular;Colisão frontal;Sem Vítimas;Pleno dia;Decrescente;Nublado;Simples;Curva;-22,14320584;-43,28474569
24/05/2025;10:20:00;GOVERNADOR VALADARES;Retorno proibido;Colisão transversal;Com Vítimas Feridas;Pleno dia;Decrescente;Céu Claro;Simples;Reta;-18,875336;-41,964995
24/05/2025;09:00:00;CACHOEIRO DE ITAPEMIRIM;Velocidade Incompatível;Queda de ocupante de veículo;Com Vítimas Feridas;Pleno dia;Crescente;Nublado;Simples;Reta;-20,82809834;-41,20438814
24/05/2025;09:50:00;CARLOS BARBOSA;Velocidade Incompatível;Queda de ocupante de veículo;Com Vítimas Feridas;Pleno dia;Decrescente;Nublado;Simples;"Aclive;Curva";-29,330676;-51,498622
24/05/2025;12:00:00;CARUARU;Ultrapassagem Indevida;Colisão frontal;Com Vítimas Fatais;Pleno dia;Decrescente;Céu Claro;Simples;Curva;-8,33572;-35,98023
24/05/2025;11:00:00;ANCHIETA;Chuva;Tombamento;Com Vítimas Fatais;Pleno dia;Decrescente;Chuva;Dupla;Reta;-20,674307;-40,664595
24/05/2025;10:00:00;CAMPINA GRANDE DO SUL;Chuva;Saída de leito carroçável;Com Vítimas Feridas;Pleno dia;Decrescente;Chuva;Dupla;Curva;-25,11261;-48,804159
24/05/2025;14:10:00;ARAQUARI;Velocidade Incompatível;Saída de leito carroçável;Com Vítimas Feridas;Pleno dia;Crescente;Chuva;Dupla;Curva;-26,43816871;-48,80381797
24/05/2025;16:05:00;URUGUAIANA;Velocidade Incompatível;Saída de leito carroçável;Com Vítimas Feridas;Pleno dia;Crescente;Chuva;Simples;Reta;-29,878423;-56,778203
24/05/2025;14:30:00;NOVA IGUACU;Acesso irregular;Colisão transversal;Com Vítimas Feridas;Pleno dia;Decrescente;Nublado;Simples;Reta;-22,85778417;-43,60137686
24/05/2025;14:45:00;CRICIUMA;Velocidade Incompatível;Tombamento;Com Vítimas Fatais;Pleno dia;Crescente;Nublado;Múltipla;"Curva;Aclive";-28,800233;-49,363508
24/05/2025;18:40:00;QUIXABEIRA;Animais na Pista;Atropelamento de Animal;Com Vítimas Fatais;Plena Noite;Decrescente;Céu Claro;Simples;Reta;-11,253983;-40,024178
24/05/2025;19:50:00;MORRETES;Velocidade Incompatível;Colisão com objeto;Sem Vítimas;Plena Noite;Crescente;Garoa/Chuvisco;Múltipla;"Curva;Aclive";-25,57099924;-48,83951632
24/05/2025;21:00:00;JOINVILLE;Velocidade Incompatível;Colisão com objeto;Sem Vítimas;Plena Noite;Decrescente;Chuva;Dupla;"Curva;Aclive;Viaduto";-26,31472305;-48,87347309
24/05/2025;22:00:00;SAO JOSE;Chuva;Colisão com objeto;Com Vítimas Feridas;Pleno dia;Crescente;Chuva;Simples;"Curva;Declive";-27,58467594;-48,61662626
24/05/2025;18:10:00;MURICI;Chuva;Colisão lateral mesmo sentido;Com Vítimas Fatais;Plena Noite;Crescente;Chuva;Simples;Reta;-9,31482359;-35,93186472
24/05/2025;19:00:00;BONFIM;Velocidade Incompatível;Colisão traseira;Com Vítimas Fatais;Plena Noite;Crescente;Céu Claro;Simples;Reta;3,372132;-59,832792
24/05/2025;22:20:00;NOSSA SENHORA DO LIVRAMENTO;Conversão proibida;Colisão frontal;Com Vítimas Fatais;Plena Noite;Decrescente;Céu Claro;Simples;Reta;-15,67927;-56,29342
24/05/2025;23:40:00;GOVERNADOR VALADARES;Ultrapassagem Indevida;Colisão frontal;Com Vítimas Feridas;Plena Noite;Decrescente;Céu Claro;Simples;Reta;-18,90404866;-41,94332906
24/05/2025;13:20:00;MIRASSOL DOESTE;Acumulo de areia ou detritos sobre o pavimento;Colisão com objeto;Sem Vítimas;Pleno dia;Crescente;Sol;Simples;Curva;-15,81731841;-58,0883113
23/05/2025;00:25:00;MACAPA;Animais na Pista;Atropelamento de Animal;Sem Vítimas;Plena Noite;Crescente;Céu Claro;Simples;Reta;0,107254;-51,1265705
23/05/2025;01:45:00;CAMPINA GRANDE DO SUL;Pista Escorregadia;Colisão lateral mesmo sentido;Com Vítimas Feridas;Plena Noite;Crescente;Garoa/Chuvisco;Dupla;"Curva;Declive";-25,3048178;-48,9461953
23/05/2025;06:10:00;JOINVILLE;Chuva;Colisão lateral mesmo sentido;Com Vítimas Feridas;Pleno dia;Crescente;Chuva;Dupla;Curva;-26,38862559;-48,84046046
23/05/2025;10:50:00;CONGONHAS;Retorno proibido;Colisão transversal;Com Vítimas Feridas;Pleno dia;Decrescente;Céu Claro;Simples;Reta;-20,4768299;-43,8424237
23/05/2025;13:20:00;RANCHO QUEIMADO;Ultrapassagem Indevida;Colisão frontal;Com Vítimas Feridas;Pleno dia;Crescente;Nublado;Simples;Curva;-27,696409;-49,044495
23/05/2025;14:30:00;PETROPOLIS;Velocidade Incompatível;Engavetamento;Com Vítimas Feridas;Pleno dia;Decrescente;Chuva;Simples;Curva;-22,47544425;-43,21781158
23/05/2025;17:30:00;BLUMENAU;Ultrapassagem Indevida;Colisão lateral mesmo sentido;Com Vítimas Feridas;Plena Noite;Crescente;Chuva;Simples;Retorno Regulamentado;-26,8627593;-49,0919005
23/05/2025;15:00:00;ESTANCIA;Curva acentuada;Tombamento;Sem Vítimas;Pleno dia;Crescente;Céu Claro;Simples;"Curva;Declive";-11,28787;-37,46743
23/05/2025;17:40:00;LARANJEIRAS DO SUL;Velocidade Incompatível;Tombamento;Com Vítimas Feridas;Anoitecer;Decrescente;Céu Claro;Simples;"Reta;Declive";-25,371;-52,301
23/05/2025;20:30:00;SALVADOR DAS MISSOES;Ultrapassagem Indevida;Colisão frontal;Com Vítimas Feridas;Plena Noite;Crescente;Nublado;Simples;Reta;-28,122215;-54,852921
23/05/2025;17:00:00;PARNAMIRIM;Deficiência do Sistema de Iluminação/Sinalização;Colisão frontal;Com Vítimas Fatais;Anoitecer;Crescente;Céu Claro;Simples;Aclive;-8,040658;-39,70629
23/05/2025;13:00:00;RONDON DO PARA;Velocidade Incompatível;Saída de leito carroçável;Com Vítimas Feridas;Pleno dia;Decrescente;Sol;Simples;"Curva;Declive";-4,652755;-47,920199
23/05/2025;14:30:00;MARECHAL FLORIANO;Velocidade Incompatível;Colisão frontal;Com Vítimas Feridas;Pleno dia;Crescente;Chuva;Simples;Curva;-20,385432;-40,65275
23/05/2025;01:20:00;PARATY;Animais na Pista;Atropelamento de Animal;Com Vítimas Feridas;Plena Noite;Crescente;Nublado;Simples;Reta;-23,21234013;-44,73428857
23/05/2025;05:15:00;RIO NEGRINHO;Pista Escorregadia;Tombamento;Com Vítimas Feridas;Plena Noite;Decrescente;Céu Claro;Simples;Reta;-26,24312573;-49,51299604
23/05/2025;04:45:00;PERDIZES;Neblina;Saída de leito carroçável;Com Vítimas Feridas;Amanhecer;Decrescente;Céu Claro;Simples;Reta;-19,61824394;-47,34140754
23/05/2025;06:58:00;LINHARES;Acesso irregular;Colisão transversal;Com Vítimas Feridas;Pleno dia;Crescente;Céu Claro;Simples;Interseção de Vias;-19,34935256;-40,06310916
23/05/2025;06:00:00;MAGE;Conversão proibida;Colisão lateral mesmo sentido;Com Vítimas Feridas;Pleno dia;Decrescente;Céu Claro;Dupla;Reta;-22,66359107;-43,03955197
23/05/2025;08:00:00;ILHEUS;Velocidade Incompatível;Colisão traseira;Com Vítimas Feridas;Pleno dia;Crescente;Garoa/Chuvisco;Simples;Curva;-14,782745;-39,243545
23/05/2025;08:40:00;PETROPOLIS;Conversão proibida;Colisão transversal;Com Vítimas Feridas;Pleno dia;Decrescente;Sol;Dupla;Curva;-22,40850377;-43,14628813
23/05/2025;06:52:00;POCOS DE CALDAS;Conversão proibida;Colisão transversal;Com Vítimas Fatais;Pleno dia;Crescente;Céu Claro;Simples;"Reta;Declive;Interseção de Vias";-21,806547;-46,4904781
23/05/2025;11:00:00;ANGRA DOS REIS;Animais na Pista;Atropelamento de Animal;Com Vítimas Feridas;Pleno dia;Crescente;Chuva;Simples;Curva;-22,99189869;-44,23301697
23/05/2025;11:15:00;MANGARATIBA;Chuva;Colisão lateral sentido oposto;Com Vítimas Feridas;Pleno dia;Decrescente;Chuva;Simples;"Curva;Declive";-22,93771409;-44,04722638
23/05/2025;13:35:00;SERRA;Retorno proibido;Colisão transversal;Com Vítimas Feridas;Pleno dia;Decrescente;Céu Claro;Dupla;"Reta;Declive";-20,140411;-40,2923
23/05/2025;12:46:00;TAQUARITINGA DO NORTE;Desvio temporário;Colisão transversal;Com Vítimas Feridas;Pleno dia;Crescente;Sol;Simples;"Em Obras;Desvio Temporário;Curva";-7,95746;-36,128293
23/05/2025;16:20:00;AREAL;Velocidade Incompatível;Saída de leito carroçável;Com Vítimas Feridas;Pleno dia;Decrescente;Céu Claro;Dupla;Curva;-22,26745345;-43,10975075
23/05/2025;18:01:00;MARINGA;Velocidade Incompatível;Colisão traseira;Com Vítimas Feridas;Anoitecer;Crescente;Céu Claro;Dupla;Reta;-23,42293;-51,90424
23/05/2025;14:40:00;JOINVILLE;Pista Escorregadia;Tombamento;Com Vítimas Feridas;Pleno dia;Crescente;Chuva;Simples;"Viaduto;Interseção de Vias;Rotatória";-26,29659352;-48,88428776
23/05/2025;18:15:00;NOVA LIMA;Velocidade Incompatível;Saída de leito carroçável;Com Vítimas Feridas;Plena Noite;Decrescente;Céu Claro;Dupla;"Curva;Declive";-20,04377646;-43,96420598
23/05/2025;19:51:00;CURRAIS NOVOS;Animais na Pista;Atropelamento de Animal;Com Vítimas Feridas;Pleno dia;Crescente;Céu Claro;Simples;Reta;-6,29;-36,523
23/05/2025;17:40:00;SANTA LUZIA;Fumaça;Saída de leito carroçável;Com Vítimas Feridas;Anoitecer;Crescente;Céu Claro;Simples;"Reta;Declive";-19,821762;-43,812628
23/05/2025;20:40:00;BEZERROS;Acumulo de areia ou detritos sobre o pavimento;Saída de leito carroçável;Com Vítimas Feridas;Plena Noite;Decrescente;Céu Claro;Simples;"Em Obras;Reta;Declive";-8,243356;-35,752484
23/05/2025;19:00:00;ITAQUIRAI;Deficiência do Sistema de Iluminação/Sinalização;Colisão traseira;Com Vítimas Feridas;Plena Noite;Decrescente;Céu Claro;Simples;Reta;-23,246752;-54,219516
23/05/2025;23:45:00;CABROBO;Animais na Pista;Atropelamento de Animal;Sem Vítimas;Plena Noite;Crescente;Céu Claro;Simples;"Reta;Ponte";-8,498695;-39,356992
23/05/2025;17:30:00;PIRAI;Pista Escorregadia;Colisão com objeto;Com Vítimas Feridas;Anoitecer;Decrescente;Chuva;Simples;"Curva;Declive";-22,67000637;-43,83792758
22/05/2025;11:30:00;PIO XII;Pista esburacada;Colisão traseira;Com Vítimas Feridas;Pleno dia;Decrescente;Céu Claro;Simples;"Reta;Ponte";-3,808843;-45,197882
22/05/2025;09:30:00;CARMO DA CACHOEIRA;Animais na Pista;Colisão traseira;Com Vítimas Feridas;Pleno dia;Crescente;Céu Claro;Dupla;Reta;-21,5387161;-45,2360676
22/05/2025;13:51:00;IGARASSU;Retorno proibido;Colisão lateral mesmo sentido;Sem Vítimas;Pleno dia;Crescente;Céu Claro;Múltipla;Aclive;-7,8382014;-34,9121607
22/05/2025;12:40:00;TAUBATE;Ultrapassagem Indevida;Colisão lateral mesmo sentido;Com Vítimas Feridas;Pleno dia;Decrescente;Céu Claro;Dupla;"Declive;Reta";-23,06421136;-45,62995702
22/05/2025;16:00:00;BETIM;Velocidade Incompatível;Colisão traseira;Com Vítimas Feridas;Pleno dia;Crescente;Céu Claro;Múltipla;Reta;-19,9635414;-44,1692594
22/05/2025;09:00:00;BROTAS DE MACAUBAS;Curva acentuada;Capotamento;Com Vítimas Feridas;Pleno dia;Decrescente;Céu Claro;Simples;Curva;-12,43766615;-42,34474182
22/05/2025;13:20:00;AGUA BOA;Acostamento em desnível;Tombamento;Com Vítimas Feridas;Pleno dia;Crescente;Céu Claro;Simples;Reta;-13,9234039;-52,09545135
22/05/2025;18:00:00;SARANDI;Acesso irregular;Colisão transversal;Com Vítimas Feridas;Anoitecer;Decrescente;Céu Claro;Múltipla;Reta;-23,4472502;-51,8609042
22/05/2025;17:45:00;NOVA SANTA RITA;Demais falhas na via;Colisão traseira;Com Vítimas Feridas;Plena Noite;Crescente;Céu Claro;Dupla;Reta;-29,86109203;-51,25614742
22/05/2025;16:35:00;SAO JOAO DO MANHUACU;Velocidade Incompatível;Tombamento;Com Vítimas Feridas;Pleno dia;Decrescente;Nublado;Simples;Curva;-20,341341;-42,147255
22/05/2025;17:45:00;ARAGUARI;Velocidade Incompatível;Colisão traseira;Com Vítimas Feridas;Pleno dia;Decrescente;Céu Claro;Dupla;Reta;-18,6933301;-48,1813324
22/05/2025;12:25:00;LAPA;Pista Escorregadia;Colisão lateral sentido oposto;Com Vítimas Feridas;Pleno dia;Decrescente;Chuva;Simples;"Declive;Curva";-25,7316522;-49,7038188
22/05/2025;00:00:00;PONTA GROSSA;Chuva;Saída de leito carroçável;Com Vítimas Feridas;Plena Noite;Crescente;Chuva;Dupla;Reta;-25,06548;-50,2126
22/05/2025;00:50:00;MARECHAL CANDIDO RONDON;Chuva;Queda de ocupante de veículo;Com Vítimas Feridas;Plena Noite;Crescente;Chuva;Simples;Rotatória;-24,56712083;-54,03352903
22/05/2025;05:15:00;CAMPINA GRANDE DO SUL;Velocidade Incompatível;Colisão com objeto;Com Vítimas Feridas;Amanhecer;Crescente;Garoa/Chuvisco;Dupla;Reta;-25,36947595;-49,115206
22/05/2025;02:15:00;LAGES;Velocidade Incompatível;Saída de leito carroçável;Com Vítimas Feridas;Plena Noite;Decrescente;Nublado;Simples;Curva;-27,79254994;-50,35926517
22/05/2025;08:00:00;DEMERVAL LOBAO;Acesso irregular;Colisão transversal;Com Vítimas Feridas;Pleno dia;Crescente;Sol;Simples;Reta;-5,34719867;-42,68188387
22/05/2025;06:00:00;CAMPOS DOS GOYTACAZES;Velocidade Incompatível;Colisão com objeto;Com Vítimas Feridas;Pleno dia;Crescente;Céu Claro;Simples;Reta;-21,8358763;-41,4205664
22/05/2025;07:02:00;RIO BRANCO;Condutor usando celular;Engavetamento;Com Vítimas Feridas;Pleno dia;Crescente;Céu Claro;Dupla;Reta;-9,99941872;-67,84964975
22/05/2025;09:30:00;CAMPOS DOS GOYTACAZES;Retorno proibido;Colisão transversal;Com Vítimas Feridas;Pleno dia;Decrescente;Céu Claro;Simples;Reta;-21,729932;-41,323052
22/05/2025;12:16:00;ABREU E LIMA;Afundamento ou ondulação no pavimento;Tombamento;Com Vítimas Feridas;Pleno dia;Crescente;Céu Claro;Múltipla;Reta;-7,904;-34,902
22/05/2025;10:30:00;INACIO MARTINS;Acumulo de água sobre o pavimento;Saída de leito carroçável;Sem Vítimas;Pleno dia;Não Informado;Chuva;Simples;"Aclive;Curva";-25,5766601;-51,0689599
22/05/2025;17:52:00;RECIFE;Animais na Pista;Atropelamento de Animal;Com Vítimas Feridas;Plena Noite;Decrescente;Nublado;Dupla;Curva;-8,064667;-34,942035
22/05/2025;14:35:00;CASCAVEL;Velocidade Incompatível;Saída de leito carroçável;Com Vítimas Feridas;Pleno dia;Crescente;Chuva;Dupla;"Curva;Aclive";-24,85359432;-53,60116422
22/05/2025;18:10:00;RECIFE;Pista Escorregadia;Tombamento;Com Vítimas Feridas;Anoitecer;Decrescente;Céu Claro;Dupla;Curva;-8,0676;-34,94145
22/05/2025;19:32:00;ARACRUZ;Velocidade Incompatível;Saída de leito carroçável;Com Vítimas Feridas;Plena Noite;Decrescente;Céu Claro;Simples;Curva;-19,65670241;-40,23420222
22/05/2025;18:30:00;JACAREZINHO;Iluminação deficiente;Queda de ocupante de veículo;Com Vítimas Feridas;Plena Noite;Crescente;Nublado;Simples;Reta;-23,0339388;-49,91940125
22/05/2025;14:10:00;NOVA GLORIA;Sinalização mal posicionada;Colisão com objeto;Com Vítimas Feridas;Pleno dia;Decrescente;Céu Claro;Simples;Reta;-15,066253;-49,454393
22/05/2025;08:25:00;CAMPINA GRANDE DO SUL;Pista Escorregadia;Saída de leito carroçável;Com Vítimas Feridas;Pleno dia;Crescente;Garoa/Chuvisco;Dupla;"Aclive;Curva";-25,0825219;-48,6419095
21/05/2025;06:00:00;GUARATUBA;Velocidade Incompatível;Saída de leito carroçável;Com Vítimas Feridas;Amanhecer;Crescente;Garoa/Chuvisco;Dupla;Curva;-25,95523752;-48,90102625
21/05/2025;06:00:00;JATI;Chuva;Saída de leito carroçável;Com Vítimas Feridas;Amanhecer;Decrescente;Chuva;Simples;"Curva;Declive";-7,70283116;-39,02703015
21/05/2025;10:05:00;NOVA VICOSA;Pista esburacada;Colisão frontal;Com Vítimas Fatais;Pleno dia;Crescente;Céu Claro;Simples;Reta;-17,937567;-39,849388
21/05/2025;12:20:00;ARAGUARI;Velocidade Incompatível;Colisão com objeto;Com Vítimas Feridas;Pleno dia;Decrescente;Céu Claro;Dupla;"Reta;Aclive";-18,4755459;-48,0488879
21/05/2025;13:32:00;GUAIBA;Desvio temporário;Colisão lateral mesmo sentido;Com Vítimas Feridas;Pleno dia;Crescente;Céu Claro;Dupla;"Reta;Ponte;Em Obras;Desvio Temporário";-30,11361465;-51,34507656
21/05/2025;10:30:00;CARDOSO MOREIRA;Declive acentuado;Colisão com objeto;Com Vítimas Feridas;Pleno dia;Crescente;Céu Claro;Simples;"Curva;Declive";-21,525361;-41,545619
21/05/2025;15:06:00;LINHARES;Ultrapassagem Indevida;Colisão lateral mesmo sentido;Com Vítimas Feridas;Pleno dia;Crescente;Céu Claro;Múltipla;Reta;-19,36533504;-40,06548898
21/05/2025;12:00:00;ARIQUEMES;Declive acentuado;Saída de leito carroçável;Com Vítimas Feridas;Pleno dia;Crescente;Céu Claro;Simples;Curva;-10,22723221;-62,75752258
21/05/2025;19:10:00;IGARASSU;Conversão proibida;Colisão transversal;Com Vítimas Feridas;Anoitecer;Crescente;Nublado;Dupla;Reta;-7,82453963;-34,91579382
21/05/2025;10:30:00;GUAPIMIRIM;Ultrapassagem Indevida;Colisão lateral mesmo sentido;Com Vítimas Feridas;Pleno dia;Decrescente;Céu Claro;Simples;Reta;-22,46814747;-43,00171064
21/05/2025;02:28:00;PIRACANJUBA;Animais na Pista;Atropelamento de Animal;Com Vítimas Feridas;Plena Noite;Decrescente;Céu Claro;Dupla;"Declive;Reta";-17,388008;-49,229988
21/05/2025;06:45:00;JOINVILLE;Demais falhas na via;Tombamento;Com Vítimas Feridas;Pleno dia;Crescente;Chuva;Dupla;Reta;-26,18084408;-48,9091572
21/05/2025;07:00:00;JOINVILLE;Demais falhas na via;Tombamento;Com Vítimas Feridas;Pleno dia;Crescente;Chuva;Dupla;"Reta;Desvio Temporário";-26,18094999;-48,90916793
21/05/2025;05:37:00;CARUARU;Acumulo de água sobre o pavimento;Saída de leito carroçável;Com Vítimas Feridas;Amanhecer;Decrescente;Chuva;Dupla;Curva;-8,294777;-35,886792
21/05/2025;07:00:00;LAGOA SECA;Ultrapassagem Indevida;Colisão transversal;Com Vítimas Feridas;Pleno dia;Decrescente;Nublado;Simples;Reta;-7,187725;-35,866735
21/05/2025;11:40:00;PARNAMIRIM;Pista Escorregadia;Tombamento;Com Vítimas Feridas;Pleno dia;Crescente;Céu Claro;Simples;Curva;-5,92044109;-35,26495164
21/05/2025;11:33:00;MURIAE;Conversão proibida;Colisão lateral mesmo sentido;Com Vítimas Feridas;Pleno dia;Decrescente;Céu Claro;Simples;Reta;-21,11908704;-42,38013122
21/05/2025;12:30:00;MOEMA;Restrição de visibilidade em curvas horizontais;Saída de leito carroçável;Com Vítimas Feridas;Pleno dia;Decrescente;Sol;Simples;Reta;-19,78587;-45,382321
21/05/2025;12:30:00;CAMAQUA;Condutor usando celular;Saída de leito carroçável;Com Vítimas Feridas;Pleno dia;Crescente;Céu Claro;Dupla;Reta;-30,75375054;-51,63807994
21/05/2025;15:42:00;NATAL;Acumulo de areia ou detritos sobre o pavimento;Queda de ocupante de veículo;Com Vítimas Feridas;Pleno dia;Decrescente;Céu Claro;Dupla;Reta;-5,76485629;-35,28251616
21/05/2025;17:05:00;SANTA MARIA;Conversão proibida;Colisão transversal;Com Vítimas Feridas;Pleno dia;Crescente;Céu Claro;Dupla;Reta;-29,7236517;-53,80633519
21/05/2025;16:30:00;MARABA;Chuva;Tombamento;Com Vítimas Feridas;Pleno dia;Crescente;Chuva;Dupla;Reta;-5,36610894;-49,12668801
21/05/2025;13:30:00;BACABEIRA;Pista Escorregadia;Capotamento;Com Vítimas Feridas;Pleno dia;Decrescente;Chuva;Dupla;Reta;-2,87567923;-44,37486649
21/05/2025;16:40:00;NOVA IGUACU;Ultrapassagem Indevida;Colisão lateral mesmo sentido;Com Vítimas Feridas;Anoitecer;Crescente;Chuva;Múltipla;Reta;-22,74347197;-43,45019214
21/05/2025;17:19:00;RIO NEGRO;Ultrapassagem Indevida;Colisão lateral mesmo sentido;Com Vítimas Feridas;Anoitecer;Crescente;Nublado;Simples;"Reta;Declive";-26,08162884;-49,77278316
21/05/2025;17:40:00;LINHARES;Velocidade Incompatível;Colisão traseira;Com Vítimas Feridas;Anoitecer;Crescente;Céu Claro;Dupla;Reta;-19,37329061;-40,06569283
21/05/2025;18:41:00;RUSSAS;Animais na Pista;Atropelamento de Animal;Com Vítimas Feridas;Plena Noite;Crescente;Céu Claro;Simples;Reta;-4,9158784;-37,9980416
21/05/2025;19:21:00;SAO GONCALO DO AMARANTE;Acumulo de areia ou detritos sobre o pavimento;Tombamento;Com Vítimas Feridas;Plena Noite;Crescente;Céu Claro;Dupla;"Reta;Interseção de Vias;Retorno Regulamentado";-5,75802802;-35,30159024
21/05/2025;19:15:00;SEROPEDICA;Ultrapassagem Indevida;Colisão lateral sentido oposto;Com Vítimas Feridas;Plena Noite;Decrescente;Céu Claro;Dupla;Reta;-22,79394311;-43,64901289
21/05/2025;18:45:00;SAO JOSE;Pista Escorregadia;Tombamento;Com Vítimas Feridas;Plena Noite;Crescente;Chuva;Múltipla;"Curva;Aclive";-27,60011;-48,622767
21/05/2025;19:15:00;GUARANIACU;Animais na Pista;Queda de ocupante de veículo;Com Vítimas Feridas;Plena Noite;Decrescente;Nublado;Simples;"Reta;Aclive";-25,12197335;-52,80097961
21/05/2025;21:30:00;DELMIRO GOUVEIA;Animais na Pista;Atropelamento de Animal;Com Vítimas Feridas;Plena Noite;Decrescente;Garoa/Chuvisco;Simples;"Reta;Declive";-9,389308;-38,155081
21/05/2025;16:20:00;FLORANIA;Chuva;Saída de leito carroçável;Com Vítimas Feridas;Pleno dia;Decrescente;Nublado;Simples;"Aclive;Curva";-6,13796617;-36,87961581
21/05/2025;21:28:00;PENAFORTE;Ultrapassagem Indevida;Colisão frontal;Com Vítimas Feridas;Plena Noite;Crescente;Chuva;Simples;Reta;-7,782468;-39,072108
21/05/2025;21:20:00;IMBITUVA;Animais na Pista;Atropelamento de Animal;Sem Vítimas;Plena Noite;Crescente;Garoa/Chuvisco;Simples;Curva;-25,183712;-50,596753
21/05/2025;21:45:00;SIMOES FILHO;Demais falhas na via;Tombamento;Com Vítimas Feridas;Plena Noite;Decrescente;Céu Claro;Dupla;Reta;-12,804002;-38,403485
20/05/2025;06:30:00;CORONEL BARROS;Chuva;Colisão com objeto;Com Vítimas Feridas;Plena Noite;Decrescente;Chuva;Simples;Reta;-28,3822542;-54,08271074
20/05/2025;07:40:00;ITAPORANGA DAJUDA;Acumulo de água sobre o pavimento;Colisão frontal;Com Vítimas Feridas;Pleno dia;Crescente;Chuva;Dupla;Reta;-11,00299775;-37,30738163
20/05/2025;10:30:00;BARRA MANSA;Sinalização mal posicionada;Colisão traseira;Com Vítimas Feridas;Pleno dia;Crescente;Céu Claro;Dupla;"Curva;Aclive";-22,47004853;-44,27911109
20/05/2025;12:20:00;CAMPO GRANDE;Ultrapassagem Indevida;Colisão frontal;Com Vítimas Fatais;Pleno dia;Decrescente;Céu Claro;Simples;Reta;-20,51675082;-54,71791403
20/05/2025;09:30:00;VICENTINA;Desvio temporário;Tombamento;Com Vítimas Feridas;Pleno dia;Decrescente;Céu Claro;Simples;"Reta;Em Obras;Aclive;Desvio Temporário";-22,426721;-54,390042
20/05/2025;15:01:00;CAMPO GRANDE;Conversão proibida;Colisão lateral mesmo sentido;Com Vítimas Feridas;Pleno dia;Decrescente;Céu Claro;Dupla;"Reta;Retorno Regulamentado";-20,570062;-54,645604
20/05/2025;16:30:00;BENTO GONCALVES;Velocidade Incompatível;Colisão frontal;Com Vítimas Feridas;Pleno dia;Crescente;Chuva;Simples;Curva;-29,19078484;-51,52207788
20/05/2025;17:00:00;ITAARA;Ultrapassagem Indevida;Saída de leito carroçável;Com Vítimas Feridas;Anoitecer;Crescente;Garoa/Chuvisco;Simples;Reta;-29,629869;-53,768346
20/05/2025;18:30:00;BARRA MANSA;Velocidade Incompatível;Colisão traseira;Com Vítimas Feridas;Plena Noite;Crescente;Céu Claro;Dupla;Reta;-22,495404;-44,23931329
20/05/2025;08:30:00;REALEZA;Velocidade Incompatível;Saída de leito carroçável;Com Vítimas Feridas;Pleno dia;Crescente;Sol;Simples;Reta;-25,578157;-53,564352