data_inversa;horario;municipio;causa_acidente;tipo_acidente;classificacao_acidente;fase_dia;sentido_via;condicao_metereologica;tipo_pista;tracado_via;latitude;longitude
20/05/2025;19:00:00;CAMPINA GRANDE DO SUL;Velocidade Incompatível;Saída de leito carroçável;Com Vítimas Feridas;Pleno dia;Crescente;Chuva;Dupla;"Reta;Declive";-25,30482571;-48,94524448
20/05/2025;16:40:00;ITUIUTABA;Velocidade Incompatível;Tombamento;Com Vítimas Feridas;Pleno dia;Crescente;Sol;Simples;Retorno Regulamentado;-18,950371;-49,464047
20/05/2025;19:25:00;ARAPORA;Velocidade Incompatível;Saída de leito carroçável;Com Vítimas Feridas;Plena Noite;Decrescente;Céu Claro;Dupla;Reta;-18,51160839;-49,18906331
20/05/2025;16:50:00;VARGEM;Velocidade Incompatível;Tombamento;Com Vítimas Feridas;Anoitecer;Decrescente;Céu Claro;Simples;"Curva;Declive";-27,510965;-50,92364
20/05/2025;23:30:00;NOVA ITABERABA;Velocidade Incompatível;Saída de leito carroçável;Com Vítimas Feridas;Plena Noite;Crescente;Céu Claro;Simples;"Declive;Curva";-26,931612;-52,82886222
20/05/2025;00:45:00;SANTA RITA;Animais na Pista;Atropelamento de Animal;Com Vítimas Fatais;Plena Noite;Decrescente;Chuva;Dupla;Reta;-7,106945;-34,963369
20/05/2025;04:00:00;GRAVATAI;Velocidade Incompatível;Saída de leito carroçável;Com Vítimas Feridas;Plena Noite;Decrescente;Céu Claro;Múltipla;Retorno Regulamentado;-29,95398845;-51,06100607
20/05/2025;03:00:00;VERA;Animais na Pista;Atropelamento de Animal;Com Vítimas Feridas;Plena Noite;Crescente;Céu Claro;Simples;"Declive;Reta";-12,17104408;-55,52015519
20/05/2025;04:40:00;JABOATAO DOS GUARARAPES;Animais na Pista;Saída de leito carroçável;Com Vítimas Feridas;Plena Noite;Decrescente;Chuva;Dupla;"Curva;Aclive";-8,09382;-35,03203
20/05/2025;06:55:00;CAAPORA;Chuva;Saída de leito carroçável;Com Vítimas Feridas;Pleno dia;Crescente;Chuva;Dupla;Curva;-7,459067;-34,98059
20/05/2025;08:20:00;SAO PAULO;Ultrapassagem Indevida;Colisão traseira;Com Vítimas Fatais;Pleno dia;Crescente;Sol;Múltipla;"Em Obras;Reta;Declive";-23,508228;-46,572262
20/05/2025;10:20:00;RIO DE JANEIRO;Velocidade Incompatível;Colisão com objeto;Com Vítimas Feridas;Pleno dia;Crescente;Céu Claro;Dupla;Retorno Regulamentado;-22,878801;-43,620661
20/05/2025;11:28:00;JOAO PESSOA;Acostamento em desnível;Tombamento;Com Vítimas Feridas;Pleno dia;Crescente;Nublado;Dupla;Reta;-7,14312557;-34,85161543
20/05/2025;12:45:00;ANGRA DOS REIS;Pista Escorregadia;Queda de ocupante de veículo;Com Vítimas Feridas;Pleno dia;Crescente;Céu Claro;Simples;Curva;-23,005683;-44,217203
20/05/2025;11:10:00;PETROPOLIS;Declive acentuado;Queda de ocupante de veículo;Com Vítimas Feridas;Pleno dia;Crescente;Sol;Simples;"Curva;Declive";-22,528476;-43,2228084
20/05/2025;15:00:00;CARIACICA;Pista esburacada;Colisão com objeto;Com Vítimas Feridas;Pleno dia;Decrescente;Céu Claro;Múltipla;"Retorno Regulamentado;Reta";-20,23265836;-40,36839215
20/05/2025;16:40:00;OURICURI;Animais na Pista;Atropelamento de Animal;Com Vítimas Feridas;Pleno dia;Decrescente;Céu Claro;Simples;Reta;-7,873647;-40,087985
20/05/2025;17:15:00;ANAPOLIS;Velocidade Incompatível;Tombamento;Com Vítimas Feridas;Pleno dia;Crescente;Céu Claro;Dupla;Reta;-16,338792;-48,922622
20/05/2025;16:15:00;BEZERROS;Velocidade Incompatível;Capotamento;Com Vítimas Feridas;Pleno dia;Crescente;Chuva;Dupla;"Curva;Declive";-8,290518;-35,82225
20/05/2025;17:50:00;RIO NEGRINHO;Conversão proibida;Colisão transversal;Sem Vítimas;Plena Noite;Decrescente;Nublado;Simples;Reta;-26,23924;-49,50257
20/05/2025;16:30:00;ITAPERUNA;Conversão proibida;Colisão lateral mesmo sentido;Com Vítimas Feridas;Pleno dia;Decrescente;Céu Claro;Simples;Curva;-21,2402176;-41,7792
20/05/2025;19:45:00;ITABUNA;Animais na Pista;Colisão frontal;Com Vítimas Feridas;Plena Noite;Decrescente;Céu Claro;Simples;"Reta;Aclive";-14,828723;-39,291371
20/05/2025;18:20:00;PELOTAS;Animais na Pista;Atropelamento de Animal;Com Vítimas Feridas;Anoitecer;Decrescente;Céu Claro;Dupla;Reta;-31,73471399;-52,39209143
20/05/2025;18:40:00;DOURADOS;Acumulo de areia ou detritos sobre o pavimento;Derramamento de carga;Com Vítimas Feridas;Plena Noite;Decrescente;Céu Claro;Simples;Reta;-22,35071484;-54,80664539
20/05/2025;19:10:00;BOM JESUS;Conversão proibida;Colisão lateral mesmo sentido;Com Vítimas Feridas;Plena Noite;Crescente;Céu Claro;Dupla;"Reta;Retorno Regulamentado";-9,076962;-44,3598
20/05/2025;21:25:00;QUATRO BARRAS;Velocidade Incompatível;Saída de leito carroçável;Com Vítimas Feridas;Plena Noite;Crescente;Chuva;Dupla;"Aclive;Curva";-25,35515679;-49,04133797
20/05/2025;20:30:00;PONTES E LACERDA;Animais na Pista;Atropelamento de Animal;Com Vítimas Feridas;Plena Noite;Decrescente;Céu Claro;Simples;Reta;-15,05781451;-59,29646731
20/05/2025;22:00:00;PONTA GROSSA;Conversão proibida;Colisão transversal;Com Vítimas Feridas;Plena Noite;Crescente;Nublado;Simples;Reta;-25,04071647;-50,25193088
20/05/2025;05:30:00;PORTO REAL DO COLEGIO;Acumulo de água sobre o pavimento;Saída de leito carroçável;Sem Vítimas;Amanhecer;Decrescente;Chuva;Dupla;Reta;-10,10333513;-36,71092272
20/05/2025;09:15:00;BRASILIA;Ultrapassagem Indevida;Colisão frontal;Com Vítimas Feridas;Pleno dia;Crescente;Céu Claro;Simples;Reta;-15,997886;-47,567777
19/05/2025;08:00:00;CAMBE;Velocidade Incompatível;Colisão traseira;Com Vítimas Feridas;Pleno dia;Decrescente;Céu Claro;Dupla;"Reta;Declive";-23,28508423;-51,24049036
19/05/2025;08:30:00;CAMBE;Velocidade Incompatível;Engavetamento;Sem Vítimas;Pleno dia;Decrescente;Céu Claro;Dupla;"Reta;Aclive";-23,297;-51,274
19/05/2025;06:30:00;ITACARE;Pista Escorregadia;Tombamento;Com Vítimas Fatais;Pleno dia;Crescente;Chuva;Simples;Reta;-14,452352;-39,323635
19/05/2025;10:50:00;ARAGUARI;Ultrapassagem Indevida;Colisão lateral mesmo sentido;Com Vítimas Feridas;Pleno dia;Decrescente;Sol;Dupla;Reta;-18,69784848;-48,18461895
19/05/2025;08:40:00;PANELAS;Curva acentuada;Tombamento;Com Vítimas Feridas;Pleno dia;Decrescente;Ignorado;Simples;"Curva;Declive";-8,69099;-36,02348
19/05/2025;08:30:00;GUARANIACU;Velocidade Incompatível;Tombamento;Com Vítimas Feridas;Pleno dia;Crescente;Sol;Simples;"Declive;Curva";-25,08975764;-52,92613149
19/05/2025;14:20:00;TIBAGI;Velocidade Incompatível;Tombamento;Com Vítimas Feridas;Pleno dia;Crescente;Céu Claro;Dupla;"Declive;Curva";-24,87815026;-50,44061275
19/05/2025;14:20:00;TIBAGI;Afundamento ou ondulação no pavimento;Tombamento;Com Vítimas Feridas;Pleno dia;Crescente;Sol;Simples;Declive;-24,80131953;-50,49477188
19/05/2025;16:40:00;CURITIBA;Retorno proibido;Colisão transversal;Sem Vítimas;Pleno dia;Crescente;Céu Claro;Simples;"Declive;Reta";-25,4509056;-49,2437504
19/05/2025;18:45:00;JUQUITIBA;Iluminação deficiente;Colisão lateral mesmo sentido;Com Vítimas Feridas;Plena Noite;Crescente;Céu Claro;Dupla;Reta;-23,95187769;-47,10359216
19/05/2025;08:20:00;PALMITAL;Velocidade Incompatível;Colisão lateral sentido oposto;Com Vítimas Feridas;Pleno dia;Decrescente;Céu Claro;Simples;"Declive;Reta";-24,981311;-52,297772
19/05/2025;17:15:00;PIRAI;Velocidade Incompatível;Tombamento;Sem Vítimas;Plena Noite;Decrescente;Céu Claro;Dupla;"Curva;Declive";-22,67262983;-43,83579254
19/05/2025;12:00:00;IPIAU;Velocidade Incompatível;Colisão lateral sentido oposto;Sem Vítimas;Pleno dia;Crescente;Nublado;Simples;Curva;-14,08842327;-39,78392744
19/05/2025;04:15:00;SAO PEDRO DO SUL;Animais na Pista;Atropelamento de Animal;Com Vítimas Feridas;Plena Noite;Decrescente;Nublado;Simples;"Reta;Declive";-29,644736;-54,164773
19/05/2025;06:40:00;SAO CRISTOVAO DO SUL;Animais na Pista;Atropelamento de Animal;Com Vítimas Feridas;Amanhecer;Crescente;Nevoeiro/Neblina;Simples;Curva;-27,28444527;-50,43360829
19/05/2025;04:40:00;GUARULHOS;Sinalização encoberta;Colisão com objeto;Com Vítimas Feridas;Amanhecer;Decrescente;Nublado;Múltipla;Declive;-23,49968522;-46,56130968
19/05/2025;05:30:00;RIACHUELO;Ultrapassagem Indevida;Colisão lateral mesmo sentido;Com Vítimas Fatais;Amanhecer;Crescente;Céu Claro;Simples;Reta;-5,7704022;-35,85802317
19/05/2025;06:20:00;MESSIAS;Acumulo de água sobre o pavimento;Capotamento;Com Vítimas Feridas;Pleno dia;Decrescente;Chuva;Dupla;Reta;-9,37327732;-35,82839012
19/05/2025;06:25:00;SANTA VITORIA DO PALMAR;Animais na Pista;Atropelamento de Animal;Sem Vítimas;Plena Noite;Decrescente;Céu Claro;Simples;Reta;-33,50933937;-53,32605958
19/05/2025;06:35:00;GUAIMBE;Pista esburacada;Tombamento;Com Vítimas Feridas;Pleno dia;Decrescente;Sol;Simples;"Reta;Declive";-21,887638;-49,90937
19/05/2025;07:15:00;ARAQUARI;Velocidade Incompatível;Saída de leito carroçável;Com Vítimas Feridas;Pleno dia;Crescente;Céu Claro;Simples;Desvio Temporário;-26,448434;-48,83631
19/05/2025;06:47:00;CAMBE;Velocidade Incompatível;Colisão traseira;Com Vítimas Feridas;Pleno dia;Crescente;Sol;Dupla;"Reta;Aclive";-23,284;-51,246
19/05/2025;07:15:00;SAO GONCALO DO ABAETE;Neblina;Tombamento;Com Vítimas Feridas;Amanhecer;Decrescente;Nevoeiro/Neblina;Simples;Reta;-18,18537431;-45,25939107
19/05/2025;08:10:00;ROLANDIA;Curva acentuada;Saída de leito carroçável;Com Vítimas Feridas;Pleno dia;Crescente;Céu Claro;Dupla;Curva;-23,3582194;-51,3964569
19/05/2025;08:55:00;SANTAREM;Ultrapassagem Indevida;Tombamento;Com Vítimas Feridas;Pleno dia;Crescente;Céu Claro;Simples;Reta;-2,52466301;-54,72268403
19/05/2025;09:00:00;TIBAGI;Velocidade Incompatível;Capotamento;Com Vítimas Feridas;Pleno dia;Crescente;Nublado;Dupla;"Declive;Curva";-24,87718667;-50,4420826
19/05/2025;14:30:00;JOAO PESSOA;Animais na Pista;Atropelamento de Animal;Com Vítimas Feridas;Pleno dia;Decrescente;Céu Claro;Dupla;Reta;-7,190017;-34,903605
19/05/2025;11:50:00;SERRA TALHADA;Acumulo de água sobre o pavimento;Tombamento;Com Vítimas Feridas;Pleno dia;Decrescente;Chuva;Simples;Retorno Regulamentado;-7,9821859;-38,2960191
19/05/2025;14:30:00;PARNAMIRIM;Acesso irregular;Colisão traseira;Com Vítimas Feridas;Pleno dia;Crescente;Céu Claro;Dupla;Viaduto;-5,89164379;-35,25882907
19/05/2025;13:30:00;SINOP;Conversão proibida;Colisão transversal;Com Vítimas Feridas;Pleno dia;Decrescente;Sol;Simples;"Em Obras;Interseção de Vias;Reta";-11,83434909;-55,48823852
19/05/2025;14:30:00;TERENOS;Ultrapassagem Indevida;Colisão frontal;Com Vítimas Fatais;Pleno dia;Decrescente;Sol;Simples;Reta;-20,483922;-54,796264
19/05/2025;14:30:00;DIAMANTINO;Retorno proibido;Colisão lateral mesmo sentido;Com Vítimas Feridas;Pleno dia;Decrescente;Céu Claro;Dupla;Reta;-14,16013;-56,0901
19/05/2025;17:00:00;ROLANDIA;Velocidade Incompatível;Colisão transversal;Com Vítimas Feridas;Pleno dia;Crescente;Céu Claro;Simples;Reta;-23,3155283;-51,3760798
19/05/2025;11:25:00;CHAPECO;Velocidade Incompatível;Saída de leito carroçável;Com Vítimas Feridas;Pleno dia;Crescente;Céu Claro;Múltipla;"Reta;Aclive";-27,03581271;-52,63416692
19/05/2025;18:35:00;CANINDE;Pista esburacada;Queda de ocupante de veículo;Com Vítimas Feridas;Plena Noite;Decrescente;Garoa/Chuvisco;Simples;Reta;-4,363618;-39,302418
19/05/2025;17:30:00;TEOFILO OTONI;Restrição de visibilidade em curvas horizontais;Colisão transversal;Com Vítimas Feridas;Anoitecer;Crescente;Céu Claro;Simples;"Interseção de Vias;Curva";-17,988586;-41,560512
19/05/2025;18:45:00;GOVERNADOR VALADARES;Pista esburacada;Tombamento;Com Vítimas Feridas;Plena Noite;Crescente;Nublado;Simples;Curva;-18,80135442;-41,98809178
19/05/2025;18:20:00;CACOAL;Conversão proibida;Colisão frontal;Com Vítimas Feridas;Plena Noite;Crescente;Céu Claro;Simples;Reta;-11,4341;-61,462838
19/05/2025;20:23:00;CANTAGALO;Condutor usando celular;Colisão frontal;Com Vítimas Feridas;Plena Noite;Decrescente;Céu Claro;Simples;Reta;-25,37819071;-52,12566376
19/05/2025;21:40:00;MACAPA;Pista esburacada;Queda de ocupante de veículo;Com Vítimas Feridas;Plena Noite;Decrescente;Chuva;Simples;"Declive;Reta";0,07890198;-51,07213187
19/05/2025;22:00:00;PESQUEIRA;Iluminação deficiente;Atropelamento de Pedestre;Com Vítimas Fatais;Plena Noite;Decrescente;Chuva;Simples;Reta;-8,407575;-36,914853
19/05/2025;22:05:00;CACERES;Animais na Pista;Atropelamento de Animal;Com Vítimas Feridas;Plena Noite;Crescente;Céu Claro;Simples;Reta;-15,8889856;-57,820122
19/05/2025;17:50:00;MINEIROS;Ultrapassagem Indevida;Colisão frontal;Com Vítimas Feridas;Anoitecer;Crescente;Céu Claro;Simples;Curva;-17,592867;-52,48252
19/05/2025;13:00:00;SINOP;Retorno proibido;Colisão transversal;Com Vítimas Feridas;Pleno dia;Crescente;Céu Claro;Simples;Reta;-11,98112943;-55,51694289
18/05/2025;04:40:00;ITUMBIARA;Restrição de visibilidade em curvas verticais;Colisão transversal;Com Vítimas Feridas;Plena Noite;Decrescente;Ignorado;Simples;Declive;-18,34078252;-49,42907307
18/05/2025;10:40:00;JARAGUA DO SUL;Velocidade Incompatível;Colisão traseira;Com Vítimas Feridas;Pleno dia;Crescente;Sol;Simples;Reta;-26,465885;-49,124304
18/05/2025;23:30:00;BARREIRAS;Velocidade Incompatível;Tombamento;Com Vítimas Feridas;Plena Noite;Decrescente;Céu Claro;Simples;Curva;-12,120538;-45,14482
18/05/2025;00:30:00;UBATUBA;Ultrapassagem Indevida;Colisão lateral sentido oposto;Com Vítimas Fatais;Plena Noite;Decrescente;Céu Claro;Simples;Reta;-23,41715639;-45,03774974
18/05/2025;02:00:00;PIMENTA BUENO;Animais na Pista;Saída de leito carroçável;Com Vítimas Feridas;Plena Noite;Crescente;Céu Claro;Simples;Reta;-11,521032;-61,345428
18/05/2025;09:00:00;SAO PAULO;Animais na Pista;Colisão traseira;Sem Vítimas;Pleno dia;Crescente;Sol;Múltipla;Reta;-23,43694102;-46,56819566
18/05/2025;08:20:00;CURITIBA;Velocidade Incompatível;Colisão traseira;Com Vítimas Feridas;Pleno dia;Decrescente;Sol;Dupla;Reta;-25,4509056;-49,2437504
18/05/2025;11:20:00;JOAO PESSOA;Acesso irregular;Colisão frontal;Com Vítimas Feridas;Pleno dia;Decrescente;Céu Claro;Dupla;Reta;-7,16421395;-34,86178637
18/05/2025;10:40:00;PETROLINA;Acesso irregular;Colisão transversal;Com Vítimas Feridas;Pleno dia;Decrescente;Céu Claro;Dupla;Reta;-9,34710876;-40,47328949
18/05/2025;11:40:00;PIRAI;Velocidade Incompatível;Tombamento;Com Vítimas Feridas;Pleno dia;Decrescente;Céu Claro;Dupla;Curva;-22,675456;-43,8370304
18/05/2025;11:05:00;MORRO REUTER;Conversão proibida;Colisão transversal;Com Vítimas Feridas;Pleno dia;Crescente;Sol;Simples;Curva;-29,53416541;-51,08655453
18/05/2025;11:30:00;TEOTONIO VILELA;Velocidade Incompatível;Colisão lateral mesmo sentido;Com Vítimas Fatais;Pleno dia;Decrescente;Céu Claro;Simples;Reta;-9,8944095;-36,3724144
18/05/2025;14:50:00;TOLEDO;Acumulo de água sobre o pavimento;Saída de leito carroçável;Com Vítimas Feridas;Pleno dia;Crescente;Chuva;Dupla;Curva;-24,7751441;-53,68266
18/05/2025;16:35:00;SOMBRIO;Velocidade Incompatível;Colisão com objeto;Com Vítimas Feridas;Pleno dia;Decrescente;Céu Claro;Simples;"Reta;Viaduto;Aclive";-29,1214331;-49,64287162
18/05/2025;18:00:00;CASCAVEL;Ultrapassagem Indevida;Colisão lateral sentido oposto;Com Vítimas Feridas;Plena Noite;Crescente;Chuva;Simples;Curva;-25,047472;-53,237617
18/05/2025;18:30:00;ALVORADA DO NORTE;Ultrapassagem Indevida;Colisão frontal;Com Vítimas Feridas;Anoitecer;Crescente;Céu Claro;Simples;Reta;-14,593;-46,592
18/05/2025;20:00:00;BRASILIA;Conversão proibida;Colisão transversal;Com Vítimas Feridas;Plena Noite;Crescente;Céu Claro;Simples;Reta;-15,93855;-47,76046
18/05/2025;18:55:00;RIO DO SUL;Chuva;Colisão transversal;Com Vítimas Feridas;Plena Noite;Decrescente;Chuva;Simples;Interseção de Vias;-27,17830597;-49,59456889
18/05/2025;20:40:00;MONTES CLAROS;Retorno proibido;Colisão traseira;Com Vítimas Feridas;Pleno dia;Crescente;Céu Claro;Simples;Reta;-16,7735248;-43,8852424
18/05/2025;21:00:00;SALVADOR;Pista esburacada;Tombamento;Com Vítimas Feridas;Plena Noite;Decrescente;Chuva;Dupla;Reta;-12,914001;-38,460243
18/05/2025;21:45:00;GUARULHOS;Velocidade Incompatível;Colisão traseira;Com Vítimas Feridas;Plena Noite;Decrescente;Nublado;Múltipla;"Em Obras;Reta";-23,4864966;-46,54220581
18/05/2025;22:20:00;PADRE BERNARDO;Ultrapassagem Indevida;Colisão frontal;Com Vítimas Feridas;Plena Noite;Crescente;Céu Claro;Simples;Reta;-15,246;-48,270083
18/05/2025;23:30:00;MANDAGUACU;Acumulo de água sobre o pavimento;Saída de leito carroçável;Com Vítimas Feridas;Plena Noite;Decrescente;Chuva;Dupla;"Curva;Declive;Interseção de Vias";-23,35251;-52,09324
18/05/2025;20:29:00;NOVA FATIMA;Velocidade Incompatível;Saída de leito carroçável;Com Vítimas Feridas;Plena Noite;Decrescente;Chuva;Simples;Reta;-11,62205656;-39,61455345
18/05/2025;19:35:00;TOLEDO;Afundamento ou ondulação no pavimento;Saída de leito carroçável;Com Vítimas Feridas;Plena Noite;Decrescente;Céu Claro;Dupla;"Declive;Reta";-24,7281455;-53,7029799
18/05/2025;20:40:00;CONSELHEIRO LAFAIETE;Conversão proibida;Colisão transversal;Com Vítimas Feridas;Plena Noite;Decrescente;Céu Claro;Simples;Reta;-20,67318253;-43,79725456
18/05/2025;10:30:00;VITORIA DA CONQUISTA;Acostamento em desnível;Queda de ocupante de veículo;Com Vítimas Feridas;Pleno dia;Decrescente;Ignorado;Simples;Reta;-14,82478457;-40,82066908
18/05/2025;10:40:00;SAO MIGUEL DO IGUACU;Velocidade Incompatível;Queda de ocupante de veículo;Com Vítimas Feridas;Pleno dia;Crescente;Céu Claro;Dupla;"Curva;Declive";-25,33909055;-54,20056701
18/05/2025;10:00:00;RIBEIRAO DAS NEVES;Velocidade Incompatível;Colisão traseira;Com Vítimas Feridas;Pleno dia;Decrescente;Céu Claro;Dupla;Curva;-19,746499;-44,147702
18/05/2025;10:50:00;IBATIBA;Acumulo de areia ou detritos sobre o pavimento;Queda de ocupante de veículo;Com Vítimas Feridas;Pleno dia;Decrescente;Ignorado;Simples;Curva;-20,26371314;-41,59707069
17/05/2025;06:00:00;SINOP;Ultrapassagem Indevida;Colisão frontal;Com Vítimas Feridas;Amanhecer;Decrescente;Céu Claro;Simples;Reta;-12,09289;-55,51765
17/05/2025;04:50:00;PARACAMBI;Velocidade Incompatível;Colisão lateral mesmo sentido;Com Vítimas Feridas;Plena Noite;Decrescente;Céu Claro;Dupla;"Curva;Declive";-22,68783498;-43,80867004
17/05/2025;03:30:00;IBIRAMA;Conversão proibida;Colisão lateral mesmo sentido;Com Vítimas Feridas;Plena Noite;Decrescente;Céu Claro;Simples;Reta;-27,09998175;-49,52769455
17/05/2025;08:00:00;JEREMOABO;Velocidade Incompatível;Colisão frontal;Com Vítimas Feridas;Pleno dia;Crescente;Chuva;Simples;"Reta;Aclive";-9,89512793;-38,26881409
17/05/2025;11:57:00;ANCHIETA;Velocidade Incompatível;Tombamento;Com Vítimas Feridas;Pleno dia;Decrescente;Céu Claro;Simples;"Aclive;Curva";-20,755729;-40,756496
17/05/2025;15:00:00;ITAITUBA;Condutor usando celular;Tombamento;Sem Vítimas;Pleno dia;Crescente;Céu Claro;Simples;Curva;-4,464667;-55,849328
17/05/2025;15:00:00;SAO JOSE DA LAJE;Velocidade Incompatível;Colisão frontal;Com Vítimas Feridas;Pleno dia;Decrescente;Chuva;Simples;Curva;-8,961738;-36,020712
17/05/2025;14:00:00;CORREGO DANTA;Velocidade Incompatível;Tombamento;Sem Vítimas;Pleno dia;Decrescente;Céu Claro;Simples;Curva;-19,74533379;-45,97905859
17/05/2025;14:20:00;FRUTAL;Velocidade Incompatível;Colisão frontal;Com Vítimas Fatais;Pleno dia;Crescente;Céu Claro;Simples;"Reta;Aclive";-19,911929;-48,964319
17/05/2025;17:43:00;ILHOTA;Ultrapassagem Indevida;Colisão lateral mesmo sentido;Com Vítimas Feridas;Anoitecer;Crescente;Céu Claro;Dupla;Reta;-26,86800145;-48,81809235
17/05/2025;16:15:00;ACU;Velocidade Incompatível;Tombamento;Sem Vítimas;Pleno dia;Decrescente;Nublado;Simples;Interseção de Vias;-5,588383;-36,968375
17/05/2025;17:00:00;CEREJEIRAS;Ultrapassagem Indevida;Colisão lateral sentido oposto;Com Vítimas Feridas;Pleno dia;Crescente;Céu Claro;Simples;Curva;-13,18471792;-60,79598872
17/05/2025;06:00:00;LAJEDINHO;Pista esburacada;Capotamento;Com Vítimas Feridas;Pleno dia;Decrescente;Chuva;Simples;Reta;-12,44173;-40,77464
17/05/2025;01:30:00;QUATRO BARRAS;Velocidade Incompatível;Atropelamento de Pedestre;Com Vítimas Fatais;Plena Noite;Decrescente;Céu Claro;Dupla;Reta;-25,32820075;-49,02889252
17/05/2025;03:00:00;CARIACICA;Velocidade Incompatível;Capotamento;Com Vítimas Feridas;Plena Noite;Decrescente;Nublado;Dupla;Reta;-20,33691812;-40,40232253
17/05/2025;04:00:00;POUSO ALTO;Pista Escorregadia;Tombamento;Com Vítimas Feridas;Plena Noite;Decrescente;Céu Claro;Simples;Rotatória;-22,25341455;-44,93015438
17/05/2025;05:55:00;JOAO PESSOA;Chuva;Colisão com objeto;Sem Vítimas;Pleno dia;Crescente;Chuva;Dupla;"Reta;Aclive";-7,13151333;-34,85266507
17/05/2025;07:40:00;AGUAS LINDAS DE GOIAS;Velocidade Incompatível;Colisão traseira;Com Vítimas Fatais;Pleno dia;Decrescente;Nublado;Múltipla;"Reta;Declive";-15,736136;-48,2813635
17/05/2025;04:00:00;SORRISO;Animais na Pista;Atropelamento de Animal;Com Vítimas Feridas;Amanhecer;Crescente;Ignorado;Dupla;Reta;-12,522843;-55,700792
17/05/2025;07:00:00;PARATY;Velocidade Incompatível;Colisão transversal;Sem Vítimas;Pleno dia;Crescente;Céu Claro;Simples;Reta;-23,22763712;-44,72723397
17/05/2025;09:00:00;SERRA;Velocidade Incompatível;Colisão com objeto;Com Vítimas Feridas;Pleno dia;Crescente;Nublado;Múltipla;Curva;-20,23272427;-40,2755785
17/05/2025;09:45:00;MAMANGUAPE;Ultrapassagem Indevida;Colisão lateral sentido oposto;Com Vítimas Feridas;Pleno dia;Decrescente;Céu Claro;Simples;Reta;-6,842845;-35,135825
17/05/2025;09:10:00;URUACU;Conversão proibida;Colisão transversal;Com Vítimas Fatais;Pleno dia;Crescente;Céu Claro;Simples;Reta;-14,39533678;-49,15771114
17/05/2025;09:00:00;CONSELHEIRO LAFAIETE;Conversão proibida;Colisão transversal;Com Vítimas Feridas;Pleno dia;Decrescente;Céu Claro;Simples;"Declive;Reta";-20,67012645;-43,80075172
17/05/2025;10:00:00;PILAR;Velocidade Incompatível;Saída de leito carroçável;Com Vítimas Feridas;Pleno dia;Decrescente;Nublado;Dupla;"Curva;Declive";-9,6040425;-36,01659268
17/05/2025;11:50:00;FAZENDA RIO GRANDE;Demais falhas na via;Tombamento;Com Vítimas Feridas;Pleno dia;Crescente;Sol;Dupla;Reta;-25,674222;-49,315638
17/05/2025;07:00:00;DIVINO;Velocidade Incompatível;Colisão frontal;Com Vítimas Feridas;Pleno dia;Crescente;Céu Claro;Simples;"Curva;Declive";-20,641728;-42,24537
17/05/2025;12:20:00;SAO JOSE;Acumulo de areia ou detritos sobre o pavimento;Colisão lateral mesmo sentido;Com Vítimas Feridas;Pleno dia;Decrescente;Céu Claro;Múltipla;Viaduto;-27,537135;-48,626137
17/05/2025;13:32:00;VACARIA;Acesso irregular;Colisão transversal;Com Vítimas Feridas;Pleno dia;Decrescente;Céu Claro;Simples;Reta;-28,51077988;-50,93107073
17/05/2025;11:15:00;NEPOMUCENO;Condutor usando celular;Saída de leito carroçável;Com Vítimas Feridas;Pleno dia;Decrescente;Céu Claro;Dupla;Reta;-21,35142067;-45,18093109
17/05/2025;09:30:00;SAO VICENTE DO SUL;Animais na Pista;Atropelamento de Animal;Com Vítimas Feridas;Pleno dia;Decrescente;Céu Claro;Simples;Reta;-29,675228;-54,621621
17/05/2025;09:30:00;ESTREITO;Conversão proibida;Colisão transversal;Com Vítimas Fatais;Pleno dia;Crescente;Céu Claro;Simples;Reta;-6,540578;-47,41781
17/05/2025;12:16:00;ANGRA DOS REIS;Conversão proibida;Colisão transversal;Com Vítimas Feridas;Pleno dia;Decrescente;Céu Claro;Simples;Reta;-23,02090297;-44,53492641
17/05/2025;14:39:00;LINHARES;Ultrapassagem Indevida;Tombamento;Com Vítimas Feridas;Pleno dia;Crescente;Céu Claro;Simples;Reta;-19,4887139;-40,12536661
17/05/2025;15:06:00;CARUARU;Acumulo de água sobre o pavimento;Saída de leito carroçável;Com Vítimas Feridas;Pleno dia;Decrescente;Chuva;Dupla;"Reta;Declive";-8,307229;-35,960089
17/05/2025;15:10:00;ITAJUIPE;Ultrapassagem Indevida;Colisão lateral mesmo sentido;Com Vítimas Feridas;Pleno dia;Crescente;Nublado;Simples;Reta;-14,70743213;-39,36219582
17/05/2025;09:30:00;CAETE;Velocidade Incompatível;Colisão lateral mesmo sentido;Com Vítimas Feridas;Pleno dia;Crescente;Céu Claro;Dupla;Curva;-19,78366715;-43,66653264
17/05/2025;16:15:00;BETIM;Ultrapassagem Indevida;Colisão lateral mesmo sentido;Com Vítimas Feridas;Pleno dia;Crescente;Céu Claro;Dupla;"Reta;Retorno Regulamentado;Túnel;Rotatória;Interseção de Vias";-20,02235161;-44,22978608
17/05/2025;16:47:00;HORIZONTE;Ultrapassagem Indevida;Colisão lateral mesmo sentido;Com Vítimas Feridas;Pleno dia;Crescente;Céu Claro;Múltipla;Reta;-4,136268;-38,481153
17/05/2025;18:20:00;SAO GONCALO DO AMARANTE;Animais na Pista;Atropelamento de Animal;Com Vítimas Feridas;Plena Noite;Decrescente;Céu Claro;Simples;Reta;-3,66979;-39,045406