data_inversa;horario;municipio;causa_acidente;tipo_acidente;classificacao_acidente;fase_dia;sentido_via;condicao_metereologica;tipo_pista;tracado_via;latitude;longitude
17/05/2025;19:00:00;BALNEARIO CAMBORIU;Animais na Pista;Atropelamento de Animal;Com Vítimas Feridas;Plena Noite;Crescente;Nublado;Múltipla;Reta;-27,022577;-48,608378
17/05/2025;19:25:00;CEU AZUL;Ultrapassagem Indevida;Colisão frontal;Sem Vítimas;Plena Noite;Decrescente;Céu Claro;Simples;Reta;-25,09920172;-53,7359333
17/05/2025;19:50:00;ROSARIO DO SUL;Velocidade Incompatível;Saída de leito carroçável;Sem Vítimas;Plena Noite;Decrescente;Céu Claro;Simples;Reta;-30,24173621;-54,94575977
17/05/2025;16:40:00;SINOP;Condutor usando celular;Colisão traseira;Sem Vítimas;Pleno dia;Crescente;Céu Claro;Simples;Viaduto;-11,85861517;-55,49468994
17/05/2025;20:30:00;MASCOTE;Chuva;Atropelamento de Pedestre;Com Vítimas Feridas;Plena Noite;Crescente;Chuva;Simples;Reta;-15,61293708;-39,43261824
17/05/2025;19:54:00;PRESIDENTE MEDICI;Iluminação deficiente;Atropelamento de Pedestre;Com Vítimas Feridas;Plena Noite;Crescente;Céu Claro;Simples;Reta;-11,148163;-61,901517
17/05/2025;18:00:00;SAO JOSE DO JACUIPE;Chuva;Tombamento;Com Vítimas Feridas;Plena Noite;Decrescente;Chuva;Simples;Reta;-11,444661;-39,832756
17/05/2025;19:20:00;NOVA VICOSA;Animais na Pista;Colisão lateral sentido oposto;Com Vítimas Feridas;Plena Noite;Decrescente;Nublado;Simples;Reta;-17,89271499;-40,06011128
17/05/2025;13:15:00;PICOS;Conversão proibida;Colisão transversal;Com Vítimas Feridas;Pleno dia;Decrescente;Céu Claro;Dupla;Reta;-7,07585131;-41,47211194
16/05/2025;04:15:00;CACERES;Deficiência do Sistema de Iluminação/Sinalização;Colisão traseira;Com Vítimas Feridas;Amanhecer;Crescente;Céu Claro;Simples;Reta;-16,244878;-57,506973
16/05/2025;08:00:00;TIANGUA;Velocidade Incompatível;Tombamento;Com Vítimas Feridas;Pleno dia;Decrescente;Céu Claro;Simples;"Curva;Declive";-3,666731;-40,95647603
16/05/2025;09:45:00;SANTOS DUMONT;Velocidade Incompatível;Saída de leito carroçável;Com Vítimas Feridas;Pleno dia;Crescente;Nublado;Simples;"Curva;Aclive";-21,50656619;-43,53041768
16/05/2025;14:08:00;MOSSORO;Conversão proibida;Colisão transversal;Com Vítimas Feridas;Pleno dia;Decrescente;Céu Claro;Dupla;Reta;-5,136779;-37,345247
16/05/2025;06:30:00;PEDRA AZUL;Ultrapassagem Indevida;Colisão lateral mesmo sentido;Sem Vítimas;Amanhecer;Decrescente;Ignorado;Simples;"Curva;Aclive";-16,019767;-41,420023
16/05/2025;16:30:00;JUATUBA;Velocidade Incompatível;Colisão traseira;Com Vítimas Feridas;Pleno dia;Crescente;Céu Claro;Dupla;"Reta;Aclive";-19,9725421;-44,30459976
16/05/2025;15:49:00;PARNAMIRIM;Acumulo de água sobre o pavimento;Colisão traseira;Com Vítimas Feridas;Pleno dia;Decrescente;Chuva;Múltipla;"Reta;Declive";-5,9361881;-35,2659306
16/05/2025;16:20:00;NAVEGANTES;Ultrapassagem Indevida;Colisão lateral mesmo sentido;Sem Vítimas;Pleno dia;Crescente;Nublado;Dupla;"Em Obras;Interseção de Vias";-26,86798949;-48,6748302
16/05/2025;18:00:00;VACARIA;Velocidade Incompatível;Tombamento;Sem Vítimas;Anoitecer;Crescente;Céu Claro;Simples;Curva;-28,598172;-50,738926
16/05/2025;18:30:00;TOLEDO;Velocidade Incompatível;Colisão transversal;Com Vítimas Feridas;Plena Noite;Decrescente;Céu Claro;Simples;"Reta;Interseção de Vias";-24,67318711;-53,8002634
16/05/2025;17:58:00;JARU;Demais falhas na via;Colisão lateral mesmo sentido;Com Vítimas Feridas;Anoitecer;Decrescente;Céu Claro;Simples;Interseção de Vias;-10,43596683;-62,47442007
16/05/2025;01:00:00;JOINVILLE;Velocidade Incompatível;Saída de leito carroçável;Sem Vítimas;Plena Noite;Crescente;Chuva;Simples;"Reta;Viaduto;Aclive";-26,23122677;-48,91715018
16/05/2025;03:25:00;BARRA DE SANTANA;Animais na Pista;Atropelamento de Animal;Com Vítimas Feridas;Plena Noite;Crescente;Ignorado;Simples;Aclive;-7,5297147;-35,999605
16/05/2025;06:15:00;CACHOEIRA;Ultrapassagem Indevida;Colisão frontal;Com Vítimas Feridas;Amanhecer;Decrescente;Garoa/Chuvisco;Simples;"Reta;Aclive";-12,5712349;-38,97713184
16/05/2025;06:45:00;PELOTAS;Velocidade Incompatível;Saída de leito carroçável;Com Vítimas Feridas;Amanhecer;Decrescente;Céu Claro;Simples;Curva;-31,63928343;-52,33379094
16/05/2025;07:30:00;DOIS IRMAOS;Acesso irregular;Colisão transversal;Com Vítimas Feridas;Pleno dia;Crescente;Céu Claro;Simples;Interseção de Vias;-29,58920163;-51,10666037
16/05/2025;08:00:00;ABRE CAMPO;Conversão proibida;Colisão frontal;Com Vítimas Feridas;Pleno dia;Crescente;Céu Claro;Simples;"Curva;Declive";-20,333158;-42,437137
16/05/2025;11:20:00;RIBAS DO RIO PARDO;Velocidade Incompatível;Colisão traseira;Com Vítimas Fatais;Pleno dia;Crescente;Céu Claro;Simples;"Interseção de Vias;Reta";-20,45653115;-53,78367975
16/05/2025;12:30:00;GOIANA;Acumulo de água sobre o pavimento;Saída de leito carroçável;Com Vítimas Feridas;Pleno dia;Decrescente;Chuva;Dupla;Reta;-7,582003;-34,987994
16/05/2025;12:50:00;GUARACIABA;Velocidade Incompatível;Capotamento;Com Vítimas Feridas;Pleno dia;Crescente;Sol;Simples;Reta;-26,57881216;-53,51496069
16/05/2025;13:10:00;ANGRA DOS REIS;Velocidade Incompatível;Atropelamento de Pedestre;Com Vítimas Feridas;Pleno dia;Crescente;Céu Claro;Dupla;Interseção de Vias;-22,98954;-44,24185
16/05/2025;13:55:00;PARNAMIRIM;Acumulo de água sobre o pavimento;Colisão transversal;Com Vítimas Feridas;Pleno dia;Decrescente;Chuva;Dupla;Reta;-5,9325504;-35,2644846
16/05/2025;14:20:00;ANTONIO CARDOSO;Pista Escorregadia;Saída de leito carroçável;Com Vítimas Feridas;Pleno dia;Decrescente;Chuva;Dupla;Curva;-12,3934;-39,15528
16/05/2025;12:40:00;GOIANIA;Velocidade Incompatível;Colisão traseira;Com Vítimas Fatais;Pleno dia;Crescente;Céu Claro;Dupla;"Reta;Aclive";-16,738322;-49,408673
16/05/2025;15:55:00;MACAIBA;Chuva;Colisão com objeto;Sem Vítimas;Pleno dia;Decrescente;Chuva;Dupla;"Curva;Viaduto";-5,888507;-35,489243
16/05/2025;15:50:00;BRASILIA;Velocidade Incompatível;Saída de leito carroçável;Com Vítimas Feridas;Pleno dia;Crescente;Céu Claro;Simples;"Aclive;Curva";-15,963942;-47,643185
16/05/2025;15:48:00;VITORIA DA CONQUISTA;Demais falhas na via;Tombamento;Com Vítimas Feridas;Pleno dia;Decrescente;Nevoeiro/Neblina;Simples;"Reta;Em Obras";-14,828287;-40,827828
16/05/2025;12:40:00;PROMISSAO;Ultrapassagem Indevida;Colisão lateral sentido oposto;Com Vítimas Feridas;Pleno dia;Decrescente;Céu Claro;Simples;Reta;-21,47862931;-49,78042603
16/05/2025;18:30:00;SOBRADO;Velocidade Incompatível;Colisão com objeto;Com Vítimas Feridas;Plena Noite;Crescente;Chuva;Dupla;Curva;-7,190872;-35,26772
16/05/2025;19:15:00;CONGONHAS;Conversão proibida;Colisão transversal;Com Vítimas Feridas;Plena Noite;Crescente;Céu Claro;Simples;"Reta;Interseção de Vias";-20,571713;-43,812163
16/05/2025;19:00:00;VACARIA;Animais na Pista;Saída de leito carroçável;Com Vítimas Feridas;Plena Noite;Crescente;Céu Claro;Simples;Reta;-28,4983296;-50,9181952
16/05/2025;19:10:00;PATO BRANCO;Acesso irregular;Colisão lateral mesmo sentido;Com Vítimas Feridas;Plena Noite;Crescente;Céu Claro;Simples;"Reta;Interseção de Vias";-26,214586;-52,681037
16/05/2025;18:35:00;CASTANHAL;Pista esburacada;Tombamento;Com Vítimas Feridas;Plena Noite;Decrescente;Chuva;Dupla;"Reta;Retorno Regulamentado";-1,305458;-47,999158
16/05/2025;18:30:00;PALMEIRA DOS INDIOS;Animais na Pista;Atropelamento de Animal;Com Vítimas Feridas;Plena Noite;Crescente;Céu Claro;Simples;"Reta;Declive";-9,415613;-36,67504
16/05/2025;19:30:00;CONCEICAO DA FEIRA;Ultrapassagem Indevida;Colisão com objeto;Com Vítimas Feridas;Plena Noite;Decrescente;Chuva;Simples;"Reta;Aclive";-12,48657;-38,949657
16/05/2025;19:51:00;BARRA DO GARCAS;Retorno proibido;Colisão transversal;Com Vítimas Feridas;Plena Noite;Decrescente;Céu Claro;Simples;"Reta;Declive";-15,893572;-52,2589967
16/05/2025;15:00:00;MASCOTE;Velocidade Incompatível;Saída de leito carroçável;Sem Vítimas;Pleno dia;Decrescente;Chuva;Simples;Curva;-15,74187628;-39,4765091
16/05/2025;14:00:00;ANGRA DOS REIS;Retorno proibido;Colisão lateral sentido oposto;Com Vítimas Feridas;Pleno dia;Decrescente;Céu Claro;Dupla;Reta;-22,9895687;-44,2417906
16/05/2025;23:30:00;UBATUBA;Acesso irregular;Colisão transversal;Sem Vítimas;Plena Noite;Decrescente;Céu Claro;Simples;Reta;-23,45616902;-45,07110771
16/05/2025;18:30:00;MANDAGUARI;Acesso irregular;Atropelamento de Pedestre;Com Vítimas Feridas;Anoitecer;Crescente;Céu Claro;Simples;Curva;-23,51759372;-51,6817664
16/05/2025;08:00:00;SALVADOR;Demais Fenômenos da natureza;Queda de ocupante de veículo;Com Vítimas Feridas;Pleno dia;Crescente;Céu Claro;Múltipla;Reta;-12,96132772;-38,47463595
15/05/2025;01:50:00;AREAL;Velocidade Incompatível;Tombamento;Com Vítimas Feridas;Plena Noite;Decrescente;Nublado;Dupla;"Declive;Reta";-22,23325471;-43,11357021
15/05/2025;01:35:00;DUQUE DE CAXIAS;Ausência de sinalização;Colisão traseira;Com Vítimas Feridas;Plena Noite;Crescente;Céu Claro;Múltipla;Reta;-22,77630403;-43,28617963
15/05/2025;07:52:00;MORRETES;Velocidade Incompatível;Colisão traseira;Sem Vítimas;Pleno dia;Decrescente;Céu Claro;Dupla;Reta;-25,55237571;-48,79917445
15/05/2025;11:40:00;CURITIBA;Velocidade Incompatível;Colisão traseira;Com Vítimas Feridas;Pleno dia;Crescente;Céu Claro;Dupla;"Curva;Declive";-25,54159399;-49,31221811
15/05/2025;14:20:00;ANGICAL DO PIAUI;Ultrapassagem Indevida;Colisão traseira;Com Vítimas Feridas;Pleno dia;Crescente;Céu Claro;Simples;Reta;-6,146205;-42,713748
15/05/2025;16:00:00;NOVA MUTUM;Acesso irregular;Tombamento;Com Vítimas Feridas;Pleno dia;Crescente;Sol;Dupla;Reta;-13,7561699;-56,04976773
15/05/2025;18:00:00;SINOP;Acumulo de areia ou detritos sobre o pavimento;Queda de ocupante de veículo;Com Vítimas Feridas;Anoitecer;Crescente;Céu Claro;Simples;Reta;-11,697474;-55,45261
15/05/2025;14:00:00;IRAJUBA;Velocidade Incompatível;Saída de leito carroçável;Com Vítimas Feridas;Pleno dia;Crescente;Nublado;Simples;"Curva;Declive";-13,1926337;-40,0095914
15/05/2025;22:00:00;TIMON;Deficiência do Sistema de Iluminação/Sinalização;Colisão lateral mesmo sentido;Com Vítimas Feridas;Plena Noite;Decrescente;Céu Claro;Simples;Reta;-5,081665;-42,841225
15/05/2025;07:26:00;FEIRA DE SANTANA;Acesso irregular;Colisão lateral sentido oposto;Com Vítimas Feridas;Pleno dia;Decrescente;Céu Claro;Dupla;Reta;-12,27259786;-38,93490864
15/05/2025;07:30:00;CAMPO GRANDE;Retorno proibido;Colisão lateral mesmo sentido;Com Vítimas Feridas;Pleno dia;Decrescente;Céu Claro;Simples;"Interseção de Vias;Rotatória";-20,39469529;-54,55884576
15/05/2025;07:30:00;ACREUNA;Velocidade Incompatível;Tombamento;Com Vítimas Feridas;Pleno dia;Crescente;Céu Claro;Dupla;Curva;-17,43451055;-50,42724609
15/05/2025;08:35:00;SERRA;Animais na Pista;Tombamento;Com Vítimas Feridas;Pleno dia;Crescente;Céu Claro;Simples;Reta;-20,0999583;-40,337041
15/05/2025;10:15:00;SANTO ANTONIO DA PLATINA;Acesso irregular;Colisão transversal;Com Vítimas Feridas;Pleno dia;Crescente;Céu Claro;Simples;Reta;-23,293845;-50,06400911
15/05/2025;10:00:00;INDAIAL;Ultrapassagem Indevida;Colisão transversal;Com Vítimas Feridas;Pleno dia;Decrescente;Nublado;Simples;Desvio Temporário;-26,87047215;-49,21364006
15/05/2025;14:25:00;DUQUE DE CAXIAS;Curva acentuada;Tombamento;Com Vítimas Feridas;Pleno dia;Decrescente;Céu Claro;Simples;Reta;-22,61211414;-43,28670907
15/05/2025;15:35:00;SAO JOSE DOS PINHAIS;Velocidade Incompatível;Colisão com objeto;Com Vítimas Fatais;Pleno dia;Crescente;Céu Claro;Múltipla;"Retorno Regulamentado;Interseção de Vias;Curva;Rotatória;Viaduto;Declive";-25,66587862;-49,15373325
15/05/2025;16:40:00;CAMPINA GRANDE;Chuva;Saída de leito carroçável;Com Vítimas Feridas;Pleno dia;Crescente;Chuva;Dupla;Curva;-7,281598;-35,769207
15/05/2025;14:40:00;MANAUS;Ultrapassagem Indevida;Colisão lateral mesmo sentido;Com Vítimas Feridas;Pleno dia;Crescente;Garoa/Chuvisco;Simples;"Reta;Declive";-2,94140156;-60,03391743
15/05/2025;16:03:00;BRASILIA;Ultrapassagem Indevida;Colisão lateral sentido oposto;Sem Vítimas;Pleno dia;Crescente;Céu Claro;Simples;Reta;-15,73125612;-48,15724406
15/05/2025;19:30:00;GUARULHOS;Conversão proibida;Queda de ocupante de veículo;Com Vítimas Feridas;Pleno dia;Decrescente;Ignorado;Múltipla;Interseção de Vias;-23,47534651;-46,52468157
15/05/2025;18:59:00;GUARAPUAVA;Acesso irregular;Colisão transversal;Sem Vítimas;Plena Noite;Crescente;Céu Claro;Simples;Reta;-25,3987984;-51,5371026
15/05/2025;19:10:00;VITORIA DA CONQUISTA;Demais falhas na via;Tombamento;Com Vítimas Feridas;Plena Noite;Decrescente;Garoa/Chuvisco;Simples;Reta;-14,82485;-40,8209
15/05/2025;19:45:00;SANTA RITA;Animais na Pista;Atropelamento de Animal;Com Vítimas Feridas;Plena Noite;Crescente;Chuva;Dupla;Curva;-7,084563;-34,970388
15/05/2025;19:20:00;TRES RIOS;Ultrapassagem Indevida;Colisão frontal;Com Vítimas Feridas;Plena Noite;Crescente;Nublado;Simples;Reta;-22,133707;-43,247682
15/05/2025;20:20:00;SERRA;Deficiência do Sistema de Iluminação/Sinalização;Atropelamento de Pedestre;Com Vítimas Feridas;Plena Noite;Crescente;Chuva;Dupla;Reta;-20,18178891;-40,26542191
15/05/2025;18:30:00;RIO BRANCO;Pista esburacada;Queda de ocupante de veículo;Com Vítimas Feridas;Plena Noite;Crescente;Céu Claro;Simples;Reta;-10,04137339;-67,62205124
15/05/2025;20:50:00;PARANAGUA;Ultrapassagem Indevida;Colisão frontal;Com Vítimas Feridas;Plena Noite;Crescente;Nublado;Simples;Reta;-25,54239301;-48,55911379
15/05/2025;21:25:00;BAYEUX;Pista esburacada;Tombamento;Com Vítimas Feridas;Plena Noite;Crescente;Chuva;Dupla;Interseção de Vias;-7,1432634;-34,9190442
15/05/2025;22:00:00;BELEM DE SAO FRANCISCO;Animais na Pista;Atropelamento de Animal;Com Vítimas Feridas;Plena Noite;Decrescente;Nublado;Simples;Aclive;-8,63198;-39,060847
15/05/2025;17:30:00;TEOLANDIA;Velocidade Incompatível;Colisão frontal;Sem Vítimas;Pleno dia;Crescente;Céu Claro;Simples;Curva;-13,566998;-39,473232
15/05/2025;06:50:00;PIRAI;Curva acentuada;Colisão com objeto;Com Vítimas Feridas;Amanhecer;Decrescente;Céu Claro;Dupla;"Curva;Declive";-22,675456;-43,8370304
15/05/2025;07:30:00;SIMAO PEREIRA;Animais na Pista;Saída de leito carroçável;Com Vítimas Feridas;Pleno dia;Decrescente;Céu Claro;Dupla;"Declive;Reta";-21,95653881;-43,29849243
15/05/2025;07:50:00;CAMPOS DOS GOYTACAZES;Acesso irregular;Colisão transversal;Com Vítimas Feridas;Pleno dia;Crescente;Céu Claro;Simples;Reta;-21,8244266;-41,4118287
15/05/2025;06:30:00;PARNAMIRIM;Chuva;Queda de ocupante de veículo;Com Vítimas Feridas;Pleno dia;Decrescente;Chuva;Dupla;Reta;-5,9047;-35,260058
15/05/2025;19:44:00;PORTO REAL DO COLEGIO;Animais na Pista;Atropelamento de Animal;Com Vítimas Feridas;Plena Noite;Crescente;Nublado;Dupla;Reta;-10,1161275;-36,7450731
14/05/2025;06:30:00;SENHOR DO BONFIM;Sinalização mal posicionada;Saída de leito carroçável;Com Vítimas Feridas;Amanhecer;Decrescente;Céu Claro;Simples;Curva;-10,41515;-40,18387
14/05/2025;08:45:00;PADRE BERNARDO;Velocidade Incompatível;Tombamento;Sem Vítimas;Pleno dia;Crescente;Céu Claro;Simples;Curva;-15,59639;-48,20343
14/05/2025;00:30:00;CACHOEIRA DO SUL;Iluminação deficiente;Tombamento;Com Vítimas Feridas;Plena Noite;Crescente;Céu Claro;Simples;"Reta;Declive";-29,9962173;-52,92367458
14/05/2025;06:46:00;LINHARES;Ultrapassagem Indevida;Saída de leito carroçável;Com Vítimas Feridas;Pleno dia;Decrescente;Céu Claro;Simples;Reta;-19,1671819;-40,08656296
14/05/2025;07:00:00;INDAIAL;Pista Escorregadia;Tombamento;Com Vítimas Feridas;Pleno dia;Decrescente;Garoa/Chuvisco;Dupla;"Reta;Em Obras";-26,87118535;-49,22918916
14/05/2025;06:45:00;DOURADOS;Animais na Pista;Atropelamento de Animal;Com Vítimas Feridas;Pleno dia;Crescente;Céu Claro;Dupla;Reta;-22,25906994;-54,80004072
14/05/2025;09:15:00;SIMOES FILHO;Pista esburacada;Tombamento;Com Vítimas Feridas;Pleno dia;Crescente;Sol;Dupla;"Curva;Viaduto";-12,8231704;-38,4039606
14/05/2025;09:30:00;IBIRACU;Velocidade Incompatível;Saída de leito carroçável;Com Vítimas Feridas;Pleno dia;Crescente;Chuva;Dupla;Curva;-19,86;-40,38
14/05/2025;08:10:00;RIO LARGO;Chuva;Queda de ocupante de veículo;Com Vítimas Feridas;Pleno dia;Crescente;Garoa/Chuvisco;Dupla;Reta;-9,525459;-35,79984
14/05/2025;08:10:00;DUQUE DE CAXIAS;Ultrapassagem Indevida;Colisão transversal;Com Vítimas Feridas;Pleno dia;Crescente;Céu Claro;Simples;Reta;-22,63444944;-43,285291
14/05/2025;09:15:00;CAMPINA GRANDE DO SUL;Velocidade Incompatível;Colisão com objeto;Com Vítimas Feridas;Pleno dia;Crescente;Garoa/Chuvisco;Dupla;Curva;-25,17804883;-48,87943983
14/05/2025;11:10:00;SOBRAL;Ultrapassagem Indevida;Colisão lateral sentido oposto;Com Vítimas Feridas;Pleno dia;Crescente;Céu Claro;Simples;Reta;-3,7189501;-40,3323317
14/05/2025;08:00:00;JACAREZINHO;Velocidade Incompatível;Saída de leito carroçável;Sem Vítimas;Pleno dia;Crescente;Céu Claro;Simples;"Retorno Regulamentado;Curva;Declive";-23,00733931;-49,90585903
14/05/2025;12:10:00;TERESOPOLIS;Conversão proibida;Colisão lateral mesmo sentido;Com Vítimas Feridas;Pleno dia;Crescente;Céu Claro;Simples;Curva;-22,383745;-42,954876
14/05/2025;12:15:00;IMPERATRIZ;Velocidade Incompatível;Colisão traseira;Com Vítimas Feridas;Pleno dia;Crescente;Céu Claro;Simples;Interseção de Vias;-5,510538;-47,471495
14/05/2025;13:00:00;BALSAS;Conversão proibida;Colisão transversal;Com Vítimas Feridas;Pleno dia;Crescente;Céu Claro;Simples;"Reta;Interseção de Vias";-7,52215;-46,047465
14/05/2025;13:00:00;FEIRA DE SANTANA;Acesso irregular;Colisão lateral sentido oposto;Com Vítimas Feridas;Pleno dia;Decrescente;Céu Claro;Simples;Reta;-12,2629584;-38,9330529
14/05/2025;16:20:00;PORTO ALEGRE;Animais na Pista;Tombamento;Com Vítimas Feridas;Pleno dia;Crescente;Nublado;Dupla;Reta;-29,96831568;-51,1145215
14/05/2025;17:00:00;PARA DE MINAS;Condutor usando celular;Saída de leito carroçável;Sem Vítimas;Pleno dia;Decrescente;Céu Claro;Dupla;Reta;-19,903;-44,539
14/05/2025;11:35:00;ALPERCATA;Ultrapassagem Indevida;Colisão com objeto;Com Vítimas Feridas;Pleno dia;Crescente;Céu Claro;Simples;Reta;-18,93133681;-41,94126145
14/05/2025;18:10:00;FERVEDOURO;Velocidade Incompatível;Saída de leito carroçável;Com Vítimas Feridas;Plena Noite;Decrescente;Garoa/Chuvisco;Simples;Curva;-20,70721757;-42,2799933
14/05/2025;17:30:00;SOBRADO;Velocidade Incompatível;Saída de leito carroçável;Com Vítimas Feridas;Anoitecer;Decrescente;Chuva;Dupla;Reta;-7,1905387;-35,24662256
14/05/2025;18:20:00;GUARATINGUETA;Acumulo de areia ou detritos sobre o pavimento;Tombamento;Com Vítimas Feridas;Plena Noite;Decrescente;Céu Claro;Dupla;Reta;-22,8219853;-45,18974201
14/05/2025;18:00:00;BRASILIA;Iluminação deficiente;Colisão traseira;Com Vítimas Feridas;Anoitecer;Crescente;Ignorado;Dupla;"Declive;Reta";-15,5821721;-47,5357462
14/05/2025;18:00:00;UBERLANDIA;Acesso irregular;Colisão lateral mesmo sentido;Com Vítimas Feridas;Anoitecer;Decrescente;Nublado;Múltipla;"Declive;Reta";-18,89512111;-48,24813366
14/05/2025;18:50:00;CAMPINA GRANDE;Desvio temporário;Colisão lateral sentido oposto;Com Vítimas Feridas;Plena Noite;Crescente;Céu Claro;Dupla;"Em Obras;Reta";-7,255601;-35,929636
14/05/2025;16:00:00;MAGE;Condutor usando celular;Colisão lateral mesmo sentido;Com Vítimas Feridas;Pleno dia;Crescente;Céu Claro;Dupla;Curva;-22,59202232;-43,0208838
14/05/2025;18:00:00;DELTA;Acumulo de água sobre o pavimento;Colisão com objeto;Com Vítimas Feridas;Plena Noite;Decrescente;Chuva;Dupla;Aclive;-19,87698682;-47,85881754
14/05/2025;18:20:00;VARGEM BONITA;Conversão proibida;Colisão lateral sentido oposto;Com Vítimas Feridas;Anoitecer;Crescente;Céu Claro;Simples;Reta;-26,99868371;-51,74822599
14/05/2025;22:09:00;PETROLINA;Animais na Pista;Atropelamento de Animal;Com Vítimas Feridas;Plena Noite;Decrescente;Céu Claro;Dupla;Reta;-9,36291;-40,48234
14/05/2025;23:00:00;ATILIO VIVACQUA;Chuva;Saída de leito carroçável;Com Vítimas Feridas;Plena Noite;Decrescente;Chuva;Simples;Reta;-20,97242891;-41,1104935
14/05/2025;23:35:00;JOAO PESSOA;Acumulo de água sobre o pavimento;Queda de ocupante de veículo;Com Vítimas Feridas;Plena Noite;Decrescente;Chuva;Múltipla;Reta;-7,1568475;-34,85777378
14/05/2025;20:10:00;URUACU;Animais na Pista;Atropelamento de Animal;Com Vítimas Feridas;Plena Noite;Decrescente;Céu Claro;Simples;Reta;-14,67460421;-49,20158386
14/05/2025;19:00:00;SANTA RITA;Acumulo de água sobre o pavimento;Saída de leito carroçável;Sem Vítimas;Plena Noite;Decrescente;Chuva;Dupla;"Reta;Declive";-7,14201001;-34,97930825
14/05/2025;17:55:00;ITABORAI;Conversão proibida;Queda de ocupante de veículo;Com Vítimas Feridas;Anoitecer;Crescente;Céu Claro;Simples;Reta;-22,767904;-42,922483
13/05/2025;07:57:00;ARAGUAINA;Acumulo de areia ou detritos sobre o pavimento;Tombamento;Sem Vítimas;Pleno dia;Crescente;Céu Claro;Múltipla;"Curva;Interseção de Vias;Retorno Regulamentado";-7,17786;-48,22148
13/05/2025;10:00:00;PARANAGUA;Velocidade Incompatível;Colisão lateral sentido oposto;Com Vítimas Feridas;Pleno dia;Crescente;Garoa/Chuvisco;Dupla;Reta;-25,52161;-48,525565
13/05/2025;11:30:00;LEOPOLDINA;Velocidade Incompatível;Tombamento;Com Vítimas Feridas;Pleno dia;Decrescente;Céu Claro;Simples;Curva;-21,627038;-42,69996898
13/05/2025;13:00:00;ILHEUS;Afundamento ou ondulação no pavimento;Tombamento;Com Vítimas Feridas;Pleno dia;Decrescente;Chuva;Simples;Curva;-14,7995224;-39,1587625
13/05/2025;18:00:00;VARZEA GRANDE;Deficiência do Sistema de Iluminação/Sinalização;Colisão traseira;Com Vítimas Feridas;Anoitecer;Crescente;Céu Claro;Simples;Reta;-15,70473988;-56,14711046
13/05/2025;21:58:00;NOVA GLORIA;Ausência de sinalização;Colisão traseira;Com Vítimas Fatais;Plena Noite;Decrescente;Céu Claro;Simples;Reta;-15,00512627;-49,41489371
13/05/2025;22:20:00;PALHOCA;Conversão proibida;Colisão transversal;Sem Vítimas;Plena Noite;Decrescente;Chuva;Simples;Reta;-27,656194;-48,68007
13/05/2025;23:30:00;JEQUITAI;Chuva;Saída de leito carroçável;Com Vítimas Feridas;Plena Noite;Decrescente;Nublado;Simples;"Declive;Reta";-17,1617515;-44,400743
13/05/2025;21:20:00;PRIMAVERA DO LESTE;Acostamento em desnível;Saída de leito carroçável;Com Vítimas Feridas;Plena Noite;Decrescente;Céu Claro;Simples;Reta;-15,618791;-54,061774
13/05/2025;21:15:00;GRAO MOGOL;Pista Escorregadia;Saída de leito carroçável;Com Vítimas Fatais;Plena Noite;Crescente;Garoa/Chuvisco;Simples;Curva;-16,4074212;-43,2280038
13/05/2025;15:30:00;MIRACATU;Velocidade Incompatível;Tombamento;Com Vítimas Feridas;Pleno dia;Decrescente;Nublado;Dupla;Curva;-24,0371899;-47,1884728
13/05/2025;19:00:00;RONDONOPOLIS;Chuva;Queda de ocupante de veículo;Com Vítimas Fatais;Plena Noite;Crescente;Garoa/Chuvisco;Dupla;Reta;-16,49310321;-54,64709613
13/05/2025;00:35:00;FORTALEZA;Velocidade Incompatível;Colisão com objeto;Sem Vítimas;Plena Noite;Decrescente;Céu Claro;Múltipla;"Declive;Reta";-3,74051;-38,597747
13/05/2025;05:00:00;ABADIA DE GOIAS;Velocidade Incompatível;Tombamento;Com Vítimas Feridas;Plena Noite;Decrescente;Céu Claro;Dupla;"Declive;Reta";-16,772753;-49,48562
13/05/2025;07:20:00;CABEDELO;Acesso irregular;Colisão traseira;Com Vítimas Feridas;Pleno dia;Crescente;Céu Claro;Dupla;Reta;-7,065527;-34,850237
13/05/2025;07:25:00;ATIBAIA;Velocidade Incompatível;Saída de leito carroçável;Com Vítimas Feridas;Pleno dia;Crescente;Sol;Dupla;Reta;-23,13920478;-46,57551952
13/05/2025;07:55:00;FEIRA DE SANTANA;Conversão proibida;Colisão frontal;Com Vítimas Feridas;Pleno dia;Crescente;Céu Claro;Simples;Reta;-12,2626501;-38,93258393
13/05/2025;08:30:00;RECIFE;Ultrapassagem Indevida;Colisão lateral mesmo sentido;Com Vítimas Feridas;Pleno dia;Decrescente;Céu Claro;Dupla;Reta;-8,06249;-34,94437
13/05/2025;06:40:00;TEIXEIRA DE FREITAS;Chuva;Capotamento;Com Vítimas Feridas;Amanhecer;Crescente;Chuva;Simples;Reta;-17,432109;-39,687949
13/05/2025;09:00:00;CACHOEIRO DE ITAPEMIRIM;Acesso irregular;Colisão lateral sentido oposto;Com Vítimas Feridas;Pleno dia;Crescente;Sol;Simples;Reta;-20,8621561;-41,1182488
13/05/2025;07:30:00;SAO BENTO DO SUL;Pista Escorregadia;Queda de ocupante de veículo;Com Vítimas Feridas;Pleno dia;Decrescente;Garoa/Chuvisco;Simples;"Aclive;Reta";-26,33491871;-49,37803969