data_inversa;horario;municipio;causa_acidente;tipo_acidente;classificacao_acidente;fase_dia;sentido_via;condicao_metereologica;tipo_pista;tracado_via;latitude;longitude
10/05/2025;21:15:00;SAO JOSE DO RIO PRETO;Velocidade Incompatível;Colisão traseira;Com Vítimas Feridas;Plena Noite;Decrescente;Céu Claro;Dupla;Reta;-20,79708308;-49,35476428
10/05/2025;14:30:00;FLORANIA;Velocidade Incompatível;Saída de leito carroçável;Com Vítimas Feridas;Pleno dia;Crescente;Chuva;Simples;Curva;-6,189817;-36,78392
10/05/2025;21:30:00;ITAPEVA;Velocidade Incompatível;Capotamento;Com Vítimas Feridas;Plena Noite;Crescente;Chuva;Dupla;Curva;-22,7672064;-46,2159872
10/05/2025;18:30:00;GOVERNADOR EDISON LOBAO;Deficiência do Sistema de Iluminação/Sinalização;Colisão lateral sentido oposto;Com Vítimas Feridas;Plena Noite;Decrescente;Céu Claro;Simples;Reta;-5,78015;-47,35941
10/05/2025;19:30:00;LEOPOLDINA;Animais na Pista;Atropelamento de Animal;Com Vítimas Feridas;Plena Noite;Decrescente;Céu Claro;Simples;"Reta;Aclive";-21,542673;-42,655891
10/05/2025;17:10:00;PRESIDENTE MEDICI;Afundamento ou ondulação no pavimento;Capotamento;Com Vítimas Feridas;Anoitecer;Crescente;Céu Claro;Simples;Curva;-11,205797;-62,115343
10/05/2025;23:00:00;SAO LUIZ GONZAGA;Velocidade Incompatível;Capotamento;Com Vítimas Feridas;Plena Noite;Crescente;Céu Claro;Simples;"Interseção de Vias;Rotatória";-28,418289;-54,963538
10/05/2025;22:00:00;SARANDI;Acesso irregular;Colisão transversal;Com Vítimas Feridas;Plena Noite;Crescente;Céu Claro;Dupla;"Reta;Retorno Regulamentado";-23,45078319;-51,85525266
10/05/2025;23:40:00;SANTA ISABEL;Acumulo de água sobre o pavimento;Colisão com objeto;Com Vítimas Feridas;Plena Noite;Decrescente;Chuva;Dupla;"Reta;Declive";-23,3521653;-46,18000031
10/05/2025;20:00:00;PORTO ESPERIDIAO;Deficiência do Sistema de Iluminação/Sinalização;Colisão traseira;Com Vítimas Feridas;Plena Noite;Decrescente;Céu Claro;Simples;Reta;-15,69958253;-58,7112093
10/05/2025;22:44:00;ITAOBIM;Demais falhas na via;Queda de ocupante de veículo;Com Vítimas Feridas;Pleno dia;Crescente;Céu Claro;Simples;Declive;-16,59441044;-41,49742126
10/05/2025;01:30:00;CONTAGEM;Velocidade Incompatível;Capotamento;Com Vítimas Feridas;Plena Noite;Crescente;Céu Claro;Dupla;"Reta;Declive";-19,95818687;-44,05787124
09/05/2025;17:55:00;CONCEICAO DO JACUIPE;Chuva;Colisão traseira;Com Vítimas Feridas;Anoitecer;Decrescente;Chuva;Dupla;"Reta;Declive";-12,348565;-38,836396
09/05/2025;21:20:00;MARIALVA;Condutor usando celular;Colisão traseira;Com Vítimas Feridas;Plena Noite;Crescente;Chuva;Dupla;"Aclive;Reta";-23,50390609;-51,74796581
09/05/2025;19:30:00;TIMON;Velocidade Incompatível;Tombamento;Com Vítimas Feridas;Plena Noite;Decrescente;Céu Claro;Simples;"Reta;Declive";-5,09728024;-43,03341575
09/05/2025;22:50:00;PIRAQUARA;Velocidade Incompatível;Saída de leito carroçável;Com Vítimas Feridas;Plena Noite;Decrescente;Céu Claro;Dupla;Curva;-25,44104448;-49,09218661
09/05/2025;00:00:00;BARRA DO GARCAS;Conversão proibida;Colisão traseira;Com Vítimas Feridas;Plena Noite;Crescente;Céu Claro;Simples;"Reta;Interseção de Vias";-15,8924569;-52,2606543
09/05/2025;02:00:00;SANTA MARIA;Acumulo de água sobre o pavimento;Saída de leito carroçável;Sem Vítimas;Plena Noite;Crescente;Chuva;Simples;Reta;-29,708128;-53,857508
09/05/2025;06:40:00;CRISTAL;Acumulo de água sobre o pavimento;Saída de leito carroçável;Com Vítimas Feridas;Amanhecer;Decrescente;Chuva;Dupla;Reta;-30,937654;-51,929929
09/05/2025;08:35:00;ESTRELA;Acumulo de água sobre o pavimento;Saída de leito carroçável;Com Vítimas Feridas;Pleno dia;Decrescente;Chuva;Dupla;Curva;-29,49934896;-51,94996655
09/05/2025;06:15:00;CAMPO ALEGRE DE GOIAS;Velocidade Incompatível;Tombamento;Com Vítimas Feridas;Amanhecer;Crescente;Céu Claro;Dupla;Reta;-17,158222;-47,722595
09/05/2025;08:30:00;MONTENEGRO;Acumulo de água sobre o pavimento;Colisão com objeto;Sem Vítimas;Pleno dia;Decrescente;Chuva;Dupla;Reta;-29,81799787;-51,45654738
09/05/2025;09:15:00;MIRACATU;Condutor usando celular;Colisão com objeto;Com Vítimas Fatais;Pleno dia;Crescente;Sol;Dupla;Reta;-24,2675408;-47,3932369
09/05/2025;10:00:00;DILERMANDO DE AGUIAR;Chuva;Saída de leito carroçável;Com Vítimas Feridas;Pleno dia;Decrescente;Chuva;Simples;Curva;-29,888758;-54,283873
09/05/2025;11:10:00;PORTO ALEGRE;Velocidade Incompatível;Colisão com objeto;Com Vítimas Feridas;Pleno dia;Decrescente;Chuva;Dupla;"Curva;Aclive";-29,97454138;-51,19773595
09/05/2025;10:05:00;BRASILIA;Acumulo de areia ou detritos sobre o pavimento;Colisão frontal;Com Vítimas Feridas;Pleno dia;Crescente;Céu Claro;Múltipla;"Curva;Aclive";-15,7952618;-48,1990856
09/05/2025;12:00:00;RECIFE;Conversão proibida;Colisão transversal;Com Vítimas Feridas;Pleno dia;Crescente;Sol;Dupla;Interseção de Vias;-8,131252;-34,945082
09/05/2025;09:45:00;NOVA VICOSA;Acesso irregular;Atropelamento de Pedestre;Com Vítimas Feridas;Pleno dia;Decrescente;Céu Claro;Simples;"Interseção de Vias;Rotatória";-17,892088;-39,817543
09/05/2025;16:20:00;GLORINHA;Acumulo de água sobre o pavimento;Tombamento;Com Vítimas Feridas;Pleno dia;Crescente;Chuva;Múltipla;Reta;-29,890129;-50,704564
09/05/2025;14:30:00;IRAJUBA;Velocidade Incompatível;Saída de leito carroçável;Com Vítimas Feridas;Pleno dia;Crescente;Nublado;Simples;Curva;-13,21277;-40,02533
09/05/2025;18:07:00;PINHEIROS;Conversão proibida;Colisão transversal;Com Vítimas Feridas;Anoitecer;Crescente;Céu Claro;Simples;Reta;-18,31138487;-39,95688915
09/05/2025;17:30:00;SANHARO;Conversão proibida;Colisão transversal;Com Vítimas Feridas;Anoitecer;Decrescente;Céu Claro;Simples;Reta;-8,369132;-36,583827
09/05/2025;17:55:00;JARAGUA DO SUL;Conversão proibida;Colisão transversal;Com Vítimas Feridas;Anoitecer;Crescente;Nublado;Simples;Reta;-26,464821;-49,127891
09/05/2025;18:00:00;NOVA SANTA RITA;Chuva;Saída de leito carroçável;Com Vítimas Feridas;Anoitecer;Decrescente;Chuva;Dupla;Reta;-29,87588075;-51,24412894
09/05/2025;17:35:00;CAMBE;Acesso irregular;Colisão lateral mesmo sentido;Sem Vítimas;Pleno dia;Crescente;Céu Claro;Dupla;Reta;-23,28266527;-51,25225067
09/05/2025;19:10:00;GUARULHOS;Sinalização mal posicionada;Colisão com objeto;Com Vítimas Feridas;Plena Noite;Crescente;Céu Claro;Múltipla;"Reta;Em Obras";-23,47332388;-46,52126312
09/05/2025;20:10:00;PORTO ALEGRE;Chuva;Colisão com objeto;Com Vítimas Feridas;Plena Noite;Decrescente;Chuva;Dupla;"Curva;Aclive;Viaduto";-29,97458363;-51,19773746
09/05/2025;19:27:00;CACAPAVA DO SUL;Ultrapassagem Indevida;Colisão frontal;Com Vítimas Feridas;Pleno dia;Decrescente;Garoa/Chuvisco;Simples;Curva;-30,3618981;-53,4434414
09/05/2025;19:40:00;AGUAS MORNAS;Velocidade Incompatível;Colisão lateral sentido oposto;Com Vítimas Feridas;Plena Noite;Decrescente;Chuva;Simples;Curva;-27,68502799;-48,97299897
09/05/2025;19:50:00;CAMPO MOURAO;Chuva;Saída de leito carroçável;Com Vítimas Feridas;Plena Noite;Decrescente;Chuva;Simples;Declive;-24,04099001;-52,40521129
09/05/2025;19:30:00;RANCHO QUEIMADO;Velocidade Incompatível;Capotamento;Com Vítimas Feridas;Plena Noite;Decrescente;Chuva;Simples;Curva;-27,66659908;-49,10837287
09/05/2025;22:09:00;SAO JOSE;Velocidade Incompatível;Queda de ocupante de veículo;Com Vítimas Feridas;Plena Noite;Crescente;Chuva;Dupla;"Rotatória;Declive";-27,58647273;-48,69548019
09/05/2025;21:40:00;TERESINA;Animais na Pista;Atropelamento de Animal;Com Vítimas Feridas;Plena Noite;Crescente;Nublado;Dupla;Reta;-5,2573883;-42,7292247
09/05/2025;22:00:00;AMELIA RODRIGUES;Afundamento ou ondulação no pavimento;Saída de leito carroçável;Com Vítimas Feridas;Plena Noite;Crescente;Nublado;Dupla;Reta;-12,49606384;-38,6511147
09/05/2025;22:00:00;JOSE BONIFACIO;Ultrapassagem Indevida;Colisão lateral mesmo sentido;Com Vítimas Feridas;Plena Noite;Crescente;Céu Claro;Simples;"Reta;Aclive";-21,104441;-49,682476
09/05/2025;22:30:00;CANOAS;Velocidade Incompatível;Saída de leito carroçável;Com Vítimas Feridas;Plena Noite;Decrescente;Chuva;Simples;"Curva;Declive";-29,882573;-51,238175
09/05/2025;23:30:00;GOVERNADOR VALADARES;Animais na Pista;Atropelamento de Animal;Com Vítimas Feridas;Plena Noite;Decrescente;Céu Claro;Simples;Reta;-18,66893;-41,98178
09/05/2025;23:00:00;APIUNA;Velocidade Incompatível;Saída de leito carroçável;Com Vítimas Feridas;Plena Noite;Decrescente;Garoa/Chuvisco;Simples;Curva;-27,065;-49,416
09/05/2025;23:50:00;APIUNA;Velocidade Incompatível;Saída de leito carroçável;Com Vítimas Feridas;Plena Noite;Decrescente;Garoa/Chuvisco;Simples;Curva;-27,064;-49,402
09/05/2025;13:50:00;PORTO ALEGRE;Pista Escorregadia;Colisão com objeto;Com Vítimas Feridas;Pleno dia;Decrescente;Chuva;Dupla;"Curva;Viaduto";-29,99894916;-51,205666
08/05/2025;00:20:00;TRES RIOS;Velocidade Incompatível;Tombamento;Com Vítimas Feridas;Plena Noite;Crescente;Céu Claro;Dupla;Curva;-22,12732326;-43,15528393
08/05/2025;10:00:00;AGUAS LINDAS DE GOIAS;Ausência de sinalização;Colisão traseira;Com Vítimas Feridas;Pleno dia;Crescente;Céu Claro;Múltipla;Reta;-15,760595;-48,243595
08/05/2025;11:45:00;PIRAI;Curva acentuada;Tombamento;Com Vítimas Feridas;Pleno dia;Decrescente;Céu Claro;Dupla;"Curva;Declive";-22,5913667;-43,95646445
08/05/2025;13:15:00;GOIANAPOLIS;Velocidade Incompatível;Colisão traseira;Com Vítimas Feridas;Pleno dia;Crescente;Céu Claro;Dupla;Reta;-16,5704275;-49,15648252
08/05/2025;17:25:00;SANTA BARBARA;Conversão proibida;Colisão transversal;Com Vítimas Feridas;Anoitecer;Crescente;Céu Claro;Simples;Reta;-11,9117;-38,9835
08/05/2025;19:45:00;SANTA HELENA DE GOIAS;Ultrapassagem Indevida;Colisão lateral sentido oposto;Com Vítimas Fatais;Plena Noite;Crescente;Céu Claro;Simples;"Aclive;Reta";-17,916027;-50,608648
08/05/2025;21:35:00;ORTIGUEIRA;Velocidade Incompatível;Colisão frontal;Com Vítimas Fatais;Plena Noite;Crescente;Nublado;Simples;"Curva;Declive";-24,123254;-51,017941
08/05/2025;06:08:00;NOVO PROGRESSO;Demais falhas na via;Tombamento;Sem Vítimas;Amanhecer;Crescente;Céu Claro;Simples;Reta;-6,72321479;-55,48022389
08/05/2025;07:50:00;SANTOS DUMONT;Velocidade Incompatível;Colisão transversal;Com Vítimas Feridas;Pleno dia;Crescente;Céu Claro;Simples;Curva;-21,42799618;-43,5558238
08/05/2025;07:30:00;MUCURI;Acesso irregular;Colisão transversal;Com Vítimas Feridas;Pleno dia;Crescente;Chuva;Simples;Reta;-17,99266104;-39,86024201
08/05/2025;06:30:00;BETIM;Ultrapassagem Indevida;Colisão lateral mesmo sentido;Com Vítimas Feridas;Pleno dia;Crescente;Céu Claro;Simples;Reta;-19,95880819;-44,15149605
08/05/2025;13:20:00;SEBERI;Ultrapassagem Indevida;Tombamento;Com Vítimas Feridas;Pleno dia;Crescente;Sol;Simples;Reta;-27,57719583;-53,35198367
08/05/2025;14:15:00;ANAPOLIS;Acumulo de areia ou detritos sobre o pavimento;Tombamento;Com Vítimas Feridas;Pleno dia;Decrescente;Céu Claro;Dupla;"Em Obras;Desvio Temporário";-16,30254669;-48,92539787
08/05/2025;15:10:00;ESTIVA;Velocidade Incompatível;Saída de leito carroçável;Com Vítimas Feridas;Pleno dia;Crescente;Céu Claro;Dupla;Curva;-22,41951851;-45,96499443
08/05/2025;15:30:00;RECIFE;Velocidade Incompatível;Colisão traseira;Com Vítimas Feridas;Pleno dia;Decrescente;Céu Claro;Dupla;Interseção de Vias;-8,05984575;-34,94568586
08/05/2025;17:20:00;GASPAR;Ultrapassagem Indevida;Colisão transversal;Com Vítimas Feridas;Pleno dia;Decrescente;Céu Claro;Simples;Reta;-26,91386626;-48,96000115
08/05/2025;18:00:00;VACARIA;Acesso irregular;Colisão transversal;Com Vítimas Feridas;Plena Noite;Crescente;Céu Claro;Simples;"Reta;Interseção de Vias";-28,49254082;-50,95514774
08/05/2025;18:40:00;MARACAJU;Animais na Pista;Atropelamento de Animal;Com Vítimas Feridas;Plena Noite;Decrescente;Céu Claro;Simples;Reta;-21,63044105;-55,58440581
08/05/2025;19:50:00;PELOTAS;Animais na Pista;Atropelamento de Animal;Com Vítimas Feridas;Plena Noite;Crescente;Chuva;Dupla;Viaduto;-31,72669295;-52,38308994
08/05/2025;19:40:00;SANTA IZABEL DO PARA;Animais na Pista;Atropelamento de Animal;Com Vítimas Feridas;Plena Noite;Decrescente;Céu Claro;Dupla;Reta;-1,27784;-48,07663
08/05/2025;18:30:00;PIRAI;Pista Escorregadia;Queda de ocupante de veículo;Com Vítimas Feridas;Plena Noite;Decrescente;Céu Claro;Dupla;Curva;-22,675456;-43,8403072
08/05/2025;21:15:00;VITORIA DA CONQUISTA;Deficiência do Sistema de Iluminação/Sinalização;Colisão traseira;Com Vítimas Feridas;Plena Noite;Decrescente;Garoa/Chuvisco;Simples;Reta;-15,06993464;-41,00109327
08/05/2025;21:35:00;JATEI;Animais na Pista;Atropelamento de Animal;Com Vítimas Feridas;Plena Noite;Decrescente;Céu Claro;Simples;Reta;-22,46961924;-54,28591339
07/05/2025;00:30:00;ITAJA;Animais na Pista;Atropelamento de Animal;Com Vítimas Feridas;Plena Noite;Crescente;Céu Claro;Simples;Reta;-5,62065;-36,8832
07/05/2025;08:45:00;ITABELA;Velocidade Incompatível;Saída de leito carroçável;Com Vítimas Feridas;Pleno dia;Decrescente;Céu Claro;Simples;Curva;-16,533425;-39,566502
07/05/2025;13:00:00;MARECHAL FLORIANO;Velocidade Incompatível;Colisão transversal;Com Vítimas Fatais;Pleno dia;Crescente;Céu Claro;Simples;Reta;-20,412758;-40,830838
07/05/2025;12:37:00;MURIAE;Ultrapassagem Indevida;Colisão lateral mesmo sentido;Com Vítimas Feridas;Pleno dia;Crescente;Céu Claro;Simples;"Reta;Interseção de Vias";-21,126961;-42,383487
07/05/2025;14:40:00;PORTO VITORIA;Ultrapassagem Indevida;Colisão lateral mesmo sentido;Sem Vítimas;Pleno dia;Crescente;Céu Claro;Simples;Aclive;-26,23615362;-51,15355933
07/05/2025;21:20:00;MURITIBA;Retorno proibido;Colisão transversal;Com Vítimas Feridas;Plena Noite;Decrescente;Nublado;Simples;Reta;-12,63644388;-39,09557819
07/05/2025;21:40:00;SAO FRANCISCO DO GUAPORE;Curva acentuada;Tombamento;Com Vítimas Fatais;Anoitecer;Crescente;Céu Claro;Simples;Curva;-12,04334978;-63,34236145
07/05/2025;06:35:00;FAXINAL DOS GUEDES;Ausência de sinalização;Colisão traseira;Sem Vítimas;Pleno dia;Decrescente;Nublado;Simples;"Aclive;Reta";-26,872357;-52,293212
07/05/2025;17:35:00;FORQUILHA;Velocidade Incompatível;Saída de leito carroçável;Com Vítimas Feridas;Anoitecer;Crescente;Céu Claro;Simples;"Curva;Declive";-3,77970473;-40,22536151
07/05/2025;18:15:00;BARAO DE COCAIS;Retorno proibido;Colisão transversal;Com Vítimas Feridas;Plena Noite;Crescente;Nublado;Dupla;Reta;-19,80151305;-43,41204643
07/05/2025;04:30:00;SAO SEBASTIAO DO PASSE;Afundamento ou ondulação no pavimento;Queda de ocupante de veículo;Com Vítimas Feridas;Amanhecer;Crescente;Chuva;Dupla;Reta;-12,55570515;-38,57091405
07/05/2025;05:10:00;IRATI;Velocidade Incompatível;Saída de leito carroçável;Sem Vítimas;Plena Noite;Crescente;Nevoeiro/Neblina;Simples;Reta;-25,45034153;-50,63599437
07/05/2025;06:30:00;MARACAJA;Neblina;Saída de leito carroçável;Com Vítimas Feridas;Amanhecer;Crescente;Nevoeiro/Neblina;Simples;Reta;-28,8572039;-49,44076952
07/05/2025;07:00:00;FEIRA DE SANTANA;Animais na Pista;Atropelamento de Animal;Com Vítimas Feridas;Pleno dia;Decrescente;Céu Claro;Dupla;Reta;-12,17667297;-38,96516416
07/05/2025;06:50:00;TOLEDO;Afundamento ou ondulação no pavimento;Tombamento;Com Vítimas Feridas;Pleno dia;Crescente;Nublado;Dupla;Reta;-24,6898735;-53,7600165
07/05/2025;05:50:00;UBERABA;Animais na Pista;Colisão com objeto;Com Vítimas Feridas;Pleno dia;Crescente;Céu Claro;Dupla;Reta;-19,799;-47,90782
07/05/2025;05:10:00;MARACAJA;Restrição de visibilidade em curvas horizontais;Saída de leito carroçável;Com Vítimas Feridas;Amanhecer;Decrescente;Nevoeiro/Neblina;Múltipla;Reta;-28,85278271;-49,4370788
07/05/2025;08:10:00;RIO LARGO;Velocidade Incompatível;Colisão traseira;Com Vítimas Feridas;Pleno dia;Crescente;Céu Claro;Dupla;Reta;-9,5047156;-35,80881715
07/05/2025;07:10:00;GANDU;Ultrapassagem Indevida;Colisão frontal;Com Vítimas Fatais;Pleno dia;Decrescente;Nublado;Simples;"Reta;Aclive";-13,714703;-39,478878
07/05/2025;10:20:00;MURIAE;Velocidade Incompatível;Colisão com objeto;Com Vítimas Feridas;Pleno dia;Crescente;Sol;Simples;"Curva;Aclive";-21,04172886;-42,36675739
07/05/2025;15:15:00;GUARULHOS;Desvio temporário;Tombamento;Com Vítimas Feridas;Pleno dia;Crescente;Sol;Múltipla;"Reta;Em Obras";-23,495851;-46,55617
07/05/2025;15:45:00;SOUSA;Animais na Pista;Tombamento;Com Vítimas Feridas;Pleno dia;Crescente;Céu Claro;Simples;Reta;-6,781378;-38,255525
07/05/2025;15:20:00;BARRA DO CORDA;Ultrapassagem Indevida;Colisão lateral mesmo sentido;Com Vítimas Feridas;Pleno dia;Decrescente;Céu Claro;Simples;"Reta;Aclive";-5,49870963;-45,23908049
07/05/2025;01:45:00;COLORADO DO OESTE;Velocidade Incompatível;Queda de ocupante de veículo;Com Vítimas Feridas;Plena Noite;Decrescente;Céu Claro;Simples;Reta;-13,18991942;-60,73408699
07/05/2025;18:20:00;BENTO GONCALVES;Conversão proibida;Colisão transversal;Com Vítimas Feridas;Anoitecer;Crescente;Céu Claro;Simples;Interseção de Vias;-29,07339153;-51,58632366
07/05/2025;18:20:00;SEROPEDICA;Deficiência do Sistema de Iluminação/Sinalização;Saída de leito carroçável;Com Vítimas Feridas;Plena Noite;Crescente;Nublado;Múltipla;Reta;-22,71011129;-43,70064609
07/05/2025;23:30:00;CRUZ DAS ALMAS;Retorno proibido;Colisão transversal;Com Vítimas Feridas;Plena Noite;Crescente;Nublado;Simples;Aclive;-12,69990511;-39,15316749
07/05/2025;21:15:00;ARIQUEMES;Animais na Pista;Atropelamento de Animal;Com Vítimas Feridas;Plena Noite;Crescente;Nublado;Simples;Reta;-9,952972;-63,109647
07/05/2025;19:00:00;FEIRA DE SANTANA;Pista esburacada;Queda de ocupante de veículo;Com Vítimas Feridas;Plena Noite;Crescente;Nublado;Dupla;Aclive;-12,28238165;-38,94603968
07/05/2025;20:00:00;TANGUA;Conversão proibida;Colisão frontal;Com Vítimas Feridas;Plena Noite;Decrescente;Céu Claro;Simples;Reta;-22,73617242;-42,73690028
07/05/2025;18:18:00;INDAIAL;Condutor usando celular;Colisão com objeto;Com Vítimas Feridas;Plena Noite;Decrescente;Nublado;Simples;Reta;-26,87036732;-49,22669856
07/05/2025;08:10:00;CONCEICAO DA BARRA;Chuva;Tombamento;Com Vítimas Feridas;Pleno dia;Crescente;Chuva;Simples;"Aclive;Reta";-18,324455;-39,95810956
06/05/2025;03:50:00;CACHOEIRA DOS INDIOS;Velocidade Incompatível;Tombamento;Com Vítimas Feridas;Plena Noite;Decrescente;Chuva;Simples;Curva;-6,97074;-38,73349
06/05/2025;09:00:00;MONTES CLAROS;Velocidade Incompatível;Tombamento;Com Vítimas Feridas;Pleno dia;Crescente;Sol;Simples;Curva;-16,80741684;-43,90522957
06/05/2025;08:10:00;BARRA DO CORDA;Ultrapassagem Indevida;Saída de leito carroçável;Com Vítimas Feridas;Pleno dia;Crescente;Céu Claro;Simples;Reta;-5,45368;-45,120285
06/05/2025;12:50:00;MIRACATU;Velocidade Incompatível;Tombamento;Com Vítimas Feridas;Pleno dia;Decrescente;Sol;Dupla;Curva;-24,0510873;-47,20075228
06/05/2025;10:10:00;BALNEARIO PICARRAS;Ultrapassagem Indevida;Colisão lateral mesmo sentido;Com Vítimas Feridas;Pleno dia;Decrescente;Nublado;Simples;Curva;-26,75756683;-48,68870258
06/05/2025;13:45:00;SATUBA;Ultrapassagem Indevida;Colisão frontal;Com Vítimas Feridas;Pleno dia;Crescente;Céu Claro;Simples;Reta;-9,571368;-35,815821
06/05/2025;13:22:00;TRINDADE;Conversão proibida;Colisão lateral sentido oposto;Com Vítimas Fatais;Pleno dia;Decrescente;Sol;Simples;Reta;-7,7751385;-40,2524284
06/05/2025;16:04:00;GUARANTA DO NORTE;Velocidade Incompatível;Tombamento;Com Vítimas Feridas;Pleno dia;Crescente;Céu Claro;Simples;"Curva;Declive";-9,60088;-54,8846
06/05/2025;18:40:00;HUMAITA;Ausência de sinalização;Colisão com objeto;Sem Vítimas;Plena Noite;Decrescente;Céu Claro;Simples;"Curva;Rotatória";-7,5505555;-63,0782691
06/05/2025;05:15:00;POUSO REDONDO;Velocidade Incompatível;Saída de leito carroçável;Com Vítimas Feridas;Amanhecer;Decrescente;Céu Claro;Simples;Curva;-27,303393;-50,07928
06/05/2025;12:00:00;IMPERATRIZ;Fumaça;Incêndio;Com Vítimas Feridas;Pleno dia;Decrescente;Céu Claro;Simples;Reta;-5,4174564;-47,47250748
06/05/2025;01:40:00;SAO PAULO;Acumulo de areia ou detritos sobre o pavimento;Queda de ocupante de veículo;Com Vítimas Feridas;Plena Noite;Decrescente;Céu Claro;Múltipla;Reta;-23,50155554;-46,56467423
06/05/2025;05:00:00;BRUNOPOLIS;Demais falhas na via;Colisão frontal;Com Vítimas Feridas;Pleno dia;Decrescente;Céu Claro;Simples;Reta;-27,335973;-50,965332
06/05/2025;06:30:00;PIRATINI;Neblina;Colisão com objeto;Com Vítimas Feridas;Amanhecer;Decrescente;Garoa/Chuvisco;Simples;Reta;-31,69175862;-53,01877499
06/05/2025;07:15:00;SAO SEBASTIAO;Animais na Pista;Atropelamento de Animal;Com Vítimas Feridas;Pleno dia;Decrescente;Nublado;Dupla;Reta;-10,031392;-36,635152
06/05/2025;08:10:00;SIMOES FILHO;Chuva;Saída de leito carroçável;Com Vítimas Feridas;Pleno dia;Crescente;Chuva;Dupla;Reta;-12,768074;-38,421906
06/05/2025;11:10:00;MAMANGUAPE;Acesso irregular;Tombamento;Com Vítimas Feridas;Pleno dia;Crescente;Céu Claro;Dupla;Reta;-6,82161988;-35,13861135
06/05/2025;13:50:00;BETIM;Velocidade Incompatível;Colisão com objeto;Com Vítimas Feridas;Pleno dia;Decrescente;Céu Claro;Dupla;Reta;-19,9816809;-44,2110331
06/05/2025;16:00:00;PENHA;Afundamento ou ondulação no pavimento;Tombamento;Com Vítimas Feridas;Pleno dia;Decrescente;Nublado;Dupla;Reta;-26,82774084;-48,69165763
06/05/2025;17:00:00;BOA VIAGEM;Ultrapassagem Indevida;Colisão transversal;Com Vítimas Feridas;Pleno dia;Crescente;Céu Claro;Simples;Reta;-5,10555731;-39,71690504
06/05/2025;17:40:00;CASTANHAL;Conversão proibida;Colisão transversal;Com Vítimas Feridas;Anoitecer;Crescente;Céu Claro;Dupla;Reta;-1,2974;-47,9352
06/05/2025;18:15:00;URUACU;Acesso irregular;Colisão transversal;Com Vítimas Feridas;Anoitecer;Crescente;Céu Claro;Simples;Reta;-14,51113858;-49,14845467
06/05/2025;12:10:00;ITATIAIA;Acumulo de areia ou detritos sobre o pavimento;Eventos atípicos;Sem Vítimas;Pleno dia;Crescente;Céu Claro;Dupla;Reta;-22,482243;-44,539893
06/05/2025;19:00:00;BLUMENAU;Conversão proibida;Colisão transversal;Sem Vítimas;Plena Noite;Decrescente;Céu Claro;Simples;"Reta;Em Obras";-26,87765544;-49,13043022
06/05/2025;18:10:00;PINHALZINHO;Pista Escorregadia;Queda de ocupante de veículo;Com Vítimas Feridas;Plena Noite;Crescente;Nublado;Simples;Curva;-26,8321475;-53,0224813
06/05/2025;21:00:00;SANTA ROSA;Chuva;Saída de leito carroçável;Com Vítimas Feridas;Plena Noite;Decrescente;Chuva;Simples;Reta;-27,83587155;-54,43030818
06/05/2025;23:30:00;VARZEA GRANDE;Animais na Pista;Atropelamento de Animal;Com Vítimas Feridas;Plena Noite;Decrescente;Nublado;Simples;Reta;-15,65838578;-56,18852947
05/05/2025;10:00:00;COCALZINHO DE GOIAS;Ultrapassagem Indevida;Colisão frontal;Com Vítimas Fatais;Pleno dia;Decrescente;Céu Claro;Simples;Reta;-15,6784;-48,7046883
05/05/2025;16:20:00;AGRESTINA;Acesso irregular;Colisão transversal;Sem Vítimas;Pleno dia;Decrescente;Céu Claro;Simples;Curva;-8,50233075;-35,94724149
05/05/2025;18:00:00;IBIRACU;Acesso irregular;Colisão transversal;Com Vítimas Feridas;Plena Noite;Decrescente;Céu Claro;Simples;Curva;-19,81447381;-40,36597967
05/05/2025;19:10:00;RAFAEL JAMBEIRO;Chuva;Saída de leito carroçável;Com Vítimas Feridas;Plena Noite;Crescente;Chuva;Dupla;"Reta;Declive";-12,5775648;-39,50818944
05/05/2025;19:00:00;ORTIGUEIRA;Condutor usando celular;Colisão com objeto;Com Vítimas Fatais;Plena Noite;Decrescente;Céu Claro;Dupla;Declive;-23,95830314;-51,11353755
05/05/2025;20:30:00;CARAZINHO;Ultrapassagem Indevida;Colisão frontal;Com Vítimas Feridas;Plena Noite;Decrescente;Céu Claro;Simples;Reta;-28,27523759;-52,68717273
05/05/2025;21:34:00;BARAO DE COCAIS;Velocidade Incompatível;Colisão com objeto;Com Vítimas Feridas;Plena Noite;Decrescente;Céu Claro;Dupla;Curva;-19,78929072;-43,42988715
05/05/2025;06:40:00;FRANCISCO SANTOS;Modificação proibida;Colisão lateral mesmo sentido;Com Vítimas Feridas;Pleno dia;Decrescente;Céu Claro;Simples;Reta;-7,11669276;-41,1822474
05/05/2025;01:50:00;MURITIBA;Chuva;Colisão frontal;Sem Vítimas;Plena Noite;Decrescente;Chuva;Simples;Curva;-12,6143263;-39,0852734
05/05/2025;07:00:00;FORTALEZA;Animais na Pista;Queda de ocupante de veículo;Com Vítimas Feridas;Pleno dia;Crescente;Céu Claro;Múltipla;Interseção de Vias;-3,851756;-38,495236
05/05/2025;06:50:00;INDIARA;Velocidade Incompatível;Saída de leito carroçável;Com Vítimas Fatais;Pleno dia;Crescente;Céu Claro;Dupla;"Declive;Curva";-17,106405;-49,931033