data_inversa;horario;municipio;causa_acidente;tipo_acidente;classificacao_acidente;fase_dia;sentido_via;condicao_metereologica;tipo_pista;tracado_via;latitude;longitude
01/05/2025;21:30:00;ICONHA;Velocidade Incompatível;Queda de ocupante de veículo;Com Vítimas Feridas;Plena Noite;Decrescente;Chuva;Dupla;Reta;-20,798474;-40,789394
01/05/2025;23:20:00;PRESIDENTE CASTELO BRANCO;Afundamento ou ondulação no pavimento;Capotamento;Com Vítimas Feridas;Plena Noite;Crescente;Céu Claro;Dupla;Reta;-23,251473;-52,167313
01/05/2025;17:45:00;BLUMENAU;Demais Fenômenos da natureza;Eventos atípicos;Sem Vítimas;Anoitecer;Não Informado;Céu Claro;Dupla;Reta;-26,89547215;-49,07615015
01/05/2025;01:50:00;CAMPINA GRANDE DO SUL;Velocidade Incompatível;Tombamento;Com Vítimas Feridas;Plena Noite;Crescente;Céu Claro;Dupla;Reta;-25,30334387;-48,95943488
01/05/2025;07:20:00;PARANAGUA;Pista Escorregadia;Queda de ocupante de veículo;Com Vítimas Feridas;Amanhecer;Decrescente;Céu Claro;Múltipla;Rotatória;-25,51504137;-48,52257125
01/05/2025;19:50:00;SAO CRISTOVAO;Velocidade Incompatível;Colisão traseira;Com Vítimas Fatais;Plena Noite;Decrescente;Nublado;Simples;"Aclive;Reta";-10,930556;-37,185833
30/04/2025;00:15:00;FRANCISCO SA;Velocidade Incompatível;Saída de leito carroçável;Sem Vítimas;Plena Noite;Crescente;Chuva;Simples;"Curva;Declive";-16,542616;-43,593483
30/04/2025;09:55:00;GUARATUBA;Velocidade Incompatível;Colisão lateral mesmo sentido;Com Vítimas Feridas;Pleno dia;Crescente;Céu Claro;Dupla;"Curva;Declive";-25,85590672;-48,95226566
30/04/2025;11:10:00;JOAO MONLEVADE;Chuva;Colisão lateral sentido oposto;Com Vítimas Feridas;Pleno dia;Decrescente;Garoa/Chuvisco;Simples;"Curva;Aclive";-19,8499931;-43,1510414
30/04/2025;09:00:00;TEOFILO OTONI;Chuva;Tombamento;Com Vítimas Feridas;Pleno dia;Crescente;Chuva;Simples;Curva;-17,8720317;-41,5199362
30/04/2025;08:30:00;PILAR;Velocidade Incompatível;Tombamento;Com Vítimas Feridas;Pleno dia;Crescente;Céu Claro;Dupla;Curva;-9,596203;-36,007416
30/04/2025;13:00:00;CEZARINA;Velocidade Incompatível;Colisão traseira;Com Vítimas Fatais;Pleno dia;Crescente;Céu Claro;Dupla;"Reta;Aclive";-16,999747;-49,767993
30/04/2025;16:00:00;ITAPECERICA DA SERRA;Acesso irregular;Colisão transversal;Com Vítimas Feridas;Pleno dia;Crescente;Céu Claro;Dupla;"Declive;Reta";-23,7002825;-46,8689645
30/04/2025;16:00:00;CALDAS;Velocidade Incompatível;Tombamento;Com Vítimas Fatais;Pleno dia;Decrescente;Céu Claro;Simples;"Curva;Declive";-21,9363918;-46,35308929
30/04/2025;16:50:00;CASCAVEL;Ultrapassagem Indevida;Colisão frontal;Com Vítimas Fatais;Pleno dia;Decrescente;Céu Claro;Simples;"Reta;Declive";-4,414375;-38,410542
30/04/2025;11:30:00;ITAPECURU MIRIM;Curva acentuada;Tombamento;Com Vítimas Feridas;Pleno dia;Crescente;Sol;Simples;Curva;-3,489848;-44,181364
30/04/2025;19:00:00;CALDAS;Ultrapassagem Indevida;Colisão lateral mesmo sentido;Com Vítimas Feridas;Plena Noite;Crescente;Céu Claro;Simples;Reta;-21,869463;-46,393712
30/04/2025;18:40:00;ALFREDO WAGNER;Velocidade Incompatível;Colisão frontal;Com Vítimas Feridas;Plena Noite;Decrescente;Céu Claro;Simples;"Curva;Declive";-27,71218;-49,255343
30/04/2025;15:15:00;SAUDADES;Velocidade Incompatível;Colisão frontal;Com Vítimas Fatais;Pleno dia;Decrescente;Sol;Simples;"Aclive;Curva";-26,8260392;-53,1018286
30/04/2025;00:35:00;ARAQUARI;Ultrapassagem Indevida;Colisão lateral mesmo sentido;Com Vítimas Feridas;Plena Noite;Crescente;Céu Claro;Simples;Reta;-26,41652;-48,77159
30/04/2025;04:25:00;SEBERI;Animais na Pista;Saída de leito carroçável;Com Vítimas Feridas;Plena Noite;Decrescente;Céu Claro;Simples;Reta;-27,52063779;-53,37680563
30/04/2025;07:53:00;RIO BONITO;Ultrapassagem Indevida;Colisão lateral mesmo sentido;Com Vítimas Feridas;Pleno dia;Crescente;Céu Claro;Dupla;"Retorno Regulamentado;Rotatória";-22,709246;-42,648263
30/04/2025;08:05:00;FREDERICO WESTPHALEN;Retorno proibido;Colisão transversal;Com Vítimas Feridas;Pleno dia;Crescente;Céu Claro;Simples;Interseção de Vias;-27,37758283;-53,39847493
30/04/2025;09:00:00;SERRA;Afundamento ou ondulação no pavimento;Tombamento;Com Vítimas Feridas;Pleno dia;Decrescente;Nublado;Dupla;"Reta;Aclive";-20,22162017;-40,35751462
30/04/2025;07:45:00;DOIS RIACHOS;Acesso irregular;Colisão transversal;Com Vítimas Feridas;Pleno dia;Crescente;Céu Claro;Simples;Reta;-9,389593;-37,089974
30/04/2025;07:10:00;IMPERATRIZ;Demais falhas na via;Colisão com objeto;Com Vítimas Feridas;Pleno dia;Crescente;Céu Claro;Dupla;Aclive;-5,4845926;-47,4588556
30/04/2025;08:10:00;SINOP;Retorno proibido;Colisão transversal;Com Vítimas Feridas;Pleno dia;Crescente;Chuva;Simples;"Em Obras;Reta";-11,86850586;-55,49708247
30/04/2025;11:30:00;CAMPO MAIOR;Conversão proibida;Colisão lateral mesmo sentido;Sem Vítimas;Pleno dia;Crescente;Céu Claro;Simples;Reta;-4,85252735;-42,19688773
30/04/2025;15:25:00;CARUARU;Acesso irregular;Colisão transversal;Com Vítimas Feridas;Pleno dia;Crescente;Céu Claro;Dupla;Reta;-8,30767478;-35,9567186
30/04/2025;12:12:00;MATUPA;Ultrapassagem Indevida;Colisão transversal;Com Vítimas Feridas;Pleno dia;Crescente;Céu Claro;Simples;"Em Obras;Interseção de Vias";-10,185527;-54,945727
30/04/2025;15:23:00;GOIANIA;Velocidade Incompatível;Colisão transversal;Com Vítimas Feridas;Pleno dia;Não Informado;Céu Claro;Dupla;"Retorno Regulamentado;Curva";-16,6645;-49,3254
30/04/2025;17:45:00;CABEDELO;Acesso irregular;Colisão transversal;Com Vítimas Feridas;Plena Noite;Decrescente;Céu Claro;Dupla;"Reta;Retorno Regulamentado";-7,07295639;-34,84951168
30/04/2025;16:00:00;GOVERNADOR DIX-SEPT ROSADO;Velocidade Incompatível;Saída de leito carroçável;Com Vítimas Feridas;Pleno dia;Decrescente;Sol;Simples;Reta;-5,325437;-37,577625
30/04/2025;17:20:00;IRATI;Acesso irregular;Colisão frontal;Com Vítimas Feridas;Pleno dia;Decrescente;Céu Claro;Simples;Reta;-25,49551205;-50,64734817
30/04/2025;19:00:00;DEMERVAL LOBAO;Acesso irregular;Colisão frontal;Com Vítimas Feridas;Pleno dia;Crescente;Céu Claro;Múltipla;Reta;-5,36980501;-42,67261148
30/04/2025;18:55:00;TEIXEIRA DE FREITAS;Acesso irregular;Colisão transversal;Com Vítimas Feridas;Plena Noite;Decrescente;Nublado;Simples;"Reta;Interseção de Vias";-17,54945919;-39,72074658
30/04/2025;20:30:00;SAO MIGUEL DO OESTE;Conversão proibida;Colisão transversal;Com Vítimas Feridas;Plena Noite;Decrescente;Céu Claro;Dupla;Reta;-26,73024577;-53,51119487
30/04/2025;22:00:00;SANTO AMARO DA IMPERATRIZ;Ultrapassagem Indevida;Colisão lateral mesmo sentido;Com Vítimas Feridas;Plena Noite;Decrescente;Céu Claro;Simples;Reta;-27,68545151;-48,74210922
30/04/2025;23:20:00;CONTAGEM;Acumulo de areia ou detritos sobre o pavimento;Tombamento;Com Vítimas Feridas;Plena Noite;Crescente;Nublado;Dupla;Reta;-19,87232001;-44,0568924
30/04/2025;18:30:00;COLORADO DO OESTE;Velocidade Incompatível;Colisão traseira;Com Vítimas Feridas;Plena Noite;Decrescente;Céu Claro;Simples;"Declive;Reta";-13,17394136;-60,54461718
30/04/2025;21:10:00;EUNAPOLIS;Velocidade Incompatível;Colisão frontal;Com Vítimas Feridas;Plena Noite;Decrescente;Chuva;Simples;Curva;-16,411933;-39,58753
30/04/2025;11:45:00;ITABORAI;Acesso irregular;Colisão lateral sentido oposto;Com Vítimas Feridas;Pleno dia;Crescente;Céu Claro;Simples;"Curva;Declive";-22,76870276;-42,92246819
29/04/2025;01:30:00;ITAPERUNA;Chuva;Saída de leito carroçável;Com Vítimas Feridas;Plena Noite;Crescente;Chuva;Simples;"Reta;Declive";-21,35097101;-41,7132318
29/04/2025;05:55:00;CARIACICA;Acumulo de água sobre o pavimento;Saída de leito carroçável;Com Vítimas Feridas;Amanhecer;Decrescente;Céu Claro;Simples;Reta;-20,2510108;-40,37269938
29/04/2025;11:40:00;BATAGUASSU;Ultrapassagem Indevida;Tombamento;Com Vítimas Feridas;Pleno dia;Decrescente;Céu Claro;Simples;Reta;-21,840174;-52,67266
29/04/2025;13:13:00;RIO MANSO;Velocidade Incompatível;Tombamento;Com Vítimas Feridas;Pleno dia;Crescente;Céu Claro;Dupla;Curva;-20,16554395;-44,33601379
29/04/2025;12:30:00;JAPARATUBA;Velocidade Incompatível;Tombamento;Com Vítimas Feridas;Pleno dia;Crescente;Céu Claro;Dupla;Interseção de Vias;-10,59509305;-36,97512335
29/04/2025;13:20:00;CAMPO VERDE;Ultrapassagem Indevida;Colisão lateral mesmo sentido;Com Vítimas Feridas;Pleno dia;Decrescente;Céu Claro;Dupla;Reta;-15,8185729;-55,3327747
29/04/2025;09:10:00;JEQUIA DA PRAIA;Velocidade Incompatível;Capotamento;Com Vítimas Fatais;Pleno dia;Crescente;Céu Claro;Dupla;Curva;-9,88971644;-36,13493443
29/04/2025;19:21:00;SAO FRANCISCO DO SUL;Ultrapassagem Indevida;Colisão lateral mesmo sentido;Com Vítimas Feridas;Plena Noite;Decrescente;Céu Claro;Simples;Aclive;-26,31487497;-48,64486188
29/04/2025;01:00:00;SAO MATEUS;Ultrapassagem Indevida;Colisão lateral sentido oposto;Com Vítimas Fatais;Plena Noite;Decrescente;Chuva;Simples;Ponte;-18,7087572;-39,8773226
29/04/2025;05:30:00;BRASILIA;Neblina;Saída de leito carroçável;Com Vítimas Feridas;Amanhecer;Crescente;Nevoeiro/Neblina;Dupla;Curva;-16,009559;-48,246744
29/04/2025;06:50:00;CABEDELO;Acumulo de areia ou detritos sobre o pavimento;Tombamento;Com Vítimas Feridas;Pleno dia;Crescente;Sol;Dupla;"Em Obras;Curva";-7,0503563;-34,8499749
29/04/2025;06:30:00;MARABA;Retorno proibido;Colisão frontal;Com Vítimas Feridas;Pleno dia;Decrescente;Céu Claro;Dupla;Reta;-5,3594446;-49,12311865
29/04/2025;07:00:00;CAMPOS DOS GOYTACAZES;Velocidade Incompatível;Colisão lateral mesmo sentido;Com Vítimas Feridas;Pleno dia;Crescente;Céu Claro;Dupla;Curva;-21,8497024;-41,418752
29/04/2025;07:35:00;BALNEARIO CAMBORIU;Velocidade Incompatível;Colisão com objeto;Com Vítimas Feridas;Pleno dia;Crescente;Céu Claro;Múltipla;"Interseção de Vias;Declive";-27,01049073;-48,61515848
29/04/2025;11:30:00;CABEDELO;Acostamento em desnível;Tombamento;Com Vítimas Feridas;Pleno dia;Decrescente;Sol;Dupla;"Em Obras;Reta";-7,0583256;-34,850733
29/04/2025;13:50:00;VASSOURAS;Animais na Pista;Colisão traseira;Com Vítimas Feridas;Pleno dia;Decrescente;Nublado;Simples;Reta;-22,40997319;-43,6714344
29/04/2025;17:10:00;CARIACICA;Acesso irregular;Colisão transversal;Com Vítimas Feridas;Anoitecer;Crescente;Céu Claro;Dupla;"Reta;Declive;Interseção de Vias";-20,25205;-40,37313
29/04/2025;17:02:00;PANAMBI;Ultrapassagem Indevida;Colisão frontal;Com Vítimas Feridas;Pleno dia;Crescente;Céu Claro;Simples;Reta;-28,31666419;-53,49283783
29/04/2025;18:45:00;GARANHUNS;Conversão proibida;Colisão transversal;Com Vítimas Feridas;Plena Noite;Crescente;Céu Claro;Simples;Reta;-8,88103764;-36,48732215
29/04/2025;20:30:00;PAULO AFONSO;Animais na Pista;Atropelamento de Animal;Com Vítimas Feridas;Plena Noite;Decrescente;Céu Claro;Simples;Reta;-9,461359;-38,2033179
29/04/2025;21:30:00;TRES RIOS;Acesso irregular;Colisão transversal;Com Vítimas Feridas;Plena Noite;Crescente;Céu Claro;Simples;Reta;-22,12144892;-43,16457081
29/04/2025;19:35:00;JOAO MONLEVADE;Conversão proibida;Colisão transversal;Com Vítimas Feridas;Plena Noite;Crescente;Chuva;Simples;"Reta;Interseção de Vias";-19,84189182;-43,17439628
29/04/2025;23:30:00;BETIM;Animais na Pista;Atropelamento de Animal;Com Vítimas Feridas;Plena Noite;Crescente;Céu Claro;Dupla;Reta;-19,9753916;-44,19513988
29/04/2025;13:00:00;EUNAPOLIS;Acesso irregular;Colisão transversal;Com Vítimas Feridas;Pleno dia;Crescente;Nublado;Simples;"Reta;Interseção de Vias";-16,37215;-39,56321
29/04/2025;01:20:00;RIO DE JANEIRO;Chuva;Queda de ocupante de veículo;Com Vítimas Feridas;Plena Noite;Crescente;Garoa/Chuvisco;Dupla;Reta;-22,881257;-43,634741
28/04/2025;08:00:00;NOVA IGUACU;Ultrapassagem Indevida;Colisão lateral mesmo sentido;Com Vítimas Feridas;Pleno dia;Decrescente;Céu Claro;Dupla;Curva;-22,68203;-43,474396
28/04/2025;10:24:00;SANTA LUZIA;Demais falhas na via;Colisão frontal;Com Vítimas Feridas;Pleno dia;Decrescente;Céu Claro;Simples;Reta;-4,001773;-45,7182118
28/04/2025;09:30:00;GENERAL CARNEIRO;Ultrapassagem Indevida;Saída de leito carroçável;Sem Vítimas;Pleno dia;Crescente;Sol;Simples;"Reta;Declive";-15,59000836;-53,29106642
28/04/2025;16:10:00;FLEXEIRAS;Velocidade Incompatível;Tombamento;Com Vítimas Feridas;Pleno dia;Decrescente;Céu Claro;Dupla;Curva;-9,248518;-35,757135
28/04/2025;18:45:00;ACAILANDIA;Velocidade Incompatível;Tombamento;Com Vítimas Feridas;Plena Noite;Decrescente;Céu Claro;Simples;"Curva;Declive";-4,807072;-47,232448
28/04/2025;21:15:00;GRAO MOGOL;Velocidade Incompatível;Colisão lateral sentido oposto;Com Vítimas Feridas;Plena Noite;Decrescente;Chuva;Simples;"Curva;Declive";-16,439343;-43,39401
28/04/2025;23:50:00;BARREIRAS;Velocidade Incompatível;Saída de leito carroçável;Com Vítimas Feridas;Plena Noite;Decrescente;Chuva;Simples;"Declive;Curva";-12,15026085;-44,88682241
28/04/2025;07:20:00;VARZEA GRANDE;Acesso irregular;Colisão transversal;Com Vítimas Feridas;Pleno dia;Crescente;Céu Claro;Simples;Reta;-15,655902;-56,190388
28/04/2025;22:40:00;CAREACU;Curva acentuada;Saída de leito carroçável;Com Vítimas Feridas;Plena Noite;Crescente;Céu Claro;Dupla;Reta;-22,00950663;-45,67781031
28/04/2025;00:30:00;PAULO LOPES;Chuva;Saída de leito carroçável;Sem Vítimas;Plena Noite;Crescente;Chuva;Dupla;Reta;-27,9515899;-48,67357627
28/04/2025;02:15:00;ESTEIO;Acostamento em desnível;Tombamento;Com Vítimas Feridas;Plena Noite;Crescente;Garoa/Chuvisco;Múltipla;Reta;-29,83352399;-51,17464419
28/04/2025;04:00:00;SERTANIA;Animais na Pista;Atropelamento de Animal;Com Vítimas Feridas;Plena Noite;Crescente;Céu Claro;Simples;Reta;-8,133473;-37,498773
28/04/2025;05:30:00;CARUARU;Ausência de sinalização;Colisão com objeto;Sem Vítimas;Amanhecer;Decrescente;Céu Claro;Dupla;"Aclive;Curva";-8,30598069;-35,96679783
28/04/2025;07:00:00;ARAGUARI;Pista Escorregadia;Tombamento;Com Vítimas Feridas;Pleno dia;Decrescente;Céu Claro;Simples;Reta;-18,670405;-48,177007
28/04/2025;07:40:00;MIRASSOL;Chuva;Colisão com objeto;Com Vítimas Feridas;Pleno dia;Decrescente;Chuva;Dupla;Reta;-20,926845;-49,509269
28/04/2025;04:50:00;BURITICUPU;Acesso irregular;Colisão lateral sentido oposto;Sem Vítimas;Amanhecer;Crescente;Céu Claro;Simples;Reta;-4,34615;-46,42392
28/04/2025;08:00:00;SAO JOAO DO ARAGUAIA;Acostamento em desnível;Saída de leito carroçável;Com Vítimas Feridas;Pleno dia;Crescente;Céu Claro;Simples;"Em Obras;Reta";-5,37764421;-49,01249359
28/04/2025;10:11:00;ANTONINA;Chuva;Colisão com objeto;Sem Vítimas;Pleno dia;Crescente;Chuva;Dupla;Curva;-25,111157;-48,751183
28/04/2025;11:51:00;BRASILIA;Acesso irregular;Colisão traseira;Com Vítimas Feridas;Pleno dia;Crescente;Nublado;Dupla;Reta;-15,88831504;-48,08076382
28/04/2025;12:00:00;RIO NEGRINHO;Conversão proibida;Colisão traseira;Com Vítimas Feridas;Pleno dia;Decrescente;Céu Claro;Simples;"Declive;Reta";-26,24275;-49,5126
28/04/2025;08:30:00;MUITOS CAPOES;Velocidade Incompatível;Saída de leito carroçável;Com Vítimas Feridas;Pleno dia;Crescente;Céu Claro;Simples;Curva;-28,322878;-51,23436
28/04/2025;12:10:00;LAGOA SECA;Conversão proibida;Colisão traseira;Com Vítimas Feridas;Pleno dia;Decrescente;Sol;Simples;"Curva;Aclive";-7,178455;-35,863953
28/04/2025;12:45:00;SANTA LUZIA;Velocidade Incompatível;Capotamento;Com Vítimas Feridas;Pleno dia;Crescente;Chuva;Simples;Curva;-19,8190208;-43,8386481
28/04/2025;12:50:00;ITUMBIARA;Condutor usando celular;Colisão traseira;Sem Vítimas;Pleno dia;Crescente;Nublado;Dupla;Reta;-18,26851;-49,246265
28/04/2025;13:20:00;FORMOSA;Acumulo de água sobre o pavimento;Colisão frontal;Com Vítimas Feridas;Pleno dia;Crescente;Chuva;Simples;"Curva;Declive";-15,29652995;-47,1488602
28/04/2025;11:10:00;MALLET;Falta de acostamento;Colisão traseira;Com Vítimas Feridas;Pleno dia;Crescente;Céu Claro;Simples;Reta;-25,866859;-50,835003
28/04/2025;15:16:00;MACAIBA;Acesso irregular;Colisão transversal;Com Vítimas Feridas;Pleno dia;Decrescente;Céu Claro;Múltipla;"Reta;Em Obras";-5,865014;-35,3527068
28/04/2025;17:20:00;TERESOPOLIS;Velocidade Incompatível;Queda de ocupante de veículo;Com Vítimas Feridas;Anoitecer;Decrescente;Céu Claro;Simples;Curva;-22,281083;-42,929134
28/04/2025;18:37:00;VALPARAISO DE GOIAS;Acesso irregular;Atropelamento de Pedestre;Com Vítimas Feridas;Plena Noite;Decrescente;Céu Claro;Dupla;Reta;-16,07752711;-47,98609257
28/04/2025;17:30:00;AQUIRAZ;Acesso irregular;Colisão transversal;Com Vítimas Fatais;Anoitecer;Crescente;Céu Claro;Dupla;Reta;-4,059799;-38,504324
28/04/2025;18:10:00;CUIABA;Ultrapassagem Indevida;Colisão frontal;Com Vítimas Feridas;Anoitecer;Crescente;Céu Claro;Simples;Reta;-15,668042;-56,00914
28/04/2025;19:50:00;VALPARAISO DE GOIAS;Velocidade Incompatível;Colisão traseira;Com Vítimas Feridas;Plena Noite;Crescente;Céu Claro;Dupla;Reta;-16,08759293;-47,98596025
28/04/2025;16:40:00;CACERES;Ultrapassagem Indevida;Colisão frontal;Com Vítimas Feridas;Pleno dia;Decrescente;Céu Claro;Simples;Reta;-16,00720589;-57,74345398
28/04/2025;21:50:00;FEIRA DE SANTANA;Retorno proibido;Colisão frontal;Com Vítimas Feridas;Plena Noite;Crescente;Nublado;Simples;"Interseção de Vias;Reta";-12,23439392;-38,94580739
28/04/2025;21:55:00;DUQUE DE CAXIAS;Chuva;Colisão frontal;Com Vítimas Feridas;Plena Noite;Decrescente;Chuva;Dupla;Reta;-22,6637594;-43,2845311
28/04/2025;17:00:00;SEROPEDICA;Retorno proibido;Colisão transversal;Com Vítimas Feridas;Anoitecer;Crescente;Céu Claro;Simples;Reta;-22,7168361;-43,7151431
28/04/2025;15:45:00;DIVINO;Chuva;Tombamento;Com Vítimas Feridas;Pleno dia;Crescente;Chuva;Simples;Curva;-20,61675474;-42,22442463
28/04/2025;20:43:00;PONTA PORA;Animais na Pista;Atropelamento de Animal;Com Vítimas Feridas;Plena Noite;Decrescente;Céu Claro;Simples;Reta;-22,54575;-55,478508
28/04/2025;08:50:00;UBERLANDIA;Ausência de sinalização;Colisão com objeto;Sem Vítimas;Pleno dia;Não Informado;Céu Claro;Dupla;Reta;-18,86445005;-48,25508444
28/04/2025;20:30:00;SANTA LUZIA DO PARA;Animais na Pista;Atropelamento de Animal;Com Vítimas Fatais;Plena Noite;Crescente;Garoa/Chuvisco;Simples;Reta;-1,543692;-46,881473
27/04/2025;06:30:00;PACAJUS;Velocidade Incompatível;Tombamento;Com Vítimas Feridas;Pleno dia;Decrescente;Céu Claro;Múltipla;Curva;-4,19732511;-38,46940267
27/04/2025;06:58:00;GUARAPUAVA;Condutor usando celular;Saída de leito carroçável;Com Vítimas Feridas;Amanhecer;Crescente;Nevoeiro/Neblina;Simples;Curva;-25,35955731;-51,35379051
27/04/2025;12:10:00;PLANALTO;Ultrapassagem Indevida;Colisão frontal;Com Vítimas Fatais;Pleno dia;Crescente;Céu Claro;Simples;Reta;-14,67639395;-40,50283253
27/04/2025;10:02:00;GUARUJA DO SUL;Velocidade Incompatível;Tombamento;Com Vítimas Feridas;Pleno dia;Crescente;Céu Claro;Simples;"Declive;Curva";-26,40924437;-53,52238655
27/04/2025;16:50:00;SANTA TERESINHA;Ultrapassagem Indevida;Colisão frontal;Com Vítimas Feridas;Pleno dia;Decrescente;Céu Claro;Simples;Curva;-12,60718961;-39,55731964
27/04/2025;15:30:00;GUARANTA DO NORTE;Velocidade Incompatível;Tombamento;Com Vítimas Feridas;Pleno dia;Crescente;Céu Claro;Simples;"Declive;Curva";-9,6495794;-54,873038
27/04/2025;18:00:00;ERECHIM;Acesso irregular;Colisão transversal;Sem Vítimas;Anoitecer;Decrescente;Garoa/Chuvisco;Simples;Rotatória;-27,65715102;-52,27801323
27/04/2025;18:50:00;RIO DOS BOIS;Acesso irregular;Colisão transversal;Sem Vítimas;Plena Noite;Decrescente;Chuva;Simples;Curva;-9,33787842;-48,53510767
27/04/2025;20:30:00;JOAO MONLEVADE;Velocidade Incompatível;Saída de leito carroçável;Com Vítimas Feridas;Plena Noite;Crescente;Nublado;Simples;"Curva;Declive";-19,841024;-43,1751168
27/04/2025;11:30:00;NOVA ITARANA;Ultrapassagem Indevida;Colisão frontal;Sem Vítimas;Pleno dia;Decrescente;Céu Claro;Múltipla;"Reta;Aclive";-13,14505097;-40,00217225
27/04/2025;22:54:00;SERRA TALHADA;Animais na Pista;Atropelamento de Animal;Com Vítimas Feridas;Plena Noite;Decrescente;Céu Claro;Simples;Reta;-7,9887397;-38,2559815
27/04/2025;19:15:00;SAO GONCALO DO RIO ABAIXO;Velocidade Incompatível;Tombamento;Com Vítimas Feridas;Plena Noite;Crescente;Chuva;Simples;Curva;-19,82180373;-43,38751629
27/04/2025;00:50:00;IMBITUVA;Animais na Pista;Atropelamento de Animal;Sem Vítimas;Plena Noite;Crescente;Céu Claro;Simples;Reta;-25,380742;-50,622417
27/04/2025;01:30:00;ANGRA DOS REIS;Velocidade Incompatível;Colisão com objeto;Com Vítimas Feridas;Plena Noite;Decrescente;Nublado;Simples;Curva;-22,97999245;-44,43635767
27/04/2025;02:35:00;MARINGA;Velocidade Incompatível;Colisão com objeto;Com Vítimas Feridas;Plena Noite;Crescente;Céu Claro;Dupla;Reta;-23,411471;-51,940435
27/04/2025;02:00:00;ALEGRETE;Animais na Pista;Atropelamento de Animal;Com Vítimas Feridas;Plena Noite;Crescente;Chuva;Simples;Reta;-29,8051122;-55,7803885
27/04/2025;02:50:00;CANTA;Ultrapassagem Indevida;Saída de leito carroçável;Com Vítimas Feridas;Plena Noite;Decrescente;Céu Claro;Simples;Curva;2,62065;-60,5945
27/04/2025;03:30:00;BETIM;Velocidade Incompatível;Saída de leito carroçável;Com Vítimas Feridas;Plena Noite;Crescente;Céu Claro;Dupla;Reta;-19,979344;-44,22439
27/04/2025;03:02:00;ARCOVERDE;Ultrapassagem Indevida;Colisão frontal;Com Vítimas Feridas;Plena Noite;Crescente;Céu Claro;Simples;"Reta;Ponte";-8,409527;-37,138802
27/04/2025;03:30:00;CARANDAI;Neblina;Saída de leito carroçável;Sem Vítimas;Plena Noite;Decrescente;Nevoeiro/Neblina;Simples;Curva;-20,95573435;-43,79143308
27/04/2025;03:05:00;JACAREI;Animais na Pista;Atropelamento de Animal;Com Vítimas Feridas;Plena Noite;Crescente;Céu Claro;Dupla;Reta;-23,30058518;-46,01743547
27/04/2025;07:30:00;PARANATAMA;Ultrapassagem Indevida;Colisão frontal;Com Vítimas Feridas;Pleno dia;Crescente;Céu Claro;Simples;Reta;-8,909573;-36,680498
27/04/2025;08:10:00;MAIRIPORA;Curva acentuada;Queda de ocupante de veículo;Com Vítimas Feridas;Pleno dia;Decrescente;Céu Claro;Dupla;"Curva;Declive";-23,25002366;-46,59306979
27/04/2025;08:30:00;SALTO GRANDE;Afundamento ou ondulação no pavimento;Tombamento;Com Vítimas Feridas;Pleno dia;Decrescente;Nublado;Simples;"Reta;Declive";-22,907042;-49,889495
27/04/2025;08:30:00;GUAPIMIRIM;Velocidade Incompatível;Colisão com objeto;Com Vítimas Feridas;Pleno dia;Decrescente;Céu Claro;Dupla;Curva;-22,5463969;-42,98813344
27/04/2025;09:35:00;JUATUBA;Velocidade Incompatível;Colisão com objeto;Com Vítimas Feridas;Pleno dia;Crescente;Céu Claro;Dupla;Curva;-19,93502126;-44,43425272
27/04/2025;09:40:00;COCALZINHO DE GOIAS;Velocidade Incompatível;Saída de leito carroçável;Com Vítimas Fatais;Pleno dia;Crescente;Céu Claro;Simples;"Declive;Reta";-15,780579;-48,84211206
27/04/2025;10:07:00;ALMIRANTE TAMANDARE DO SUL;Afundamento ou ondulação no pavimento;Saída de leito carroçável;Com Vítimas Feridas;Pleno dia;Decrescente;Nublado;Simples;Reta;-28,13407313;-52,84846544
27/04/2025;13:40:00;JOINVILLE;Velocidade Incompatível;Colisão com objeto;Com Vítimas Feridas;Pleno dia;Crescente;Nublado;Dupla;Curva;-26,38928078;-48,8401448
27/04/2025;09:00:00;DESCANSO;Velocidade Incompatível;Saída de leito carroçável;Com Vítimas Feridas;Pleno dia;Decrescente;Nublado;Simples;Curva;-26,82657233;-53,41997908
27/04/2025;13:00:00;NOVA LIMA;Chuva;Queda de ocupante de veículo;Com Vítimas Feridas;Pleno dia;Crescente;Chuva;Dupla;Curva;-20,0819228;-43,9793703
27/04/2025;15:20:00;JABOATAO DOS GUARARAPES;Velocidade Incompatível;Saída de leito carroçável;Com Vítimas Fatais;Pleno dia;Decrescente;Sol;Dupla;Reta;-8,19214;-34,97492
27/04/2025;15:40:00;CORDILHEIRA ALTA;Acumulo de água sobre o pavimento;Saída de leito carroçável;Sem Vítimas;Pleno dia;Decrescente;Chuva;Simples;"Curva;Declive";-26,9839187;-52,6021028
27/04/2025;18:00:00;SIMOES FILHO;Ultrapassagem Indevida;Colisão lateral mesmo sentido;Sem Vítimas;Plena Noite;Decrescente;Céu Claro;Dupla;Reta;-12,7931275;-38,4045388
27/04/2025;16:30:00;TRES RIOS;Demais falhas na via;Queda de ocupante de veículo;Com Vítimas Feridas;Pleno dia;Crescente;Céu Claro;Dupla;Reta;-22,08514282;-43,1772995
27/04/2025;19:15:00;PARAISO DO TOCANTINS;Conversão proibida;Colisão transversal;Com Vítimas Feridas;Plena Noite;Crescente;Céu Claro;Dupla;Interseção de Vias;-10,18338168;-48,88057709
27/04/2025;17:45:00;JARU;Conversão proibida;Colisão transversal;Com Vítimas Feridas;Anoitecer;Decrescente;Céu Claro;Simples;Reta;-10,44316717;-62,46684194