data_inversa;horario;municipio;causa_acidente;tipo_acidente;classificacao_acidente;fase_dia;sentido_via;condicao_metereologica;tipo_pista;tracado_via;latitude;longitude
27/04/2025;19:35:00;PONTA GROSSA;Animais na Pista;Atropelamento de Animal;Com Vítimas Feridas;Plena Noite;Crescente;Ignorado;Dupla;"Curva;Aclive";-25,110595;-50,189642
27/04/2025;18:30:00;ARAPONGAS;Ultrapassagem Indevida;Colisão lateral mesmo sentido;Sem Vítimas;Plena Noite;Crescente;Nublado;Simples;Interseção de Vias;-23,415457;-51,427188
27/04/2025;20:00:00;ARIQUEMES;Pista esburacada;Queda de ocupante de veículo;Com Vítimas Feridas;Plena Noite;Crescente;Céu Claro;Dupla;Reta;-9,891249;-63,056475
27/04/2025;21:35:00;PORTO ALEGRE;Chuva;Tombamento;Com Vítimas Feridas;Plena Noite;Crescente;Chuva;Múltipla;Reta;-29,96723776;-51,13799796
27/04/2025;22:30:00;VITORIA DA CONQUISTA;Conversão proibida;Colisão transversal;Com Vítimas Feridas;Plena Noite;Decrescente;Nublado;Simples;Reta;-14,884434;-40,870698
27/04/2025;23:30:00;PORTO ALEGRE;Velocidade Incompatível;Colisão com objeto;Com Vítimas Feridas;Plena Noite;Crescente;Nublado;Dupla;"Curva;Declive";-29,97585972;-51,19969667
27/04/2025;21:20:00;CANDEIAS DO JAMARI;Animais na Pista;Atropelamento de Animal;Com Vítimas Feridas;Plena Noite;Decrescente;Céu Claro;Simples;Reta;-8,79262965;-63,65284248
27/04/2025;16:45:00;ANGRA DOS REIS;Conversão proibida;Colisão traseira;Com Vítimas Feridas;Pleno dia;Decrescente;Nublado;Simples;Reta;-22,93066856;-44,38467725
26/04/2025;01:45:00;PALMEIRA;Velocidade Incompatível;Tombamento;Com Vítimas Fatais;Plena Noite;Crescente;Céu Claro;Simples;Curva;-25,471109;-50,278777
26/04/2025;10:00:00;MARECHAL FLORIANO;Curva acentuada;Tombamento;Com Vítimas Feridas;Pleno dia;Decrescente;Céu Claro;Simples;Curva;-20,418668;-40,816593
26/04/2025;12:35:00;GOIATUBA;Velocidade Incompatível;Tombamento;Com Vítimas Feridas;Pleno dia;Crescente;Céu Claro;Dupla;Reta;-17,967586;-49,253546
26/04/2025;19:38:00;CARIRI DO TOCANTINS;Conversão proibida;Tombamento;Com Vítimas Feridas;Plena Noite;Crescente;Céu Claro;Simples;Reta;-11,793972;-49,120086
26/04/2025;20:50:00;CRISTALINA;Acesso irregular;Colisão transversal;Com Vítimas Feridas;Plena Noite;Decrescente;Céu Claro;Dupla;Reta;-16,7763;-47,624894
26/04/2025;20:30:00;VILHENA;Ultrapassagem Indevida;Colisão lateral mesmo sentido;Com Vítimas Feridas;Plena Noite;Decrescente;Céu Claro;Simples;"Declive;Reta";-12,49687781;-60,49130023
26/04/2025;00:30:00;MORENO;Animais na Pista;Atropelamento de Animal;Com Vítimas Feridas;Plena Noite;Decrescente;Nevoeiro/Neblina;Dupla;Reta;-8,113667;-35,131581
26/04/2025;00:54:00;SAO LOURENCO DA MATA;Animais na Pista;Atropelamento de Animal;Com Vítimas Fatais;Plena Noite;Decrescente;Céu Claro;Dupla;Reta;-7,98835;-35,07639
26/04/2025;05:57:00;CRISTALINA;Animais na Pista;Queda de ocupante de veículo;Com Vítimas Feridas;Amanhecer;Decrescente;Nevoeiro/Neblina;Dupla;Reta;-16,612228;-47,760478
26/04/2025;07:28:00;IBIRAMA;Velocidade Incompatível;Colisão frontal;Com Vítimas Feridas;Amanhecer;Crescente;Nublado;Simples;Curva;-27,10629422;-49,52162596
26/04/2025;07:50:00;SABARA;Conversão proibida;Colisão transversal;Com Vítimas Feridas;Pleno dia;Decrescente;Céu Claro;Simples;Reta;-19,8345029;-43,85872928
26/04/2025;08:15:00;ITABORAI;Retorno proibido;Colisão transversal;Com Vítimas Feridas;Pleno dia;Decrescente;Céu Claro;Simples;Reta;-22,7687513;-42,92244371
26/04/2025;09:10:00;BALNEARIO CAMBORIU;Acumulo de areia ou detritos sobre o pavimento;Tombamento;Com Vítimas Feridas;Pleno dia;Crescente;Céu Claro;Múltipla;Reta;-27,021987;-48,608999
26/04/2025;09:50:00;SORRISO;Velocidade Incompatível;Saída de leito carroçável;Com Vítimas Feridas;Pleno dia;Decrescente;Céu Claro;Dupla;Rotatória;-12,598581;-55,747929
26/04/2025;11:15:00;ITAJAI;Velocidade Incompatível;Tombamento;Com Vítimas Feridas;Pleno dia;Crescente;Nublado;Dupla;"Em Obras;Curva";-26,9376364;-48,6967127
26/04/2025;12:40:00;MACAPA;Afundamento ou ondulação no pavimento;Colisão traseira;Com Vítimas Feridas;Pleno dia;Crescente;Garoa/Chuvisco;Simples;Reta;0,07875567;-51,07190877
26/04/2025;12:45:00;UBATUBA;Conversão proibida;Colisão transversal;Com Vítimas Feridas;Pleno dia;Decrescente;Céu Claro;Simples;Reta;-23,45700115;-45,07040832
26/04/2025;14:50:00;BARBACENA;Velocidade Incompatível;Colisão com objeto;Com Vítimas Feridas;Pleno dia;Decrescente;Chuva;Dupla;Curva;-21,269;-43,652
26/04/2025;16:15:00;MARECHAL CANDIDO RONDON;Velocidade Incompatível;Saída de leito carroçável;Com Vítimas Feridas;Pleno dia;Crescente;Céu Claro;Dupla;Curva;-24,56827392;-54,02180163
26/04/2025;17:00:00;BRASILIA;Acumulo de água sobre o pavimento;Saída de leito carroçável;Com Vítimas Feridas;Anoitecer;Crescente;Chuva;Dupla;Curva;-16,033583;-48,253568
26/04/2025;18:40:00;SOMBRIO;Retorno proibido;Colisão lateral mesmo sentido;Com Vítimas Feridas;Plena Noite;Decrescente;Nublado;Múltipla;Reta;-29,0471659;-49,61769104
26/04/2025;20:00:00;TRES RIOS;Iluminação deficiente;Atropelamento de Pedestre;Com Vítimas Feridas;Plena Noite;Decrescente;Nublado;Simples;Reta;-22,120694;-43,1623463
26/04/2025;21:20:00;RIO VERDE;Pista Escorregadia;Tombamento;Com Vítimas Feridas;Plena Noite;Crescente;Chuva;Dupla;Reta;-17,8017301;-50,9487985
26/04/2025;17:30:00;CACHOEIRO DE ITAPEMIRIM;Conversão proibida;Colisão transversal;Com Vítimas Feridas;Anoitecer;Crescente;Nublado;Simples;Reta;-20,83808161;-41,16504586
26/04/2025;21:10:00;ANGRA DOS REIS;Velocidade Incompatível;Tombamento;Com Vítimas Feridas;Plena Noite;Crescente;Céu Claro;Simples;"Reta;Aclive";-22,998949;-44,255016
26/04/2025;21:20:00;NATAL;Conversão proibida;Colisão transversal;Com Vítimas Feridas;Plena Noite;Crescente;Céu Claro;Simples;Reta;-5,818085;-35,250283
26/04/2025;21:50:00;RIO PARDO;Acumulo de areia ou detritos sobre o pavimento;Saída de leito carroçável;Sem Vítimas;Plena Noite;Crescente;Céu Claro;Simples;Curva;-29,98660403;-52,36867759
26/04/2025;22:40:00;ITAGUAI;Animais na Pista;Engavetamento;Com Vítimas Feridas;Plena Noite;Decrescente;Céu Claro;Dupla;Reta;-22,863106;-43,795768
26/04/2025;19:04:00;PRESIDENTE MEDICI;Pista esburacada;Queda de ocupante de veículo;Com Vítimas Feridas;Plena Noite;Decrescente;Garoa/Chuvisco;Simples;Reta;-11,200155;-61,974615
26/04/2025;21:30:00;JUIZ DE FORA;Velocidade Incompatível;Saída de leito carroçável;Com Vítimas Feridas;Plena Noite;Crescente;Nublado;Simples;Declive;-21,76205059;-43,25145721
26/04/2025;06:39:00;LARANJEIRAS;Ultrapassagem Indevida;Colisão lateral mesmo sentido;Com Vítimas Fatais;Pleno dia;Decrescente;Céu Claro;Dupla;Reta;-10,78946166;-37,141775
26/04/2025;13:30:00;ARAGUARI;Velocidade Incompatível;Saída de leito carroçável;Com Vítimas Feridas;Pleno dia;Crescente;Nublado;Dupla;"Curva;Declive";-18,644462;-48,126472
25/04/2025;00:40:00;SAO CRISTOVAO;Velocidade Incompatível;Tombamento;Sem Vítimas;Plena Noite;Crescente;Céu Claro;Simples;"Curva;Aclive";-10,9579681;-37,2346443
25/04/2025;05:23:00;OLIVEIRA;Velocidade Incompatível;Saída de leito carroçável;Com Vítimas Feridas;Amanhecer;Decrescente;Chuva;Dupla;Reta;-20,71171272;-44,75894159
25/04/2025;06:40:00;ALFREDO WAGNER;Curva acentuada;Colisão lateral sentido oposto;Com Vítimas Feridas;Pleno dia;Crescente;Céu Claro;Simples;"Curva;Declive";-27,733783;-49,374037
25/04/2025;07:20:00;RIO BONITO;Pista Escorregadia;Queda de ocupante de veículo;Com Vítimas Fatais;Pleno dia;Crescente;Nublado;Simples;Curva;-22,71307449;-42,61978184
25/04/2025;08:50:00;BANDEIRANTES;Ultrapassagem Indevida;Colisão traseira;Com Vítimas Feridas;Pleno dia;Decrescente;Chuva;Simples;Reta;-23,13170661;-50,37050899
25/04/2025;08:00:00;HULHA NEGRA;Modificação proibida;Colisão frontal;Com Vítimas Feridas;Pleno dia;Decrescente;Nevoeiro/Neblina;Simples;Reta;-31,325453;-53,9855696
25/04/2025;11:30:00;DUQUE DE CAXIAS;Velocidade Incompatível;Tombamento;Com Vítimas Feridas;Pleno dia;Decrescente;Garoa/Chuvisco;Simples;"Aclive;Viaduto;Curva";-22,6744742;-43,2853617
25/04/2025;14:16:00;RECIFE;Condutor usando celular;Colisão traseira;Sem Vítimas;Pleno dia;Crescente;Sol;Dupla;"Reta;Viaduto";-8,01714;-34,941178
25/04/2025;10:50:00;MORRINHOS;Chuva;Saída de leito carroçável;Com Vítimas Feridas;Pleno dia;Decrescente;Chuva;Dupla;Declive;-17,6390144;-49,1913216
25/04/2025;11:00:00;MORRINHOS;Chuva;Colisão lateral mesmo sentido;Com Vítimas Feridas;Pleno dia;Decrescente;Chuva;Dupla;Declive;-17,6390144;-49,1913216
25/04/2025;15:20:00;GOVERNADOR VALADARES;Ultrapassagem Indevida;Colisão lateral mesmo sentido;Com Vítimas Feridas;Pleno dia;Crescente;Céu Claro;Simples;Reta;-18,87595551;-41,96481228
25/04/2025;19:10:00;ANGRA DOS REIS;Chuva;Colisão frontal;Com Vítimas Feridas;Plena Noite;Decrescente;Chuva;Simples;Curva;-23,01708645;-44,52925622
25/04/2025;18:10:00;JI-PARANA;Ultrapassagem Indevida;Tombamento;Com Vítimas Fatais;Plena Noite;Decrescente;Chuva;Simples;Reta;-10,78746;-62,047308
25/04/2025;21:58:00;SABARA;Velocidade Incompatível;Tombamento;Com Vítimas Feridas;Plena Noite;Decrescente;Nublado;Simples;Curva;-19,78673408;-43,73468399
25/04/2025;19:30:00;NOVA MUTUM;Retorno proibido;Colisão transversal;Com Vítimas Feridas;Plena Noite;Crescente;Céu Claro;Simples;"Em Obras;Reta";-13,78774612;-56,06374026
25/04/2025;06:50:00;SAPUCAIA;Velocidade Incompatível;Colisão transversal;Com Vítimas Feridas;Amanhecer;Crescente;Chuva;Simples;"Ponte;Curva";-21,907669;-42,690649
25/04/2025;20:30:00;PERITORO;Ultrapassagem Indevida;Colisão frontal;Com Vítimas Feridas;Plena Noite;Decrescente;Chuva;Simples;Curva;-4,40905603;-44,25979614
25/04/2025;04:10:00;APUCARANA;Velocidade Incompatível;Colisão com objeto;Com Vítimas Feridas;Plena Noite;Decrescente;Garoa/Chuvisco;Dupla;Declive;-23,585688;-51,476065
25/04/2025;03:40:00;LAVRAS;Velocidade Incompatível;Capotamento;Com Vítimas Feridas;Plena Noite;Decrescente;Chuva;Dupla;Curva;-21,1868658;-45,117068
25/04/2025;05:10:00;BARRA VELHA;Deficiência do Sistema de Iluminação/Sinalização;Colisão traseira;Com Vítimas Feridas;Plena Noite;Decrescente;Céu Claro;Dupla;Reta;-26,61572946;-48,71954665
25/04/2025;06:45:00;PARANAGUA;Velocidade Incompatível;Saída de leito carroçável;Com Vítimas Feridas;Pleno dia;Decrescente;Nublado;Dupla;Reta;-25,559;-48,576
25/04/2025;07:40:00;ALFREDO VASCONCELOS;Velocidade Incompatível;Colisão transversal;Com Vítimas Feridas;Pleno dia;Decrescente;Céu Claro;Simples;"Curva;Declive";-21,1655891;-43,7576337
25/04/2025;09:00:00;MORRINHOS;Acumulo de água sobre o pavimento;Saída de leito carroçável;Com Vítimas Feridas;Pleno dia;Crescente;Chuva;Dupla;Curva;-17,6261413;-49,1780139
25/04/2025;08:10:00;CAMBUI;Velocidade Incompatível;Colisão com objeto;Com Vítimas Feridas;Pleno dia;Decrescente;Chuva;Dupla;"Curva;Declive";-22,64622469;-46,08765721
25/04/2025;13:30:00;PORTO ALEGRE;Acesso irregular;Colisão traseira;Com Vítimas Feridas;Pleno dia;Decrescente;Céu Claro;Dupla;Reta;-29,9699852;-51,1711903
25/04/2025;13:15:00;UBATUBA;Conversão proibida;Colisão lateral mesmo sentido;Com Vítimas Feridas;Pleno dia;Crescente;Nublado;Simples;Interseção de Vias;-23,45696178;-45,07046197
25/04/2025;12:50:00;BACABEIRA;Pista Escorregadia;Capotamento;Com Vítimas Feridas;Pleno dia;Decrescente;Chuva;Dupla;Reta;-2,93588728;-44,3316021
25/04/2025;10:25:00;AMELIA RODRIGUES;Velocidade Incompatível;Colisão traseira;Com Vítimas Feridas;Pleno dia;Decrescente;Céu Claro;Dupla;Reta;-12,45170151;-38,70842242
25/04/2025;13:04:00;VASSOURAS;Animais na Pista;Colisão traseira;Com Vítimas Feridas;Pleno dia;Crescente;Nublado;Simples;Reta;-22,42487;-43,760575
25/04/2025;17:25:00;FEIRA DE SANTANA;Ausência de sinalização;Atropelamento de Pedestre;Com Vítimas Feridas;Plena Noite;Crescente;Céu Claro;Dupla;Reta;-12,169224;-38,9650136
25/04/2025;17:40:00;ATIBAIA;Acumulo de água sobre o pavimento;Colisão com objeto;Com Vítimas Feridas;Anoitecer;Decrescente;Chuva;Dupla;Reta;-23,05239;-46,56718
25/04/2025;18:30:00;ABADIANIA;Velocidade Incompatível;Colisão transversal;Com Vítimas Feridas;Plena Noite;Crescente;Céu Claro;Dupla;Reta;-16,21202597;-48,74478288
25/04/2025;19:15:00;CURITIBA;Velocidade Incompatível;Colisão lateral mesmo sentido;Com Vítimas Feridas;Plena Noite;Crescente;Nublado;Dupla;Curva;-25,43024493;-49,3209827
25/04/2025;19:30:00;SOORETAMA;Ultrapassagem Indevida;Colisão lateral sentido oposto;Com Vítimas Feridas;Plena Noite;Crescente;Céu Claro;Simples;"Reta;Declive";-19,05603549;-40,03174371
25/04/2025;20:00:00;CAMPOS DOS GOYTACAZES;Chuva;Colisão traseira;Com Vítimas Feridas;Plena Noite;Crescente;Chuva;Dupla;Reta;-22,019734;-41,684891
25/04/2025;20:00:00;UBATUBA;Demais Fenômenos da natureza;Colisão com objeto;Com Vítimas Feridas;Plena Noite;Decrescente;Garoa/Chuvisco;Simples;Reta;-23,41135054;-45,01982689
25/04/2025;21:10:00;GUARAPARI;Chuva;Queda de ocupante de veículo;Com Vítimas Feridas;Plena Noite;Crescente;Chuva;Dupla;Reta;-20,55633551;-40,48060656
25/04/2025;18:30:00;SERINGUEIRAS;Deficiência do Sistema de Iluminação/Sinalização;Colisão traseira;Com Vítimas Feridas;Plena Noite;Crescente;Chuva;Simples;Reta;-11,782879;-63,08447
25/04/2025;20:40:00;CORUMBA DE GOIAS;Ultrapassagem Indevida;Colisão frontal;Com Vítimas Fatais;Plena Noite;Crescente;Ignorado;Simples;Reta;-15,83947;-48,7723
25/04/2025;23:10:00;PANTANO GRANDE;Velocidade Incompatível;Saída de leito carroçável;Com Vítimas Feridas;Plena Noite;Crescente;Céu Claro;Simples;"Em Obras;Interseção de Vias";-30,1866089;-52,35835075
25/04/2025;09:30:00;CONCEICAO DO JACUIPE;Conversão proibida;Colisão lateral mesmo sentido;Com Vítimas Feridas;Pleno dia;Crescente;Céu Claro;Dupla;Reta;-12,353907;-38,803462
24/04/2025;01:48:00;GRAO MOGOL;Velocidade Incompatível;Tombamento;Com Vítimas Feridas;Plena Noite;Crescente;Nublado;Simples;"Curva;Declive";-16,4310445;-43,2835252
24/04/2025;06:30:00;CACHOEIRA;Chuva;Colisão lateral sentido oposto;Com Vítimas Feridas;Pleno dia;Crescente;Chuva;Simples;"Curva;Declive";-12,5746609;-38,9796866
24/04/2025;07:15:00;JOACABA;Ultrapassagem Indevida;Colisão frontal;Com Vítimas Feridas;Pleno dia;Decrescente;Céu Claro;Simples;"Reta;Declive";-27,12835491;-51,62801743
24/04/2025;09:30:00;GARUVA;Velocidade Incompatível;Incêndio;Sem Vítimas;Pleno dia;Crescente;Nublado;Dupla;Reta;-26,04999729;-48,8596344
24/04/2025;09:00:00;GUARAPUAVA;Acumulo de água sobre o pavimento;Colisão frontal;Com Vítimas Feridas;Pleno dia;Decrescente;Chuva;Simples;Curva;-25,3467908;-51,2204249
24/04/2025;10:30:00;CARMOPOLIS DE MINAS;Condutor usando celular;Saída de leito carroçável;Com Vítimas Feridas;Pleno dia;Decrescente;Nublado;Dupla;"Reta;Declive";-20,55499148;-44,66134608
24/04/2025;12:24:00;CAXAMBU;Velocidade Incompatível;Tombamento;Com Vítimas Feridas;Pleno dia;Crescente;Céu Claro;Simples;Curva;-22,04794052;-44,92659688
24/04/2025;10:05:00;BARRA MANSA;Desvio temporário;Atropelamento de Pedestre;Com Vítimas Fatais;Pleno dia;Decrescente;Céu Claro;Dupla;"Reta;Em Obras;Aclive";-22,5379048;-44,1823157
24/04/2025;16:45:00;LONDRINA;Conversão proibida;Colisão traseira;Sem Vítimas;Pleno dia;Crescente;Chuva;Dupla;Reta;-23,293297;-51,102612
24/04/2025;15:05:00;ORTIGUEIRA;Velocidade Incompatível;Tombamento;Sem Vítimas;Pleno dia;Crescente;Chuva;Simples;"Curva;Declive";-24,1739573;-50,96546888
24/04/2025;18:27:00;CLAUDIA;Ultrapassagem Indevida;Capotamento;Com Vítimas Feridas;Plena Noite;Decrescente;Céu Claro;Simples;Reta;-11,43117147;-55,35259724
24/04/2025;20:00:00;PORTO VELHO;Chuva;Saída de leito carroçável;Com Vítimas Feridas;Plena Noite;Crescente;Chuva;Simples;"Declive;Reta";-8,89835996;-63,96879941
24/04/2025;22:20:00;SAO LUIS;Acumulo de água sobre o pavimento;Colisão traseira;Com Vítimas Feridas;Plena Noite;Decrescente;Garoa/Chuvisco;Dupla;Curva;-2,66217526;-44,28549252
24/04/2025;00:40:00;RIO GRANDE;Animais na Pista;Atropelamento de Animal;Com Vítimas Feridas;Plena Noite;Crescente;Céu Claro;Dupla;Reta;-32,1234357;-52,13579178
24/04/2025;01:50:00;ANASTACIO;Velocidade Incompatível;Colisão com objeto;Sem Vítimas;Plena Noite;Decrescente;Céu Claro;Simples;Reta;-20,492688;-55,937613
24/04/2025;07:00:00;BALNEARIO CAMBORIU;Acesso irregular;Colisão transversal;Com Vítimas Feridas;Pleno dia;Crescente;Nublado;Múltipla;Interseção de Vias;-26,99840917;-48,64840206
24/04/2025;06:00:00;CASCAVEL;Chuva;Atropelamento de Pedestre;Com Vítimas Feridas;Amanhecer;Crescente;Chuva;Simples;Reta;-25,005;-53,526
24/04/2025;07:40:00;UBATUBA;Conversão proibida;Atropelamento de Pedestre;Com Vítimas Feridas;Pleno dia;Crescente;Sol;Simples;Reta;-23,4589672;-45,0679585
24/04/2025;07:35:00;SALVADOR;Chuva;Tombamento;Com Vítimas Feridas;Pleno dia;Crescente;Chuva;Dupla;Reta;-12,8944736;-38,4473255
24/04/2025;09:17:00;ABREU E LIMA;Acostamento em desnível;Tombamento;Com Vítimas Feridas;Pleno dia;Crescente;Nublado;Dupla;"Reta;Interseção de Vias";-7,925;-34,897
24/04/2025;06:30:00;CEZARINA;Acumulo de água sobre o pavimento;Capotamento;Com Vítimas Feridas;Pleno dia;Crescente;Chuva;Dupla;Reta;-17,07701215;-49,82437914
24/04/2025;10:30:00;ARARANGUA;Ultrapassagem Indevida;Colisão transversal;Com Vítimas Feridas;Pleno dia;Decrescente;Céu Claro;Simples;"Reta;Interseção de Vias";-28,9994486;-49,5560229
24/04/2025;07:05:00;BARRO ALTO;Chuva;Capotamento;Com Vítimas Feridas;Pleno dia;Decrescente;Chuva;Simples;Curva;-14,94942876;-48,93396378
24/04/2025;10:30:00;TIBAGI;Velocidade Incompatível;Saída de leito carroçável;Com Vítimas Feridas;Pleno dia;Crescente;Chuva;Dupla;"Curva;Declive";-24,78951346;-50,50442036
24/04/2025;15:25:00;INDIARA;Chuva;Capotamento;Com Vítimas Feridas;Pleno dia;Decrescente;Chuva;Dupla;Reta;-17,140439;-49,99812
24/04/2025;15:40:00;SENADOR JOSE BENTO;Pista Escorregadia;Colisão frontal;Com Vítimas Feridas;Pleno dia;Crescente;Chuva;Simples;Curva;-22,1308389;-46,1741125
24/04/2025;15:53:00;CAMPINA GRANDE DO SUL;Acumulo de água sobre o pavimento;Saída de leito carroçável;Com Vítimas Feridas;Pleno dia;Crescente;Chuva;Múltipla;Curva;-25,111638;-48,782683
24/04/2025;15:30:00;SERRA;Pista esburacada;Tombamento;Com Vítimas Feridas;Pleno dia;Crescente;Nublado;Múltipla;Reta;-20,18240833;-40,26541
24/04/2025;14:30:00;JACAREZINHO;Pista Escorregadia;Queda de ocupante de veículo;Com Vítimas Feridas;Plena Noite;Crescente;Chuva;Simples;Reta;-23,009351;-49,906467
24/04/2025;16:10:00;RIACHAO DO BACAMARTE;Animais na Pista;Saída de leito carroçável;Com Vítimas Feridas;Pleno dia;Crescente;Chuva;Dupla;Reta;-7,24634502;-35,65612704
24/04/2025;16:15:00;PARATY;Conversão proibida;Colisão transversal;Com Vítimas Feridas;Pleno dia;Crescente;Nublado;Simples;Reta;-23,27620014;-44,68948603
24/04/2025;15:15:00;MAFRA;Velocidade Incompatível;Colisão frontal;Com Vítimas Feridas;Pleno dia;Decrescente;Chuva;Simples;"Curva;Aclive";-26,213115;-49,719376
24/04/2025;10:40:00;SILVA JARDIM;Afundamento ou ondulação no pavimento;Capotamento;Com Vítimas Feridas;Pleno dia;Decrescente;Céu Claro;Dupla;Curva;-22,5660079;-42,37220764
24/04/2025;15:00:00;BOTELHOS;Velocidade Incompatível;Saída de leito carroçável;Com Vítimas Feridas;Pleno dia;Decrescente;Chuva;Simples;"Reta;Declive";-21,69578;-46,42743
24/04/2025;18:10:00;MAGE;Animais na Pista;Atropelamento de Animal;Com Vítimas Feridas;Anoitecer;Decrescente;Nublado;Dupla;Reta;-22,64639;-43,206843
24/04/2025;19:00:00;TRIUNFO;Curva acentuada;Colisão com objeto;Com Vítimas Feridas;Plena Noite;Crescente;Céu Claro;Dupla;Rotatória;-29,7585601;-51,59313161
24/04/2025;19:20:00;TABULEIRO DO NORTE;Chuva;Capotamento;Com Vítimas Feridas;Plena Noite;Decrescente;Chuva;Simples;"Aclive;Curva";-5,245801;-38,188945
24/04/2025;22:05:00;ITAPEMA;Velocidade Incompatível;Queda de ocupante de veículo;Com Vítimas Feridas;Plena Noite;Crescente;Nublado;Múltipla;"Interseção de Vias;Reta";-27,1205335;-48,6094993
24/04/2025;19:50:00;CORBELIA;Chuva;Colisão frontal;Com Vítimas Feridas;Plena Noite;Crescente;Garoa/Chuvisco;Simples;Reta;-24,58271955;-53,16387177
24/04/2025;22:35:00;BALNEARIO CAMBORIU;Velocidade Incompatível;Saída de leito carroçável;Com Vítimas Feridas;Plena Noite;Crescente;Céu Claro;Múltipla;Curva;-27,02755783;-48,60614268
24/04/2025;17:40:00;PONTA GROSSA;Velocidade Incompatível;Saída de leito carroçável;Com Vítimas Feridas;Pleno dia;Decrescente;Chuva;Dupla;"Curva;Declive";-25,26944347;-49,93655054
24/04/2025;20:00:00;ATIBAIA;Chuva;Tombamento;Com Vítimas Feridas;Plena Noite;Crescente;Chuva;Dupla;"Declive;Reta";-23,09669987;-46,57268107
24/04/2025;22:30:00;PETROLINA;Animais na Pista;Atropelamento de Animal;Com Vítimas Feridas;Plena Noite;Crescente;Céu Claro;Simples;"Reta;Ponte";-9,177025;-40,63472
24/04/2025;23:30:00;RIO BRILHANTE;Animais na Pista;Atropelamento de Animal;Sem Vítimas;Plena Noite;Decrescente;Chuva;Simples;Reta;-21,64181657;-54,42353217
24/04/2025;11:30:00;IBIA;Retorno proibido;Colisão lateral mesmo sentido;Com Vítimas Feridas;Pleno dia;Decrescente;Sol;Simples;"Reta;Aclive";-19,59211;-46,491572
23/04/2025;06:00:00;UBAITABA;Pista Escorregadia;Colisão traseira;Com Vítimas Feridas;Pleno dia;Crescente;Chuva;Simples;Reta;-14,300538;-39,324159
23/04/2025;09:00:00;PAULO AFONSO;Ultrapassagem Indevida;Colisão frontal;Com Vítimas Fatais;Pleno dia;Crescente;Céu Claro;Simples;Curva;-9,44663913;-38,20151925
23/04/2025;07:00:00;CONCORDIA;Ultrapassagem Indevida;Colisão frontal;Com Vítimas Fatais;Pleno dia;Crescente;Céu Claro;Simples;"Curva;Aclive";-27,26464;-51,95953
23/04/2025;14:35:00;ANAPOLIS;Demais falhas na via;Engavetamento;Com Vítimas Feridas;Pleno dia;Crescente;Chuva;Dupla;Reta;-16,399428;-48,968996
23/04/2025;14:15:00;SAO MATEUS DO SUL;Ausência de sinalização;Colisão traseira;Com Vítimas Feridas;Pleno dia;Crescente;Céu Claro;Simples;"Declive;Reta";-26,01564984;-50,63683301
23/04/2025;01:45:00;ARROIO GRANDE;Animais na Pista;Atropelamento de Animal;Com Vítimas Feridas;Plena Noite;Crescente;Céu Claro;Simples;Reta;-32,26739425;-53,09280396
23/04/2025;07:10:00;BRASILIA;Velocidade Incompatível;Colisão traseira;Com Vítimas Feridas;Amanhecer;Decrescente;Céu Claro;Dupla;"Reta;Declive";-15,62381521;-47,72011758
23/04/2025;05:20:00;NOVA IGUACU;Iluminação deficiente;Colisão traseira;Com Vítimas Feridas;Amanhecer;Decrescente;Céu Claro;Dupla;Reta;-22,73911471;-43,49475352
23/04/2025;08:01:00;LAGES;Conversão proibida;Colisão transversal;Sem Vítimas;Pleno dia;Crescente;Nublado;Simples;Reta;-27,81719143;-50,37238805
23/04/2025;07:20:00;ITAGUAI;Chuva;Queda de ocupante de veículo;Com Vítimas Feridas;Pleno dia;Crescente;Céu Claro;Dupla;Interseção de Vias;-22,87769207;-43,81856773
23/04/2025;06:45:00;URUCUCA;Chuva;Saída de leito carroçável;Com Vítimas Feridas;Amanhecer;Crescente;Chuva;Simples;Curva;-14,508242;-39,33243
23/04/2025;13:40:00;AMARANTE;Velocidade Incompatível;Colisão com objeto;Com Vítimas Feridas;Pleno dia;Crescente;Sol;Simples;Curva;-6,2561376;-42,84315741
23/04/2025;14:50:00;GENERAL CARNEIRO;Pista Escorregadia;Queda de ocupante de veículo;Com Vítimas Feridas;Pleno dia;Decrescente;Céu Claro;Simples;Curva;-26,5620633;-51,44328833
23/04/2025;17:20:00;LAGES;Conversão proibida;Colisão transversal;Com Vítimas Feridas;Pleno dia;Crescente;Céu Claro;Simples;Reta;-27,757222;-50,333333
23/04/2025;04:00:00;BERURI;Pista Escorregadia;Saída de leito carroçável;Sem Vítimas;Plena Noite;Decrescente;Garoa/Chuvisco;Simples;"Reta;Declive";-5,322156;-62,010748
23/04/2025;18:30:00;FELIXLANDIA;Demais falhas na via;Queda de ocupante de veículo;Com Vítimas Feridas;Anoitecer;Decrescente;Céu Claro;Simples;Reta;-18,70578812;-44,95819382
23/04/2025;17:00:00;UBERABA;Acumulo de água sobre o pavimento;Saída de leito carroçável;Com Vítimas Feridas;Pleno dia;Crescente;Chuva;Dupla;Reta;-19,759104;-47,8838784
23/04/2025;19:50:00;SAO JOAO DE MERITI;Ultrapassagem Indevida;Tombamento;Com Vítimas Feridas;Plena Noite;Crescente;Céu Claro;Múltipla;Reta;-22,79856489;-43,35638221
23/04/2025;18:50:00;BARRA DO RIBEIRO;Ausência de sinalização;Saída de leito carroçável;Com Vítimas Feridas;Plena Noite;Crescente;Céu Claro;Dupla;"Reta;Retorno Regulamentado";-30,420832;-51,46523