data_inversa;horario;municipio;causa_acidente;tipo_acidente;classificacao_acidente;fase_dia;sentido_via;condicao_metereologica;tipo_pista;tracado_via;latitude;longitude
19/04/2025;09:10:00;RECIFE;Acesso irregular;Colisão lateral mesmo sentido;Com Vítimas Feridas;Pleno dia;Crescente;Sol;Dupla;Reta;-8,072022;-34,942678
19/04/2025;09:00:00;SANTO AMARO DO MARANHAO;Velocidade Incompatível;Saída de leito carroçável;Com Vítimas Feridas;Pleno dia;Decrescente;Sol;Simples;Reta;-2,8300351;-43,1894155
19/04/2025;06:50:00;CAMBUI;Velocidade Incompatível;Saída de leito carroçável;Com Vítimas Feridas;Pleno dia;Decrescente;Chuva;Dupla;Curva;-22,52012894;-46,02211475
19/04/2025;09:50:00;POUSO ALEGRE;Velocidade Incompatível;Tombamento;Com Vítimas Feridas;Pleno dia;Crescente;Nublado;Dupla;Reta;-22,2424817;-45,88277755
19/04/2025;10:00:00;SAO JOSE DE MIPIBU;Animais na Pista;Atropelamento de Animal;Com Vítimas Feridas;Pleno dia;Decrescente;Céu Claro;Dupla;Reta;-6,021782;-35,251702
19/04/2025;10:25:00;SAO SEBASTIAO DA BELA VISTA;Animais na Pista;Queda de ocupante de veículo;Com Vítimas Feridas;Pleno dia;Crescente;Nublado;Dupla;Reta;-22,21083067;-45,86637368
19/04/2025;11:20:00;LONDRINA;Afundamento ou ondulação no pavimento;Queda de ocupante de veículo;Com Vítimas Feridas;Pleno dia;Decrescente;Céu Claro;Dupla;Reta;-23,2931739;-51,1492404
19/04/2025;11:20:00;INDIANOPOLIS;Conversão proibida;Colisão transversal;Com Vítimas Fatais;Pleno dia;Crescente;Sol;Simples;Reta;-18,90604749;-47,90274912
19/04/2025;13:20:00;PALHOCA;Velocidade Incompatível;Saída de leito carroçável;Com Vítimas Feridas;Pleno dia;Crescente;Nublado;Dupla;Reta;-27,78654275;-48,63510132
19/04/2025;09:30:00;CAMPOS NOVOS;Chuva;Atropelamento de Pedestre;Com Vítimas Feridas;Pleno dia;Decrescente;Chuva;Simples;Rotatória;-27,38635;-51,235013
19/04/2025;13:15:00;SAO MIGUEL DAS MISSOES;Velocidade Incompatível;Saída de leito carroçável;Com Vítimas Feridas;Pleno dia;Decrescente;Céu Claro;Simples;"Ponte;Curva";-28,40382054;-54,53780651
19/04/2025;14:40:00;MAIRIPORA;Velocidade Incompatível;Capotamento;Com Vítimas Feridas;Pleno dia;Decrescente;Chuva;Dupla;Curva;-23,33500371;-46,57509845
19/04/2025;16:15:00;ANCHIETA;Velocidade Incompatível;Tombamento;Com Vítimas Fatais;Pleno dia;Decrescente;Nublado;Simples;Curva;-20,672678;-40,664446
19/04/2025;16:05:00;POUSO ALTO;Acumulo de areia ou detritos sobre o pavimento;Queda de ocupante de veículo;Com Vítimas Feridas;Pleno dia;Decrescente;Chuva;Simples;Reta;-22,26285141;-44,91400838
19/04/2025;14:30:00;SABARA;Pista Escorregadia;Colisão transversal;Com Vítimas Fatais;Pleno dia;Decrescente;Chuva;Simples;Curva;-19,78699001;-43,68943437
19/04/2025;16:20:00;MAIRIPORA;Chuva;Saída de leito carroçável;Com Vítimas Feridas;Pleno dia;Crescente;Chuva;Dupla;"Declive;Curva";-23,28909067;-46,58295393
19/04/2025;11:10:00;BOM JESUS DAS SELVAS;Curva acentuada;Saída de leito carroçável;Com Vítimas Feridas;Pleno dia;Decrescente;Céu Claro;Simples;Curva;-4,32039;-46,59292
19/04/2025;17:00:00;PANAMBI;Ultrapassagem Indevida;Colisão frontal;Com Vítimas Feridas;Pleno dia;Decrescente;Sol;Simples;"Reta;Aclive";-28,28878;-53,485403
19/04/2025;17:20:00;OLIVEIRA;Chuva;Saída de leito carroçável;Com Vítimas Feridas;Pleno dia;Decrescente;Chuva;Dupla;"Reta;Retorno Regulamentado";-20,69015417;-44,74352807
19/04/2025;18:50:00;BUTIA;Ultrapassagem Indevida;Colisão frontal;Com Vítimas Feridas;Anoitecer;Crescente;Céu Claro;Simples;Reta;-30,12508875;-51,90753901
19/04/2025;20:11:00;FORTALEZA;Iluminação deficiente;Capotamento;Sem Vítimas;Plena Noite;Decrescente;Céu Claro;Múltipla;Reta;-3,85515;-38,49668
19/04/2025;14:30:00;UBATUBA;Conversão proibida;Colisão transversal;Com Vítimas Feridas;Pleno dia;Decrescente;Céu Claro;Simples;Reta;-23,45692241;-45,07046163
19/04/2025;17:35:00;RIO VERDE;Acumulo de água sobre o pavimento;Tombamento;Com Vítimas Feridas;Pleno dia;Decrescente;Nublado;Dupla;Retorno Regulamentado;-17,787542;-50,900232
19/04/2025;19:30:00;GOIANIA;Velocidade Incompatível;Atropelamento de Pedestre;Com Vítimas Feridas;Plena Noite;Crescente;Céu Claro;Múltipla;"Retorno Regulamentado;Aclive;Reta";-16,60459283;-49,20393061
19/04/2025;19:20:00;SAO DESIDERIO;Ultrapassagem Indevida;Colisão frontal;Com Vítimas Fatais;Plena Noite;Decrescente;Ignorado;Simples;Reta;-13,14735536;-46,02687836
19/04/2025;19:30:00;IMBITUBA;Velocidade Incompatível;Colisão traseira;Sem Vítimas;Plena Noite;Decrescente;Garoa/Chuvisco;Múltipla;"Reta;Desvio Temporário";-28,1723;-48,6946
19/04/2025;21:40:00;IPUIUNA;Animais na Pista;Saída de leito carroçável;Com Vítimas Feridas;Plena Noite;Crescente;Garoa/Chuvisco;Simples;Reta;-22,08743918;-46,22781056
19/04/2025;20:50:00;ITAPIRAPUA;Animais na Pista;Saída de leito carroçável;Com Vítimas Feridas;Plena Noite;Crescente;Nublado;Simples;"Curva;Declive";-15,854858;-50,750609
19/04/2025;23:55:00;FEIRA DE SANTANA;Animais na Pista;Atropelamento de Animal;Sem Vítimas;Plena Noite;Crescente;Céu Claro;Dupla;Reta;-12,2940493;-38,9071194
19/04/2025;23:57:00;FEIRA DE SANTANA;Animais na Pista;Atropelamento de Animal;Com Vítimas Feridas;Plena Noite;Crescente;Céu Claro;Dupla;Reta;-12,293636;-38,9065703
19/04/2025;23:50:00;ARAUCARIA;Ultrapassagem Indevida;Colisão lateral sentido oposto;Com Vítimas Feridas;Plena Noite;Decrescente;Nublado;Simples;Reta;-25,613161;-49,423889
19/04/2025;22:45:00;ALFREDO VASCONCELOS;Acumulo de água sobre o pavimento;Saída de leito carroçável;Com Vítimas Feridas;Plena Noite;Crescente;Chuva;Simples;Reta;-21,1283983;-43,7596583
19/04/2025;22:10:00;SILVA JARDIM;Acumulo de água sobre o pavimento;Capotamento;Com Vítimas Feridas;Plena Noite;Decrescente;Chuva;Dupla;Curva;-22,56582957;-42,36911774
19/04/2025;20:30:00;CHAPECO;Velocidade Incompatível;Colisão com objeto;Com Vítimas Feridas;Plena Noite;Crescente;Céu Claro;Simples;"Interseção de Vias;Rotatória";-26,97451809;-52,74402022
19/04/2025;08:40:00;POUSO ALEGRE;Velocidade Incompatível;Colisão com objeto;Com Vítimas Feridas;Pleno dia;Decrescente;Chuva;Dupla;Curva;-22,420355;-45,96508
19/04/2025;19:45:00;ABRE CAMPO;Velocidade Incompatível;Saída de leito carroçável;Com Vítimas Fatais;Plena Noite;Crescente;Nublado;Simples;Curva;-20,335003;-42,47161746
18/04/2025;00:50:00;CAMPO LARGO;Acesso irregular;Colisão transversal;Sem Vítimas;Plena Noite;Crescente;Ignorado;Dupla;Reta;-25,4467;-49,5765
18/04/2025;06:40:00;VERA;Ultrapassagem Indevida;Colisão frontal;Com Vítimas Fatais;Pleno dia;Crescente;Céu Claro;Simples;Reta;-12,18823563;-55,53091049
18/04/2025;05:50:00;COLINAS DO TOCANTINS;Ultrapassagem Indevida;Colisão frontal;Com Vítimas Fatais;Amanhecer;Crescente;Sol;Simples;Reta;-7,930714;-48,466703
18/04/2025;08:15:00;SIMOLANDIA;Pista Escorregadia;Colisão lateral sentido oposto;Sem Vítimas;Amanhecer;Crescente;Chuva;Simples;"Reta;Declive";-14,4513987;-46,4691578
18/04/2025;00:30:00;ABADIA DE GOIAS;Velocidade Incompatível;Saída de leito carroçável;Com Vítimas Fatais;Plena Noite;Decrescente;Nublado;Dupla;Reta;-16,75337652;-49,43357202
18/04/2025;04:10:00;CASCAVEL;Velocidade Incompatível;Colisão com objeto;Com Vítimas Feridas;Plena Noite;Decrescente;Céu Claro;Múltipla;"Interseção de Vias;Curva";-24,9665512;-53,4056773
18/04/2025;01:03:00;RIO DE JANEIRO;Afundamento ou ondulação no pavimento;Capotamento;Com Vítimas Fatais;Plena Noite;Crescente;Céu Claro;Múltipla;"Viaduto;Reta;Declive";-22,81549801;-43,30182548
18/04/2025;04:58:00;MASSARANDUBA;Afundamento ou ondulação no pavimento;Tombamento;Com Vítimas Feridas;Amanhecer;Decrescente;Céu Claro;Dupla;"Curva;Em Obras";-7,2751099;-35,7384701
18/04/2025;04:30:00;ORTIGUEIRA;Neblina;Colisão com objeto;Com Vítimas Feridas;Plena Noite;Crescente;Nevoeiro/Neblina;Simples;"Declive;Curva";-24,0651104;-51,0636508
18/04/2025;04:30:00;UBERLANDIA;Animais na Pista;Atropelamento de Animal;Com Vítimas Feridas;Plena Noite;Crescente;Céu Claro;Simples;Reta;-18,92475295;-48,19886148
18/04/2025;07:30:00;BOM JESUS DO AMPARO;Pista esburacada;Saída de leito carroçável;Com Vítimas Feridas;Pleno dia;Decrescente;Sol;Dupla;Curva;-19,74931278;-43,52781237
18/04/2025;04:40:00;JAGUARACU;Ultrapassagem Indevida;Colisão frontal;Com Vítimas Feridas;Plena Noite;Decrescente;Céu Claro;Simples;Reta;-19,6128641;-42,7690442
18/04/2025;07:35:00;ASCURRA;Acesso irregular;Colisão transversal;Com Vítimas Feridas;Pleno dia;Decrescente;Céu Claro;Simples;Reta;-26,94984639;-49,36839581
18/04/2025;09:30:00;CAMPO FLORIDO;Acumulo de água sobre o pavimento;Saída de leito carroçável;Sem Vítimas;Pleno dia;Crescente;Chuva;Dupla;Reta;-19,7752931;-48,493357
18/04/2025;08:30:00;ITATIM;Velocidade Incompatível;Saída de leito carroçável;Com Vítimas Feridas;Pleno dia;Crescente;Céu Claro;Simples;"Reta;Declive";-12,73336802;-39,78003502
18/04/2025;10:30:00;SANTANA DO LIVRAMENTO;Ultrapassagem Indevida;Capotamento;Com Vítimas Feridas;Pleno dia;Crescente;Céu Claro;Simples;"Reta;Declive";-30,8115;-55,291
18/04/2025;08:10:00;MATO CASTELHANO;Ultrapassagem Indevida;Colisão frontal;Com Vítimas Feridas;Pleno dia;Decrescente;Céu Claro;Simples;Reta;-28,30257321;-52,12795788
18/04/2025;10:15:00;POUSO ALEGRE;Velocidade Incompatível;Saída de leito carroçável;Com Vítimas Feridas;Pleno dia;Crescente;Sol;Dupla;Reta;-22,29555888;-45,89901209
18/04/2025;11:30:00;CARACOL;Chuva;Saída de leito carroçável;Com Vítimas Feridas;Pleno dia;Crescente;Chuva;Simples;"Aclive;Curva";-21,75663;-56,942216
18/04/2025;12:00:00;SAO DOMINGOS DO PRATA;Conversão proibida;Colisão transversal;Com Vítimas Feridas;Pleno dia;Decrescente;Céu Claro;Simples;Reta;-19,95415701;-42,87525147
18/04/2025;11:20:00;NOVA ALVORADA DO SUL;Ultrapassagem Indevida;Colisão frontal;Com Vítimas Feridas;Pleno dia;Crescente;Chuva;Simples;Reta;-21,51303;-54,242938
18/04/2025;11:30:00;PICOS;Velocidade Incompatível;Colisão transversal;Sem Vítimas;Pleno dia;Crescente;Céu Claro;Dupla;Reta;-7,07922;-41,449593
18/04/2025;17:00:00;TRES MARIAS;Ultrapassagem Indevida;Colisão lateral sentido oposto;Com Vítimas Feridas;Pleno dia;Crescente;Chuva;Simples;Aclive;-18,21110961;-45,22650719
18/04/2025;12:00:00;NOVA ERA;Acumulo de água sobre o pavimento;Colisão com objeto;Sem Vítimas;Pleno dia;Decrescente;Garoa/Chuvisco;Simples;"Reta;Ponte";-19,774;-43,047
18/04/2025;18:28:00;PALHOCA;Ultrapassagem Indevida;Colisão lateral mesmo sentido;Com Vítimas Feridas;Plena Noite;Decrescente;Céu Claro;Simples;"Reta;Viaduto";-27,67766;-48,70105
18/04/2025;17:10:00;BARRA DO CORDA;Velocidade Incompatível;Saída de leito carroçável;Com Vítimas Feridas;Anoitecer;Crescente;Céu Claro;Simples;"Curva;Declive";-5,44537359;-45,30372262
18/04/2025;18:06:00;BRASILIA;Ultrapassagem Indevida;Colisão frontal;Com Vítimas Fatais;Anoitecer;Crescente;Nublado;Simples;Reta;-15,981578;-47,925568
18/04/2025;17:10:00;ERVAL VELHO;Chuva;Colisão lateral sentido oposto;Com Vítimas Feridas;Pleno dia;Decrescente;Garoa/Chuvisco;Simples;Reta;-27,2697363;-51,44382477
18/04/2025;17:50:00;VITORIA DA CONQUISTA;Retorno proibido;Colisão transversal;Com Vítimas Feridas;Anoitecer;Crescente;Nublado;Simples;Curva;-14,824896;-40,883048
18/04/2025;16:30:00;VILHENA;Velocidade Incompatível;Capotamento;Sem Vítimas;Pleno dia;Decrescente;Céu Claro;Simples;Curva;-12,5288187;-60,37355885
18/04/2025;17:58:00;PROMISSAO;Afundamento ou ondulação no pavimento;Queda de ocupante de veículo;Com Vítimas Feridas;Plena Noite;Decrescente;Garoa/Chuvisco;Simples;Reta;-21,3476416;-49,7928641
18/04/2025;19:40:00;UBATUBA;Conversão proibida;Colisão transversal;Com Vítimas Feridas;Plena Noite;Crescente;Céu Claro;Simples;Reta;-23,43499891;-45,08748448
18/04/2025;20:40:00;POUSO ALEGRE;Animais na Pista;Tombamento;Com Vítimas Feridas;Plena Noite;Decrescente;Céu Claro;Simples;"Reta;Declive";-22,185873;-45,984328
18/04/2025;20:05:00;SAO MIGUEL DO OESTE;Velocidade Incompatível;Saída de leito carroçável;Com Vítimas Feridas;Plena Noite;Decrescente;Céu Claro;Dupla;"Curva;Interseção de Vias";-26,73281379;-53,50990707
18/04/2025;22:20:00;GUARULHOS;Velocidade Incompatível;Colisão lateral mesmo sentido;Com Vítimas Feridas;Plena Noite;Crescente;Chuva;Múltipla;"Reta;Aclive";-23,42861298;-46,41206196
18/04/2025;21:20:00;MAIRIPORA;Pista Escorregadia;Tombamento;Com Vítimas Feridas;Plena Noite;Crescente;Garoa/Chuvisco;Dupla;"Declive;Curva";-23,28937107;-46,58114612
18/04/2025;19:55:00;ICO;Animais na Pista;Atropelamento de Animal;Com Vítimas Feridas;Pleno dia;Decrescente;Céu Claro;Simples;Reta;-6,400683;-38,839131
18/04/2025;22:45:00;CASCAVEL;Velocidade Incompatível;Saída de leito carroçável;Com Vítimas Feridas;Plena Noite;Crescente;Céu Claro;Dupla;Reta;-24,916681;-53,485883
18/04/2025;18:00:00;NOVA IGUACU;Ultrapassagem Indevida;Colisão transversal;Sem Vítimas;Anoitecer;Crescente;Nublado;Simples;Reta;-22,85395889;-43,60190207
18/04/2025;12:30:00;CASCAVEL;Velocidade Incompatível;Colisão frontal;Com Vítimas Feridas;Pleno dia;Decrescente;Céu Claro;Simples;Reta;-24,9834272;-53,473113
18/04/2025;23:50:00;CAETE;Pista esburacada;Colisão com objeto;Com Vítimas Feridas;Plena Noite;Crescente;Céu Claro;Dupla;Reta;-19,77284931;-43,65012852
17/04/2025;07:10:00;CARIACICA;Pista Escorregadia;Colisão lateral mesmo sentido;Com Vítimas Feridas;Pleno dia;Decrescente;Chuva;Dupla;"Curva;Declive";-20,244866;-40,369797
17/04/2025;08:30:00;POSSE;Velocidade Incompatível;Colisão com objeto;Sem Vítimas;Pleno dia;Decrescente;Céu Claro;Simples;"Reta;Aclive";-14,2;-46,3
17/04/2025;12:30:00;ITAPEMIRIM;Velocidade Incompatível;Tombamento;Com Vítimas Feridas;Pleno dia;Decrescente;Garoa/Chuvisco;Simples;"Curva;Declive";-20,8837865;-40,9800922
17/04/2025;00:30:00;LAGUNA;Ultrapassagem Indevida;Colisão traseira;Com Vítimas Feridas;Plena Noite;Crescente;Céu Claro;Dupla;"Reta;Ponte";-28,43263626;-48,84683825
17/04/2025;19:50:00;SALOA;Velocidade Incompatível;Capotamento;Com Vítimas Fatais;Plena Noite;Crescente;Céu Claro;Simples;"Curva;Declive";-8,958997;-36,76531
17/04/2025;22:10:00;CRISTINO CASTRO;Animais na Pista;Atropelamento de Animal;Com Vítimas Feridas;Plena Noite;Crescente;Céu Claro;Simples;Reta;-8,83497598;-44,228333
17/04/2025;10:00:00;FERNANDES PINHEIRO;Conversão proibida;Colisão transversal;Com Vítimas Feridas;Pleno dia;Decrescente;Nublado;Simples;Curva;-25,46524028;-50,58385307
17/04/2025;09:47:00;VARZEA GRANDE;Acesso irregular;Colisão transversal;Com Vítimas Feridas;Pleno dia;Decrescente;Céu Claro;Dupla;Reta;-15,64559036;-56,19894147
17/04/2025;01:30:00;POSSE;Ultrapassagem Indevida;Colisão frontal;Com Vítimas Feridas;Plena Noite;Decrescente;Nublado;Simples;"Reta;Aclive";-14,2;-46,3
17/04/2025;10:58:00;BARRA DO TURVO;Velocidade Incompatível;Queda de ocupante de veículo;Com Vítimas Feridas;Pleno dia;Crescente;Nublado;Simples;"Declive;Curva";-24,9288298;-48,2715861
17/04/2025;10:00:00;PERIQUITO;Velocidade Incompatível;Saída de leito carroçável;Com Vítimas Feridas;Pleno dia;Crescente;Chuva;Simples;Curva;-19,08226686;-42,18362019
17/04/2025;12:20:00;IGARAPE;Ultrapassagem Indevida;Colisão lateral mesmo sentido;Com Vítimas Feridas;Pleno dia;Decrescente;Céu Claro;Simples;Reta;-20,065568;-44,295031
17/04/2025;11:50:00;ALTO PARAISO;Demais falhas na via;Colisão com objeto;Sem Vítimas;Pleno dia;Crescente;Céu Claro;Simples;Reta;-9,6116589;-63,07213694
17/04/2025;12:30:00;JATAI;Acumulo de água sobre o pavimento;Colisão frontal;Com Vítimas Feridas;Pleno dia;Decrescente;Chuva;Dupla;Reta;-17,845893;-51,476541
17/04/2025;10:30:00;AGUAS MORNAS;Ultrapassagem Indevida;Colisão lateral sentido oposto;Com Vítimas Feridas;Pleno dia;Decrescente;Céu Claro;Simples;"Declive;Curva";-27,68499593;-48,97272974
17/04/2025;13:30:00;POXOREU;Ultrapassagem Indevida;Saída de leito carroçável;Com Vítimas Feridas;Pleno dia;Crescente;Sol;Simples;Reta;-15,57241;-54,539517
17/04/2025;14:10:00;NOVA MUTUM;Velocidade Incompatível;Colisão traseira;Com Vítimas Feridas;Pleno dia;Decrescente;Céu Claro;Dupla;Reta;-14,01801802;-56,10320841
17/04/2025;14:30:00;GENERAL CARNEIRO;Acumulo de areia ou detritos sobre o pavimento;Eventos atípicos;Sem Vítimas;Pleno dia;Decrescente;Chuva;Simples;Reta;-15,742358;-53,791904
17/04/2025;07:55:00;PONTE ALTA;Velocidade Incompatível;Saída de leito carroçável;Com Vítimas Feridas;Pleno dia;Decrescente;Nublado;Simples;Curva;-27,30265981;-50,08256078
17/04/2025;17:35:00;ITABUNA;Ultrapassagem Indevida;Colisão frontal;Com Vítimas Fatais;Plena Noite;Crescente;Céu Claro;Simples;Reta;-14,825611;-39,291727
17/04/2025;18:50:00;ITABUNA;Animais na Pista;Queda de ocupante de veículo;Com Vítimas Feridas;Plena Noite;Crescente;Céu Claro;Simples;"Curva;Declive";-14,82186848;-39,30936098
17/04/2025;18:47:00;SERRA;Velocidade Incompatível;Colisão traseira;Com Vítimas Feridas;Plena Noite;Decrescente;Garoa/Chuvisco;Dupla;Reta;-20,0409088;-40,38656
17/04/2025;18:20:00;PATOS;Animais na Pista;Atropelamento de Animal;Com Vítimas Feridas;Plena Noite;Crescente;Céu Claro;Simples;Reta;-6,957552;-37,370952
17/04/2025;18:30:00;RIBEIRA DO POMBAL;Ultrapassagem Indevida;Atropelamento de Pedestre;Com Vítimas Fatais;Plena Noite;Crescente;Céu Claro;Simples;"Reta;Declive";-10,920107;-38,520179
17/04/2025;16:27:00;RIO BRANCO;Conversão proibida;Colisão transversal;Com Vítimas Feridas;Pleno dia;Crescente;Nublado;Simples;"Ponte;Reta";-10,01172493;-67,84349978
17/04/2025;15:50:00;VARZEA GRANDE;Acesso irregular;Colisão transversal;Com Vítimas Feridas;Pleno dia;Decrescente;Céu Claro;Dupla;Reta;-15,64296;-56,20055
17/04/2025;19:45:00;VITORIA DA CONQUISTA;Deficiência do Sistema de Iluminação/Sinalização;Colisão transversal;Com Vítimas Feridas;Plena Noite;Crescente;Céu Claro;Simples;Interseção de Vias;-14,85094686;-40,88298261
17/04/2025;18:40:00;SINOP;Ultrapassagem Indevida;Colisão com objeto;Com Vítimas Feridas;Plena Noite;Decrescente;Céu Claro;Simples;Reta;-11,819817;-55,484461
17/04/2025;20:30:00;TIBAGI;Ultrapassagem Indevida;Colisão frontal;Com Vítimas Feridas;Plena Noite;Crescente;Céu Claro;Simples;Reta;-24,67538466;-50,45039523
17/04/2025;16:36:00;FRONTEIRAS;Pista esburacada;Colisão com objeto;Com Vítimas Fatais;Pleno dia;Crescente;Céu Claro;Simples;Reta;-7,104587;-40,710892
17/04/2025;18:00:00;ARAUJOS;Ultrapassagem Indevida;Saída de leito carroçável;Com Vítimas Feridas;Plena Noite;Decrescente;Céu Claro;Simples;Reta;-19,80912409;-45,11737347
17/04/2025;21:20:00;ITABAIANA;Deficiência do Sistema de Iluminação/Sinalização;Atropelamento de Pedestre;Com Vítimas Feridas;Plena Noite;Crescente;Céu Claro;Simples;Reta;-10,68551106;-37,44032264
17/04/2025;21:00:00;NATAL;Acumulo de areia ou detritos sobre o pavimento;Colisão traseira;Sem Vítimas;Plena Noite;Não Informado;Céu Claro;Simples;Reta;-5,8608147;-35,207945
17/04/2025;21:10:00;GOIANA;Animais na Pista;Atropelamento de Animal;Com Vítimas Feridas;Plena Noite;Decrescente;Céu Claro;Dupla;Reta;-7,570485;-34,988975
17/04/2025;20:30:00;SINOP;Acostamento em desnível;Queda de ocupante de veículo;Com Vítimas Feridas;Plena Noite;Decrescente;Nublado;Simples;Viaduto;-11,8573017;-55,49425006
17/04/2025;22:15:00;BIGUACU;Animais na Pista;Atropelamento de Animal;Com Vítimas Feridas;Plena Noite;Crescente;Céu Claro;Dupla;Reta;-27,38328862;-48,68717909
17/04/2025;22:50:00;GOIANA;Animais na Pista;Atropelamento de Animal;Com Vítimas Feridas;Plena Noite;Decrescente;Céu Claro;Dupla;Reta;-7,5419229;-34,9932013
17/04/2025;23:45:00;JUAZEIRINHO;Ultrapassagem Indevida;Colisão lateral mesmo sentido;Com Vítimas Feridas;Plena Noite;Crescente;Céu Claro;Simples;Reta;-7,06910209;-36,58772942
17/04/2025;04:45:00;CARIACICA;Acumulo de água sobre o pavimento;Saída de leito carroçável;Com Vítimas Feridas;Plena Noite;Decrescente;Chuva;Dupla;Reta;-20,25235585;-40,37246794
17/04/2025;04:54:00;RIO BONITO;Animais na Pista;Atropelamento de Animal;Com Vítimas Feridas;Plena Noite;Decrescente;Céu Claro;Dupla;Reta;-22,699041;-42,581682
17/04/2025;00:02:00;PORTO ALEGRE;Deficiência do Sistema de Iluminação/Sinalização;Colisão transversal;Com Vítimas Feridas;Plena Noite;Crescente;Ignorado;Simples;Reta;-29,9699793;-51,1711897
17/04/2025;18:55:00;CANGUARETAMA;Retorno proibido;Colisão transversal;Com Vítimas Feridas;Plena Noite;Decrescente;Céu Claro;Dupla;Reta;-6,39349;-35,139873
16/04/2025;04:10:00;PALHOCA;Velocidade Incompatível;Colisão transversal;Com Vítimas Feridas;Plena Noite;Crescente;Céu Claro;Múltipla;Reta;-27,664186;-48,675675
16/04/2025;07:20:00;BRASILIA;Ultrapassagem Indevida;Colisão lateral mesmo sentido;Com Vítimas Fatais;Pleno dia;Crescente;Céu Claro;Simples;Reta;-15,73073977;-48,18225861
16/04/2025;06:15:00;ORTIGUEIRA;Velocidade Incompatível;Tombamento;Com Vítimas Feridas;Amanhecer;Crescente;Céu Claro;Dupla;"Curva;Declive";-23,98091461;-51,08539581
16/04/2025;08:20:00;SAO JOAO DE MERITI;Velocidade Incompatível;Colisão traseira;Com Vítimas Feridas;Pleno dia;Crescente;Céu Claro;Múltipla;Reta;-22,78789342;-43,37574005
16/04/2025;08:05:00;APARECIDA;Chuva;Colisão transversal;Com Vítimas Feridas;Pleno dia;Crescente;Garoa/Chuvisco;Dupla;Reta;-22,8582291;-45,2331869
16/04/2025;09:45:00;CONDADO;Ultrapassagem Indevida;Colisão frontal;Com Vítimas Feridas;Pleno dia;Decrescente;Sol;Simples;Curva;-6,907767;-37,674928
16/04/2025;08:50:00;ALFREDO WAGNER;Velocidade Incompatível;Capotamento;Com Vítimas Feridas;Pleno dia;Decrescente;Sol;Simples;"Curva;Declive";-27,760058;-49,39716
16/04/2025;17:30:00;CARIACICA;Chuva;Colisão transversal;Com Vítimas Feridas;Anoitecer;Crescente;Chuva;Múltipla;"Reta;Declive";-20,32994386;-40,3988939
16/04/2025;15:00:00;MORRINHOS;Velocidade Incompatível;Tombamento;Com Vítimas Feridas;Pleno dia;Crescente;Nublado;Dupla;Curva;-17,52640623;-49,21531677
16/04/2025;18:00:00;RIO DE JANEIRO;Ultrapassagem Indevida;Colisão lateral mesmo sentido;Com Vítimas Feridas;Plena Noite;Decrescente;Céu Claro;Dupla;Reta;-22,8044575;-43,3451779
16/04/2025;14:30:00;JEQUITAI;Acumulo de água sobre o pavimento;Colisão frontal;Com Vítimas Feridas;Pleno dia;Decrescente;Chuva;Simples;Reta;-17,21424769;-44,44836055
16/04/2025;12:29:00;SANTO ANTONIO DO LEVERGER;Acumulo de água sobre o pavimento;Saída de leito carroçável;Sem Vítimas;Pleno dia;Crescente;Chuva;Dupla;Reta;-15,8122355;-55,36696001
16/04/2025;15:30:00;LUZ;Velocidade Incompatível;Colisão lateral sentido oposto;Com Vítimas Feridas;Pleno dia;Crescente;Chuva;Simples;"Declive;Curva";-19,724489;-45,870966
16/04/2025;23:00:00;BARRA VELHA;Acesso irregular;Colisão traseira;Com Vítimas Feridas;Plena Noite;Decrescente;Céu Claro;Múltipla;Reta;-26,6256123;-48,71163333
16/04/2025;18:47:00;FEIRA DE SANTANA;Acesso irregular;Colisão frontal;Com Vítimas Feridas;Plena Noite;Decrescente;Céu Claro;Simples;Reta;-12,27979664;-38,92298808
16/04/2025;13:30:00;SAO LUIS;Pista Escorregadia;Saída de leito carroçável;Com Vítimas Feridas;Pleno dia;Decrescente;Chuva;Dupla;"Declive;Reta";-2,61398701;-44,32125829
16/04/2025;06:50:00;CAMPINA GRANDE;Ultrapassagem Indevida;Colisão lateral mesmo sentido;Com Vítimas Feridas;Pleno dia;Decrescente;Céu Claro;Dupla;Reta;-7,27007129;-35,78924641
16/04/2025;16:00:00;PALHOCA;Condutor usando celular;Colisão traseira;Com Vítimas Feridas;Pleno dia;Crescente;Céu Claro;Dupla;"Aclive;Curva";-27,76017;-48,63066
16/04/2025;04:30:00;COLONIA LEOPOLDINA;Animais na Pista;Atropelamento de Animal;Com Vítimas Feridas;Plena Noite;Decrescente;Céu Claro;Simples;"Aclive;Reta";-8,901184;-35,656575
16/04/2025;06:30:00;ANTONIO DIAS;Velocidade Incompatível;Colisão com objeto;Com Vítimas Feridas;Pleno dia;Decrescente;Nublado;Simples;"Curva;Declive";-19,64791252;-42,93490291
16/04/2025;07:30:00;RIO NEGRINHO;Acesso irregular;Atropelamento de Pedestre;Com Vítimas Feridas;Pleno dia;Crescente;Céu Claro;Simples;"Reta;Interseção de Vias";-26,242859;-49,512417
16/04/2025;05:35:00;SEROPEDICA;Animais na Pista;Atropelamento de Animal;Com Vítimas Feridas;Plena Noite;Crescente;Nublado;Dupla;"Em Obras;Reta";-22,80104835;-43,79030228
16/04/2025;13:40:00;CAMPO DO TENENTE;Velocidade Incompatível;Tombamento;Com Vítimas Feridas;Pleno dia;Crescente;Céu Claro;Simples;"Reta;Declive";-25,953818;-49,648546
16/04/2025;11:50:00;SANTO ANTONIO DO AMPARO;Velocidade Incompatível;Capotamento;Com Vítimas Feridas;Pleno dia;Crescente;Chuva;Dupla;Curva;-20,86715742;-44,84172486