data_inversa;horario;municipio;causa_acidente;tipo_acidente;classificacao_acidente;fase_dia;sentido_via;condicao_metereologica;tipo_pista;tracado_via;latitude;longitude
12/04/2025;06:00:00;ITAPUA DO OESTE;Demais falhas na via;Eventos atípicos;Com Vítimas Feridas;Amanhecer;Decrescente;Céu Claro;Simples;"Curva;Retorno Regulamentado";-9,08225522;-63,37814089
12/04/2025;07:20:00;IRACEMINHA;Velocidade Incompatível;Saída de leito carroçável;Com Vítimas Feridas;Pleno dia;Decrescente;Nublado;Simples;Curva;-26,798029;-53,342306
12/04/2025;09:50:00;BIGUACU;Animais na Pista;Colisão traseira;Sem Vítimas;Pleno dia;Decrescente;Céu Claro;Múltipla;Reta;-27,42308639;-48,62492728
12/04/2025;08:10:00;VITORIA DO XINGU;Ultrapassagem Indevida;Colisão frontal;Com Vítimas Feridas;Pleno dia;Crescente;Céu Claro;Simples;"Reta;Aclive";-3,168;-52,00969
12/04/2025;09:40:00;SINOP;Retorno proibido;Colisão lateral mesmo sentido;Com Vítimas Feridas;Pleno dia;Crescente;Céu Claro;Simples;Em Obras;-11,87896313;-55,49993634
12/04/2025;11:30:00;ITABAIANA;Acostamento em desnível;Tombamento;Com Vítimas Feridas;Pleno dia;Crescente;Chuva;Simples;"Interseção de Vias;Reta";-10,66941919;-37,44537408
12/04/2025;11:35:00;PRUDENTOPOLIS;Acesso irregular;Colisão transversal;Sem Vítimas;Pleno dia;Crescente;Céu Claro;Simples;Reta;-25,31242906;-51,17251104
12/04/2025;15:00:00;GUARAMIRIM;Conversão proibida;Colisão traseira;Com Vítimas Feridas;Pleno dia;Decrescente;Céu Claro;Simples;"Reta;Em Obras";-26,45307744;-48,90805179
12/04/2025;14:50:00;SANTA TEREZA DO OESTE;Chuva;Colisão lateral mesmo sentido;Com Vítimas Feridas;Pleno dia;Crescente;Chuva;Simples;Reta;-25,04508708;-53,60841924
12/04/2025;13:30:00;BRUMADINHO;Velocidade Incompatível;Colisão com objeto;Com Vítimas Feridas;Pleno dia;Crescente;Céu Claro;Dupla;"Declive;Curva";-20,1191;-44,302229
12/04/2025;15:10:00;ANAPOLIS;Conversão proibida;Colisão transversal;Com Vítimas Feridas;Pleno dia;Crescente;Céu Claro;Simples;"Aclive;Reta";-16,27751183;-48,9416188
12/04/2025;16:20:00;BETIM;Velocidade Incompatível;Colisão com objeto;Com Vítimas Feridas;Pleno dia;Decrescente;Céu Claro;Dupla;"Aclive;Reta";-20,0276602;-44,2336597
12/04/2025;08:30:00;ALVORADA DOESTE;Demais falhas na via;Colisão lateral mesmo sentido;Com Vítimas Feridas;Pleno dia;Decrescente;Sol;Simples;Reta;-11,262578;-62,221018
12/04/2025;15:32:00;SANTA TERESINHA;Velocidade Incompatível;Colisão frontal;Com Vítimas Fatais;Pleno dia;Crescente;Nublado;Simples;Reta;-12,6373703;-39,6001977
12/04/2025;17:00:00;SANTA LUZIA;Retorno proibido;Colisão transversal;Com Vítimas Feridas;Pleno dia;Decrescente;Sol;Simples;Curva;-19,822857;-43,826569
12/04/2025;17:45:00;BRASILIA;Animais na Pista;Atropelamento de Animal;Com Vítimas Feridas;Anoitecer;Crescente;Céu Claro;Múltipla;Reta;-15,79094071;-48,2139203
12/04/2025;18:55:00;ARACAJU;Velocidade Incompatível;Queda de ocupante de veículo;Com Vítimas Feridas;Plena Noite;Crescente;Nublado;Simples;"Declive;Reta";-10,90609583;-37,10207278
12/04/2025;18:45:00;SAO LEOPOLDO;Velocidade Incompatível;Colisão com objeto;Com Vítimas Feridas;Plena Noite;Crescente;Nublado;Múltipla;"Aclive;Reta;Viaduto";-29,729932;-51,149431
12/04/2025;18:40:00;PORTO ALEGRE;Acesso irregular;Colisão transversal;Com Vítimas Feridas;Anoitecer;Decrescente;Ignorado;Dupla;Reta;-29,969984;-51,1711873
12/04/2025;17:15:00;ITABUNA;Ultrapassagem Indevida;Colisão traseira;Com Vítimas Feridas;Anoitecer;Crescente;Céu Claro;Simples;Reta;-14,83461953;-39,32263836
12/04/2025;19:20:00;SAO SEPE;Ultrapassagem Indevida;Colisão frontal;Com Vítimas Feridas;Plena Noite;Decrescente;Céu Claro;Simples;"Declive;Curva";-30,32805036;-53,52945149
12/04/2025;18:55:00;PALHOCA;Ultrapassagem Indevida;Colisão lateral mesmo sentido;Com Vítimas Feridas;Anoitecer;Crescente;Garoa/Chuvisco;Múltipla;Reta;-27,6497;-48,67462
12/04/2025;17:20:00;PETROPOLIS;Velocidade Incompatível;Colisão com objeto;Com Vítimas Feridas;Pleno dia;Decrescente;Nublado;Dupla;"Curva;Declive";-22,34105563;-43,13383698
12/04/2025;18:40:00;PONTE SERRADA;Ultrapassagem Indevida;Colisão frontal;Com Vítimas Feridas;Plena Noite;Crescente;Nublado;Simples;Reta;-26,8566303;-52,0542345
12/04/2025;18:00:00;VILA BOA;Chuva;Saída de leito carroçável;Com Vítimas Feridas;Plena Noite;Decrescente;Chuva;Simples;Reta;-14,936893;-46,981903
12/04/2025;19:00:00;SOBRADO;Animais na Pista;Atropelamento de Animal;Sem Vítimas;Plena Noite;Crescente;Céu Claro;Dupla;"Declive;Reta";-7,188602;-35,214555
12/04/2025;22:30:00;BRASILIA;Retorno proibido;Colisão transversal;Sem Vítimas;Plena Noite;Decrescente;Nublado;Simples;"Declive;Curva";-15,73048;-48,190798
12/04/2025;22:50:00;VITORIA DA CONQUISTA;Velocidade Incompatível;Queda de ocupante de veículo;Com Vítimas Feridas;Plena Noite;Decrescente;Céu Claro;Simples;Reta;-14,893696;-40,864837
12/04/2025;18:35:00;NOVA IGUACU;Conversão proibida;Colisão transversal;Com Vítimas Feridas;Plena Noite;Crescente;Céu Claro;Simples;Reta;-22,74578914;-43,47564697
12/04/2025;18:00:00;CAMPO GRANDE;Acumulo de água sobre o pavimento;Saída de leito carroçável;Com Vítimas Feridas;Plena Noite;Decrescente;Chuva;Simples;Reta;-20,787;-54,523
12/04/2025;23:10:00;FLORIANO;Ultrapassagem Indevida;Colisão lateral sentido oposto;Com Vítimas Feridas;Plena Noite;Decrescente;Céu Claro;Simples;"Reta;Interseção de Vias";-6,778727;-43,034705
12/04/2025;23:00:00;SAO JOSE DOS CAMPOS;Acesso irregular;Colisão lateral mesmo sentido;Com Vítimas Feridas;Plena Noite;Decrescente;Nublado;Dupla;Interseção de Vias;-23,19542994;-45,87176303
11/04/2025;01:20:00;CUIABA;Ultrapassagem Indevida;Colisão lateral mesmo sentido;Com Vítimas Feridas;Plena Noite;Crescente;Chuva;Múltipla;Interseção de Vias;-15,64935642;-56,00049969
11/04/2025;02:40:00;ARAQUARI;Velocidade Incompatível;Colisão com objeto;Com Vítimas Fatais;Plena Noite;Crescente;Nublado;Dupla;Reta;-26,4391;-48,802493
11/04/2025;04:08:00;SAO JOAO DA FRONTEIRA;Velocidade Incompatível;Capotamento;Com Vítimas Feridas;Plena Noite;Crescente;Ignorado;Simples;"Declive;Curva";-3,916748;-41,237355
11/04/2025;04:30:00;BOA VISTA DO TUPIM;Velocidade Incompatível;Colisão traseira;Com Vítimas Feridas;Amanhecer;Crescente;Céu Claro;Simples;"Reta;Aclive";-12,508427;-40,483329
11/04/2025;11:00:00;TRES MARIAS;Ultrapassagem Indevida;Colisão lateral mesmo sentido;Sem Vítimas;Pleno dia;Decrescente;Céu Claro;Simples;Reta;-18,36564121;-45,09614512
11/04/2025;11:30:00;JOINVILLE;Chuva;Colisão traseira;Sem Vítimas;Pleno dia;Decrescente;Chuva;Dupla;Reta;-26,1903084;-48,9121458
11/04/2025;14:20:00;SAPUCAIA;Velocidade Incompatível;Tombamento;Com Vítimas Feridas;Pleno dia;Decrescente;Nublado;Simples;"Declive;Curva";-22,079057;-42,797286
11/04/2025;19:20:00;CAAPORA;Ausência de sinalização;Colisão traseira;Com Vítimas Feridas;Plena Noite;Crescente;Céu Claro;Dupla;Reta;-7,467;-34,977
11/04/2025;20:00:00;CACHOEIRA DO SUL;Acostamento em desnível;Tombamento;Com Vítimas Feridas;Plena Noite;Crescente;Nublado;Dupla;Reta;-30,31192927;-53,18081595
11/04/2025;12:35:00;PAULO FRONTIN;Pista esburacada;Saída de leito carroçável;Com Vítimas Feridas;Pleno dia;Decrescente;Céu Claro;Simples;Reta;-26,03457403;-50,68130493
11/04/2025;15:15:00;CAMPO NOVO DO PARECIS;Ultrapassagem Indevida;Colisão frontal;Com Vítimas Fatais;Pleno dia;Crescente;Céu Claro;Simples;Reta;-14,3013;-57,8208
11/04/2025;21:30:00;CAPIM GROSSO;Ultrapassagem Indevida;Colisão lateral sentido oposto;Com Vítimas Fatais;Plena Noite;Crescente;Chuva;Simples;Reta;-11,41676416;-39,91195679
11/04/2025;22:00:00;TRES ARROIOS;Ultrapassagem Indevida;Colisão frontal;Com Vítimas Fatais;Plena Noite;Decrescente;Céu Claro;Simples;Curva;-27,49620646;-52,11779659
11/04/2025;20:00:00;MATO CASTELHANO;Ultrapassagem Indevida;Colisão frontal;Com Vítimas Feridas;Plena Noite;Decrescente;Céu Claro;Simples;Reta;-28,28971774;-52,16553658
11/04/2025;00:01:00;LINHARES;Velocidade Incompatível;Saída de leito carroçável;Com Vítimas Feridas;Plena Noite;Decrescente;Chuva;Múltipla;Reta;-19,4222704;-40,0779271
11/04/2025;05:05:00;NOVA SANTA RITA;Animais na Pista;Atropelamento de Animal;Com Vítimas Feridas;Plena Noite;Decrescente;Céu Claro;Simples;Declive;-29,83959839;-51,29808962
11/04/2025;06:25:00;BRASILIA;Conversão proibida;Colisão transversal;Com Vítimas Fatais;Pleno dia;Decrescente;Sol;Simples;"Aclive;Interseção de Vias;Reta";-15,7136408;-48,1982343
11/04/2025;07:20:00;TOLEDO;Ultrapassagem Indevida;Colisão transversal;Com Vítimas Feridas;Pleno dia;Decrescente;Céu Claro;Simples;Reta;-24,65488094;-53,82926881
11/04/2025;09:05:00;JOAO PESSOA;Velocidade Incompatível;Tombamento;Com Vítimas Feridas;Pleno dia;Decrescente;Sol;Simples;Curva;-7,165363;-34,89444788
11/04/2025;09:18:00;SEBERI;Animais na Pista;Engavetamento;Sem Vítimas;Pleno dia;Decrescente;Céu Claro;Simples;Rotatória;-27,49804806;-53,38930422
11/04/2025;07:29:00;RANCHO QUEIMADO;Velocidade Incompatível;Colisão frontal;Com Vítimas Feridas;Pleno dia;Crescente;Chuva;Dupla;"Curva;Aclive";-27,683296;-49,10591
11/04/2025;10:00:00;UBERLANDIA;Demais falhas na via;Colisão com objeto;Com Vítimas Feridas;Pleno dia;Decrescente;Céu Claro;Dupla;Reta;-18,90657346;-48,33407785
11/04/2025;09:50:00;CAUCAIA;Afundamento ou ondulação no pavimento;Saída de leito carroçável;Sem Vítimas;Pleno dia;Decrescente;Céu Claro;Simples;Reta;-3,87196178;-38,80714417
11/04/2025;15:11:00;GURUPI;Ultrapassagem Indevida;Colisão transversal;Com Vítimas Feridas;Pleno dia;Crescente;Céu Claro;Simples;Reta;-11,7006518;-49,07318115
11/04/2025;16:45:00;FEIRA DE SANTANA;Acesso irregular;Colisão transversal;Com Vítimas Feridas;Pleno dia;Crescente;Céu Claro;Simples;Reta;-12,23382;-38,946648
11/04/2025;17:10:00;APUCARANA;Conversão proibida;Colisão transversal;Com Vítimas Feridas;Pleno dia;Crescente;Céu Claro;Simples;Reta;-23,553653;-51,446203
11/04/2025;16:00:00;BARRA DO CORDA;Velocidade Incompatível;Saída de leito carroçável;Sem Vítimas;Pleno dia;Crescente;Chuva;Simples;Reta;-5,436605;-45,065138
11/04/2025;15:22:00;SINOP;Afundamento ou ondulação no pavimento;Queda de ocupante de veículo;Com Vítimas Feridas;Pleno dia;Decrescente;Céu Claro;Dupla;Reta;-11,90553401;-55,5068028
11/04/2025;17:30:00;AGUAS MORNAS;Chuva;Saída de leito carroçável;Sem Vítimas;Plena Noite;Decrescente;Chuva;Simples;"Declive;Curva";-27,68829063;-48,9792038
11/04/2025;18:00:00;PATO BRANCO;Conversão proibida;Tombamento;Com Vítimas Feridas;Pleno dia;Decrescente;Céu Claro;Simples;"Interseção de Vias;Reta";-26,20190851;-52,67770344
11/04/2025;15:30:00;TRES CORACOES;Ultrapassagem Indevida;Queda de ocupante de veículo;Com Vítimas Feridas;Pleno dia;Crescente;Céu Claro;Dupla;Reta;-21,67856574;-45,34113742
11/04/2025;17:30:00;ITUIUTABA;Animais na Pista;Atropelamento de Animal;Com Vítimas Feridas;Anoitecer;Crescente;Céu Claro;Simples;"Aclive;Reta";-18,95920742;-49,66697395
11/04/2025;20:58:00;LINHARES;Velocidade Incompatível;Colisão transversal;Com Vítimas Fatais;Plena Noite;Decrescente;Céu Claro;Múltipla;Reta;-19,34286302;-40,06369686
11/04/2025;21:00:00;PAUDALHO;Velocidade Incompatível;Colisão com objeto;Com Vítimas Fatais;Plena Noite;Crescente;Nublado;Dupla;"Declive;Curva";-7,95324201;-35,10387182
11/04/2025;21:45:00;ITABUNA;Velocidade Incompatível;Saída de leito carroçável;Sem Vítimas;Plena Noite;Crescente;Céu Claro;Simples;Reta;-14,802678;-39,293112
11/04/2025;21:18:00;SINOP;Demais falhas na via;Queda de ocupante de veículo;Com Vítimas Feridas;Plena Noite;Crescente;Céu Claro;Simples;Reta;-11,83771965;-55,48908949
11/04/2025;21:10:00;SEROPEDICA;Velocidade Incompatível;Colisão traseira;Sem Vítimas;Plena Noite;Decrescente;Céu Claro;Múltipla;Reta;-22,7268301;-43,7190298
11/04/2025;21:45:00;ERECHIM;Velocidade Incompatível;Tombamento;Com Vítimas Feridas;Plena Noite;Crescente;Céu Claro;Simples;"Desvio Temporário;Aclive;Curva;Em Obras";-27,60440633;-52,23643899
11/04/2025;20:15:00;MARQUINHO;Velocidade Incompatível;Saída de leito carroçável;Com Vítimas Feridas;Plena Noite;Crescente;Céu Claro;Simples;Curva;-25,0150343;-52,27702618
11/04/2025;23:53:00;TRAIRAO;Animais na Pista;Atropelamento de Animal;Com Vítimas Feridas;Plena Noite;Crescente;Céu Claro;Simples;"Ponte;Reta";-4,586595;-55,931927
11/04/2025;13:30:00;MAGE;Conversão proibida;Colisão transversal;Com Vítimas Feridas;Pleno dia;Decrescente;Céu Claro;Simples;Reta;-22,66442757;-43,03183117
11/04/2025;20:00:00;JEREMOABO;Chuva;Saída de leito carroçável;Com Vítimas Feridas;Plena Noite;Decrescente;Chuva;Simples;Curva;-9,98913833;-38,31207275
11/04/2025;04:45:00;CURVELO;Ultrapassagem Indevida;Colisão frontal;Com Vítimas Fatais;Amanhecer;Crescente;Nevoeiro/Neblina;Simples;Reta;-19,11881;-44,64545
11/04/2025;20:30:00;SEROPEDICA;Chuva;Saída de leito carroçável;Com Vítimas Feridas;Plena Noite;Crescente;Chuva;Dupla;Reta;-22,80846598;-43,79631042
10/04/2025;04:30:00;ITATIAIA;Ausência de sinalização;Engavetamento;Com Vítimas Feridas;Plena Noite;Decrescente;Nevoeiro/Neblina;Múltipla;Reta;-22,50474295;-44,62361768
10/04/2025;04:52:00;QUATRO PONTES;Velocidade Incompatível;Tombamento;Com Vítimas Feridas;Amanhecer;Decrescente;Céu Claro;Dupla;"Curva;Aclive";-24,58711778;-53,98131587
10/04/2025;08:00:00;GUARULHOS;Ultrapassagem Indevida;Colisão lateral mesmo sentido;Com Vítimas Feridas;Pleno dia;Crescente;Céu Claro;Múltipla;Reta;-23,47867726;-46,56074524
10/04/2025;14:00:00;DUQUE DE CAXIAS;Demais falhas na via;Colisão com objeto;Com Vítimas Feridas;Pleno dia;Crescente;Nublado;Simples;"Declive;Curva";-22,572166;-43,280088
10/04/2025;18:10:00;CAMPOS DOS GOYTACAZES;Ultrapassagem Indevida;Colisão frontal;Com Vítimas Fatais;Plena Noite;Crescente;Céu Claro;Simples;Curva;-21,44848;-41,34404
10/04/2025;20:05:00;PORANGATU;Deficiência do Sistema de Iluminação/Sinalização;Colisão lateral mesmo sentido;Sem Vítimas;Plena Noite;Crescente;Céu Claro;Simples;Reta;-13,34926707;-49,12271138
10/04/2025;16:50:00;BRASILIA;Velocidade Incompatível;Colisão transversal;Com Vítimas Feridas;Pleno dia;Crescente;Céu Claro;Dupla;Declive;-15,581864;-47,521973
10/04/2025;02:00:00;CAMPO LARGO;Velocidade Incompatível;Atropelamento de Pedestre;Com Vítimas Fatais;Plena Noite;Decrescente;Nublado;Dupla;Reta;-25,43026;-49,3963
10/04/2025;02:00:00;ATIBAIA;Ultrapassagem Indevida;Saída de leito carroçável;Com Vítimas Feridas;Plena Noite;Crescente;Nublado;Dupla;Reta;-23,06839;-46,56883
10/04/2025;05:00:00;BANDEIRANTES;Neblina;Saída de leito carroçável;Com Vítimas Feridas;Amanhecer;Crescente;Nevoeiro/Neblina;Simples;Interseção de Vias;-19,679075;-54,349609
10/04/2025;05:00:00;PONTES E LACERDA;Ultrapassagem Indevida;Colisão com objeto;Com Vítimas Feridas;Amanhecer;Crescente;Nevoeiro/Neblina;Simples;Reta;-15,19675839;-59,3226289
10/04/2025;08:10:00;SANTAREM;Conversão proibida;Colisão lateral mesmo sentido;Com Vítimas Feridas;Pleno dia;Decrescente;Nublado;Simples;Reta;-2,57581963;-54,72086728
10/04/2025;04:40:00;TABOLEIRO GRANDE;Afundamento ou ondulação no pavimento;Colisão com objeto;Com Vítimas Feridas;Plena Noite;Crescente;Céu Claro;Simples;Reta;-5,931553;-38,106324
10/04/2025;12:30:00;CAMPINA GRANDE DO SUL;Chuva;Saída de leito carroçável;Com Vítimas Feridas;Pleno dia;Crescente;Nublado;Múltipla;Curva;-25,18568;-48,885986
10/04/2025;12:30:00;VALPARAISO DE GOIAS;Condutor usando celular;Colisão traseira;Com Vítimas Feridas;Pleno dia;Decrescente;Sol;Dupla;Reta;-16,06876;-47,9766
10/04/2025;13:00:00;PORTO REAL;Velocidade Incompatível;Colisão traseira;Com Vítimas Feridas;Pleno dia;Decrescente;Céu Claro;Dupla;Curva;-22,45092746;-44,30502892
10/04/2025;12:40:00;PIRAQUARA;Velocidade Incompatível;Tombamento;Com Vítimas Feridas;Pleno dia;Decrescente;Nublado;Dupla;Curva;-25,46048154;-49,08751848
10/04/2025;13:33:00;CRUZ DO ESPIRITO SANTO;Velocidade Incompatível;Colisão com objeto;Sem Vítimas;Pleno dia;Decrescente;Céu Claro;Dupla;Curva;-7,199998;-35,0762
10/04/2025;14:10:00;FORTALEZA;Velocidade Incompatível;Atropelamento de Pedestre;Com Vítimas Fatais;Pleno dia;Decrescente;Nublado;Múltipla;Reta;-3,73921759;-38,58261108
10/04/2025;11:10:00;PICOS;Retorno proibido;Colisão transversal;Com Vítimas Feridas;Pleno dia;Crescente;Céu Claro;Dupla;Reta;-7,08277508;-41,41746636
10/04/2025;15:30:00;EXTREMA;Chuva;Queda de ocupante de veículo;Com Vítimas Feridas;Pleno dia;Crescente;Chuva;Dupla;Interseção de Vias;-22,83535916;-46,3257551
10/04/2025;15:30:00;MANHUACU;Acesso irregular;Colisão frontal;Com Vítimas Feridas;Pleno dia;Decrescente;Céu Claro;Simples;Reta;-20,271907;-42,045527
10/04/2025;17:25:00;LORENA;Pista Escorregadia;Queda de ocupante de veículo;Com Vítimas Feridas;Anoitecer;Crescente;Nublado;Simples;"Ponte;Reta";-22,701083;-45,118483
10/04/2025;12:20:00;RIO NEGRINHO;Conversão proibida;Colisão traseira;Com Vítimas Feridas;Pleno dia;Decrescente;Nublado;Simples;Reta;-26,23998513;-49,50770011
10/04/2025;19:30:00;CABEDELO;Acostamento em desnível;Tombamento;Com Vítimas Feridas;Plena Noite;Crescente;Céu Claro;Dupla;Reta;-7,053415;-34,850503
10/04/2025;15:45:00;TEOTONIO VILELA;Acesso irregular;Colisão transversal;Com Vítimas Fatais;Pleno dia;Crescente;Céu Claro;Dupla;Reta;-9,888146;-36,398264
10/04/2025;17:00:00;SAO FRANCISCO DO SUL;Conversão proibida;Colisão frontal;Com Vítimas Feridas;Anoitecer;Crescente;Céu Claro;Simples;Reta;-26,28017878;-48,64694595
10/04/2025;15:40:00;BACABAL;Chuva;Colisão frontal;Com Vítimas Feridas;Pleno dia;Crescente;Chuva;Simples;Reta;-4,20377;-44,589397
10/04/2025;21:10:00;JOAO PESSOA;Velocidade Incompatível;Saída de leito carroçável;Com Vítimas Feridas;Plena Noite;Crescente;Céu Claro;Dupla;Curva;-7,119483;-34,845273
10/04/2025;21:00:00;FLORIANOPOLIS;Pista Escorregadia;Saída de leito carroçável;Sem Vítimas;Plena Noite;Decrescente;Chuva;Múltipla;Curva;-27,595939;-48,601539
10/04/2025;16:30:00;SANTANA DO PARAISO;Ultrapassagem Indevida;Colisão lateral mesmo sentido;Com Vítimas Feridas;Pleno dia;Crescente;Nublado;Simples;Reta;-19,39066752;-42,47915268
10/04/2025;20:30:00;CAMPO GRANDE;Animais na Pista;Atropelamento de Animal;Com Vítimas Feridas;Plena Noite;Crescente;Céu Claro;Simples;"Reta;Declive";-20,505636;-54,282668
10/04/2025;22:00:00;SAO GONCALO DO PARA;Velocidade Incompatível;Tombamento;Com Vítimas Feridas;Plena Noite;Decrescente;Chuva;Dupla;Reta;-19,8964585;-44,85064862
09/04/2025;01:30:00;ARUJA;Deficiência do Sistema de Iluminação/Sinalização;Colisão traseira;Com Vítimas Feridas;Plena Noite;Crescente;Nublado;Dupla;"Curva;Aclive";-23,39688288;-46,29273891
09/04/2025;06:10:00;PORTO VELHO;Retorno proibido;Colisão lateral mesmo sentido;Com Vítimas Feridas;Amanhecer;Crescente;Céu Claro;Dupla;"Reta;Retorno Regulamentado";-8,8017243;-63,74356627
09/04/2025;11:40:00;ILHEUS;Velocidade Incompatível;Colisão frontal;Com Vítimas Fatais;Pleno dia;Decrescente;Chuva;Simples;Curva;-14,804185;-39,146246
09/04/2025;07:05:00;RIO DE JANEIRO;Ultrapassagem Indevida;Colisão traseira;Com Vítimas Feridas;Pleno dia;Decrescente;Céu Claro;Dupla;Reta;-22,86975475;-43,17026138
09/04/2025;13:05:00;MONTE CASTELO;Velocidade Incompatível;Saída de leito carroçável;Sem Vítimas;Pleno dia;Decrescente;Nublado;Simples;Reta;-26,75474849;-50,32435656
09/04/2025;19:15:00;CORONEL BARROS;Velocidade Incompatível;Tombamento;Com Vítimas Feridas;Plena Noite;Crescente;Céu Claro;Simples;"Curva;Declive";-28,37197;-54,105362
09/04/2025;17:30:00;PRESIDENTE MEDICI;Ultrapassagem Indevida;Colisão frontal;Com Vítimas Feridas;Pleno dia;Decrescente;Céu Claro;Simples;"Reta;Aclive";-11,049565;-61,929955
09/04/2025;21:00:00;ABADIANIA;Deficiência do Sistema de Iluminação/Sinalização;Colisão traseira;Com Vítimas Feridas;Plena Noite;Crescente;Ignorado;Simples;"Reta;Aclive";-16,203355;-48,911955
09/04/2025;18:40:00;DOM ELISEU;Ultrapassagem Indevida;Colisão frontal;Com Vítimas Fatais;Anoitecer;Crescente;Céu Claro;Simples;"Declive;Reta";-4,357685;-47,536683
09/04/2025;17:50:00;BELEM DE SAO FRANCISCO;Curva acentuada;Tombamento;Sem Vítimas;Anoitecer;Decrescente;Céu Claro;Simples;Curva;-8,677267;-38,971852
09/04/2025;22:30:00;MORRINHOS;Chuva;Saída de leito carroçável;Com Vítimas Feridas;Plena Noite;Decrescente;Chuva;Dupla;Declive;-17,6357376;-49,1880448
09/04/2025;04:55:00;MANDAGUACU;Animais na Pista;Colisão com objeto;Com Vítimas Feridas;Plena Noite;Crescente;Nevoeiro/Neblina;Dupla;"Curva;Declive";-23,3473301;-52,090162
09/04/2025;04:40:00;SIDROLANDIA;Animais na Pista;Atropelamento de Animal;Com Vítimas Feridas;Amanhecer;Crescente;Céu Claro;Simples;Reta;-20,983283;-55,00962
09/04/2025;07:00:00;BRASILIA;Velocidade Incompatível;Engavetamento;Com Vítimas Feridas;Amanhecer;Decrescente;Céu Claro;Dupla;Reta;-15,660349;-47,796515
09/04/2025;09:00:00;UBAPORANGA;Ultrapassagem Indevida;Colisão lateral mesmo sentido;Sem Vítimas;Pleno dia;Crescente;Céu Claro;Simples;"Reta;Declive";-19,63768338;-42,11577421
09/04/2025;08:30:00;RIO GRANDE;Pista Escorregadia;Tombamento;Com Vítimas Feridas;Pleno dia;Crescente;Nublado;Simples;Curva;-32,11059323;-52,11198449
09/04/2025;12:00:00;SAO JOSE DE MIPIBU;Acumulo de areia ou detritos sobre o pavimento;Tombamento;Com Vítimas Feridas;Pleno dia;Decrescente;Céu Claro;Dupla;Reta;-6,068658;-35,238822
09/04/2025;10:06:00;JARU;Retorno proibido;Colisão transversal;Com Vítimas Feridas;Pleno dia;Crescente;Céu Claro;Simples;"Desvio Temporário;Reta;Interseção de Vias";-10,44303616;-62,4668026
09/04/2025;14:55:00;MOSSORO;Velocidade Incompatível;Saída de leito carroçável;Com Vítimas Feridas;Pleno dia;Crescente;Céu Claro;Simples;Curva;-5,0669298;-37,33128302
09/04/2025;16:00:00;PORTO ALEGRE;Acumulo de areia ou detritos sobre o pavimento;Saída de leito carroçável;Com Vítimas Feridas;Pleno dia;Crescente;Céu Claro;Simples;Curva;-29,96945207;-51,17699552
09/04/2025;17:10:00;UBATUBA;Afundamento ou ondulação no pavimento;Tombamento;Com Vítimas Feridas;Pleno dia;Decrescente;Nublado;Dupla;Reta;-23,41376396;-45,05274243
09/04/2025;19:45:00;SAO PAULO;Acesso irregular;Colisão com objeto;Com Vítimas Feridas;Plena Noite;Decrescente;Garoa/Chuvisco;Múltipla;"Reta;Em Obras";-23,517697;-46,581844
09/04/2025;19:00:00;CACHOEIRA DO SUL;Velocidade Incompatível;Colisão com objeto;Com Vítimas Feridas;Plena Noite;Decrescente;Céu Claro;Simples;"Reta;Ponte";-30,0088905;-52,90595055
09/04/2025;19:00:00;GUAPIMIRIM;Ultrapassagem Indevida;Colisão frontal;Com Vítimas Feridas;Plena Noite;Crescente;Chuva;Simples;Reta;-22,55206796;-42,9906199
09/04/2025;18:02:00;VILHENA;Velocidade Incompatível;Tombamento;Com Vítimas Feridas;Plena Noite;Crescente;Céu Claro;Dupla;Rotatória;-12,74524189;-60,11555487
09/04/2025;20:50:00;ITAGUAI;Acesso irregular;Atropelamento de Pedestre;Com Vítimas Feridas;Plena Noite;Decrescente;Ignorado;Dupla;Reta;-22,86199;-43,793779
09/04/2025;18:30:00;CAMPOS DE JULIO;Acumulo de água sobre o pavimento;Saída de leito carroçável;Com Vítimas Feridas;Plena Noite;Crescente;Chuva;Simples;Reta;-13,79264506;-59,38022554
09/04/2025;22:50:00;CATALAO;Chuva;Saída de leito carroçável;Sem Vítimas;Plena Noite;Crescente;Chuva;Dupla;"Reta;Aclive";-18,1942034;-47,9554672
09/04/2025;23:40:00;NOVO HAMBURGO;Velocidade Incompatível;Saída de leito carroçável;Sem Vítimas;Plena Noite;Decrescente;Nublado;Dupla;"Reta;Viaduto";-29,65799892;-51,14393234
09/04/2025;22:00:00;CANGUCU;Velocidade Incompatível;Saída de leito carroçável;Sem Vítimas;Plena Noite;Decrescente;Chuva;Simples;Declive;-31,4728079;-52,62943267
09/04/2025;08:00:00;ITAPEBI;Acumulo de água sobre o pavimento;Capotamento;Sem Vítimas;Pleno dia;Crescente;Nublado;Simples;Reta;-15,95424;-39,55981
09/04/2025;23:20:00;JOSE DA PENHA;Falta de acostamento;Colisão traseira;Com Vítimas Fatais;Plena Noite;Decrescente;Céu Claro;Simples;"Aclive;Reta";-6,36728;-38,297703
09/04/2025;09:25:00;MOSSORO;Ultrapassagem Indevida;Colisão traseira;Com Vítimas Fatais;Pleno dia;Decrescente;Céu Claro;Simples;Reta;-5,042325;-37,3464
08/04/2025;06:00:00;SANTA LUZIA;Conversão proibida;Colisão transversal;Com Vítimas Feridas;Amanhecer;Crescente;Sol;Simples;"Declive;Reta";-19,81216614;-43,79680785
08/04/2025;03:10:00;CANDOI;Velocidade Incompatível;Saída de leito carroçável;Com Vítimas Feridas;Plena Noite;Decrescente;Céu Claro;Simples;Curva;-25,42684221;-52,01700211