data_inversa;horario;municipio;causa_acidente;tipo_acidente;classificacao_acidente;fase_dia;sentido_via;condicao_metereologica;tipo_pista;tracado_via;latitude;longitude
01/04/2025;16:26:00;SAO LUIS;Pista Escorregadia;Colisão com objeto;Com Vítimas Feridas;Pleno dia;Crescente;Chuva;Dupla;Declive;-2,6902528;-44,2925056
01/04/2025;20:30:00;SAO LUIZ GONZAGA;Velocidade Incompatível;Colisão traseira;Com Vítimas Feridas;Plena Noite;Crescente;Céu Claro;Simples;Reta;-28,411335;-54,570077
01/04/2025;17:21:00;ALTOS;Ultrapassagem Indevida;Colisão lateral sentido oposto;Com Vítimas Feridas;Pleno dia;Crescente;Sol;Simples;Reta;-5,03524;-42,444362
01/04/2025;05:45:00;SANTA VITORIA DO PALMAR;Animais na Pista;Atropelamento de Animal;Sem Vítimas;Amanhecer;Decrescente;Nublado;Simples;Reta;-33,1768344;-53,00492513
01/04/2025;07:40:00;POUSO NOVO;Velocidade Incompatível;Colisão frontal;Com Vítimas Feridas;Pleno dia;Decrescente;Chuva;Simples;"Curva;Aclive";-29,20334;-52,18362
01/04/2025;08:04:00;MOSSORO;Animais na Pista;Saída de leito carroçável;Com Vítimas Feridas;Pleno dia;Decrescente;Céu Claro;Simples;Reta;-5,3028188;-37,2810996
01/04/2025;06:40:00;ORIZANIA;Conversão proibida;Colisão transversal;Com Vítimas Feridas;Pleno dia;Decrescente;Céu Claro;Simples;Reta;-20,47508439;-42,18048334
01/04/2025;09:40:00;CABEDELO;Acostamento em desnível;Tombamento;Com Vítimas Feridas;Pleno dia;Decrescente;Sol;Dupla;Reta;-7,058369;-34,8510058
01/04/2025;08:05:00;JI-PARANA;Retorno proibido;Colisão transversal;Com Vítimas Feridas;Pleno dia;Decrescente;Céu Claro;Simples;Reta;-10,88602109;-61,93453431
01/04/2025;09:50:00;PALMEIRA DOS INDIOS;Acesso irregular;Colisão lateral mesmo sentido;Com Vítimas Feridas;Pleno dia;Crescente;Nublado;Simples;Curva;-9,4222013;-36,622357
01/04/2025;08:30:00;LORENA;Demais falhas na via;Colisão com objeto;Sem Vítimas;Pleno dia;Decrescente;Céu Claro;Dupla;Reta;-22,76098617;-45,12084961
01/04/2025;16:46:00;PORTO VELHO;Ultrapassagem Indevida;Colisão lateral mesmo sentido;Com Vítimas Feridas;Pleno dia;Crescente;Céu Claro;Dupla;Interseção de Vias;-8,74331803;-63,91289413
01/04/2025;18:45:00;PALHOCA;Acesso irregular;Colisão transversal;Com Vítimas Feridas;Anoitecer;Crescente;Céu Claro;Simples;Reta;-27,68094387;-48,70479584
01/04/2025;15:40:00;UBERLANDIA;Velocidade Incompatível;Saída de leito carroçável;Com Vítimas Feridas;Pleno dia;Crescente;Sol;Dupla;"Reta;Aclive";-18,79711801;-48,23547363
01/04/2025;18:20:00;MANHUACU;Conversão proibida;Colisão transversal;Com Vítimas Feridas;Plena Noite;Crescente;Céu Claro;Simples;Curva;-20,2758479;-42,05409944
01/04/2025;19:35:00;JOAO PESSOA;Velocidade Incompatível;Tombamento;Com Vítimas Feridas;Plena Noite;Crescente;Chuva;Dupla;Interseção de Vias;-7,16911288;-34,89703417
01/04/2025;18:15:00;GOIANA;Acumulo de água sobre o pavimento;Saída de leito carroçável;Com Vítimas Feridas;Anoitecer;Decrescente;Chuva;Dupla;Aclive;-7,65842468;-34,93987083
01/04/2025;21:48:00;DOMINGOS MARTINS;Ultrapassagem Indevida;Colisão frontal;Com Vítimas Fatais;Plena Noite;Crescente;Céu Claro;Simples;Reta;-20,391672;-41,009276
01/04/2025;18:30:00;CORNELIO PROCOPIO;Velocidade Incompatível;Saída de leito carroçável;Sem Vítimas;Anoitecer;Decrescente;Céu Claro;Dupla;Reta;-23,24331033;-50,70908457
01/04/2025;10:40:00;JAGUARAO;Ultrapassagem Indevida;Colisão transversal;Com Vítimas Feridas;Pleno dia;Crescente;Céu Claro;Simples;Reta;-32,56238279;-53,38312451
01/04/2025;20:25:00;EUSEBIO;Acumulo de areia ou detritos sobre o pavimento;Queda de ocupante de veículo;Com Vítimas Feridas;Plena Noite;Decrescente;Céu Claro;Dupla;Retorno Regulamentado;-3,91890974;-38,50715518
31/03/2025;06:00:00;LUCAS DO RIO VERDE;Ultrapassagem Indevida;Saída de leito carroçável;Com Vítimas Feridas;Pleno dia;Decrescente;Nublado;Simples;Reta;-13,126118;-55,960185
31/03/2025;12:40:00;PRUDENTOPOLIS;Ultrapassagem Indevida;Colisão traseira;Com Vítimas Feridas;Pleno dia;Crescente;Sol;Simples;Reta;-25,349575;-50,928897
31/03/2025;13:20:00;DIAMANTE DO SUL;Ultrapassagem Indevida;Colisão lateral mesmo sentido;Com Vítimas Feridas;Pleno dia;Decrescente;Céu Claro;Simples;"Declive;Reta";-25,1353;-52,7169
31/03/2025;14:20:00;ESTIVA;Velocidade Incompatível;Colisão com objeto;Com Vítimas Feridas;Pleno dia;Decrescente;Chuva;Dupla;"Declive;Curva";-22,4418416;-45,9892383
31/03/2025;19:00:00;ITABUNA;Retorno proibido;Colisão traseira;Com Vítimas Feridas;Plena Noite;Decrescente;Céu Claro;Simples;Reta;-14,77126192;-39,29168338
31/03/2025;17:00:00;PORTO ALEGRE;Demais Fenômenos da natureza;Tombamento;Com Vítimas Feridas;Anoitecer;Crescente;Chuva;Dupla;Ponte;-29,9881107;-51,2100438
31/03/2025;12:00:00;GENERAL CARNEIRO;Acostamento em desnível;Tombamento;Com Vítimas Feridas;Pleno dia;Crescente;Céu Claro;Simples;"Declive;Curva";-15,641847;-53,574986
31/03/2025;00:21:00;PORTO VELHO;Animais na Pista;Atropelamento de Animal;Com Vítimas Feridas;Plena Noite;Crescente;Nublado;Simples;"Reta;Declive";-9,190493;-64,252188
31/03/2025;06:45:00;SAPUCAIA DO SUL;Condutor usando celular;Colisão com objeto;Sem Vítimas;Pleno dia;Crescente;Céu Claro;Múltipla;"Reta;Em Obras";-29,81201206;-51,16847276
31/03/2025;08:00:00;RIBEIRAO VERMELHO;Acesso irregular;Colisão com objeto;Com Vítimas Feridas;Pleno dia;Crescente;Chuva;Dupla;"Aclive;Curva";-21,16510498;-45,12448181
31/03/2025;08:56:00;IGARASSU;Retorno proibido;Colisão transversal;Com Vítimas Feridas;Pleno dia;Decrescente;Céu Claro;Múltipla;Declive;-7,85789193;-34,90824038
31/03/2025;08:50:00;OLIVEIRA;Velocidade Incompatível;Colisão com objeto;Com Vítimas Feridas;Pleno dia;Decrescente;Chuva;Dupla;"Curva;Declive";-20,83250212;-44,80190277
31/03/2025;08:25:00;SANTO ANTONIO DO AMPARO;Velocidade Incompatível;Colisão com objeto;Com Vítimas Feridas;Pleno dia;Decrescente;Chuva;Dupla;Reta;-20,95780485;-44,90126602
31/03/2025;10:00:00;SAO JOSE DOS PINHAIS;Velocidade Incompatível;Colisão traseira;Com Vítimas Feridas;Pleno dia;Crescente;Céu Claro;Dupla;Reta;-25,57131853;-49,20837882
31/03/2025;12:00:00;ATIBAIA;Chuva;Tombamento;Com Vítimas Feridas;Pleno dia;Crescente;Chuva;Dupla;Reta;-23,11741947;-46,57322288
31/03/2025;11:38:00;ANAPOLIS;Animais na Pista;Atropelamento de Animal;Com Vítimas Feridas;Pleno dia;Crescente;Céu Claro;Simples;Reta;-16,261347;-48,937728
31/03/2025;12:20:00;ESTIVA;Velocidade Incompatível;Saída de leito carroçável;Com Vítimas Feridas;Pleno dia;Decrescente;Chuva;Dupla;Curva;-22,43955057;-45,98490056
31/03/2025;12:15:00;UBERABA;Velocidade Incompatível;Saída de leito carroçável;Com Vítimas Feridas;Pleno dia;Crescente;Nublado;Dupla;"Curva;Declive";-19,59976082;-48,02524854
31/03/2025;12:50:00;UBERABA;Acumulo de água sobre o pavimento;Saída de leito carroçável;Com Vítimas Feridas;Pleno dia;Crescente;Chuva;Dupla;Reta;-19,42295;-48,07026
31/03/2025;13:05:00;UBERABA;Chuva;Saída de leito carroçável;Com Vítimas Feridas;Pleno dia;Crescente;Chuva;Dupla;"Reta;Aclive";-19,39862;-48,0773
31/03/2025;14:45:00;ITAPORANGA DAJUDA;Acumulo de água sobre o pavimento;Colisão com objeto;Com Vítimas Feridas;Pleno dia;Decrescente;Chuva;Dupla;"Curva;Declive";-11,005503;-37,309058
31/03/2025;16:55:00;NATAL;Acumulo de areia ou detritos sobre o pavimento;Queda de ocupante de veículo;Com Vítimas Feridas;Pleno dia;Crescente;Céu Claro;Múltipla;"Reta;Declive";-5,86044118;-35,214293
31/03/2025;16:45:00;SENTINELA DO SUL;Chuva;Saída de leito carroçável;Com Vítimas Feridas;Pleno dia;Crescente;Chuva;Dupla;Curva;-30,57172796;-51,52410436
31/03/2025;15:45:00;CACERES;Acesso irregular;Colisão frontal;Com Vítimas Feridas;Pleno dia;Crescente;Céu Claro;Simples;Interseção de Vias;-16,085742;-57,69684
31/03/2025;18:10:00;CAUCAIA;Animais na Pista;Atropelamento de Animal;Sem Vítimas;Pleno dia;Crescente;Céu Claro;Simples;Reta;-3,78359525;-38,69397012
31/03/2025;16:40:00;FELIXLANDIA;Sinalização mal posicionada;Colisão traseira;Sem Vítimas;Pleno dia;Decrescente;Céu Claro;Simples;Curva;-18,7259254;-44,93888855
31/03/2025;18:55:00;GURINHATA;Acostamento em desnível;Capotamento;Com Vítimas Feridas;Plena Noite;Crescente;Céu Claro;Simples;Reta;-18,91667979;-49,87792969
31/03/2025;18:50:00;NOVO HAMBURGO;Chuva;Saída de leito carroçável;Com Vítimas Feridas;Plena Noite;Crescente;Chuva;Múltipla;"Reta;Em Obras;Declive";-29,70725248;-51,14718675
31/03/2025;23:00:00;CANDEIAS DO JAMARI;Animais na Pista;Atropelamento de Animal;Com Vítimas Feridas;Plena Noite;Decrescente;Céu Claro;Simples;Reta;-8,85966707;-63,44487549
31/03/2025;06:20:00;ITABUNA;Velocidade Incompatível;Capotamento;Com Vítimas Feridas;Pleno dia;Crescente;Garoa/Chuvisco;Dupla;Curva;-14,7911492;-39,2771439
30/03/2025;03:00:00;ITABUNA;Animais na Pista;Atropelamento de Animal;Sem Vítimas;Plena Noite;Decrescente;Céu Claro;Simples;Reta;-14,83261701;-39,28978086
30/03/2025;06:05:00;GUARAMIRIM;Conversão proibida;Colisão transversal;Com Vítimas Feridas;Amanhecer;Crescente;Céu Claro;Dupla;Reta;-26,46724472;-48,96085912
30/03/2025;12:30:00;PENHA;Velocidade Incompatível;Saída de leito carroçável;Com Vítimas Feridas;Pleno dia;Crescente;Sol;Dupla;"Declive;Curva";-26,82761998;-48,69176919
30/03/2025;12:20:00;PONTE SERRADA;Conversão proibida;Colisão transversal;Com Vítimas Feridas;Pleno dia;Decrescente;Céu Claro;Simples;Reta;-26,89256068;-51,98402837
30/03/2025;18:30:00;ELDORADO DO SUL;Ultrapassagem Indevida;Colisão lateral mesmo sentido;Com Vítimas Feridas;Plena Noite;Crescente;Céu Claro;Simples;Reta;-30,0449792;-51,3376256
30/03/2025;14:00:00;PIRACANJUBA;Velocidade Incompatível;Capotamento;Com Vítimas Feridas;Pleno dia;Crescente;Céu Claro;Dupla;"Reta;Declive";-17,4882118;-49,2110668
30/03/2025;21:00:00;CONCEICAO DO JACUIPE;Acostamento em desnível;Tombamento;Sem Vítimas;Plena Noite;Decrescente;Céu Claro;Simples;Reta;-12,352462;-38,7760689
30/03/2025;21:18:00;CONGONHAS;Conversão proibida;Colisão transversal;Com Vítimas Feridas;Plena Noite;Crescente;Céu Claro;Simples;Curva;-20,4970189;-43,8165408
30/03/2025;00:10:00;GOVERNADOR VALADARES;Animais na Pista;Atropelamento de Animal;Com Vítimas Feridas;Plena Noite;Crescente;Céu Claro;Simples;Reta;-18,85953361;-41,98529899
30/03/2025;01:30:00;SALVADOR;Acumulo de água sobre o pavimento;Tombamento;Com Vítimas Feridas;Plena Noite;Decrescente;Chuva;Múltipla;Reta;-12,913694;-38,460011
30/03/2025;04:05:00;BOM JESUS DO AMPARO;Animais na Pista;Tombamento;Com Vítimas Feridas;Plena Noite;Decrescente;Nublado;Dupla;Curva;-19,74936726;-43,5226745
30/03/2025;04:50:00;DUQUE DE CAXIAS;Velocidade Incompatível;Colisão lateral mesmo sentido;Com Vítimas Feridas;Amanhecer;Crescente;Nublado;Dupla;"Curva;Declive";-22,572071;-43,280302
30/03/2025;04:25:00;VOLTA REDONDA;Ultrapassagem Indevida;Colisão frontal;Com Vítimas Fatais;Plena Noite;Crescente;Céu Claro;Simples;Curva;-22,49767844;-44,06212438
30/03/2025;08:30:00;MIRACATU;Velocidade Incompatível;Queda de ocupante de veículo;Com Vítimas Feridas;Pleno dia;Crescente;Céu Claro;Dupla;Reta;-24,2675248;-47,393243
30/03/2025;09:00:00;LAJE;Ultrapassagem Indevida;Queda de ocupante de veículo;Com Vítimas Feridas;Pleno dia;Crescente;Céu Claro;Simples;Reta;-13,139184;-39,294589
30/03/2025;10:50:00;JUATUBA;Velocidade Incompatível;Tombamento;Com Vítimas Feridas;Pleno dia;Crescente;Nublado;Dupla;"Curva;Aclive";-19,9319;-44,4261
30/03/2025;12:08:00;CHAPECO;Velocidade Incompatível;Capotamento;Com Vítimas Feridas;Pleno dia;Decrescente;Céu Claro;Simples;Curva;-26,9917639;-52,68753238
30/03/2025;15:30:00;PELOTAS;Velocidade Incompatível;Saída de leito carroçável;Com Vítimas Feridas;Pleno dia;Crescente;Céu Claro;Simples;"Desvio Temporário;Em Obras";-31,487503;-52,21357
30/03/2025;15:00:00;CACHOEIRA DO SUL;Pista esburacada;Queda de ocupante de veículo;Com Vítimas Feridas;Pleno dia;Decrescente;Céu Claro;Simples;Reta;-30,324009;-53,241707
30/03/2025;16:40:00;PARATY;Acesso irregular;Colisão transversal;Com Vítimas Feridas;Pleno dia;Crescente;Nublado;Simples;Curva;-23,04266442;-44,61705565
30/03/2025;15:20:00;CAMPO VERDE;Demais Fenômenos da natureza;Eventos atípicos;Com Vítimas Feridas;Pleno dia;Decrescente;Chuva;Dupla;Reta;-15,81594806;-55,34600168
30/03/2025;18:00:00;EXTREMA;Chuva;Saída de leito carroçável;Com Vítimas Feridas;Plena Noite;Decrescente;Chuva;Dupla;Curva;-22,84865261;-46,33483887
30/03/2025;18:10:00;RIO VERDE;Velocidade Incompatível;Colisão com objeto;Com Vítimas Feridas;Anoitecer;Decrescente;Céu Claro;Dupla;Aclive;-17,81738;-51,133855
30/03/2025;18:21:00;SANTO ANTONIO DO AMPARO;Chuva;Saída de leito carroçável;Com Vítimas Feridas;Anoitecer;Crescente;Chuva;Dupla;Reta;-20,95176926;-44,89171721
30/03/2025;17:50:00;CASCAVEL;Velocidade Incompatível;Saída de leito carroçável;Com Vítimas Fatais;Pleno dia;Crescente;Céu Claro;Dupla;Reta;-24,81544603;-53,66130352
30/03/2025;19:45:00;SANTANA DO LIVRAMENTO;Iluminação deficiente;Colisão traseira;Com Vítimas Feridas;Plena Noite;Crescente;Céu Claro;Simples;"Ponte;Reta";-30,87180383;-55,50944209
30/03/2025;19:45:00;CAREACU;Velocidade Incompatível;Saída de leito carroçável;Com Vítimas Feridas;Plena Noite;Decrescente;Nublado;Dupla;"Curva;Aclive";-22,08771284;-45,70503017
30/03/2025;21:15:00;CARUARU;Animais na Pista;Atropelamento de Animal;Com Vítimas Feridas;Plena Noite;Decrescente;Céu Claro;Dupla;Reta;-8,11587;-36,00493
30/03/2025;22:50:00;SANTIAGO;Acostamento em desnível;Tombamento;Com Vítimas Feridas;Plena Noite;Crescente;Céu Claro;Simples;"Reta;Interseção de Vias;Declive";-29,17384924;-54,8540136
30/03/2025;19:50:00;NOVA MUTUM;Conversão proibida;Colisão lateral mesmo sentido;Com Vítimas Feridas;Plena Noite;Crescente;Nublado;Simples;"Reta;Em Obras;Desvio Temporário";-13,71740786;-56,04190708
30/03/2025;20:00:00;UNIAO DA VITORIA;Velocidade Incompatível;Colisão frontal;Com Vítimas Feridas;Plena Noite;Decrescente;Nublado;Simples;"Curva;Aclive;Viaduto";-26,20118126;-51,06022228
30/03/2025;17:10:00;LINHARES;Animais na Pista;Atropelamento de Animal;Com Vítimas Feridas;Anoitecer;Crescente;Céu Claro;Simples;Reta;-19,483641;-40,119811
30/03/2025;01:55:00;BRASILIA;Velocidade Incompatível;Saída de leito carroçável;Com Vítimas Feridas;Plena Noite;Crescente;Ignorado;Dupla;Reta;-15,790488;-48,213875
29/03/2025;07:40:00;RIACHAO DAS NEVES;Acostamento em desnível;Tombamento;Sem Vítimas;Pleno dia;Decrescente;Céu Claro;Simples;Reta;-11,88614;-44,85471
29/03/2025;12:50:00;CLARO DOS POCOES;Velocidade Incompatível;Saída de leito carroçável;Com Vítimas Feridas;Pleno dia;Crescente;Céu Claro;Simples;"Declive;Curva";-17,03353;-44,317508
29/03/2025;13:30:00;PONTE SERRADA;Acumulo de água sobre o pavimento;Colisão lateral sentido oposto;Com Vítimas Feridas;Pleno dia;Crescente;Chuva;Simples;"Reta;Aclive";-26,91926;-51,88567
29/03/2025;19:15:00;BREJO SANTO;Pista esburacada;Colisão lateral sentido oposto;Com Vítimas Feridas;Pleno dia;Crescente;Céu Claro;Simples;Reta;-7,491542;-38,984243
29/03/2025;18:00:00;PEDRO CANARIO;Velocidade Incompatível;Tombamento;Com Vítimas Feridas;Plena Noite;Decrescente;Céu Claro;Simples;Curva;-18,2302027;-39,9527526
29/03/2025;19:45:00;TROMBUDO CENTRAL;Conversão proibida;Colisão frontal;Com Vítimas Feridas;Plena Noite;Crescente;Céu Claro;Simples;Interseção de Vias;-27,27651471;-49,84374577
29/03/2025;17:00:00;SORRISO;Ultrapassagem Indevida;Colisão lateral mesmo sentido;Sem Vítimas;Pleno dia;Crescente;Nublado;Simples;Reta;-12,45426125;-55,66326141
29/03/2025;16:10:00;ITUMBIARA;Acostamento em desnível;Saída de leito carroçável;Com Vítimas Feridas;Pleno dia;Decrescente;Céu Claro;Simples;Aclive;-18,304534;-49,517306
29/03/2025;15:00:00;LIMOEIRO DO NORTE;Curva acentuada;Tombamento;Com Vítimas Feridas;Pleno dia;Decrescente;Céu Claro;Simples;Curva;-5,15316771;-38,15371145
29/03/2025;15:30:00;SAO GONCALO DOS CAMPOS;Ultrapassagem Indevida;Colisão lateral sentido oposto;Com Vítimas Feridas;Pleno dia;Crescente;Céu Claro;Simples;Reta;-12,46178121;-38,93245697
29/03/2025;00:30:00;IBIPORA;Conversão proibida;Colisão transversal;Com Vítimas Feridas;Plena Noite;Crescente;Céu Claro;Simples;"Retorno Regulamentado;Reta;Interseção de Vias";-23,2643832;-51,0346694
29/03/2025;01:20:00;RECIFE;Velocidade Incompatível;Queda de ocupante de veículo;Com Vítimas Feridas;Plena Noite;Crescente;Nublado;Múltipla;Reta;-8,076847;-34,97369
29/03/2025;06:00:00;CARIDADE;Pista esburacada;Saída de leito carroçável;Com Vítimas Feridas;Pleno dia;Decrescente;Nublado;Simples;Reta;-4,262505;-39,217147
29/03/2025;07:30:00;JATAIZINHO;Velocidade Incompatível;Colisão lateral mesmo sentido;Com Vítimas Feridas;Pleno dia;Decrescente;Céu Claro;Dupla;Reta;-23,28452249;-50,89852983
29/03/2025;08:10:00;IGARASSU;Acesso irregular;Colisão lateral mesmo sentido;Sem Vítimas;Pleno dia;Decrescente;Céu Claro;Simples;Reta;-7,844329;-34,910497
29/03/2025;09:15:00;NOVA VICOSA;Ultrapassagem Indevida;Saída de leito carroçável;Com Vítimas Feridas;Pleno dia;Crescente;Nublado;Simples;Reta;-17,889185;-39,88676
29/03/2025;09:05:00;ICEM;Condutor usando celular;Colisão lateral sentido oposto;Com Vítimas Feridas;Pleno dia;Crescente;Céu Claro;Simples;Reta;-20,375252;-49,228097
29/03/2025;09:15:00;BALNEARIO CAMBORIU;Velocidade Incompatível;Colisão com objeto;Sem Vítimas;Pleno dia;Decrescente;Céu Claro;Dupla;Reta;-27,0043;-48,62814
29/03/2025;10:15:00;CIDELANDIA;Velocidade Incompatível;Saída de leito carroçável;Sem Vítimas;Pleno dia;Decrescente;Céu Claro;Simples;Reta;-5,10551614;-47,55214655
29/03/2025;12:25:00;DUERE;Ultrapassagem Indevida;Colisão transversal;Com Vítimas Feridas;Pleno dia;Decrescente;Céu Claro;Simples;Reta;-11,5883762;-49,0351682
29/03/2025;12:30:00;CABO DE SANTO AGOSTINHO;Acumulo de areia ou detritos sobre o pavimento;Colisão com objeto;Com Vítimas Feridas;Pleno dia;Crescente;Céu Claro;Dupla;Reta;-8,227665;-34,994855
29/03/2025;12:25:00;BOM SUCESSO;Acumulo de água sobre o pavimento;Colisão frontal;Com Vítimas Fatais;Pleno dia;Decrescente;Chuva;Simples;"Declive;Curva";-23,705216;-51,739742
29/03/2025;12:13:00;SAO JOSE DOS PINHAIS;Velocidade Incompatível;Queda de ocupante de veículo;Com Vítimas Feridas;Pleno dia;Crescente;Céu Claro;Dupla;Reta;-25,5490089;-49,04382521
29/03/2025;13:30:00;GUARACIABA;Conversão proibida;Colisão traseira;Com Vítimas Feridas;Pleno dia;Crescente;Céu Claro;Simples;Aclive;-26,65290527;-53,5179019
29/03/2025;15:15:00;GOIANIA;Ultrapassagem Indevida;Colisão com objeto;Com Vítimas Fatais;Pleno dia;Decrescente;Céu Claro;Dupla;"Reta;Aclive";-16,727823;-49,383237
29/03/2025;15:50:00;PASSO FUNDO;Ultrapassagem Indevida;Colisão lateral sentido oposto;Com Vítimas Feridas;Pleno dia;Decrescente;Nublado;Simples;Reta;-28,23797273;-52,3470211
29/03/2025;16:30:00;SAO CRISTOVAO DO SUL;Acumulo de água sobre o pavimento;Saída de leito carroçável;Com Vítimas Feridas;Anoitecer;Decrescente;Chuva;Simples;Reta;-27,30351;-50,40448
29/03/2025;19:40:00;JATI;Pista esburacada;Colisão traseira;Com Vítimas Feridas;Plena Noite;Crescente;Céu Claro;Simples;Reta;-7,660847;-39,018127
29/03/2025;19:00:00;ROLANDIA;Pista Escorregadia;Colisão traseira;Com Vítimas Feridas;Anoitecer;Decrescente;Chuva;Múltipla;"Curva;Aclive";-23,35786293;-51,39556462
29/03/2025;20:10:00;SEROPEDICA;Conversão proibida;Colisão transversal;Com Vítimas Feridas;Plena Noite;Decrescente;Céu Claro;Simples;Reta;-22,77293681;-43,66885185
29/03/2025;20:40:00;DOMINGOS MARTINS;Velocidade Incompatível;Colisão lateral sentido oposto;Sem Vítimas;Plena Noite;Crescente;Nublado;Simples;Curva;-20,41003037;-40,88822722
29/03/2025;22:55:00;JOAO PESSOA;Pista Escorregadia;Tombamento;Com Vítimas Feridas;Plena Noite;Crescente;Garoa/Chuvisco;Dupla;Reta;-7,14012462;-34,85226274
29/03/2025;19:30:00;CACERES;Chuva;Capotamento;Com Vítimas Feridas;Plena Noite;Crescente;Chuva;Simples;Curva;-16,21527897;-57,57346201
29/03/2025;18:00:00;ROLANDIA;Chuva;Tombamento;Com Vítimas Feridas;Anoitecer;Decrescente;Garoa/Chuvisco;Dupla;Reta;-23,299574;-51,325032
28/03/2025;04:45:00;TIBAGI;Chuva;Colisão com objeto;Com Vítimas Feridas;Amanhecer;Crescente;Chuva;Dupla;Reta;-24,79873418;-50,49453735
28/03/2025;07:10:00;ITAPECERICA DA SERRA;Ultrapassagem Indevida;Colisão traseira;Com Vítimas Feridas;Pleno dia;Decrescente;Céu Claro;Dupla;"Aclive;Reta";-23,73610108;-46,89563179
28/03/2025;11:30:00;CAPIM GROSSO;Faixas de trânsito com largura insuficiente;Colisão lateral mesmo sentido;Com Vítimas Feridas;Pleno dia;Crescente;Sol;Simples;"Curva;Rotatória";-11,37332;-40,01155
28/03/2025;09:50:00;TRES RIOS;Velocidade Incompatível;Tombamento;Com Vítimas Feridas;Pleno dia;Crescente;Céu Claro;Dupla;Curva;-22,12786;-43,15599203
28/03/2025;11:38:00;AQUIDAUANA;Ausência de sinalização;Colisão transversal;Com Vítimas Feridas;Pleno dia;Crescente;Céu Claro;Simples;"Interseção de Vias;Em Obras;Reta;Declive";-20,42788658;-55,75044025
28/03/2025;18:20:00;CAJATI;Velocidade Incompatível;Saída de leito carroçável;Com Vítimas Feridas;Anoitecer;Decrescente;Céu Claro;Simples;"Declive;Reta";-24,847108;-48,214477
28/03/2025;18:39:00;PESQUEIRA;Ultrapassagem Indevida;Colisão lateral sentido oposto;Com Vítimas Feridas;Plena Noite;Crescente;Céu Claro;Simples;Reta;-8,402128;-36,874193
28/03/2025;21:10:00;HUMAITA;Ultrapassagem Indevida;Colisão lateral mesmo sentido;Com Vítimas Fatais;Plena Noite;Decrescente;Nublado;Simples;"Reta;Aclive";-7,778945;-63,15419801
28/03/2025;20:50:00;MONTE CASTELO;Velocidade Incompatível;Tombamento;Com Vítimas Feridas;Plena Noite;Decrescente;Nublado;Simples;"Declive;Curva";-26,75671855;-50,31634748
28/03/2025;20:00:00;PONTE ALTA;Ultrapassagem Indevida;Colisão frontal;Com Vítimas Feridas;Plena Noite;Crescente;Céu Claro;Simples;"Curva;Declive";-27,30251982;-50,08530426
28/03/2025;21:15:00;PETROLINA;Deficiência do Sistema de Iluminação/Sinalização;Colisão traseira;Com Vítimas Feridas;Plena Noite;Crescente;Céu Claro;Simples;Reta;-9,065833;-40,3088
28/03/2025;01:00:00;GOIANIA;Velocidade Incompatível;Colisão com objeto;Com Vítimas Feridas;Plena Noite;Crescente;Céu Claro;Dupla;Reta;-16,70794135;-49,34966326
28/03/2025;00:10:00;BARRA VELHA;Velocidade Incompatível;Saída de leito carroçável;Com Vítimas Fatais;Plena Noite;Decrescente;Céu Claro;Múltipla;"Interseção de Vias;Reta;Viaduto";-26,6508699;-48,6867639
28/03/2025;06:45:00;TIBAGI;Chuva;Colisão com objeto;Com Vítimas Feridas;Amanhecer;Decrescente;Garoa/Chuvisco;Dupla;Curva;-24,7905689;-50,5017143
28/03/2025;08:10:00;ARAGUAINA;Acesso irregular;Colisão traseira;Com Vítimas Feridas;Pleno dia;Decrescente;Nublado;Dupla;"Reta;Retorno Regulamentado";-7,13700433;-48,20084095
28/03/2025;08:40:00;VIANA;Acumulo de areia ou detritos sobre o pavimento;Tombamento;Com Vítimas Feridas;Pleno dia;Decrescente;Céu Claro;Múltipla;Viaduto;-20,36888318;-40,44385845
28/03/2025;08:48:00;JOAO NEIVA;Ultrapassagem Indevida;Colisão frontal;Com Vítimas Feridas;Pleno dia;Decrescente;Sol;Simples;"Declive;Reta";-19,64721;-40,41098833
28/03/2025;10:41:00;SANTA CRUZ;Conversão proibida;Colisão transversal;Com Vítimas Feridas;Pleno dia;Crescente;Céu Claro;Simples;Reta;-6,23373594;-36,01387024
28/03/2025;08:30:00;INDAIAL;Condutor usando celular;Colisão lateral sentido oposto;Com Vítimas Feridas;Pleno dia;Decrescente;Céu Claro;Múltipla;Viaduto;-26,884028;-49,247336
28/03/2025;10:50:00;RIO DE JANEIRO;Ultrapassagem Indevida;Colisão traseira;Com Vítimas Feridas;Pleno dia;Decrescente;Céu Claro;Simples;Reta;-22,8044539;-43,345174
28/03/2025;11:35:00;IMPERATRIZ;Retorno proibido;Colisão transversal;Com Vítimas Feridas;Pleno dia;Decrescente;Céu Claro;Múltipla;"Reta;Declive";-5,57586541;-47,44253445
28/03/2025;11:10:00;SANHARO;Velocidade Incompatível;Saída de leito carroçável;Com Vítimas Feridas;Pleno dia;Crescente;Céu Claro;Simples;Reta;-8,356563;-36,52031
28/03/2025;12:25:00;SAO GONCALO;Conversão proibida;Colisão transversal;Sem Vítimas;Pleno dia;Crescente;Sol;Simples;Reta;-22,7863533;-42,9818147
28/03/2025;11:40:00;ARAPONGAS;Acesso irregular;Colisão transversal;Com Vítimas Feridas;Pleno dia;Decrescente;Céu Claro;Simples;Reta;-23,38694822;-51,42036525