data_inversa;horario;municipio;causa_acidente;tipo_acidente;classificacao_acidente;fase_dia;sentido_via;condicao_metereologica;tipo_pista;tracado_via;latitude;longitude
24/03/2025;05:36:00;SOORETAMA;Ultrapassagem Indevida;Colisão frontal;Com Vítimas Feridas;Amanhecer;Crescente;Céu Claro;Simples;"Aclive;Reta";-19,19146035;-40,09494781
24/03/2025;02:30:00;ANGRA DOS REIS;Animais na Pista;Atropelamento de Animal;Com Vítimas Fatais;Plena Noite;Crescente;Céu Claro;Simples;Reta;-22,93278754;-44,39248935
24/03/2025;05:25:00;CANGUARETAMA;Animais na Pista;Atropelamento de Animal;Com Vítimas Feridas;Amanhecer;Decrescente;Céu Claro;Múltipla;Reta;-6,3596156;-35,1595615
24/03/2025;04:30:00;NOBRES;Animais na Pista;Atropelamento de Animal;Sem Vítimas;Plena Noite;Decrescente;Nublado;Dupla;Reta;-14,70147776;-56,31947503
24/03/2025;05:37:00;DUQUE DE CAXIAS;Chuva;Capotamento;Com Vítimas Feridas;Pleno dia;Decrescente;Chuva;Dupla;Curva;-22,58743154;-43,27347916
24/03/2025;07:50:00;CONSELHEIRO LAFAIETE;Velocidade Incompatível;Saída de leito carroçável;Com Vítimas Feridas;Pleno dia;Decrescente;Garoa/Chuvisco;Simples;"Declive;Reta";-20,72337;-43,80026
24/03/2025;07:20:00;CUNHA PORA;Velocidade Incompatível;Colisão transversal;Com Vítimas Feridas;Pleno dia;Decrescente;Céu Claro;Simples;"Interseção de Vias;Rotatória";-26,88774783;-53,17716694
24/03/2025;09:20:00;SANTOS DUMONT;Chuva;Colisão lateral sentido oposto;Com Vítimas Feridas;Pleno dia;Decrescente;Chuva;Simples;Curva;-21,3917822;-43,5673943
24/03/2025;10:50:00;JABOATAO DOS GUARARAPES;Condutor usando celular;Colisão com objeto;Com Vítimas Feridas;Pleno dia;Crescente;Sol;Dupla;Reta;-8,06982;-34,99163
24/03/2025;10:40:00;SANGAO;Animais na Pista;Atropelamento de Animal;Com Vítimas Feridas;Pleno dia;Decrescente;Céu Claro;Múltipla;Reta;-28,68663118;-49,15416241
24/03/2025;08:00:00;CRISTIANO OTONI;Acumulo de água sobre o pavimento;Saída de leito carroçável;Com Vítimas Feridas;Pleno dia;Decrescente;Chuva;Dupla;Curva;-20,86631;-43,796853
24/03/2025;10:45:00;FOZ DO IGUACU;Acesso irregular;Colisão transversal;Com Vítimas Feridas;Pleno dia;Decrescente;Céu Claro;Dupla;"Viaduto;Reta";-25,50736187;-54,58462531
24/03/2025;10:30:00;SABARA;Velocidade Incompatível;Saída de leito carroçável;Com Vítimas Feridas;Pleno dia;Crescente;Chuva;Simples;"Curva;Declive";-19,78692;-43,70144
24/03/2025;11:00:00;CAMACAN;Acesso irregular;Colisão transversal;Com Vítimas Feridas;Pleno dia;Decrescente;Garoa/Chuvisco;Simples;Reta;-15,5418;-39,4553
24/03/2025;12:15:00;PETROPOLIS;Velocidade Incompatível;Colisão com objeto;Com Vítimas Feridas;Pleno dia;Decrescente;Céu Claro;Dupla;Curva;-22,2824916;-43,1192882
24/03/2025;12:20:00;CASCAVEL;Velocidade Incompatível;Tombamento;Com Vítimas Feridas;Pleno dia;Crescente;Céu Claro;Dupla;Reta;-24,9838886;-53,373189
24/03/2025;10:45:00;NOVA SERRANA;Chuva;Colisão traseira;Com Vítimas Feridas;Pleno dia;Crescente;Chuva;Dupla;Reta;-19,88607114;-44,89407411
24/03/2025;12:30:00;BARBACENA;Acumulo de água sobre o pavimento;Colisão frontal;Com Vítimas Feridas;Pleno dia;Crescente;Chuva;Simples;Curva;-21,1834895;-43,7532179
24/03/2025;12:50:00;MACAPA;Pista Escorregadia;Saída de leito carroçável;Com Vítimas Feridas;Pleno dia;Crescente;Ignorado;Simples;Curva;0,35904173;-51,0739875
24/03/2025;13:21:00;BARRA DO GARCAS;Ultrapassagem Indevida;Colisão lateral mesmo sentido;Com Vítimas Feridas;Pleno dia;Decrescente;Nublado;Simples;"Reta;Declive";-15,8494801;-52,2975092
24/03/2025;12:58:00;ITAGUARA;Velocidade Incompatível;Saída de leito carroçável;Com Vítimas Feridas;Pleno dia;Crescente;Nublado;Dupla;Curva;-20,40719475;-44,52448726
24/03/2025;17:50:00;EXTREMOZ;Velocidade Incompatível;Queda de ocupante de veículo;Com Vítimas Feridas;Plena Noite;Crescente;Céu Claro;Simples;Reta;-5,66921205;-35,2565155
24/03/2025;15:00:00;CACERES;Velocidade Incompatível;Saída de leito carroçável;Sem Vítimas;Pleno dia;Decrescente;Ignorado;Simples;Curva;-16,139725;-57,330661
24/03/2025;17:55:00;BRASILIA;Acumulo de água sobre o pavimento;Tombamento;Com Vítimas Feridas;Anoitecer;Crescente;Chuva;Dupla;Reta;-15,985917;-47,987758
24/03/2025;17:00:00;PETROPOLIS;Pista Escorregadia;Capotamento;Com Vítimas Feridas;Anoitecer;Crescente;Chuva;Simples;Curva;-22,51055487;-43,23063937
24/03/2025;18:30:00;RIO DE JANEIRO;Acumulo de areia ou detritos sobre o pavimento;Colisão frontal;Sem Vítimas;Plena Noite;Não Informado;Chuva;Simples;"Rotatória;Aclive;Curva";-22,80886;-43,341883
24/03/2025;20:20:00;UBERABA;Velocidade Incompatível;Colisão com objeto;Com Vítimas Feridas;Plena Noite;Decrescente;Céu Claro;Dupla;Interseção de Vias;-19,772753;-47,914353
24/03/2025;12:45:00;NOVA MAMORE;Acumulo de água sobre o pavimento;Saída de leito carroçável;Com Vítimas Feridas;Pleno dia;Crescente;Chuva;Simples;Reta;-10,39227645;-65,32479191
24/03/2025;19:40:00;LUZIANIA;Deficiência do Sistema de Iluminação/Sinalização;Colisão traseira;Com Vítimas Feridas;Plena Noite;Crescente;Garoa/Chuvisco;Simples;"Reta;Aclive";-16,4114;-47,823456
24/03/2025;19:20:00;SANTOS DUMONT;Chuva;Colisão lateral sentido oposto;Com Vítimas Feridas;Plena Noite;Crescente;Chuva;Simples;Curva;-21,48540516;-43,53571236
24/03/2025;08:20:00;SANTO ANTONIO DE JESUS;Retorno proibido;Colisão transversal;Com Vítimas Feridas;Pleno dia;Crescente;Céu Claro;Simples;Reta;-12,96761175;-39,27286148
23/03/2025;12:27:00;HIDROLANDIA;Velocidade Incompatível;Saída de leito carroçável;Com Vítimas Feridas;Pleno dia;Crescente;Chuva;Dupla;Reta;-17,069628;-49,223948
23/03/2025;13:20:00;JEQUITAI;Velocidade Incompatível;Colisão com objeto;Com Vítimas Fatais;Pleno dia;Crescente;Chuva;Simples;Declive;-17,20114611;-44,43832397
23/03/2025;14:10:00;NOVA ERA;Velocidade Incompatível;Colisão traseira;Sem Vítimas;Pleno dia;Decrescente;Céu Claro;Simples;"Curva;Aclive";-19,78483613;-43,04421902
23/03/2025;14:20:00;ESTIVA;Velocidade Incompatível;Tombamento;Com Vítimas Feridas;Pleno dia;Decrescente;Céu Claro;Dupla;Curva;-22,4205;-45,96523
23/03/2025;21:00:00;ITATIAIA;Acumulo de água sobre o pavimento;Colisão traseira;Com Vítimas Feridas;Plena Noite;Decrescente;Chuva;Dupla;Reta;-22,50496287;-44,59387064
23/03/2025;02:40:00;VERDEJANTE;Deficiência do Sistema de Iluminação/Sinalização;Colisão traseira;Sem Vítimas;Plena Noite;Crescente;Chuva;Simples;Reta;-8,01333621;-39,01021957
23/03/2025;03:45:00;CANDEIAS DO JAMARI;Velocidade Incompatível;Colisão traseira;Com Vítimas Feridas;Plena Noite;Crescente;Céu Claro;Simples;Reta;-8,785197;-63,584845
23/03/2025;13:00:00;SAO GONCALO DO ABAETE;Chuva;Saída de leito carroçável;Com Vítimas Feridas;Pleno dia;Decrescente;Chuva;Simples;"Reta;Declive";-18,02738363;-45,53472519
23/03/2025;00:30:00;GUARULHOS;Sinalização mal posicionada;Tombamento;Com Vítimas Feridas;Plena Noite;Decrescente;Nublado;Múltipla;"Reta;Em Obras";-23,464463;-46,497262
23/03/2025;01:00:00;OIAPOQUE;Ultrapassagem Indevida;Colisão frontal;Com Vítimas Feridas;Plena Noite;Crescente;Nublado;Simples;Reta;3,83774023;-51,81523898
23/03/2025;00:45:00;WENCESLAU GUIMARAES;Velocidade Incompatível;Colisão frontal;Com Vítimas Feridas;Plena Noite;Crescente;Nublado;Simples;Curva;-13,665095;-39,478433
23/03/2025;02:00:00;SAO GONCALO;Deficiência do Sistema de Iluminação/Sinalização;Colisão traseira;Com Vítimas Feridas;Plena Noite;Decrescente;Céu Claro;Dupla;Reta;-22,78481812;-42,98580797
23/03/2025;02:02:00;MARINGA;Velocidade Incompatível;Saída de leito carroçável;Com Vítimas Fatais;Plena Noite;Crescente;Céu Claro;Dupla;Rotatória;-23,43240099;-51,8874753
23/03/2025;04:10:00;BRUMADINHO;Pista Escorregadia;Queda de ocupante de veículo;Com Vítimas Feridas;Plena Noite;Crescente;Garoa/Chuvisco;Dupla;"Curva;Declive";-20,13377039;-44,31030259
23/03/2025;06:20:00;UBATUBA;Conversão proibida;Colisão transversal;Sem Vítimas;Pleno dia;Crescente;Céu Claro;Simples;Reta;-23,44889631;-45,07882476
23/03/2025;07:20:00;CONCEICAO DA BARRA;Ultrapassagem Indevida;Colisão frontal;Com Vítimas Fatais;Pleno dia;Crescente;Nublado;Múltipla;Reta;-18,4155742;-39,9367839
23/03/2025;06:50:00;GETULINA;Velocidade Incompatível;Saída de leito carroçável;Com Vítimas Feridas;Pleno dia;Decrescente;Céu Claro;Simples;"Rotatória;Curva;Interseção de Vias";-21,77652241;-49,89291603
23/03/2025;10:30:00;GURUPI;Conversão proibida;Colisão transversal;Com Vítimas Feridas;Pleno dia;Crescente;Nublado;Simples;Reta;-11,761983;-49,097671
23/03/2025;10:45:00;JUATUBA;Velocidade Incompatível;Colisão com objeto;Com Vítimas Feridas;Pleno dia;Crescente;Céu Claro;Dupla;"Curva;Declive";-19,93526;-44,43401
23/03/2025;11:30:00;CAETANOPOLIS;Demais falhas na via;Queda de ocupante de veículo;Com Vítimas Feridas;Pleno dia;Crescente;Céu Claro;Dupla;Reta;-19,315308;-44,368863
23/03/2025;13:30:00;JUATUBA;Velocidade Incompatível;Tombamento;Com Vítimas Feridas;Pleno dia;Decrescente;Nublado;Dupla;"Curva;Declive";-19,93624;-44,43762
23/03/2025;12:30:00;ITABELA;Chuva;Tombamento;Com Vítimas Feridas;Pleno dia;Decrescente;Chuva;Simples;"Curva;Declive";-16,594545;-39,551017
23/03/2025;11:15:00;TIJUCAS;Velocidade Incompatível;Saída de leito carroçável;Com Vítimas Feridas;Pleno dia;Decrescente;Céu Claro;Dupla;Curva;-27,23195849;-48,62975031
23/03/2025;18:06:00;PAUDALHO;Acesso irregular;Colisão transversal;Sem Vítimas;Plena Noite;Crescente;Céu Claro;Dupla;Reta;-7,939565;-35,125798
23/03/2025;16:34:00;FORTALEZA;Ultrapassagem Indevida;Tombamento;Com Vítimas Feridas;Pleno dia;Crescente;Sol;Múltipla;Reta;-3,73696933;-38,57278347
23/03/2025;21:00:00;CRISTALINA;Animais na Pista;Atropelamento de Animal;Com Vítimas Feridas;Plena Noite;Crescente;Nublado;Simples;Reta;-16,777;-47,58576
23/03/2025;17:30:00;JARU;Conversão proibida;Colisão lateral mesmo sentido;Com Vítimas Feridas;Pleno dia;Decrescente;Céu Claro;Múltipla;Aclive;-10,45046406;-62,46206045
23/03/2025;17:40:00;IMBITUVA;Ultrapassagem Indevida;Colisão frontal;Sem Vítimas;Anoitecer;Crescente;Céu Claro;Simples;Reta;-25,2013395;-50,5979898
23/03/2025;18:40:00;EXTREMA;Velocidade Incompatível;Saída de leito carroçável;Com Vítimas Feridas;Plena Noite;Decrescente;Nublado;Dupla;Reta;-22,8453958;-46,33153734
23/03/2025;21:30:00;SEROPEDICA;Chuva;Colisão lateral mesmo sentido;Com Vítimas Feridas;Plena Noite;Crescente;Céu Claro;Dupla;Reta;-22,7115008;-43,7223424
23/03/2025;18:00:00;PICADA CAFE;Velocidade Incompatível;Saída de leito carroçável;Com Vítimas Feridas;Anoitecer;Crescente;Céu Claro;Simples;Curva;-29,48430001;-51,14450801
23/03/2025;21:30:00;VACARIA;Velocidade Incompatível;Saída de leito carroçável;Com Vítimas Feridas;Plena Noite;Decrescente;Céu Claro;Simples;"Curva;Aclive";-28,51123757;-50,84730148
23/03/2025;21:30:00;PERDOES;Velocidade Incompatível;Capotamento;Sem Vítimas;Plena Noite;Decrescente;Nublado;Dupla;"Curva;Aclive";-21,119831;-45,09552
23/03/2025;23:34:00;RECIFE;Pista esburacada;Queda de ocupante de veículo;Com Vítimas Feridas;Plena Noite;Decrescente;Céu Claro;Dupla;Curva;-8,06923621;-34,94793694
23/03/2025;23:45:00;BRASILIA;Velocidade Incompatível;Saída de leito carroçável;Sem Vítimas;Plena Noite;Crescente;Nublado;Dupla;Reta;-15,65170383;-47,77714849
23/03/2025;22:15:00;IRANI;Velocidade Incompatível;Saída de leito carroçável;Com Vítimas Feridas;Plena Noite;Decrescente;Céu Claro;Simples;Reta;-26,934878;-51,870912
23/03/2025;22:00:00;BLUMENAU;Condutor usando celular;Colisão frontal;Com Vítimas Feridas;Plena Noite;Crescente;Céu Claro;Simples;Reta;-26,88250202;-49,14013445
23/03/2025;10:30:00;UBATUBA;Conversão proibida;Colisão transversal;Com Vítimas Feridas;Pleno dia;Crescente;Céu Claro;Simples;Reta;-23,41954182;-45,06905079
23/03/2025;00:10:00;PINDARE-MIRIM;Animais na Pista;Atropelamento de Animal;Com Vítimas Fatais;Plena Noite;Decrescente;Céu Claro;Simples;Reta;-3,730103;-45,428562
23/03/2025;20:00:00;PETROLINA;Ultrapassagem Indevida;Colisão lateral mesmo sentido;Com Vítimas Feridas;Plena Noite;Crescente;Céu Claro;Simples;Reta;-9,2494008;-40,42372076
23/03/2025;11:57:00;SAO LUIS;Conversão proibida;Colisão transversal;Com Vítimas Feridas;Pleno dia;Decrescente;Céu Claro;Simples;"Declive;Interseção de Vias;Reta";-2,565135;-44,33609
22/03/2025;01:00:00;CATALAO;Velocidade Incompatível;Tombamento;Com Vítimas Feridas;Plena Noite;Decrescente;Chuva;Dupla;Reta;-18,07433783;-47,86509275
22/03/2025;04:30:00;BRASILIA;Velocidade Incompatível;Saída de leito carroçável;Com Vítimas Fatais;Amanhecer;Decrescente;Chuva;Dupla;"Ponte;Declive";-15,60712424;-47,69235849
22/03/2025;06:55:00;DIAMANTE DO SUL;Velocidade Incompatível;Tombamento;Com Vítimas Feridas;Amanhecer;Crescente;Céu Claro;Simples;Curva;-25,1436;-52,702267
22/03/2025;09:20:00;MONTES CLAROS;Ultrapassagem Indevida;Colisão transversal;Com Vítimas Feridas;Pleno dia;Crescente;Nublado;Simples;Reta;-16,6536847;-43,7179142
22/03/2025;11:10:00;NOSSA SENHORA DO SOCORRO;Velocidade Incompatível;Colisão traseira;Sem Vítimas;Pleno dia;Crescente;Céu Claro;Dupla;"Reta;Aclive;Em Obras";-10,84472855;-37,13700771
22/03/2025;15:40:00;CAETANOPOLIS;Pista Escorregadia;Saída de leito carroçável;Com Vítimas Fatais;Pleno dia;Crescente;Chuva;Dupla;Reta;-19,33298827;-44,36289355
22/03/2025;13:10:00;MESSIAS;Velocidade Incompatível;Tombamento;Sem Vítimas;Pleno dia;Crescente;Céu Claro;Dupla;Curva;-9,34541494;-35,83431244
22/03/2025;18:20:00;MARUIM;Animais na Pista;Atropelamento de Animal;Com Vítimas Feridas;Plena Noite;Crescente;Céu Claro;Dupla;Reta;-10,75270339;-37,10048678
22/03/2025;18:55:00;IRAI;Afundamento ou ondulação no pavimento;Tombamento;Com Vítimas Feridas;Anoitecer;Crescente;Nublado;Simples;Curva;-27,18154665;-53,2442522
22/03/2025;17:20:00;SAO JOSE DA VITORIA;Velocidade Incompatível;Tombamento;Com Vítimas Feridas;Anoitecer;Crescente;Céu Claro;Simples;Reta;-15,102625;-39,35865
22/03/2025;18:10:00;SAO JOSE DA VITORIA;Velocidade Incompatível;Colisão frontal;Com Vítimas Feridas;Plena Noite;Decrescente;Céu Claro;Simples;Reta;-15,110823;-39,370618
22/03/2025;01:00:00;SORRISO;Animais na Pista;Atropelamento de Animal;Com Vítimas Feridas;Plena Noite;Crescente;Céu Claro;Simples;Reta;-12,942233;-55,864242
22/03/2025;03:00:00;CAMPO GRANDE;Animais na Pista;Atropelamento de Animal;Sem Vítimas;Plena Noite;Crescente;Céu Claro;Simples;Reta;-20,54675873;-54,55915935
22/03/2025;05:48:00;CARUARU;Animais na Pista;Atropelamento de Animal;Com Vítimas Feridas;Amanhecer;Decrescente;Céu Claro;Dupla;"Reta;Declive";-8,293893;-35,986387
22/03/2025;06:30:00;SETE LAGOAS;Pista Escorregadia;Tombamento;Com Vítimas Feridas;Amanhecer;Crescente;Céu Claro;Múltipla;Viaduto;-19,477659;-44,288238
22/03/2025;08:11:00;CAPIM GROSSO;Pista Escorregadia;Queda de ocupante de veículo;Com Vítimas Feridas;Pleno dia;Decrescente;Nublado;Simples;Rotatória;-11,37700988;-40,01732951
22/03/2025;08:50:00;PALHOCA;Velocidade Incompatível;Saída de leito carroçável;Com Vítimas Feridas;Pleno dia;Decrescente;Sol;Dupla;Reta;-27,7488524;-48,63555193
22/03/2025;09:15:00;UBATUBA;Retorno proibido;Colisão transversal;Com Vítimas Feridas;Pleno dia;Crescente;Céu Claro;Simples;Reta;-23,419205;-45,06863
22/03/2025;10:45:00;IRATI;Conversão proibida;Colisão lateral mesmo sentido;Sem Vítimas;Pleno dia;Crescente;Sol;Simples;Reta;-25,497;-50,648
22/03/2025;12:10:00;GRAVATAI;Animais na Pista;Colisão com objeto;Com Vítimas Feridas;Pleno dia;Crescente;Céu Claro;Múltipla;Reta;-29,9550388;-51,0036875
22/03/2025;12:30:00;BARRO ALTO;Velocidade Incompatível;Saída de leito carroçável;Com Vítimas Feridas;Pleno dia;Decrescente;Chuva;Dupla;Interseção de Vias;-14,96465804;-48,93123195
22/03/2025;13:50:00;GOIATUBA;Velocidade Incompatível;Saída de leito carroçável;Com Vítimas Feridas;Pleno dia;Crescente;Nublado;Dupla;Reta;-17,966348;-49,253306
22/03/2025;14:06:00;RECIFE;Animais na Pista;Atropelamento de Animal;Com Vítimas Feridas;Pleno dia;Decrescente;Céu Claro;Dupla;Reta;-8,09063;-34,946661
22/03/2025;15:00:00;FLORIANOPOLIS;Velocidade Incompatível;Colisão com objeto;Com Vítimas Feridas;Pleno dia;Crescente;Céu Claro;Múltipla;Curva;-27,599449;-48,574515
22/03/2025;18:40:00;ANASTACIO;Velocidade Incompatível;Tombamento;Com Vítimas Feridas;Plena Noite;Crescente;Céu Claro;Simples;Reta;-20,50007928;-55,77800632
22/03/2025;19:20:00;AGRESTINA;Velocidade Incompatível;Saída de leito carroçável;Com Vítimas Fatais;Plena Noite;Crescente;Céu Claro;Simples;Reta;-8,51555;-35,94152
22/03/2025;17:15:00;UBERLANDIA;Ultrapassagem Indevida;Colisão lateral mesmo sentido;Com Vítimas Feridas;Pleno dia;Crescente;Sol;Simples;Reta;-18,92486439;-48,19865799
22/03/2025;20:05:00;MACAIBA;Deficiência do Sistema de Iluminação/Sinalização;Colisão traseira;Com Vítimas Feridas;Plena Noite;Decrescente;Céu Claro;Simples;Reta;-5,867592;-35,3709583
22/03/2025;20:15:00;CURITIBA;Velocidade Incompatível;Saída de leito carroçável;Com Vítimas Feridas;Plena Noite;Decrescente;Céu Claro;Dupla;"Interseção de Vias;Curva;Declive";-25,429585;-49,3659
22/03/2025;20:10:00;REGISTRO;Demais falhas na via;Tombamento;Com Vítimas Feridas;Plena Noite;Decrescente;Nublado;Dupla;Reta;-24,477696;-47,8281728
22/03/2025;20:30:00;CAREACU;Velocidade Incompatível;Saída de leito carroçável;Com Vítimas Feridas;Plena Noite;Decrescente;Céu Claro;Dupla;Reta;-22,07893215;-45,70122948
22/03/2025;19:45:00;FELIXLANDIA;Chuva;Colisão frontal;Com Vítimas Fatais;Plena Noite;Crescente;Chuva;Simples;Reta;-18,72746985;-44,92652893
22/03/2025;19:30:00;SINOP;Demais falhas na via;Queda de ocupante de veículo;Com Vítimas Feridas;Plena Noite;Decrescente;Céu Claro;Dupla;"Em Obras;Reta";-11,91549701;-55,50872038
22/03/2025;21:30:00;MANDAGUARI;Velocidade Incompatível;Colisão traseira;Com Vítimas Feridas;Plena Noite;Decrescente;Céu Claro;Simples;Reta;-23,51908906;-51,68071643
22/03/2025;21:30:00;NOBRES;Iluminação deficiente;Colisão com objeto;Com Vítimas Feridas;Plena Noite;Crescente;Céu Claro;Dupla;Reta;-14,75688971;-56,34102195
22/03/2025;22:40:00;MANDAGUARI;Pista esburacada;Queda de ocupante de veículo;Com Vítimas Feridas;Plena Noite;Decrescente;Céu Claro;Dupla;Declive;-23,50392;-51,74702
22/03/2025;23:40:00;SOMBRIO;Velocidade Incompatível;Colisão lateral sentido oposto;Com Vítimas Feridas;Plena Noite;Decrescente;Céu Claro;Dupla;Reta;-29,10262642;-49,63536479
22/03/2025;23:00:00;HIDROLANDIA;Acesso irregular;Colisão frontal;Com Vítimas Feridas;Plena Noite;Decrescente;Céu Claro;Dupla;"Curva;Aclive";-16,91691002;-49,25308228
22/03/2025;14:00:00;NOVA GLORIA;Chuva;Capotamento;Com Vítimas Feridas;Pleno dia;Crescente;Chuva;Simples;Reta;-15,17112419;-49,54256237
22/03/2025;20:30:00;AMELIA RODRIGUES;Velocidade Incompatível;Colisão traseira;Com Vítimas Feridas;Plena Noite;Decrescente;Nublado;Dupla;"Reta;Aclive";-12,47092764;-38,68237853
22/03/2025;15:40:00;COLORADO DO OESTE;Demais falhas na via;Saída de leito carroçável;Com Vítimas Feridas;Pleno dia;Decrescente;Nublado;Simples;Curva;-13,19382194;-60,68984985
22/03/2025;01:29:00;MARIZOPOLIS;Animais na Pista;Atropelamento de Animal;Com Vítimas Feridas;Plena Noite;Decrescente;Céu Claro;Simples;"Reta;Interseção de Vias";-6,84389;-38,346152
21/03/2025;14:40:00;LONTRAS;Ultrapassagem Indevida;Colisão frontal;Com Vítimas Feridas;Pleno dia;Decrescente;Céu Claro;Simples;Reta;-27,1672763;-49,5596417
21/03/2025;13:15:00;NOVA VICOSA;Velocidade Incompatível;Saída de leito carroçável;Com Vítimas Fatais;Pleno dia;Decrescente;Chuva;Simples;Reta;-17,877368;-39,77398
21/03/2025;17:30:00;SAO GONCALO DO RIO ABAIXO;Velocidade Incompatível;Colisão frontal;Com Vítimas Feridas;Pleno dia;Crescente;Chuva;Simples;Curva;-19,85969949;-43,22536469
21/03/2025;16:20:00;ALTOS;Chuva;Colisão traseira;Com Vítimas Feridas;Anoitecer;Decrescente;Chuva;Simples;Reta;-5,04509741;-42,54513502
21/03/2025;18:00:00;JOAO MONLEVADE;Velocidade Incompatível;Colisão transversal;Com Vítimas Feridas;Anoitecer;Crescente;Nublado;Simples;"Curva;Declive";-19,8390476;-43,19389578
21/03/2025;20:00:00;NOVA ERA;Velocidade Incompatível;Tombamento;Com Vítimas Feridas;Plena Noite;Crescente;Céu Claro;Simples;Curva;-19,803975;-43,061225
21/03/2025;19:15:00;SANTA CECILIA;Ultrapassagem Indevida;Colisão lateral sentido oposto;Com Vítimas Feridas;Plena Noite;Decrescente;Céu Claro;Simples;Reta;-27,0021251;-50,41544437
21/03/2025;20:00:00;ENTRE RIOS;Ultrapassagem Indevida;Colisão lateral mesmo sentido;Com Vítimas Feridas;Plena Noite;Crescente;Céu Claro;Simples;"Em Obras;Reta;Declive";-11,973134;-38,14281464
21/03/2025;19:50:00;CACERES;Deficiência do Sistema de Iluminação/Sinalização;Colisão traseira;Com Vítimas Feridas;Plena Noite;Decrescente;Céu Claro;Simples;Reta;-16,0299076;-57,7281997
21/03/2025;07:00:00;FEIRA DE SANTANA;Pista Escorregadia;Tombamento;Com Vítimas Feridas;Pleno dia;Crescente;Céu Claro;Simples;Reta;-12,23281272;-38,94919395
21/03/2025;04:10:00;NOVA PRATA;Velocidade Incompatível;Saída de leito carroçável;Com Vítimas Fatais;Plena Noite;Decrescente;Céu Claro;Simples;Reta;-28,825308;-51,58345
21/03/2025;10:36:00;TAQUARITINGA DO NORTE;Acesso irregular;Colisão frontal;Com Vítimas Feridas;Pleno dia;Crescente;Céu Claro;Dupla;Curva;-7,97389773;-36,108284
21/03/2025;09:30:00;ITAPEBI;Velocidade Incompatível;Colisão lateral sentido oposto;Com Vítimas Feridas;Pleno dia;Crescente;Sol;Simples;Curva;-15,93134869;-39,56274033
21/03/2025;14:45:00;ABREU E LIMA;Ausência de sinalização;Colisão traseira;Com Vítimas Feridas;Pleno dia;Decrescente;Céu Claro;Múltipla;Reta;-7,91241959;-34,90018845
21/03/2025;15:35:00;CANGUCU;Velocidade Incompatível;Capotamento;Sem Vítimas;Pleno dia;Crescente;Céu Claro;Simples;Curva;-31,17609105;-52,84337997
21/03/2025;15:30:00;HORIZONTE;Conversão proibida;Colisão transversal;Com Vítimas Feridas;Pleno dia;Decrescente;Céu Claro;Dupla;Reta;-4,1107073;-38,4919471
21/03/2025;16:30:00;SAO JOSE DOS PINHAIS;Acesso irregular;Queda de ocupante de veículo;Com Vítimas Feridas;Pleno dia;Crescente;Céu Claro;Dupla;Reta;-25,48893458;-49,17823054
21/03/2025;16:35:00;RIO DO SUL;Conversão proibida;Colisão transversal;Com Vítimas Feridas;Pleno dia;Decrescente;Céu Claro;Simples;Reta;-27,172225;-49,5810922
21/03/2025;16:00:00;BRUMADINHO;Pista Escorregadia;Saída de leito carroçável;Com Vítimas Feridas;Pleno dia;Crescente;Chuva;Dupla;"Curva;Declive";-20,15844073;-44,3296815
21/03/2025;18:00:00;CRISTALINA;Pista Escorregadia;Queda de ocupante de veículo;Com Vítimas Feridas;Anoitecer;Crescente;Céu Claro;Simples;Reta;-16,75883106;-47,60066986
21/03/2025;19:40:00;AMELIA RODRIGUES;Acesso irregular;Colisão lateral mesmo sentido;Com Vítimas Feridas;Plena Noite;Crescente;Céu Claro;Dupla;Reta;-12,419037;-38,748652
21/03/2025;19:10:00;TRES PASSOS;Retorno proibido;Colisão transversal;Com Vítimas Feridas;Plena Noite;Crescente;Céu Claro;Simples;"Reta;Interseção de Vias";-27,435875;-53,950739
21/03/2025;20:00:00;LAGES;Acesso irregular;Colisão transversal;Com Vítimas Feridas;Plena Noite;Decrescente;Céu Claro;Simples;"Declive;Reta";-27,804129;-50,365029
21/03/2025;16:25:00;APIUNA;Conversão proibida;Colisão transversal;Com Vítimas Feridas;Pleno dia;Decrescente;Céu Claro;Simples;Curva;-27,096835;-49,457958
21/03/2025;19:40:00;TEOFILO OTONI;Velocidade Incompatível;Atropelamento de Pedestre;Com Vítimas Feridas;Plena Noite;Crescente;Céu Claro;Simples;Reta;-17,8409023;-41,51362181
21/03/2025;19:05:00;IBIRAMA;Retorno proibido;Colisão transversal;Com Vítimas Feridas;Plena Noite;Decrescente;Céu Claro;Simples;Reta;-27,110816;-49,526372
21/03/2025;19:50:00;SANTO ANTONIO DO AMPARO;Velocidade Incompatível;Saída de leito carroçável;Sem Vítimas;Plena Noite;Crescente;Céu Claro;Dupla;Curva;-20,95419583;-44,88704681
21/03/2025;18:00:00;UBERABA;Velocidade Incompatível;Saída de leito carroçável;Com Vítimas Feridas;Plena Noite;Crescente;Chuva;Dupla;Reta;-19,529266;-48,038074
21/03/2025;21:40:00;CURVELO;Conversão proibida;Colisão transversal;Com Vítimas Feridas;Plena Noite;Decrescente;Céu Claro;Simples;"Interseção de Vias;Reta";-19,00140562;-44,65942383
21/03/2025;18:30:00;PERDIZES;Chuva;Saída de leito carroçável;Com Vítimas Feridas;Plena Noite;Crescente;Chuva;Simples;Reta;-19,61274869;-47,40546137