data_inversa;horario;municipio;causa_acidente;tipo_acidente;classificacao_acidente;fase_dia;sentido_via;condicao_metereologica;tipo_pista;tracado_via;latitude;longitude
17/03/2025;11:00:00;VASSOURAS;Chuva;Saída de leito carroçável;Com Vítimas Feridas;Pleno dia;Crescente;Chuva;Simples;Curva;-22,34563029;-43,55564117
17/03/2025;14:20:00;IBIRACU;Chuva;Colisão com objeto;Com Vítimas Feridas;Pleno dia;Decrescente;Chuva;Dupla;Curva;-19,865772;-40,386034
17/03/2025;13:30:00;CAUCAIA;Modificação proibida;Colisão transversal;Com Vítimas Feridas;Pleno dia;Decrescente;Céu Claro;Simples;Reta;-3,77280065;-38,67534041
17/03/2025;14:00:00;PATO BRANCO;Condutor usando celular;Colisão lateral mesmo sentido;Com Vítimas Feridas;Pleno dia;Crescente;Céu Claro;Simples;Curva;-26,10090255;-52,64353629
17/03/2025;14:30:00;FEIRA DE SANTANA;Conversão proibida;Colisão lateral mesmo sentido;Com Vítimas Feridas;Pleno dia;Crescente;Céu Claro;Dupla;"Interseção de Vias;Reta";-12,249068;-38,933723
17/03/2025;15:50:00;CAMPO FLORIDO;Acumulo de água sobre o pavimento;Saída de leito carroçável;Com Vítimas Feridas;Pleno dia;Crescente;Chuva;Dupla;Reta;-19,671711;-48,773725
17/03/2025;15:00:00;JAICOS;Animais na Pista;Atropelamento de Animal;Com Vítimas Feridas;Pleno dia;Decrescente;Chuva;Simples;Reta;-7,33209;-41,152747
17/03/2025;15:00:00;SAPUCAIA;Velocidade Incompatível;Saída de leito carroçável;Com Vítimas Feridas;Pleno dia;Decrescente;Garoa/Chuvisco;Simples;Curva;-21,92250396;-42,76917458
17/03/2025;18:30:00;UBERLANDIA;Ultrapassagem Indevida;Colisão lateral mesmo sentido;Com Vítimas Feridas;Anoitecer;Decrescente;Céu Claro;Simples;Interseção de Vias;-18,91094529;-48,22216988
17/03/2025;18:56:00;JOAO MONLEVADE;Retorno proibido;Colisão traseira;Com Vítimas Feridas;Anoitecer;Crescente;Nublado;Simples;Reta;-19,839;-43,189
17/03/2025;17:40:00;BRUMADINHO;Chuva;Tombamento;Com Vítimas Feridas;Pleno dia;Decrescente;Chuva;Dupla;Curva;-20,12758045;-44,3027687
17/03/2025;18:30:00;COLORADO DO OESTE;Retorno proibido;Colisão frontal;Com Vítimas Feridas;Pleno dia;Decrescente;Céu Claro;Simples;Reta;-13,12873678;-60,54375406
17/03/2025;19:55:00;SERRINHA;Deficiência do Sistema de Iluminação/Sinalização;Colisão traseira;Com Vítimas Fatais;Plena Noite;Crescente;Céu Claro;Simples;Aclive;-11,5806065;-38,98704529
17/03/2025;20:05:00;GUAICARA;Animais na Pista;Tombamento;Com Vítimas Feridas;Plena Noite;Crescente;Céu Claro;Simples;Reta;-21,632089;-49,787793
17/03/2025;19:25:00;ARIQUEMES;Animais na Pista;Atropelamento de Animal;Com Vítimas Feridas;Plena Noite;Decrescente;Nublado;Simples;Reta;-10,044851;-62,97572
17/03/2025;14:15:00;AMARANTE;Chuva;Saída de leito carroçável;Com Vítimas Feridas;Pleno dia;Crescente;Chuva;Simples;Curva;-6,645775;-42,876538
17/03/2025;09:30:00;TRES RIOS;Chuva;Saída de leito carroçável;Com Vítimas Feridas;Pleno dia;Crescente;Chuva;Simples;Reta;-22,13907574;-43,15841675
16/03/2025;06:40:00;MATIPO;Velocidade Incompatível;Tombamento;Com Vítimas Feridas;Pleno dia;Crescente;Nublado;Simples;"Curva;Declive";-20,296298;-42,230988
16/03/2025;05:30:00;CONQUISTA DOESTE;Animais na Pista;Atropelamento de Animal;Com Vítimas Feridas;Amanhecer;Decrescente;Céu Claro;Simples;Reta;-14,8494542;-59,3065455
16/03/2025;07:32:00;LUZIANIA;Acostamento em desnível;Saída de leito carroçável;Sem Vítimas;Pleno dia;Decrescente;Céu Claro;Simples;Declive;-16,432392;-47,815518
16/03/2025;10:17:00;ARACATI;Ultrapassagem Indevida;Colisão traseira;Com Vítimas Feridas;Pleno dia;Decrescente;Chuva;Dupla;Reta;-4,5790708;-37,7310664
16/03/2025;16:15:00;AGUAS MORNAS;Conversão proibida;Colisão transversal;Com Vítimas Feridas;Pleno dia;Decrescente;Nublado;Simples;Reta;-27,68757352;-48,9708066
16/03/2025;14:35:00;IBAITI;Velocidade Incompatível;Tombamento;Com Vítimas Feridas;Pleno dia;Crescente;Céu Claro;Simples;Curva;-23,91915782;-50,23296833
16/03/2025;21:30:00;MONTES CLAROS;Velocidade Incompatível;Colisão com objeto;Com Vítimas Feridas;Plena Noite;Crescente;Céu Claro;Simples;"Curva;Declive";-16,6537054;-43,7179567
16/03/2025;01:30:00;EUNAPOLIS;Velocidade Incompatível;Saída de leito carroçável;Com Vítimas Fatais;Plena Noite;Decrescente;Céu Claro;Simples;Curva;-16,365654;-39,525807
16/03/2025;03:00:00;PALHOCA;Ausência de sinalização;Colisão transversal;Com Vítimas Feridas;Plena Noite;Crescente;Céu Claro;Dupla;Reta;-27,717;-48,648
16/03/2025;03:01:00;JOAO PESSOA;Chuva;Saída de leito carroçável;Sem Vítimas;Plena Noite;Decrescente;Chuva;Simples;Reta;-7,16079669;-34,85985303
16/03/2025;05:10:00;ESMERALDAS;Velocidade Incompatível;Saída de leito carroçável;Sem Vítimas;Amanhecer;Decrescente;Céu Claro;Dupla;"Reta;Declive";-19,7248227;-44,152489
16/03/2025;05:20:00;SANTOS DUMONT;Velocidade Incompatível;Colisão com objeto;Com Vítimas Feridas;Amanhecer;Crescente;Garoa/Chuvisco;Simples;Curva;-21,4858664;-43,5351518
16/03/2025;06:30:00;SERRA;Ultrapassagem Indevida;Colisão lateral mesmo sentido;Com Vítimas Feridas;Pleno dia;Decrescente;Céu Claro;Simples;Reta;-20,0488468;-40,3867006
16/03/2025;06:45:00;SAO JOSE DOS PINHAIS;Velocidade Incompatível;Tombamento;Com Vítimas Feridas;Pleno dia;Decrescente;Nublado;Dupla;Reta;-25,4893;-49,1778
16/03/2025;07:10:00;SAO JOSE DOS PINHAIS;Velocidade Incompatível;Tombamento;Com Vítimas Feridas;Amanhecer;Crescente;Céu Claro;Dupla;Reta;-25,56812653;-49,17665594
16/03/2025;06:40:00;SANTO ANTONIO DE JESUS;Animais na Pista;Atropelamento de Animal;Sem Vítimas;Pleno dia;Crescente;Céu Claro;Dupla;"Reta;Declive";-12,96725627;-39,27299023
16/03/2025;09:00:00;ABADIANIA;Velocidade Incompatível;Queda de ocupante de veículo;Com Vítimas Feridas;Pleno dia;Crescente;Céu Claro;Dupla;Curva;-16,16327;-48,63006
16/03/2025;10:35:00;SOBRADO;Acumulo de água sobre o pavimento;Saída de leito carroçável;Com Vítimas Feridas;Pleno dia;Decrescente;Chuva;Dupla;Reta;-7,190732;-35,24426
16/03/2025;11:15:00;UBATUBA;Ultrapassagem Indevida;Tombamento;Com Vítimas Feridas;Pleno dia;Decrescente;Chuva;Simples;Reta;-23,42258297;-45,07280219
16/03/2025;12:15:00;MONTE ALEGRE DE MINAS;Velocidade Incompatível;Colisão traseira;Com Vítimas Feridas;Pleno dia;Crescente;Céu Claro;Simples;Aclive;-18,95685129;-49,02906418
16/03/2025;13:00:00;MAFRA;Ultrapassagem Indevida;Colisão traseira;Com Vítimas Feridas;Pleno dia;Crescente;Céu Claro;Dupla;"Reta;Aclive";-26,113512;-49,78623
16/03/2025;10:50:00;FLORIANO;Acumulo de areia ou detritos sobre o pavimento;Tombamento;Com Vítimas Feridas;Pleno dia;Crescente;Sol;Simples;Rotatória;-6,81460546;-42,94062853
16/03/2025;13:13:00;RIO TINTO;Velocidade Incompatível;Colisão com objeto;Com Vítimas Feridas;Pleno dia;Crescente;Chuva;Dupla;Reta;-6,71936852;-35,11929631
16/03/2025;14:00:00;ANAPOLIS;Retorno proibido;Colisão traseira;Com Vítimas Feridas;Pleno dia;Crescente;Céu Claro;Dupla;Reta;-16,352429;-48,91624
16/03/2025;15:00:00;JOAO PESSOA;Acumulo de água sobre o pavimento;Saída de leito carroçável;Com Vítimas Feridas;Pleno dia;Decrescente;Chuva;Dupla;Reta;-7,206647;-34,908938
16/03/2025;12:30:00;SAO GONCALO DO RIO ABAIXO;Velocidade Incompatível;Saída de leito carroçável;Com Vítimas Feridas;Pleno dia;Crescente;Nublado;Simples;Curva;-19,848796;-43,253789
16/03/2025;14:55:00;AREAL;Velocidade Incompatível;Saída de leito carroçável;Com Vítimas Feridas;Pleno dia;Crescente;Chuva;Dupla;Curva;-22,19900365;-43,15880588
16/03/2025;15:00:00;RIO GRANDE;Retorno proibido;Colisão traseira;Sem Vítimas;Pleno dia;Decrescente;Céu Claro;Dupla;Reta;-31,89029807;-52,31901348
16/03/2025;16:13:00;DOMINGOS MARTINS;Chuva;Colisão frontal;Com Vítimas Feridas;Pleno dia;Crescente;Chuva;Simples;Curva;-20,38370745;-40,63549876
16/03/2025;13:30:00;PETROPOLIS;Pista Escorregadia;Colisão com objeto;Com Vítimas Feridas;Pleno dia;Crescente;Chuva;Simples;Curva;-22,528462;-43,2227818
16/03/2025;17:00:00;CRISTOPOLIS;Ultrapassagem Indevida;Colisão lateral sentido oposto;Com Vítimas Feridas;Anoitecer;Crescente;Céu Claro;Simples;Reta;-12,20884003;-44,46509332
16/03/2025;17:30:00;MACAPA;Velocidade Incompatível;Saída de leito carroçável;Com Vítimas Feridas;Pleno dia;Decrescente;Céu Claro;Dupla;Rotatória;0,104637;-51,126324
16/03/2025;15:30:00;INDIARA;Velocidade Incompatível;Saída de leito carroçável;Com Vítimas Feridas;Pleno dia;Crescente;Nublado;Dupla;"Retorno Regulamentado;Reta;Aclive";-17,09073194;-49,85637546
16/03/2025;17:45:00;JATAI;Chuva;Tombamento;Com Vítimas Feridas;Anoitecer;Crescente;Chuva;Simples;"Reta;Ponte";-17,96004125;-51,61934316
16/03/2025;16:50:00;MANGARATIBA;Pista Escorregadia;Colisão com objeto;Com Vítimas Feridas;Anoitecer;Crescente;Chuva;Simples;Curva;-22,93424692;-43,98706913
16/03/2025;15:20:00;VILHENA;Acesso irregular;Colisão traseira;Com Vítimas Feridas;Pleno dia;Decrescente;Nublado;Simples;Reta;-12,72589639;-60,19326401
16/03/2025;19:25:00;ROSARIO DO SUL;Velocidade Incompatível;Saída de leito carroçável;Sem Vítimas;Plena Noite;Crescente;Céu Claro;Simples;Interseção de Vias;-30,2392707;-54,87070084
16/03/2025;21:50:00;CONCEICAO DE MACABU;Chuva;Queda de ocupante de veículo;Com Vítimas Feridas;Plena Noite;Decrescente;Chuva;Dupla;Curva;-22,07511137;-41,68750405
16/03/2025;21:29:00;CANTA;Deficiência do Sistema de Iluminação/Sinalização;Colisão traseira;Com Vítimas Feridas;Plena Noite;Crescente;Ignorado;Simples;Reta;2,71260912;-60,60882568
16/03/2025;18:00:00;CAMPOS NOVOS;Velocidade Incompatível;Colisão com objeto;Sem Vítimas;Pleno dia;Decrescente;Céu Claro;Simples;Reta;-27,46669;-51,27177
16/03/2025;23:20:00;QUELUZ;Chuva;Queda de ocupante de veículo;Com Vítimas Feridas;Plena Noite;Crescente;Chuva;Dupla;Reta;-22,5411072;-44,7643648
16/03/2025;18:40:00;PRESIDENTE FIGUEIREDO;Pista esburacada;Queda de ocupante de veículo;Com Vítimas Feridas;Plena Noite;Crescente;Nublado;Simples;Declive;-1,90826413;-60,06088257
16/03/2025;15:25:00;VARGEM;Condutor usando celular;Saída de leito carroçável;Sem Vítimas;Pleno dia;Decrescente;Céu Claro;Simples;Curva;-27,49997;-50,94668
16/03/2025;18:50:00;LUIS EDUARDO MAGALHAES;Ultrapassagem Indevida;Colisão lateral sentido oposto;Com Vítimas Feridas;Plena Noite;Crescente;Céu Claro;Simples;Reta;-12,31628043;-45,85193201
15/03/2025;07:00:00;RODEIO;Velocidade Incompatível;Colisão com objeto;Com Vítimas Feridas;Pleno dia;Decrescente;Nublado;Simples;Curva;-26,9476045;-49,3648749
15/03/2025;01:30:00;MAURILANDIA;Animais na Pista;Atropelamento de Animal;Com Vítimas Fatais;Plena Noite;Crescente;Céu Claro;Simples;"Declive;Reta";-18,026031;-50,32409
15/03/2025;10:40:00;BETIM;Velocidade Incompatível;Colisão traseira;Com Vítimas Feridas;Pleno dia;Decrescente;Céu Claro;Múltipla;"Reta;Declive";-19,98384818;-44,16540281
15/03/2025;10:30:00;SAO LUIS;Ultrapassagem Indevida;Colisão lateral mesmo sentido;Com Vítimas Feridas;Pleno dia;Crescente;Céu Claro;Dupla;"Reta;Declive";-2,658183;-44,286148
15/03/2025;16:20:00;JEQUIE;Velocidade Incompatível;Tombamento;Sem Vítimas;Pleno dia;Crescente;Céu Claro;Simples;Curva;-13,8765796;-40,13425827
15/03/2025;14:00:00;NOVA NAZARE;Acostamento em desnível;Tombamento;Com Vítimas Feridas;Pleno dia;Crescente;Céu Claro;Simples;Reta;-13,76027331;-51,85051788
15/03/2025;15:10:00;ORTIGUEIRA;Chuva;Colisão frontal;Com Vítimas Fatais;Pleno dia;Crescente;Chuva;Simples;"Reta;Aclive";-24,3630772;-50,81042647
15/03/2025;20:30:00;CAMPINA GRANDE DO SUL;Velocidade Incompatível;Colisão lateral mesmo sentido;Com Vítimas Feridas;Plena Noite;Crescente;Garoa/Chuvisco;Dupla;"Reta;Ponte";-25,08112675;-48,6243172
15/03/2025;23:58:00;ARAGUAINA;Condutor usando celular;Colisão lateral sentido oposto;Com Vítimas Fatais;Plena Noite;Crescente;Céu Claro;Simples;Reta;-7,30020125;-48,29322835
15/03/2025;23:20:00;IBAITI;Velocidade Incompatível;Capotamento;Com Vítimas Fatais;Plena Noite;Crescente;Céu Claro;Simples;"Declive;Curva";-23,9359073;-50,2389312
15/03/2025;07:00:00;FORMOSO DO ARAGUAIA;Ultrapassagem Indevida;Colisão lateral mesmo sentido;Com Vítimas Feridas;Pleno dia;Crescente;Céu Claro;Simples;Reta;-11,8105636;-49,53495026
15/03/2025;00:03:00;CABEDELO;Desvio temporário;Saída de leito carroçável;Com Vítimas Feridas;Plena Noite;Crescente;Céu Claro;Dupla;"Desvio Temporário;Em Obras";-7,06085038;-34,85052824
15/03/2025;02:30:00;SAO JOSE DOS PINHAIS;Velocidade Incompatível;Colisão traseira;Sem Vítimas;Plena Noite;Crescente;Garoa/Chuvisco;Dupla;Reta;-25,54162545;-49,19102853
15/03/2025;01:00:00;BARRA DO PIRAI;Velocidade Incompatível;Colisão com objeto;Sem Vítimas;Plena Noite;Decrescente;Céu Claro;Simples;Curva;-22,4410726;-43,7878222
15/03/2025;04:35:00;BRASILIA;Velocidade Incompatível;Saída de leito carroçável;Com Vítimas Feridas;Plena Noite;Crescente;Chuva;Dupla;Reta;-15,59569305;-47,65079116
15/03/2025;05:10:00;PINHALZINHO;Velocidade Incompatível;Saída de leito carroçável;Com Vítimas Feridas;Amanhecer;Crescente;Céu Claro;Simples;Curva;-26,87761485;-52,95156013
15/03/2025;05:40:00;BARRA DO TURVO;Chuva;Capotamento;Com Vítimas Feridas;Amanhecer;Crescente;Garoa/Chuvisco;Dupla;Curva;-24,94709199;-48,42676163
15/03/2025;00:17:00;INHAPIM;Velocidade Incompatível;Colisão com objeto;Com Vítimas Feridas;Plena Noite;Decrescente;Céu Claro;Simples;Curva;-19,58152;-42,114513
15/03/2025;08:30:00;MANGARATIBA;Velocidade Incompatível;Atropelamento de Pedestre;Com Vítimas Feridas;Pleno dia;Decrescente;Nublado;Simples;Reta;-22,9183154;-43,9478571
15/03/2025;09:07:00;PALHOCA;Conversão proibida;Colisão frontal;Com Vítimas Feridas;Pleno dia;Decrescente;Nublado;Simples;Reta;-27,6698;-48,6917
15/03/2025;09:00:00;AGUAS MORNAS;Conversão proibida;Colisão traseira;Com Vítimas Feridas;Pleno dia;Crescente;Nublado;Simples;"Declive;Curva";-27,7132757;-48,8587318
15/03/2025;09:45:00;GUARAMIRIM;Conversão proibida;Colisão transversal;Com Vítimas Feridas;Pleno dia;Crescente;Céu Claro;Simples;"Aclive;Em Obras;Reta";-26,45765393;-48,93427491
15/03/2025;09:00:00;JUAZEIRO;Ultrapassagem Indevida;Colisão transversal;Com Vítimas Feridas;Pleno dia;Decrescente;Céu Claro;Dupla;Retorno Regulamentado;-9,46531734;-40,4825592
15/03/2025;07:20:00;CABO VERDE;Velocidade Incompatível;Saída de leito carroçável;Com Vítimas Fatais;Pleno dia;Decrescente;Céu Claro;Simples;Reta;-21,501193;-46,392332
15/03/2025;11:00:00;ATILIO VIVACQUA;Velocidade Incompatível;Saída de leito carroçável;Com Vítimas Feridas;Pleno dia;Crescente;Céu Claro;Simples;"Rotatória;Curva";-21,01072177;-41,14598628
15/03/2025;11:40:00;PALHOCA;Ultrapassagem Indevida;Colisão frontal;Com Vítimas Feridas;Pleno dia;Decrescente;Nublado;Simples;Curva;-27,67362793;-48,69498968
15/03/2025;13:30:00;LARANJEIRAS DO SUL;Ultrapassagem Indevida;Colisão lateral mesmo sentido;Com Vítimas Feridas;Pleno dia;Crescente;Nublado;Simples;Curva;-25,384357;-52,420773
15/03/2025;16:00:00;NOVA LIMA;Velocidade Incompatível;Saída de leito carroçável;Com Vítimas Feridas;Pleno dia;Decrescente;Nublado;Simples;Reta;-20,19266401;-43,97211289
15/03/2025;16:00:00;CAMBUI;Velocidade Incompatível;Colisão com objeto;Sem Vítimas;Pleno dia;Crescente;Chuva;Dupla;Curva;-22,59491627;-46,05631076
15/03/2025;15:20:00;BARREIRAS;Ultrapassagem Indevida;Colisão frontal;Com Vítimas Feridas;Pleno dia;Crescente;Céu Claro;Simples;"Interseção de Vias;Curva";-12,22461625;-45,02115604
15/03/2025;17:40:00;PORTO REAL;Acumulo de água sobre o pavimento;Colisão com objeto;Com Vítimas Feridas;Anoitecer;Crescente;Chuva;Dupla;Curva;-22,449903;-44,311087
15/03/2025;18:40:00;ACAILANDIA;Ausência de sinalização;Colisão lateral mesmo sentido;Com Vítimas Feridas;Anoitecer;Decrescente;Céu Claro;Simples;Declive;-4,921777;-47,432658
15/03/2025;10:30:00;PRESIDENTE TANCREDO NEVES;Velocidade Incompatível;Saída de leito carroçável;Com Vítimas Feridas;Pleno dia;Decrescente;Céu Claro;Simples;Curva;-13,4744382;-39,41825867
15/03/2025;19:50:00;BANDEIRANTES;Velocidade Incompatível;Colisão transversal;Com Vítimas Fatais;Plena Noite;Decrescente;Nublado;Simples;Reta;-23,104037;-50,311311
15/03/2025;20:30:00;RANCHO QUEIMADO;Afundamento ou ondulação no pavimento;Capotamento;Com Vítimas Feridas;Plena Noite;Decrescente;Céu Claro;Simples;Reta;-27,689269;-49,140563
15/03/2025;21:45:00;ABRE CAMPO;Animais na Pista;Atropelamento de Animal;Com Vítimas Feridas;Plena Noite;Decrescente;Céu Claro;Simples;Curva;-20,29088;-42,542503
15/03/2025;21:25:00;LINHARES;Conversão proibida;Colisão transversal;Com Vítimas Feridas;Plena Noite;Crescente;Céu Claro;Simples;Interseção de Vias;-19,39827778;-40,06336212
15/03/2025;22:05:00;LAGOA DO PIAUI;Animais na Pista;Atropelamento de Animal;Com Vítimas Feridas;Plena Noite;Decrescente;Chuva;Simples;Reta;-5,41190768;-42,64467593
15/03/2025;22:10:00;QUIPAPA;Velocidade Incompatível;Queda de ocupante de veículo;Com Vítimas Fatais;Plena Noite;Crescente;Garoa/Chuvisco;Simples;"Curva;Declive";-8,8174;-36,013104
15/03/2025;23:30:00;ITABUNA;Velocidade Incompatível;Saída de leito carroçável;Sem Vítimas;Plena Noite;Crescente;Nublado;Simples;Curva;-14,84912;-39,385047
15/03/2025;19:40:00;TERESOPOLIS;Velocidade Incompatível;Colisão lateral sentido oposto;Com Vítimas Feridas;Plena Noite;Crescente;Chuva;Simples;"Declive;Reta";-22,407113;-42,95136
15/03/2025;19:45:00;UNIAO DOS PALMARES;Animais na Pista;Atropelamento de Animal;Com Vítimas Feridas;Plena Noite;Decrescente;Céu Claro;Simples;Reta;-9,1763915;-36,03071451
14/03/2025;04:35:00;ESPLANADA;Desvio temporário;Colisão frontal;Com Vítimas Feridas;Amanhecer;Decrescente;Chuva;Dupla;"Reta;Desvio Temporário;Em Obras";-11,69253539;-37,90234739
14/03/2025;05:50:00;ALTO ARAGUAIA;Animais na Pista;Tombamento;Sem Vítimas;Amanhecer;Decrescente;Céu Claro;Simples;Declive;-17,27364969;-53,28424931
14/03/2025;05:35:00;ARAMARI;Ultrapassagem Indevida;Tombamento;Com Vítimas Feridas;Pleno dia;Crescente;Sol;Simples;"Reta;Aclive";-12,15902674;-38,5467875
14/03/2025;10:10:00;LUCAS DO RIO VERDE;Ultrapassagem Indevida;Colisão frontal;Com Vítimas Feridas;Pleno dia;Crescente;Sol;Simples;Reta;-13,212349;-55,99894
14/03/2025;09:20:00;SENADOR GUIOMARD;Acesso irregular;Colisão frontal;Com Vítimas Feridas;Pleno dia;Decrescente;Nublado;Simples;Reta;-10,10939562;-67,65307546
14/03/2025;14:00:00;FRANCISCO SA;Velocidade Incompatível;Colisão com objeto;Com Vítimas Feridas;Pleno dia;Crescente;Sol;Simples;Curva;-16,6098043;-43,6617239
14/03/2025;18:30:00;PATOS DE MINAS;Pista Escorregadia;Colisão lateral sentido oposto;Com Vítimas Fatais;Anoitecer;Crescente;Chuva;Simples;"Declive;Curva";-18,75754419;-46,65832749
14/03/2025;23:10:00;BAIA FORMOSA;Animais na Pista;Saída de leito carroçável;Com Vítimas Feridas;Plena Noite;Decrescente;Nublado;Dupla;Reta;-6,44259705;-35,11164925
14/03/2025;21:40:00;SAO CRISTOVAO DO SUL;Velocidade Incompatível;Tombamento;Com Vítimas Fatais;Plena Noite;Crescente;Céu Claro;Simples;Curva;-27,324178;-50,370396
14/03/2025;18:20:00;MATOES DO NORTE;Ultrapassagem Indevida;Colisão traseira;Com Vítimas Fatais;Anoitecer;Crescente;Nublado;Simples;"Em Obras;Reta;Desvio Temporário";-3,610583;-44,562365
14/03/2025;14:30:00;PEDRO LEOPOLDO;Condutor usando celular;Saída de leito carroçável;Com Vítimas Feridas;Pleno dia;Crescente;Céu Claro;Dupla;Curva;-19,67646341;-44,1891253
14/03/2025;13:50:00;SABARA;Velocidade Incompatível;Tombamento;Com Vítimas Feridas;Pleno dia;Crescente;Chuva;Simples;Curva;-19,78764077;-43,69176127
14/03/2025;01:10:00;VALPARAISO DE GOIAS;Velocidade Incompatível;Colisão transversal;Com Vítimas Feridas;Plena Noite;Crescente;Nublado;Dupla;"Reta;Declive";-16,04909228;-47,98660755
14/03/2025;01:15:00;ITATIAIA;Chuva;Queda de ocupante de veículo;Com Vítimas Feridas;Plena Noite;Decrescente;Céu Claro;Simples;Reta;-22,46907194;-44,51220945
14/03/2025;01:18:00;NOVA MUTUM;Animais na Pista;Atropelamento de Animal;Com Vítimas Feridas;Plena Noite;Crescente;Céu Claro;Simples;Reta;-13,601437;-56,031762
14/03/2025;05:30:00;BOCAINA DO SUL;Velocidade Incompatível;Saída de leito carroçável;Com Vítimas Feridas;Amanhecer;Crescente;Nublado;Simples;Curva;-27,74644242;-49,80986595
14/03/2025;07:15:00;ARAPONGAS;Conversão proibida;Colisão traseira;Com Vítimas Feridas;Pleno dia;Crescente;Céu Claro;Dupla;Reta;-23,384562;-51,419131
14/03/2025;07:20:00;LONDRINA;Velocidade Incompatível;Colisão traseira;Com Vítimas Feridas;Pleno dia;Decrescente;Céu Claro;Dupla;Reta;-23,293;-51,167
14/03/2025;09:00:00;SEROPEDICA;Conversão proibida;Colisão traseira;Com Vítimas Feridas;Pleno dia;Crescente;Céu Claro;Simples;Reta;-22,7147776;-43,7256192
14/03/2025;10:40:00;RECIFE;Acostamento em desnível;Queda de ocupante de veículo;Com Vítimas Feridas;Pleno dia;Crescente;Nublado;Dupla;Reta;-8,07911;-34,943013
14/03/2025;10:20:00;MOSSORO;Condutor usando celular;Colisão traseira;Com Vítimas Feridas;Pleno dia;Crescente;Sol;Simples;Reta;-5,20691919;-37,33035391
14/03/2025;11:45:00;GOVERNADOR VALADARES;Acesso irregular;Colisão transversal;Com Vítimas Feridas;Pleno dia;Crescente;Céu Claro;Simples;Interseção de Vias;-18,88503186;-41,94699497
14/03/2025;12:15:00;ARAGUARI;Acumulo de areia ou detritos sobre o pavimento;Saída de leito carroçável;Com Vítimas Feridas;Pleno dia;Crescente;Sol;Dupla;"Reta;Retorno Regulamentado";-18,74508348;-48,23176841
14/03/2025;13:58:00;CAETANOPOLIS;Pista esburacada;Tombamento;Com Vítimas Fatais;Pleno dia;Crescente;Céu Claro;Dupla;Reta;-19,348275;-44,353469
14/03/2025;14:20:00;SANTOS DUMONT;Acumulo de água sobre o pavimento;Saída de leito carroçável;Com Vítimas Feridas;Pleno dia;Decrescente;Chuva;Simples;"Declive;Curva";-21,503054;-43,532484
14/03/2025;14:00:00;UMIRIM;Conversão proibida;Colisão transversal;Com Vítimas Feridas;Pleno dia;Crescente;Céu Claro;Simples;"Reta;Declive";-3,676951;-39,333647
14/03/2025;16:15:00;PALHOCA;Conversão proibida;Colisão transversal;Com Vítimas Feridas;Pleno dia;Decrescente;Céu Claro;Simples;"Reta;Retorno Regulamentado";-27,66943248;-48,69128639
14/03/2025;16:40:00;UBERLANDIA;Velocidade Incompatível;Saída de leito carroçável;Com Vítimas Feridas;Pleno dia;Decrescente;Chuva;Dupla;"Declive;Curva";-18,8223346;-48,2491502
14/03/2025;17:15:00;SAO LEOPOLDO;Retorno proibido;Colisão traseira;Com Vítimas Feridas;Pleno dia;Decrescente;Céu Claro;Simples;Reta;-29,74152862;-51,15028946
14/03/2025;13:40:00;RECIFE;Acesso irregular;Queda de ocupante de veículo;Com Vítimas Feridas;Pleno dia;Crescente;Chuva;Dupla;Reta;-7,970364;-34,920507
14/03/2025;16:03:00;SANTA MARIA DO PARA;Conversão proibida;Colisão transversal;Com Vítimas Feridas;Pleno dia;Decrescente;Céu Claro;Simples;Interseção de Vias;-1,31650832;-47,51089446
14/03/2025;18:30:00;SINOP;Retorno proibido;Colisão lateral sentido oposto;Com Vítimas Feridas;Pleno dia;Crescente;Céu Claro;Dupla;Reta;-11,93547804;-55,51461339
14/03/2025;20:10:00;JACAREI;Animais na Pista;Atropelamento de Animal;Com Vítimas Feridas;Plena Noite;Crescente;Céu Claro;Dupla;"Reta;Declive";-23,30490555;-46,03371967
14/03/2025;19:05:00;SAO CRISTOVAO DO SUL;Velocidade Incompatível;Saída de leito carroçável;Com Vítimas Feridas;Plena Noite;Decrescente;Céu Claro;Simples;Reta;-27,30398065;-50,40302927
14/03/2025;17:50:00;MAGE;Conversão proibida;Colisão frontal;Com Vítimas Feridas;Anoitecer;Decrescente;Céu Claro;Simples;Reta;-22,66566024;-43,03001404
14/03/2025;22:05:00;PARNAMIRIM;Conversão proibida;Colisão transversal;Com Vítimas Feridas;Plena Noite;Crescente;Céu Claro;Dupla;Reta;-5,92771698;-35,26488304
14/03/2025;22:30:00;MAFRA;Pista Escorregadia;Queda de ocupante de veículo;Com Vítimas Feridas;Plena Noite;Decrescente;Ignorado;Simples;Rotatória;-26,1184039;-49,78766799
14/03/2025;23:30:00;GUARANTA DO NORTE;Conversão proibida;Colisão frontal;Com Vítimas Feridas;Plena Noite;Decrescente;Céu Claro;Simples;"Reta;Aclive;Interseção de Vias";-9,96516276;-54,90516186
14/03/2025;02:45:00;SERRA TALHADA;Animais na Pista;Atropelamento de Animal;Com Vítimas Feridas;Plena Noite;Decrescente;Céu Claro;Simples;Reta;-7,99337;-38,339497
14/03/2025;13:35:00;CAREACU;Velocidade Incompatível;Saída de leito carroçável;Com Vítimas Feridas;Pleno dia;Decrescente;Garoa/Chuvisco;Dupla;"Curva;Declive";-22,015676;-45,679156