data_inversa;horario;municipio;causa_acidente;tipo_acidente;classificacao_acidente;fase_dia;sentido_via;condicao_metereologica;tipo_pista;tracado_via;latitude;longitude
14/03/2025;18:45:00;CAMPANHA;Animais na Pista;Atropelamento de Animal;Com Vítimas Feridas;Anoitecer;Crescente;Nublado;Dupla;Curva;-21,79707051;-45,45524597
13/03/2025;06:15:00;CRUZ ALTA;Ultrapassagem Indevida;Colisão frontal;Com Vítimas Fatais;Amanhecer;Decrescente;Céu Claro;Simples;Curva;-28,74847;-53,595669
13/03/2025;10:50:00;PONTA GROSSA;Velocidade Incompatível;Colisão traseira;Sem Vítimas;Pleno dia;Decrescente;Céu Claro;Dupla;Reta;-25,26231018;-49,97689247
13/03/2025;12:40:00;ARAPONGAS;Velocidade Incompatível;Queda de ocupante de veículo;Com Vítimas Feridas;Pleno dia;Decrescente;Nublado;Dupla;Reta;-23,476282;-51,4237592
13/03/2025;12:00:00;RIO PARDO;Ausência de sinalização;Colisão traseira;Com Vítimas Feridas;Pleno dia;Decrescente;Céu Claro;Simples;Reta;-30,17315905;-52,26413012
13/03/2025;10:24:00;TIBAGI;Velocidade Incompatível;Colisão com objeto;Com Vítimas Fatais;Pleno dia;Crescente;Céu Claro;Dupla;"Declive;Curva";-24,94344522;-50,39887301
13/03/2025;14:15:00;TIBAGI;Velocidade Incompatível;Colisão com objeto;Sem Vítimas;Pleno dia;Decrescente;Chuva;Dupla;Curva;-24,602485;-50,663783
13/03/2025;10:55:00;VARGEM BONITA;Velocidade Incompatível;Tombamento;Com Vítimas Feridas;Pleno dia;Decrescente;Céu Claro;Simples;Curva;-26,983402;-51,754258
13/03/2025;10:00:00;CACERES;Velocidade Incompatível;Colisão lateral sentido oposto;Com Vítimas Feridas;Pleno dia;Decrescente;Céu Claro;Simples;"Declive;Curva";-16,252563;-57,465518
13/03/2025;11:50:00;NOVA MUTUM;Retorno proibido;Colisão transversal;Sem Vítimas;Pleno dia;Crescente;Céu Claro;Simples;"Interseção de Vias;Em Obras";-13,772343;-56,057733
13/03/2025;15:30:00;SANTOS DUMONT;Velocidade Incompatível;Colisão com objeto;Sem Vítimas;Pleno dia;Crescente;Chuva;Dupla;Curva;-21,42020094;-43,56123447
13/03/2025;13:30:00;PATOS DE MINAS;Chuva;Colisão traseira;Com Vítimas Feridas;Pleno dia;Crescente;Chuva;Simples;Reta;-18,746;-46,635
13/03/2025;14:35:00;DOMINGOS MARTINS;Faixas de trânsito com largura insuficiente;Colisão frontal;Com Vítimas Feridas;Pleno dia;Crescente;Céu Claro;Simples;"Curva;Aclive";-20,37905602;-40,57387937
13/03/2025;15:30:00;DUQUE DE CAXIAS;Pista Escorregadia;Colisão com objeto;Com Vítimas Feridas;Pleno dia;Crescente;Sol;Simples;"Declive;Curva";-22,569646;-43,277592
13/03/2025;16:40:00;FRUTA DE LEITE;Ultrapassagem Indevida;Colisão lateral sentido oposto;Sem Vítimas;Pleno dia;Decrescente;Céu Claro;Simples;"Reta;Declive";-16,215697;-42,365461
13/03/2025;20:00:00;SANTO ANTONIO DE JESUS;Ultrapassagem Indevida;Colisão frontal;Com Vítimas Feridas;Plena Noite;Crescente;Céu Claro;Simples;"Declive;Curva";-12,957684;-39,269455
13/03/2025;21:00:00;PERDIZES;Velocidade Incompatível;Colisão com objeto;Com Vítimas Feridas;Plena Noite;Decrescente;Chuva;Simples;Curva;-19,61178606;-47,43733406
13/03/2025;01:10:00;ITAPEMA;Acumulo de água sobre o pavimento;Colisão com objeto;Com Vítimas Feridas;Plena Noite;Crescente;Chuva;Dupla;"Declive;Reta";-27,0851653;-48,60686118
13/03/2025;00:10:00;PARANAVAI;Chuva;Capotamento;Com Vítimas Fatais;Plena Noite;Crescente;Chuva;Simples;Reta;-22,999074;-52,569313
13/03/2025;07:20:00;ITAPEMIRIM;Velocidade Incompatível;Saída de leito carroçável;Com Vítimas Feridas;Pleno dia;Crescente;Céu Claro;Simples;Curva;-20,88981252;-41,03637988
13/03/2025;05:00:00;OLINDINA;Velocidade Incompatível;Saída de leito carroçável;Com Vítimas Fatais;Amanhecer;Crescente;Céu Claro;Simples;"Declive;Curva";-11,306033;-38,399951
13/03/2025;08:00:00;MORRETES;Chuva;Saída de leito carroçável;Com Vítimas Feridas;Pleno dia;Crescente;Chuva;Dupla;Curva;-25,57424479;-48,85409094
13/03/2025;08:45:00;TEIXEIRA DE FREITAS;Ultrapassagem Indevida;Colisão transversal;Com Vítimas Feridas;Pleno dia;Decrescente;Céu Claro;Simples;Reta;-17,529297;-39,709775
13/03/2025;10:05:00;SINOP;Conversão proibida;Colisão transversal;Com Vítimas Feridas;Pleno dia;Decrescente;Céu Claro;Simples;Reta;-12,00163809;-55,5171454
13/03/2025;12:40:00;SALGUEIRO;Ultrapassagem Indevida;Colisão frontal;Com Vítimas Feridas;Pleno dia;Decrescente;Céu Claro;Simples;Reta;-8,02626185;-39,14401889
13/03/2025;14:20:00;BETIM;Velocidade Incompatível;Saída de leito carroçável;Com Vítimas Feridas;Pleno dia;Decrescente;Céu Claro;Dupla;"Aclive;Reta";-19,9966228;-44,2091983
13/03/2025;16:38:00;SETE LAGOAS;Acumulo de areia ou detritos sobre o pavimento;Tombamento;Com Vítimas Feridas;Pleno dia;Crescente;Céu Claro;Dupla;"Aclive;Reta";-19,47442;-44,29195
13/03/2025;16:30:00;ITAPEVA;Velocidade Incompatível;Capotamento;Com Vítimas Feridas;Pleno dia;Crescente;Chuva;Dupla;Curva;-22,77496475;-46,23890859
13/03/2025;15:00:00;DUQUE DE CAXIAS;Ultrapassagem Indevida;Colisão frontal;Com Vítimas Feridas;Pleno dia;Decrescente;Céu Claro;Simples;Reta;-22,64243146;-43,28335125
13/03/2025;15:10:00;PETROLINA;Ultrapassagem Indevida;Colisão lateral mesmo sentido;Com Vítimas Feridas;Pleno dia;Decrescente;Céu Claro;Simples;Reta;-9,2553;-40,426667
13/03/2025;13:10:00;PORTO VELHO;Desvio temporário;Colisão transversal;Com Vítimas Feridas;Pleno dia;Crescente;Nublado;Dupla;"Em Obras;Reta;Desvio Temporário";-8,800495;-63,724356
13/03/2025;16:30:00;JUIZ DE FORA;Chuva;Saída de leito carroçável;Com Vítimas Feridas;Pleno dia;Crescente;Chuva;Dupla;Declive;-21,81752058;-43,37882996
13/03/2025;17:50:00;CONGONHAL;Conversão proibida;Colisão transversal;Com Vítimas Feridas;Pleno dia;Decrescente;Nublado;Simples;Reta;-22,15028966;-46,03628218
13/03/2025;15:53:00;ITAQUIRAI;Animais na Pista;Atropelamento de Animal;Com Vítimas Feridas;Pleno dia;Crescente;Céu Claro;Simples;Curva;-23,463;-54,193
13/03/2025;17:10:00;BARRA DO CORDA;Ultrapassagem Indevida;Colisão frontal;Com Vítimas Feridas;Pleno dia;Crescente;Céu Claro;Simples;Reta;-5,5083008;-45,252608
13/03/2025;18:36:00;FEIRA DE SANTANA;Conversão proibida;Colisão lateral sentido oposto;Com Vítimas Feridas;Plena Noite;Decrescente;Céu Claro;Dupla;"Interseção de Vias;Reta";-12,24897985;-38,93375516
13/03/2025;19:00:00;ITAPECERICA DA SERRA;Afundamento ou ondulação no pavimento;Queda de ocupante de veículo;Com Vítimas Feridas;Plena Noite;Crescente;Céu Claro;Simples;"Retorno Regulamentado;Viaduto;Reta";-23,68354813;-46,85813587
13/03/2025;18:40:00;RONDONOPOLIS;Acesso irregular;Colisão com objeto;Sem Vítimas;Anoitecer;Decrescente;Céu Claro;Dupla;"Reta;Retorno Regulamentado";-16,436543;-54,682068
13/03/2025;20:00:00;CAXIAS DO SUL;Acesso irregular;Colisão lateral sentido oposto;Com Vítimas Feridas;Plena Noite;Decrescente;Céu Claro;Simples;"Reta;Rotatória";-29,19224173;-51,1800974
13/03/2025;17:30:00;BARRA MANSA;Acumulo de água sobre o pavimento;Colisão com objeto;Com Vítimas Feridas;Anoitecer;Decrescente;Chuva;Dupla;Reta;-22,56282666;-44,16932691
13/03/2025;20:05:00;CANOINHAS;Conversão proibida;Colisão frontal;Sem Vítimas;Plena Noite;Crescente;Céu Claro;Simples;"Declive;Reta";-26,191273;-50,401953
13/03/2025;13:15:00;TERESOPOLIS;Conversão proibida;Colisão transversal;Com Vítimas Feridas;Pleno dia;Decrescente;Céu Claro;Simples;"Reta;Declive";-22,404121;-42,952532
13/03/2025;19:15:00;DUQUE DE CAXIAS;Demais falhas na via;Tombamento;Com Vítimas Feridas;Plena Noite;Crescente;Garoa/Chuvisco;Dupla;Reta;-22,60166457;-43,28345949
13/03/2025;21:20:00;ANGICOS;Animais na Pista;Atropelamento de Animal;Sem Vítimas;Plena Noite;Crescente;Céu Claro;Simples;Reta;-5,682;-36,506
13/03/2025;23:40:00;ESPLANADA;Ausência de sinalização;Colisão com objeto;Com Vítimas Feridas;Plena Noite;Decrescente;Céu Claro;Simples;"Curva;Desvio Temporário";-11,69253539;-37,90234739
13/03/2025;18:10:00;DUQUE DE CAXIAS;Chuva;Queda de ocupante de veículo;Com Vítimas Feridas;Plena Noite;Decrescente;Chuva;Múltipla;Reta;-22,62924063;-43,28544059
13/03/2025;18:30:00;IMBAU;Acesso irregular;Colisão com objeto;Com Vítimas Feridas;Plena Noite;Crescente;Céu Claro;Simples;"Reta;Desvio Temporário";-24,38208509;-50,79024553
13/03/2025;05:10:00;SANTO ANTONIO DE JESUS;Animais na Pista;Atropelamento de Animal;Com Vítimas Feridas;Amanhecer;Crescente;Céu Claro;Simples;Curva;-13,00652303;-39,29423332
12/03/2025;05:15:00;ITAGUARA;Sinalização mal posicionada;Colisão traseira;Com Vítimas Feridas;Pleno dia;Decrescente;Céu Claro;Dupla;Curva;-20,33757;-44,44312
12/03/2025;07:30:00;WANDERLANDIA;Ultrapassagem Indevida;Colisão frontal;Com Vítimas Fatais;Pleno dia;Decrescente;Nublado;Simples;"Declive;Reta";-7,07874732;-48,13942909
12/03/2025;08:00:00;PEIXE-BOI;Conversão proibida;Colisão frontal;Com Vítimas Feridas;Pleno dia;Crescente;Nublado;Simples;"Interseção de Vias;Reta";-1,262413;-47,268885
12/03/2025;02:00:00;PRESIDENTE FIGUEIREDO;Ausência de sinalização;Colisão frontal;Sem Vítimas;Plena Noite;Decrescente;Ignorado;Simples;"Aclive;Reta";-0,90125038;-60,51950645
12/03/2025;08:10:00;CONGONHAS;Velocidade Incompatível;Colisão com objeto;Com Vítimas Feridas;Pleno dia;Crescente;Céu Claro;Simples;Curva;-20,4768177;-43,8424204
12/03/2025;08:25:00;INDAIAL;Ultrapassagem Indevida;Saída de leito carroçável;Com Vítimas Fatais;Pleno dia;Crescente;Céu Claro;Simples;Reta;-26,87004761;-49,22456503
12/03/2025;08:50:00;RONDONOPOLIS;Velocidade Incompatível;Colisão traseira;Sem Vítimas;Pleno dia;Crescente;Céu Claro;Dupla;Retorno Regulamentado;-16,417163;-54,7066919
12/03/2025;09:40:00;GOIANIA;Velocidade Incompatível;Colisão lateral mesmo sentido;Com Vítimas Fatais;Pleno dia;Crescente;Céu Claro;Dupla;Curva;-16,750771;-49,341211
12/03/2025;12:00:00;LUIS CORREIA;Velocidade Incompatível;Derramamento de carga;Com Vítimas Feridas;Pleno dia;Decrescente;Nublado;Simples;Curva;-3,10113539;-41,46094322
12/03/2025;12:02:00;ESCADA;Velocidade Incompatível;Derramamento de carga;Com Vítimas Feridas;Pleno dia;Decrescente;Céu Claro;Dupla;Curva;-8,40971541;-35,28242111
12/03/2025;15:30:00;RESSAQUINHA;Velocidade Incompatível;Saída de leito carroçável;Com Vítimas Feridas;Pleno dia;Decrescente;Céu Claro;Simples;"Declive;Curva";-21,073811;-43,766567
12/03/2025;15:45:00;BRASILIA;Pista Escorregadia;Saída de leito carroçável;Com Vítimas Feridas;Pleno dia;Crescente;Garoa/Chuvisco;Dupla;Retorno Regulamentado;-15,597182;-47,673465
12/03/2025;15:45:00;JUIZ DE FORA;Velocidade Incompatível;Tombamento;Com Vítimas Feridas;Pleno dia;Decrescente;Céu Claro;Simples;Curva;-21,74694032;-43,19659665
12/03/2025;17:00:00;BOA VIAGEM;Pista esburacada;Colisão lateral mesmo sentido;Com Vítimas Feridas;Pleno dia;Crescente;Nublado;Simples;Reta;-5,0975389;-39,7128677
12/03/2025;13:45:00;IPAUMIRIM;Demais falhas na via;Tombamento;Com Vítimas Feridas;Pleno dia;Decrescente;Céu Claro;Simples;Rotatória;-6,84185005;-38,73709157
12/03/2025;16:00:00;BARRA DO TURVO;Velocidade Incompatível;Colisão traseira;Com Vítimas Feridas;Pleno dia;Crescente;Nublado;Múltipla;Curva;-25,021071;-48,516402
12/03/2025;18:04:00;JACIARA;Acumulo de água sobre o pavimento;Colisão traseira;Com Vítimas Feridas;Anoitecer;Decrescente;Chuva;Dupla;Reta;-15,840149;-55,156565
12/03/2025;05:30:00;AGUIARNOPOLIS;Animais na Pista;Atropelamento de Animal;Com Vítimas Feridas;Amanhecer;Crescente;Nublado;Simples;Reta;-6,54774;-47,482217
12/03/2025;07:14:00;VILA VELHA;Falta de acostamento;Colisão lateral mesmo sentido;Com Vítimas Fatais;Pleno dia;Decrescente;Céu Claro;Dupla;Reta;-20,3520306;-40,33355713
12/03/2025;05:30:00;VILA BOA;Ultrapassagem Indevida;Colisão frontal;Sem Vítimas;Amanhecer;Decrescente;Céu Claro;Simples;Reta;-14,966912;-47,009011
12/03/2025;06:40:00;PARANAVAI;Ultrapassagem Indevida;Colisão lateral sentido oposto;Com Vítimas Fatais;Pleno dia;Crescente;Sol;Simples;"Reta;Aclive";-23,033194;-52,480379
12/03/2025;08:30:00;ITABAIANA;Acesso irregular;Colisão transversal;Com Vítimas Feridas;Pleno dia;Decrescente;Céu Claro;Simples;Reta;-10,67051455;-37,44509763
12/03/2025;11:35:00;BREJO SANTO;Conversão proibida;Colisão traseira;Com Vítimas Feridas;Pleno dia;Crescente;Sol;Simples;"Declive;Reta";-7,47959126;-38,9815414
12/03/2025;10:30:00;CANDIOTA;Animais na Pista;Capotamento;Sem Vítimas;Pleno dia;Crescente;Céu Claro;Simples;"Reta;Declive";-31,45581;-53,674352
12/03/2025;12:10:00;ITAJAI;Velocidade Incompatível;Colisão frontal;Com Vítimas Feridas;Pleno dia;Decrescente;Céu Claro;Múltipla;Reta;-26,8894638;-48,72108912
12/03/2025;14:30:00;BRASILIA;Chuva;Tombamento;Com Vítimas Feridas;Pleno dia;Decrescente;Chuva;Dupla;Reta;-15,789945;-48,148889
12/03/2025;14:00:00;BRASILIA;Velocidade Incompatível;Tombamento;Com Vítimas Feridas;Pleno dia;Crescente;Chuva;Dupla;"Reta;Declive";-15,6288548;-47,730253
12/03/2025;14:00:00;UNIAO DA VITORIA;Velocidade Incompatível;Colisão traseira;Com Vítimas Feridas;Pleno dia;Crescente;Céu Claro;Simples;Reta;-26,19826532;-50,99475861
12/03/2025;16:15:00;ARGIRITA;Demais falhas na via;Saída de leito carroçável;Com Vítimas Feridas;Pleno dia;Decrescente;Céu Claro;Simples;Reta;-21,64081106;-42,83499196
12/03/2025;17:10:00;GUARAMIRIM;Acumulo de água sobre o pavimento;Queda de ocupante de veículo;Com Vítimas Feridas;Pleno dia;Crescente;Chuva;Dupla;Rotatória;-26,47404439;-49,02009303
12/03/2025;18:10:00;CUIABA;Acesso irregular;Colisão transversal;Com Vítimas Feridas;Plena Noite;Crescente;Céu Claro;Simples;Reta;-15,613952;-56,098816
12/03/2025;19:00:00;MOSSORO;Animais na Pista;Atropelamento de Animal;Com Vítimas Feridas;Plena Noite;Decrescente;Céu Claro;Dupla;Reta;-5,151579;-37,348367
12/03/2025;15:40:00;RIO VERDE;Retorno proibido;Colisão transversal;Com Vítimas Feridas;Pleno dia;Decrescente;Nublado;Dupla;Reta;-17,819037;-51,187942
12/03/2025;18:20:00;VITORIA DA CONQUISTA;Animais na Pista;Atropelamento de Animal;Com Vítimas Feridas;Plena Noite;Decrescente;Céu Claro;Simples;Reta;-14,8903;-40,8169
12/03/2025;17:20:00;GASPAR;Ultrapassagem Indevida;Colisão lateral mesmo sentido;Com Vítimas Feridas;Pleno dia;Crescente;Chuva;Dupla;Interseção de Vias;-26,905012;-48,938711
12/03/2025;22:20:00;SANTA VITORIA;Animais na Pista;Atropelamento de Animal;Com Vítimas Feridas;Plena Noite;Crescente;Céu Claro;Simples;Reta;-18,91495946;-50,23275375
12/03/2025;20:00:00;SANTO ANTONIO DO LEVERGER;Acumulo de água sobre o pavimento;Saída de leito carroçável;Sem Vítimas;Plena Noite;Crescente;Chuva;Dupla;"Reta;Retorno Regulamentado";-15,77202207;-55,65394387
12/03/2025;22:30:00;PORTO VELHO;Ultrapassagem Indevida;Colisão frontal;Com Vítimas Feridas;Plena Noite;Crescente;Garoa/Chuvisco;Dupla;"Declive;Reta";-8,80077007;-63,72688293
12/03/2025;16:00:00;BELMONTE;Velocidade Incompatível;Saída de leito carroçável;Com Vítimas Feridas;Pleno dia;Crescente;Sol;Simples;Curva;-15,83272943;-39,53019905
12/03/2025;07:40:00;LONDRINA;Acesso irregular;Colisão transversal;Com Vítimas Feridas;Pleno dia;Não Informado;Céu Claro;Dupla;Interseção de Vias;-23,31461182;-51,16558313
12/03/2025;16:53:00;LUZIANIA;Chuva;Colisão transversal;Com Vítimas Feridas;Pleno dia;Crescente;Chuva;Dupla;Reta;-16,120174;-47,9634208
11/03/2025;00:10:00;UBERABA;Velocidade Incompatível;Colisão traseira;Com Vítimas Feridas;Plena Noite;Crescente;Céu Claro;Dupla;Reta;-19,18538068;-48,16680908
11/03/2025;04:30:00;MIRACATU;Velocidade Incompatível;Tombamento;Com Vítimas Feridas;Plena Noite;Decrescente;Nublado;Dupla;"Declive;Curva";-24,2675384;-47,3931957
11/03/2025;06:00:00;ALEGRETE;Animais na Pista;Atropelamento de Animal;Com Vítimas Feridas;Amanhecer;Crescente;Céu Claro;Simples;"Reta;Ponte";-29,806739;-55,83445
11/03/2025;08:20:00;CAJAZEIRAS;Animais na Pista;Colisão frontal;Com Vítimas Feridas;Pleno dia;Crescente;Céu Claro;Simples;Reta;-6,897755;-38,573758
11/03/2025;08:40:00;BARREIRAS;Chuva;Colisão frontal;Com Vítimas Feridas;Pleno dia;Crescente;Chuva;Simples;Reta;-12,15665564;-44,88128632
11/03/2025;08:50:00;MUNDO NOVO;Velocidade Incompatível;Colisão lateral sentido oposto;Com Vítimas Feridas;Pleno dia;Crescente;Chuva;Simples;"Declive;Curva";-23,9495;-54,312543
11/03/2025;16:00:00;SETE LAGOAS;Velocidade Incompatível;Saída de leito carroçável;Com Vítimas Feridas;Pleno dia;Decrescente;Céu Claro;Dupla;"Reta;Declive";-19,5463317;-44,247092
11/03/2025;15:45:00;RONDONOPOLIS;Pista Escorregadia;Colisão traseira;Com Vítimas Feridas;Pleno dia;Crescente;Chuva;Dupla;Curva;-16,49152302;-54,64664465
11/03/2025;17:15:00;ITAPEVA;Velocidade Incompatível;Tombamento;Com Vítimas Feridas;Pleno dia;Crescente;Céu Claro;Dupla;"Aclive;Curva";-22,770796;-46,200387
11/03/2025;05:30:00;SANTA VITORIA;Deficiência do Sistema de Iluminação/Sinalização;Colisão lateral mesmo sentido;Com Vítimas Feridas;Plena Noite;Crescente;Céu Claro;Simples;Reta;-19,04446737;-50,5002594
11/03/2025;01:40:00;MAUA DA SERRA;Pista Escorregadia;Saída de leito carroçável;Com Vítimas Feridas;Plena Noite;Decrescente;Chuva;Dupla;"Declive;Curva";-23,93940075;-51,12109113
11/03/2025;08:00:00;CAPANEMA;Pista esburacada;Engavetamento;Com Vítimas Feridas;Pleno dia;Decrescente;Céu Claro;Simples;Reta;-1,210947;-47,11915
11/03/2025;06:00:00;PADRE BERNARDO;Desvio temporário;Capotamento;Com Vítimas Feridas;Amanhecer;Crescente;Céu Claro;Simples;Reta;-15,453838;-48,211832
11/03/2025;12:00:00;UBERLANDIA;Condutor usando celular;Saída de leito carroçável;Com Vítimas Feridas;Pleno dia;Decrescente;Céu Claro;Dupla;Reta;-18,9083;-48,3153
11/03/2025;10:00:00;ARAQUARI;Acesso irregular;Colisão transversal;Com Vítimas Feridas;Pleno dia;Crescente;Garoa/Chuvisco;Simples;Reta;-26,375843;-48,717806
11/03/2025;15:00:00;GOIANIA;Ultrapassagem Indevida;Colisão transversal;Com Vítimas Feridas;Pleno dia;Decrescente;Céu Claro;Simples;Reta;-16,62683146;-49,20538723
11/03/2025;16:02:00;ESTIVA;Chuva;Capotamento;Com Vítimas Feridas;Pleno dia;Decrescente;Chuva;Dupla;Curva;-22,43805556;-45,98444444
11/03/2025;12:30:00;GLORINHA;Pista esburacada;Tombamento;Com Vítimas Feridas;Pleno dia;Crescente;Céu Claro;Dupla;"Reta;Declive";-29,920478;-50,836284
11/03/2025;15:30:00;ESPLANADA;Velocidade Incompatível;Saída de leito carroçável;Com Vítimas Feridas;Pleno dia;Decrescente;Céu Claro;Múltipla;"Reta;Retorno Regulamentado";-11,75525606;-37,94254304
11/03/2025;17:15:00;APARECIDA;Acumulo de água sobre o pavimento;Colisão com objeto;Com Vítimas Feridas;Pleno dia;Decrescente;Chuva;Dupla;"Reta;Aclive";-22,866375;-45,2417852
11/03/2025;17:20:00;ANGRA DOS REIS;Conversão proibida;Colisão frontal;Com Vítimas Feridas;Anoitecer;Decrescente;Céu Claro;Simples;Reta;-22,9900288;-44,2400768
11/03/2025;17:00:00;FRUTAL;Afundamento ou ondulação no pavimento;Tombamento;Com Vítimas Feridas;Pleno dia;Decrescente;Céu Claro;Simples;Reta;-20,032025;-49,048119
11/03/2025;16:30:00;CANUTAMA;Demais falhas na via;Saída de leito carroçável;Com Vítimas Feridas;Pleno dia;Crescente;Céu Claro;Simples;Reta;-8,363787;-63,956103
11/03/2025;18:00:00;MAFRA;Pista Escorregadia;Tombamento;Com Vítimas Feridas;Amanhecer;Crescente;Chuva;Simples;"Reta;Aclive";-26,14102626;-49,8124795
11/03/2025;19:35:00;ATIBAIA;Chuva;Colisão com objeto;Com Vítimas Feridas;Plena Noite;Crescente;Chuva;Dupla;Reta;-23,03560332;-46,55029535
11/03/2025;20:30:00;PETROPOLIS;Acesso irregular;Colisão transversal;Com Vítimas Feridas;Plena Noite;Decrescente;Céu Claro;Dupla;Reta;-22,2855168;-43,1259648
11/03/2025;20:35:00;CRISTALINA;Chuva;Saída de leito carroçável;Com Vítimas Feridas;Plena Noite;Decrescente;Chuva;Simples;"Declive;Curva";-16,54503;-47,78841
11/03/2025;21:45:00;PONTE ALTA;Chuva;Saída de leito carroçável;Sem Vítimas;Plena Noite;Crescente;Chuva;Simples;Reta;-27,502784;-50,365795
11/03/2025;22:30:00;SAO JOSE;Acesso irregular;Colisão transversal;Com Vítimas Feridas;Plena Noite;Crescente;Ignorado;Múltipla;Declive;-27,53918327;-48,62342466
11/03/2025;20:50:00;JUAZEIRO;Conversão proibida;Colisão transversal;Com Vítimas Feridas;Plena Noite;Crescente;Céu Claro;Simples;Reta;-9,428942;-40,504222
11/03/2025;22:50:00;AGUAS LINDAS DE GOIAS;Acesso irregular;Colisão transversal;Com Vítimas Feridas;Plena Noite;Crescente;Céu Claro;Dupla;Reta;-15,75285852;-48,25891798
11/03/2025;22:30:00;ANAPOLIS;Acumulo de água sobre o pavimento;Saída de leito carroçável;Com Vítimas Fatais;Plena Noite;Decrescente;Chuva;Dupla;"Declive;Curva";-16,314673;-48,842404
11/03/2025;23:26:00;PORTO VELHO;Iluminação deficiente;Colisão frontal;Com Vítimas Feridas;Plena Noite;Decrescente;Céu Claro;Simples;Reta;-8,67664747;-63,99511993
11/03/2025;08:08:00;SORRISO;Conversão proibida;Queda de ocupante de veículo;Com Vítimas Feridas;Pleno dia;Decrescente;Céu Claro;Simples;Curva;-12,67533723;-55,79456854
11/03/2025;15:05:00;CASTANHAL;Acumulo de água sobre o pavimento;Saída de leito carroçável;Com Vítimas Feridas;Pleno dia;Decrescente;Chuva;Dupla;Reta;-1,30107445;-47,98488826
10/03/2025;11:30:00;CAMPANHA;Velocidade Incompatível;Colisão traseira;Com Vítimas Feridas;Pleno dia;Crescente;Céu Claro;Dupla;"Reta;Aclive";-21,83280868;-45,50064606
10/03/2025;13:35:00;VITORIA DA CONQUISTA;Conversão proibida;Colisão lateral mesmo sentido;Com Vítimas Feridas;Pleno dia;Crescente;Céu Claro;Simples;Interseção de Vias;-14,90241514;-40,84473252
10/03/2025;17:20:00;CRISTAL;Afundamento ou ondulação no pavimento;Tombamento;Com Vítimas Feridas;Pleno dia;Decrescente;Sol;Simples;"Em Obras;Reta";-30,96414144;-51,98344231
10/03/2025;15:20:00;LONTRAS;Velocidade Incompatível;Colisão lateral mesmo sentido;Sem Vítimas;Pleno dia;Crescente;Sol;Simples;Aclive;-27,127;-49,538
10/03/2025;18:00:00;PROFESSOR JAMIL;Afundamento ou ondulação no pavimento;Tombamento;Com Vítimas Feridas;Anoitecer;Crescente;Céu Claro;Dupla;Reta;-17,19476554;-49,20880973
10/03/2025;14:50:00;OURO PRETO DO OESTE;Ultrapassagem Indevida;Colisão lateral mesmo sentido;Com Vítimas Feridas;Pleno dia;Decrescente;Sol;Simples;Reta;-10,60594473;-62,34294891
10/03/2025;20:15:00;MURIAE;Chuva;Colisão com objeto;Com Vítimas Feridas;Plena Noite;Crescente;Chuva;Simples;"Declive;Curva";-21,16775355;-42,37090241
10/03/2025;21:00:00;PENHA;Iluminação deficiente;Atropelamento de Pedestre;Com Vítimas Feridas;Plena Noite;Decrescente;Nublado;Múltipla;Reta;-26,80337388;-48,6786443
10/03/2025;23:40:00;UBERABA;Velocidade Incompatível;Saída de leito carroçável;Com Vítimas Feridas;Plena Noite;Crescente;Chuva;Dupla;"Reta;Declive";-19,55452542;-48,03460032
10/03/2025;18:30:00;SANTA LUZIA;Velocidade Incompatível;Colisão frontal;Com Vítimas Fatais;Plena Noite;Crescente;Chuva;Simples;"Curva;Declive";-19,80856798;-43,78463376
10/03/2025;04:40:00;LINHARES;Animais na Pista;Atropelamento de Animal;Com Vítimas Feridas;Amanhecer;Crescente;Céu Claro;Simples;Reta;-19,4756755;-40,1136392
10/03/2025;05:00:00;SINOP;Animais na Pista;Atropelamento de Animal;Sem Vítimas;Amanhecer;Crescente;Céu Claro;Simples;"Reta;Declive";-11,616;-55,431
10/03/2025;04:00:00;SANTO ANTONIO DO AMPARO;Pista Escorregadia;Saída de leito carroçável;Com Vítimas Feridas;Plena Noite;Crescente;Garoa/Chuvisco;Dupla;"Declive;Curva";-20,97746886;-44,94094849
10/03/2025;06:43:00;NOVA ITABERABA;Demais Fenômenos da natureza;Colisão traseira;Com Vítimas Feridas;Pleno dia;Decrescente;Sol;Simples;Reta;-26,930626;-52,82489955
10/03/2025;07:30:00;SERRA;Retorno proibido;Colisão traseira;Com Vítimas Feridas;Pleno dia;Crescente;Sol;Dupla;"Aclive;Interseção de Vias;Reta";-20,17318412;-40,26727312
10/03/2025;07:30:00;JOAO PESSOA;Retorno proibido;Colisão traseira;Com Vítimas Feridas;Pleno dia;Crescente;Céu Claro;Dupla;Reta;-7,160154;-34,905617
10/03/2025;07:00:00;LUIS EDUARDO MAGALHAES;Conversão proibida;Colisão transversal;Sem Vítimas;Pleno dia;Decrescente;Céu Claro;Simples;Reta;-12,11369232;-45,96464127
10/03/2025;08:45:00;CACHOEIRINHA;Velocidade Incompatível;Colisão traseira;Com Vítimas Feridas;Pleno dia;Crescente;Céu Claro;Múltipla;Reta;-29,96318875;-51,09642506
10/03/2025;09:35:00;ICO;Pista esburacada;Saída de leito carroçável;Com Vítimas Feridas;Pleno dia;Crescente;Céu Claro;Simples;Reta;-6,46220239;-38,8556385
10/03/2025;08:30:00;SALVADOR;Acumulo de areia ou detritos sobre o pavimento;Saída de leito carroçável;Com Vítimas Feridas;Pleno dia;Crescente;Céu Claro;Múltipla;Reta;-12,9010031;-38,45171928