data_inversa;horario;municipio;causa_acidente;tipo_acidente;classificacao_acidente;fase_dia;sentido_via;condicao_metereologica;tipo_pista;tracado_via;latitude;longitude
06/03/2025;12:27:00;VIANA;Acesso irregular;Colisão transversal;Com Vítimas Feridas;Pleno dia;Crescente;Céu Claro;Simples;Reta;-20,39245272;-40,48893213
06/03/2025;12:40:00;PETROLINA;Retorno proibido;Colisão transversal;Com Vítimas Feridas;Pleno dia;Crescente;Sol;Dupla;"Reta;Em Obras";-9,364128;-40,544426
06/03/2025;12:30:00;PONTA GROSSA;Velocidade Incompatível;Engavetamento;Sem Vítimas;Pleno dia;Decrescente;Céu Claro;Dupla;"Aclive;Reta";-25,09801639;-50,19704819
06/03/2025;15:30:00;RIO NEGRINHO;Acesso irregular;Colisão transversal;Com Vítimas Feridas;Pleno dia;Decrescente;Céu Claro;Simples;"Reta;Declive";-26,253978;-49,534098
06/03/2025;17:27:00;CAAPORA;Acumulo de água sobre o pavimento;Saída de leito carroçável;Com Vítimas Feridas;Anoitecer;Crescente;Chuva;Dupla;Reta;-7,43924118;-34,97716427
06/03/2025;18:15:00;UBATUBA;Acesso irregular;Colisão transversal;Com Vítimas Feridas;Anoitecer;Crescente;Céu Claro;Simples;Interseção de Vias;-23,408279;-45,061733
06/03/2025;15:30:00;PETROLINA;Velocidade Incompatível;Saída de leito carroçável;Sem Vítimas;Pleno dia;Crescente;Sol;Simples;Reta;-9,186607;-40,380421
06/03/2025;14:30:00;PASSO FUNDO;Velocidade Incompatível;Saída de leito carroçável;Sem Vítimas;Pleno dia;Crescente;Céu Claro;Simples;Reta;-28,18169607;-52,4351263
06/03/2025;08:30:00;MASCOTE;Velocidade Incompatível;Colisão frontal;Com Vítimas Fatais;Pleno dia;Crescente;Céu Claro;Simples;Curva;-15,806957;-39,520543
06/03/2025;20:10:00;CONTAGEM;Velocidade Incompatível;Colisão traseira;Com Vítimas Feridas;Plena Noite;Decrescente;Céu Claro;Múltipla;"Reta;Declive";-19,9588745;-44,06102007
06/03/2025;19:30:00;ARAUCARIA;Acesso irregular;Colisão traseira;Com Vítimas Feridas;Plena Noite;Decrescente;Céu Claro;Simples;Reta;-25,61458082;-49,425407
06/03/2025;18:20:00;BRASILIA;Chuva;Colisão com objeto;Com Vítimas Feridas;Plena Noite;Decrescente;Chuva;Dupla;"Em Obras;Reta";-15,649645;-47,773072
06/03/2025;20:28:00;SAO GONCALO DO AMARANTE;Animais na Pista;Atropelamento de Animal;Com Vítimas Feridas;Plena Noite;Decrescente;Céu Claro;Simples;Reta;-3,67074;-39,126389
06/03/2025;20:30:00;ARGIRITA;Ultrapassagem Indevida;Colisão frontal;Com Vítimas Feridas;Plena Noite;Crescente;Céu Claro;Simples;Reta;-21,61894874;-42,81525901
06/03/2025;19:20:00;GUAMIRANGA;Velocidade Incompatível;Saída de leito carroçável;Com Vítimas Feridas;Plena Noite;Crescente;Céu Claro;Simples;Reta;-25,19057343;-50,83030701
06/03/2025;19:30:00;PARAGOMINAS;Animais na Pista;Atropelamento de Animal;Com Vítimas Feridas;Anoitecer;Crescente;Garoa/Chuvisco;Simples;"Reta;Ponte";-3,449505;-47,462659
05/03/2025;07:30:00;ITABIRITO;Velocidade Incompatível;Tombamento;Com Vítimas Feridas;Pleno dia;Decrescente;Céu Claro;Dupla;"Declive;Curva";-20,351913;-43,912854
05/03/2025;09:00:00;SAO SEBASTIAO;Ultrapassagem Indevida;Colisão frontal;Com Vítimas Feridas;Pleno dia;Crescente;Céu Claro;Simples;Reta;-9,992325;-36,590678
05/03/2025;04:23:00;PERDOES;Velocidade Incompatível;Saída de leito carroçável;Com Vítimas Feridas;Plena Noite;Decrescente;Céu Claro;Dupla;Reta;-21,05506615;-45,02928972
05/03/2025;12:55:00;BARBACENA;Velocidade Incompatível;Tombamento;Com Vítimas Feridas;Pleno dia;Crescente;Céu Claro;Dupla;Interseção de Vias;-21,19995894;-43,74913931
05/03/2025;15:45:00;GUAIRA;Chuva;Saída de leito carroçável;Com Vítimas Feridas;Pleno dia;Decrescente;Chuva;Simples;Reta;-24,16901036;-54,22197104
05/03/2025;14:40:00;JOAQUIM GOMES;Velocidade Incompatível;Tombamento;Com Vítimas Feridas;Pleno dia;Decrescente;Céu Claro;Dupla;Reta;-9,14423614;-35,76893091
05/03/2025;14:22:00;VENTANIA;Velocidade Incompatível;Colisão traseira;Com Vítimas Fatais;Pleno dia;Decrescente;Céu Claro;Simples;Curva;-24,12783243;-50,23639619
05/03/2025;16:50:00;MARAU;Ultrapassagem Indevida;Colisão lateral mesmo sentido;Com Vítimas Feridas;Pleno dia;Crescente;Céu Claro;Simples;Curva;-14,151617;-39,344016
05/03/2025;16:50:00;JAGUARI;Velocidade Incompatível;Tombamento;Com Vítimas Feridas;Pleno dia;Decrescente;Sol;Simples;"Declive;Curva";-29,482498;-54,689705
05/03/2025;20:30:00;SABARA;Conversão proibida;Colisão transversal;Com Vítimas Feridas;Plena Noite;Decrescente;Nublado;Simples;"Reta;Declive";-19,834401;-43,850882
05/03/2025;19:00:00;NOBRES;Chuva;Saída de leito carroçável;Com Vítimas Feridas;Plena Noite;Crescente;Chuva;Dupla;"Declive;Reta";-14,5600621;-56,2208306
05/03/2025;19:40:00;SERRA;Iluminação deficiente;Tombamento;Com Vítimas Feridas;Plena Noite;Crescente;Nublado;Dupla;Reta;-20,19630937;-40,33422947
05/03/2025;22:30:00;PALMEIRA;Ultrapassagem Indevida;Colisão frontal;Com Vítimas Feridas;Plena Noite;Decrescente;Céu Claro;Simples;Curva;-25,43211322;-50,15155792
05/03/2025;00:10:00;CAMPOS DOS GOYTACAZES;Acostamento em desnível;Queda de ocupante de veículo;Com Vítimas Feridas;Plena Noite;Decrescente;Céu Claro;Dupla;Curva;-21,8254958;-41,4915144
05/03/2025;01:50:00;PORTO ALEGRE;Velocidade Incompatível;Saída de leito carroçável;Com Vítimas Feridas;Plena Noite;Decrescente;Céu Claro;Simples;Curva;-29,9729063;-51,115222
05/03/2025;00:29:00;ITATIAIA;Acesso irregular;Colisão transversal;Sem Vítimas;Plena Noite;Decrescente;Nublado;Simples;Interseção de Vias;-22,4894895;-44,5669796
05/03/2025;01:20:00;CAICO;Velocidade Incompatível;Colisão com objeto;Com Vítimas Fatais;Plena Noite;Decrescente;Céu Claro;Simples;Rotatória;-6,45609968;-37,05515027
05/03/2025;04:55:00;MACAIBA;Animais na Pista;Atropelamento de Animal;Com Vítimas Feridas;Amanhecer;Crescente;Nublado;Simples;Reta;-5,884823;-35,513488
05/03/2025;05:45:00;ABRE CAMPO;Velocidade Incompatível;Colisão traseira;Com Vítimas Feridas;Amanhecer;Crescente;Céu Claro;Simples;Reta;-20,28846029;-42,53965473
05/03/2025;10:30:00;MANHUACU;Acesso irregular;Colisão transversal;Com Vítimas Feridas;Pleno dia;Decrescente;Nublado;Simples;Reta;-20,272027;-42,046772
05/03/2025;12:00:00;HORIZONTE;Retorno proibido;Colisão transversal;Com Vítimas Feridas;Pleno dia;Decrescente;Céu Claro;Dupla;Reta;-4,0779917;-38,4992289
05/03/2025;13:24:00;OSORIO;Condutor usando celular;Saída de leito carroçável;Com Vítimas Feridas;Pleno dia;Crescente;Céu Claro;Dupla;Reta;-29,89686155;-50,34213156
05/03/2025;09:50:00;ALCOBACA;Chuva;Saída de leito carroçável;Com Vítimas Feridas;Pleno dia;Decrescente;Chuva;Simples;Reta;-17,619183;-39,269268
05/03/2025;14:40:00;MARILIA;Desvio temporário;Saída de leito carroçável;Com Vítimas Feridas;Pleno dia;Decrescente;Céu Claro;Simples;Curva;-21,9810103;-49,91630137
05/03/2025;18:35:00;GRAO MOGOL;Velocidade Incompatível;Colisão frontal;Com Vítimas Feridas;Plena Noite;Crescente;Chuva;Simples;"Aclive;Curva";-16,42676698;-43,28355789
05/03/2025;19:00:00;CAMPINA GRANDE;Animais na Pista;Atropelamento de Animal;Com Vítimas Feridas;Plena Noite;Crescente;Céu Claro;Simples;"Reta;Aclive";-7,261482;-35,879991
05/03/2025;19:20:00;LAGES;Animais na Pista;Atropelamento de Animal;Com Vítimas Feridas;Plena Noite;Decrescente;Céu Claro;Simples;Reta;-27,79540764;-50,38671255
05/03/2025;20:26:00;PORTO BELO;Velocidade Incompatível;Colisão com objeto;Sem Vítimas;Plena Noite;Decrescente;Céu Claro;Múltipla;Interseção de Vias;-27,13932;-48,60988
05/03/2025;19:45:00;CANTA;Iluminação deficiente;Colisão lateral mesmo sentido;Com Vítimas Feridas;Plena Noite;Crescente;Céu Claro;Simples;Reta;2,81582142;-60,6027507
05/03/2025;21:35:00;SILVA JARDIM;Iluminação deficiente;Colisão transversal;Com Vítimas Feridas;Plena Noite;Crescente;Céu Claro;Dupla;Reta;-22,671198;-42,510702
05/03/2025;09:00:00;COLOMBO;Conversão proibida;Queda de ocupante de veículo;Com Vítimas Feridas;Pleno dia;Decrescente;Nublado;Dupla;Reta;-25,345494;-49,160572
04/03/2025;05:25:00;NOVA ERECHIM;Ultrapassagem Indevida;Colisão frontal;Com Vítimas Feridas;Amanhecer;Crescente;Céu Claro;Simples;Curva;-26,89145431;-52,93139935
04/03/2025;14:57:00;LAVRAS;Velocidade Incompatível;Colisão com objeto;Com Vítimas Feridas;Pleno dia;Crescente;Céu Claro;Dupla;"Curva;Declive";-21,28741944;-45,14210105
04/03/2025;16:50:00;MANHUACU;Ultrapassagem Indevida;Colisão lateral sentido oposto;Com Vítimas Fatais;Pleno dia;Crescente;Nublado;Simples;"Aclive;Curva";-20,263075;-42,177725
04/03/2025;14:35:00;BARRA DO TURVO;Velocidade Incompatível;Tombamento;Com Vítimas Feridas;Pleno dia;Decrescente;Sol;Simples;"Declive;Curva";-24,964432;-48,425576
04/03/2025;20:30:00;LUIS EDUARDO MAGALHAES;Velocidade Incompatível;Colisão lateral sentido oposto;Com Vítimas Feridas;Plena Noite;Decrescente;Céu Claro;Simples;Reta;-12,179602;-45,824133
04/03/2025;00:50:00;SAO JOSE DOS PINHAIS;Velocidade Incompatível;Saída de leito carroçável;Com Vítimas Feridas;Plena Noite;Crescente;Céu Claro;Simples;"Interseção de Vias;Viaduto";-25,56677186;-49,18287277
04/03/2025;00:30:00;ALFREDO VASCONCELOS;Animais na Pista;Atropelamento de Animal;Com Vítimas Feridas;Plena Noite;Decrescente;Céu Claro;Simples;Curva;-21,15088386;-43,76262302
04/03/2025;05:22:00;RONDONOPOLIS;Animais na Pista;Atropelamento de Animal;Com Vítimas Feridas;Amanhecer;Crescente;Céu Claro;Dupla;Reta;-16,85000392;-54,70417857
04/03/2025;08:40:00;FLEXEIRAS;Velocidade Incompatível;Saída de leito carroçável;Com Vítimas Feridas;Pleno dia;Decrescente;Chuva;Dupla;Curva;-9,26866014;-35,77646255
04/03/2025;11:10:00;UBATUBA;Velocidade Incompatível;Colisão lateral sentido oposto;Com Vítimas Feridas;Pleno dia;Decrescente;Céu Claro;Simples;Curva;-23,3959419;-45,0070038
04/03/2025;11:45:00;MESSIAS;Velocidade Incompatível;Saída de leito carroçável;Com Vítimas Feridas;Pleno dia;Decrescente;Nublado;Simples;"Aclive;Viaduto;Curva";-9,36858548;-35,830985
04/03/2025;11:20:00;MILAGRES;Velocidade Incompatível;Saída de leito carroçável;Com Vítimas Feridas;Pleno dia;Crescente;Chuva;Simples;"Declive;Curva";-12,9346454;-39,8926161
04/03/2025;12:50:00;BANDEIRANTES;Velocidade Incompatível;Saída de leito carroçável;Com Vítimas Feridas;Pleno dia;Crescente;Céu Claro;Simples;"Reta;Declive";-19,7790097;-54,36405
04/03/2025;07:50:00;SANTANA DO PARAISO;Ultrapassagem Indevida;Colisão frontal;Com Vítimas Feridas;Pleno dia;Decrescente;Chuva;Simples;Reta;-19,39869;-42,483929
04/03/2025;10:30:00;SAO JOSE DO INHACORA;Animais na Pista;Saída de leito carroçável;Com Vítimas Feridas;Pleno dia;Crescente;Céu Claro;Simples;Curva;-27,72630036;-54,1917479
04/03/2025;14:10:00;NOVA LIMA;Retorno proibido;Colisão lateral mesmo sentido;Com Vítimas Feridas;Pleno dia;Crescente;Céu Claro;Dupla;Curva;-20,1567869;-43,9644662
04/03/2025;15:20:00;PARNAMIRIM;Velocidade Incompatível;Capotamento;Com Vítimas Feridas;Pleno dia;Crescente;Céu Claro;Dupla;Curva;-5,88909;-35,24229
04/03/2025;14:40:00;GUARULHOS;Ausência de sinalização;Queda de ocupante de veículo;Com Vítimas Feridas;Pleno dia;Crescente;Céu Claro;Dupla;Reta;-23,41617926;-46,3722986
04/03/2025;16:40:00;MONTENEGRO;Afundamento ou ondulação no pavimento;Tombamento;Com Vítimas Feridas;Pleno dia;Crescente;Céu Claro;Dupla;Curva;-29,8165345;-51,4030838
04/03/2025;14:55:00;ITIQUIRA;Acumulo de água sobre o pavimento;Saída de leito carroçável;Com Vítimas Feridas;Pleno dia;Crescente;Nublado;Dupla;"Declive;Reta";-17,20991901;-54,75955009
04/03/2025;15:45:00;POXOREU;Ultrapassagem Indevida;Colisão frontal;Com Vítimas Feridas;Pleno dia;Decrescente;Garoa/Chuvisco;Simples;Reta;-15,635463;-53,952705
04/03/2025;18:50:00;CARUARU;Pista esburacada;Queda de ocupante de veículo;Com Vítimas Feridas;Plena Noite;Crescente;Céu Claro;Dupla;"Aclive;Reta";-8,063703;-36,046901
04/03/2025;16:45:00;MANAUS;Chuva;Tombamento;Com Vítimas Feridas;Anoitecer;Decrescente;Chuva;Simples;Reta;-2,597734;-60,036091
04/03/2025;15:20:00;PICOS;Animais na Pista;Tombamento;Com Vítimas Feridas;Pleno dia;Decrescente;Céu Claro;Dupla;"Reta;Declive";-7,081303;-41,423393
04/03/2025;19:00:00;CATOLANDIA;Ultrapassagem Indevida;Colisão lateral sentido oposto;Com Vítimas Feridas;Plena Noite;Crescente;Céu Claro;Simples;Reta;-12,16318;-44,5842
04/03/2025;19:22:00;CUIABA;Chuva;Queda de ocupante de veículo;Com Vítimas Feridas;Pleno dia;Decrescente;Chuva;Dupla;Reta;-15,613952;-56,0955392
04/03/2025;21:30:00;BELO HORIZONTE;Retorno proibido;Colisão transversal;Com Vítimas Feridas;Plena Noite;Decrescente;Nublado;Simples;"Reta;Declive";-19,85862954;-43,91292495
04/03/2025;19:25:00;OURO PRETO DO OESTE;Animais na Pista;Atropelamento de Animal;Com Vítimas Feridas;Plena Noite;Decrescente;Céu Claro;Simples;Reta;-10,772674;-62,0965566
04/03/2025;20:10:00;CONTENDA;Velocidade Incompatível;Tombamento;Com Vítimas Feridas;Plena Noite;Crescente;Nublado;Simples;Curva;-25,70709323;-49,59819943
04/03/2025;22:10:00;SALGUEIRO;Animais na Pista;Atropelamento de Animal;Com Vítimas Feridas;Plena Noite;Crescente;Nublado;Simples;Reta;-8,0733933;-39,1316636
04/03/2025;23:30:00;ITAU;Velocidade Incompatível;Colisão com objeto;Sem Vítimas;Plena Noite;Decrescente;Céu Claro;Simples;Reta;-5,8027129;-37,93555498
04/03/2025;16:30:00;HUMAITA;Pista Escorregadia;Saída de leito carroçável;Sem Vítimas;Pleno dia;Crescente;Nublado;Simples;Reta;-7,4876548;-62,9667201
03/03/2025;06:00:00;MORADA NOVA;Ultrapassagem Indevida;Colisão lateral sentido oposto;Com Vítimas Feridas;Pleno dia;Crescente;Céu Claro;Simples;"Reta;Declive";-4,58812477;-38,21806669
03/03/2025;06:41:00;SORRISO;Acumulo de água sobre o pavimento;Saída de leito carroçável;Sem Vítimas;Pleno dia;Decrescente;Chuva;Simples;Declive;-12,34592351;-55,59419632
03/03/2025;10:00:00;JOAO MONLEVADE;Acesso irregular;Colisão frontal;Com Vítimas Fatais;Pleno dia;Crescente;Céu Claro;Simples;Curva;-19,8494271;-43,2075645
03/03/2025;10:10:00;CAAPORA;Chuva;Engavetamento;Com Vítimas Feridas;Pleno dia;Decrescente;Chuva;Dupla;Reta;-7,50120818;-34,98513901
03/03/2025;10:10:00;CAARAPO;Velocidade Incompatível;Tombamento;Com Vítimas Feridas;Pleno dia;Crescente;Céu Claro;Simples;"Curva;Interseção de Vias;Rotatória";-22,64854165;-54,8105979
03/03/2025;12:00:00;SANTA BARBARA DO LESTE;Velocidade Incompatível;Tombamento;Com Vítimas Feridas;Pleno dia;Crescente;Nublado;Simples;Curva;-20,00141879;-42,14080811
03/03/2025;18:00:00;MALLET;Ultrapassagem Indevida;Colisão frontal;Com Vítimas Feridas;Pleno dia;Decrescente;Nublado;Simples;Curva;-25,86684846;-50,83489627
03/03/2025;08:35:00;MARITUBA;Condutor usando celular;Colisão traseira;Sem Vítimas;Pleno dia;Decrescente;Céu Claro;Dupla;Reta;-1,36604831;-48,31428466
03/03/2025;06:30:00;JARU;Ausência de sinalização;Colisão traseira;Com Vítimas Feridas;Pleno dia;Decrescente;Céu Claro;Simples;Reta;-10,4578776;-62,45727003
03/03/2025;07:40:00;GUARAMIRIM;Conversão proibida;Colisão frontal;Com Vítimas Feridas;Pleno dia;Decrescente;Sol;Simples;Reta;-26,453025;-48,909033
03/03/2025;08:10:00;SANTA LUZIA;Animais na Pista;Atropelamento de Animal;Com Vítimas Feridas;Pleno dia;Crescente;Céu Claro;Simples;"Aclive;Reta";-19,82547549;-43,83423686
03/03/2025;08:20:00;ITABUNA;Retorno proibido;Colisão transversal;Com Vítimas Feridas;Pleno dia;Crescente;Nublado;Simples;Reta;-14,7473213;-39,2979095
03/03/2025;08:00:00;JOACABA;Conversão proibida;Colisão transversal;Com Vítimas Feridas;Pleno dia;Crescente;Céu Claro;Simples;Reta;-27,158746;-51,576707
03/03/2025;09:20:00;ARAGUARI;Velocidade Incompatível;Saída de leito carroçável;Com Vítimas Feridas;Pleno dia;Crescente;Céu Claro;Dupla;Curva;-18,6487448;-48,1318328
03/03/2025;09:00:00;VITORIA DA CONQUISTA;Conversão proibida;Colisão transversal;Com Vítimas Feridas;Pleno dia;Crescente;Sol;Simples;Reta;-14,837111;-40,841586
03/03/2025;09:30:00;SAO LOURENCO DA MATA;Chuva;Capotamento;Com Vítimas Feridas;Pleno dia;Crescente;Chuva;Dupla;Reta;-8,02592;-35,038317
03/03/2025;10:00:00;GARUVA;Acumulo de areia ou detritos sobre o pavimento;Tombamento;Com Vítimas Feridas;Pleno dia;Decrescente;Sol;Dupla;Reta;-25,99651809;-48,87876391
03/03/2025;05:30:00;CAROLINA;Afundamento ou ondulação no pavimento;Queda de ocupante de veículo;Com Vítimas Fatais;Plena Noite;Decrescente;Céu Claro;Simples;Curva;-7,395143;-47,265563
03/03/2025;05:30:00;APARECIDA DO RIO DOCE;Animais na Pista;Atropelamento de Animal;Com Vítimas Feridas;Amanhecer;Crescente;Céu Claro;Simples;"Declive;Reta";-18,16779566;-51,41237516
03/03/2025;12:10:00;ANCHIETA;Velocidade Incompatível;Saída de leito carroçável;Com Vítimas Feridas;Pleno dia;Decrescente;Chuva;Dupla;Curva;-20,68453414;-40,67118287
03/03/2025;12:55:00;BETIM;Velocidade Incompatível;Colisão com objeto;Com Vítimas Feridas;Pleno dia;Crescente;Céu Claro;Dupla;"Declive;Curva";-20,01713542;-44,22391212
03/03/2025;13:00:00;ANAPOLIS;Acostamento em desnível;Queda de ocupante de veículo;Com Vítimas Feridas;Pleno dia;Crescente;Céu Claro;Dupla;Reta;-16,349439;-48,909417
03/03/2025;11:30:00;ITABORAI;Ultrapassagem Indevida;Colisão frontal;Com Vítimas Feridas;Pleno dia;Crescente;Céu Claro;Simples;Reta;-22,75116982;-42,9514653
03/03/2025;12:00:00;COLONIA LEOPOLDINA;Acesso irregular;Colisão traseira;Com Vítimas Fatais;Pleno dia;Decrescente;Garoa/Chuvisco;Simples;Interseção de Vias;-8,92551143;-35,75062752
03/03/2025;14:00:00;CASIMIRO DE ABREU;Pista Escorregadia;Colisão lateral sentido oposto;Com Vítimas Feridas;Pleno dia;Crescente;Chuva;Simples;Reta;-22,475573;-42,172287
03/03/2025;14:45:00;CRISTIANO OTONI;Afundamento ou ondulação no pavimento;Saída de leito carroçável;Com Vítimas Feridas;Pleno dia;Decrescente;Céu Claro;Simples;"Reta;Declive";-20,86204222;-43,79961312
03/03/2025;16:30:00;GUARULHOS;Afundamento ou ondulação no pavimento;Tombamento;Com Vítimas Feridas;Pleno dia;Crescente;Sol;Múltipla;Reta;-23,49542568;-46,55483723
03/03/2025;16:45:00;UBATUBA;Conversão proibida;Colisão transversal;Com Vítimas Feridas;Pleno dia;Crescente;Céu Claro;Simples;Interseção de Vias;-23,39561096;-45,01481837
03/03/2025;16:20:00;ENGENHEIRO CALDAS;Chuva;Saída de leito carroçável;Com Vítimas Feridas;Pleno dia;Crescente;Chuva;Simples;Curva;-19,005906;-41,976358
03/03/2025;16:06:00;CONGONHAS;Velocidade Incompatível;Saída de leito carroçável;Com Vítimas Feridas;Pleno dia;Decrescente;Céu Claro;Simples;Reta;-20,4768201;-43,8424409
03/03/2025;18:20:00;SANTA LUZIA;Animais na Pista;Atropelamento de Animal;Com Vítimas Feridas;Plena Noite;Decrescente;Céu Claro;Simples;Reta;-6,90942;-37,007325
03/03/2025;18:50:00;ITAJAI;Curva acentuada;Tombamento;Com Vítimas Feridas;Plena Noite;Crescente;Céu Claro;Dupla;Curva;-26,84577338;-48,72050504
03/03/2025;19:02:00;MESSIAS TARGINO;Curva acentuada;Saída de leito carroçável;Com Vítimas Feridas;Plena Noite;Crescente;Nublado;Simples;Curva;-6,07366676;-37,50771046
03/03/2025;16:30:00;APARECIDA;Animais na Pista;Atropelamento de Animal;Com Vítimas Feridas;Pleno dia;Crescente;Céu Claro;Simples;Curva;-6,783998;-38,094944
03/03/2025;20:00:00;SINOP;Chuva;Queda de ocupante de veículo;Com Vítimas Feridas;Plena Noite;Crescente;Chuva;Dupla;"Reta;Interseção de Vias";-11,87593627;-55,49896538
03/03/2025;20:30:00;CACERES;Animais na Pista;Colisão com objeto;Com Vítimas Feridas;Plena Noite;Decrescente;Garoa/Chuvisco;Simples;Reta;-16,04201902;-57,75898933
03/03/2025;23:00:00;GUARULHOS;Ausência de sinalização;Colisão com objeto;Com Vítimas Feridas;Plena Noite;Decrescente;Céu Claro;Múltipla;"Em Obras;Reta";-23,50016733;-46,56179667
03/03/2025;22:20:00;BELO ORIENTE;Velocidade Incompatível;Saída de leito carroçável;Com Vítimas Fatais;Plena Noite;Decrescente;Chuva;Simples;Curva;-19,2508595;-42,3369386
03/03/2025;23:28:00;ALFREDO WAGNER;Velocidade Incompatível;Queda de ocupante de veículo;Com Vítimas Feridas;Plena Noite;Decrescente;Céu Claro;Simples;Curva;-27,75133056;-49,3906045
03/03/2025;18:10:00;VIANA;Pista Escorregadia;Saída de leito carroçável;Com Vítimas Feridas;Plena Noite;Crescente;Chuva;Simples;Curva;-20,3827789;-40,4596498
03/03/2025;01:35:00;ARUJA;Animais na Pista;Atropelamento de Animal;Com Vítimas Feridas;Plena Noite;Decrescente;Ignorado;Dupla;"Declive;Reta";-23,40178028;-46,31046295
02/03/2025;06:05:00;ITUMBIARA;Ultrapassagem Indevida;Colisão lateral sentido oposto;Com Vítimas Feridas;Pleno dia;Crescente;Céu Claro;Simples;Reta;-18,399751;-49,305308
02/03/2025;10:05:00;PARANAIBA;Velocidade Incompatível;Tombamento;Sem Vítimas;Pleno dia;Crescente;Céu Claro;Dupla;"Declive;Rotatória";-19,6788068;-51,2026033
02/03/2025;00:00:00;BETIM;Velocidade Incompatível;Atropelamento de Pedestre;Com Vítimas Feridas;Plena Noite;Crescente;Céu Claro;Dupla;"Interseção de Vias;Reta";-19,9770742;-44,2004845
02/03/2025;04:45:00;BANDEIRANTES;Velocidade Incompatível;Saída de leito carroçável;Com Vítimas Feridas;Plena Noite;Decrescente;Céu Claro;Simples;Reta;-23,11355142;-50,33134103
02/03/2025;04:20:00;PARATY;Animais na Pista;Atropelamento de Animal;Com Vítimas Feridas;Amanhecer;Decrescente;Céu Claro;Simples;Reta;-23,21624292;-44,73518349
02/03/2025;06:15:00;SAPUCAIA DO SUL;Acumulo de areia ou detritos sobre o pavimento;Tombamento;Com Vítimas Feridas;Amanhecer;Crescente;Céu Claro;Dupla;Reta;-29,83043434;-51,17367268
02/03/2025;06:30:00;PARA DE MINAS;Velocidade Incompatível;Tombamento;Com Vítimas Feridas;Amanhecer;Decrescente;Ignorado;Dupla;"Declive;Reta";-19,88815793;-44,61975575
02/03/2025;10:45:00;SAO GONCALO DO ABAETE;Acesso irregular;Colisão transversal;Com Vítimas Feridas;Pleno dia;Decrescente;Céu Claro;Simples;Curva;-18,11926052;-45,43018341
02/03/2025;11:35:00;ANCHIETA;Velocidade Incompatível;Tombamento;Com Vítimas Feridas;Pleno dia;Crescente;Nublado;Dupla;Curva;-20,659855;-40,648462
02/03/2025;08:00:00;MANGARATIBA;Retorno proibido;Colisão transversal;Com Vítimas Feridas;Pleno dia;Crescente;Céu Claro;Dupla;"Aclive;Reta";-22,9169;-43,9088
02/03/2025;10:00:00;BONFIM;Velocidade Incompatível;Saída de leito carroçável;Com Vítimas Feridas;Pleno dia;Decrescente;Céu Claro;Simples;Reta;3,436779;-59,936544
02/03/2025;13:40:00;BRASILIA;Condutor usando celular;Saída de leito carroçável;Com Vítimas Feridas;Pleno dia;Decrescente;Céu Claro;Dupla;"Reta;Aclive";-15,898336;-48,112323
02/03/2025;14:00:00;MALHADA DOS BOIS;Chuva;Saída de leito carroçável;Com Vítimas Feridas;Pleno dia;Crescente;Chuva;Dupla;Curva;-10,37417722;-36,91354752
02/03/2025;14:35:00;CANOAS;Velocidade Incompatível;Colisão traseira;Com Vítimas Feridas;Pleno dia;Crescente;Céu Claro;Múltipla;Reta;-29,95601027;-51,20257309
02/03/2025;12:30:00;MARAU;Velocidade Incompatível;Saída de leito carroçável;Com Vítimas Feridas;Pleno dia;Crescente;Sol;Simples;Curva;-14,198557;-39,31402
02/03/2025;11:45:00;DUQUE DE CAXIAS;Pista Escorregadia;Queda de ocupante de veículo;Com Vítimas Feridas;Pleno dia;Decrescente;Céu Claro;Múltipla;"Curva;Retorno Regulamentado";-22,6744799;-43,2853564
02/03/2025;14:00:00;MANAUS;Conversão proibida;Colisão traseira;Sem Vítimas;Pleno dia;Crescente;Céu Claro;Simples;"Declive;Reta";-2,714157;-60,047985
02/03/2025;10:00:00;VARGEAO;Velocidade Incompatível;Tombamento;Com Vítimas Feridas;Pleno dia;Crescente;Céu Claro;Simples;Reta;-26,87170284;-52,14557648
02/03/2025;15:15:00;VACARIA;Conversão proibida;Colisão transversal;Com Vítimas Feridas;Pleno dia;Decrescente;Céu Claro;Simples;Reta;-28,51319335;-50,88459676
02/03/2025;11:00:00;PETROPOLIS;Velocidade Incompatível;Tombamento;Com Vítimas Feridas;Pleno dia;Crescente;Céu Claro;Simples;Curva;-22,472602;-43,23764
02/03/2025;17:30:00;COCALZINHO DE GOIAS;Conversão proibida;Colisão transversal;Com Vítimas Feridas;Pleno dia;Decrescente;Céu Claro;Simples;"Curva;Declive";-15,74424704;-48,41348648
02/03/2025;15:30:00;ERVAL VELHO;Velocidade Incompatível;Saída de leito carroçável;Com Vítimas Fatais;Pleno dia;Decrescente;Céu Claro;Dupla;"Curva;Aclive";-27,295372;-51,40843
02/03/2025;17:30:00;ARGIRITA;Velocidade Incompatível;Saída de leito carroçável;Com Vítimas Feridas;Anoitecer;Crescente;Céu Claro;Simples;Curva;-21,589308;-42,756467
02/03/2025;18:00:00;PIMENTA BUENO;Ultrapassagem Indevida;Tombamento;Com Vítimas Feridas;Plena Noite;Decrescente;Nublado;Simples;Reta;-11,5247;-61,339955