data_inversa;horario;municipio;causa_acidente;tipo_acidente;classificacao_acidente;fase_dia;sentido_via;condicao_metereologica;tipo_pista;tracado_via;latitude;longitude
26/02/2025;16:00:00;GUAPO;Chuva;Saída de leito carroçável;Com Vítimas Feridas;Pleno dia;Crescente;Chuva;Dupla;Curva;-16,922558;-49,663225
26/02/2025;15:40:00;CAMPOS DOS GOYTACAZES;Retorno proibido;Colisão transversal;Sem Vítimas;Pleno dia;Crescente;Céu Claro;Simples;Reta;-21,728274;-41,322374
26/02/2025;17:51:00;JUIZ DE FORA;Conversão proibida;Colisão traseira;Com Vítimas Feridas;Pleno dia;Crescente;Céu Claro;Simples;Interseção de Vias;-21,64522262;-43,43642235
26/02/2025;19:00:00;JI-PARANA;Pista esburacada;Queda de ocupante de veículo;Com Vítimas Feridas;Plena Noite;Crescente;Chuva;Dupla;Interseção de Vias;-10,87823983;-61,94582641
26/02/2025;21:50:00;PALHOCA;Velocidade Incompatível;Colisão com objeto;Com Vítimas Feridas;Plena Noite;Decrescente;Céu Claro;Simples;Reta;-27,686999;-48,713451
26/02/2025;21:30:00;IATI;Deficiência do Sistema de Iluminação/Sinalização;Colisão frontal;Com Vítimas Feridas;Plena Noite;Decrescente;Céu Claro;Simples;Reta;-9,009826;-36,868694
26/02/2025;20:00:00;CACERES;Acesso irregular;Colisão transversal;Com Vítimas Feridas;Plena Noite;Crescente;Céu Claro;Simples;Reta;-16,09034;-57,68836
26/02/2025;21:25:00;SAO JOAO DO MANHUACU;Animais na Pista;Atropelamento de Animal;Com Vítimas Feridas;Plena Noite;Decrescente;Céu Claro;Simples;Reta;-20,45048659;-42,16977965
25/02/2025;14:27:00;PIRACANJUBA;Chuva;Saída de leito carroçável;Com Vítimas Feridas;Pleno dia;Crescente;Chuva;Dupla;Declive;-17,1632;-49,2126
25/02/2025;16:50:00;JAPIRA;Velocidade Incompatível;Tombamento;Com Vítimas Feridas;Pleno dia;Decrescente;Céu Claro;Simples;Curva;-23,70684448;-50,1743331
25/02/2025;17:45:00;CARANDAI;Chuva;Colisão frontal;Com Vítimas Fatais;Anoitecer;Crescente;Chuva;Simples;Reta;-20,99473845;-43,77781391
25/02/2025;14:20:00;ITABORAI;Acesso irregular;Colisão lateral mesmo sentido;Com Vítimas Feridas;Pleno dia;Crescente;Céu Claro;Dupla;Reta;-22,74430311;-42,95200132
25/02/2025;21:05:00;GURUPI;Conversão proibida;Colisão transversal;Com Vítimas Feridas;Plena Noite;Crescente;Chuva;Simples;Reta;-11,6737554;-49,06494141
25/02/2025;07:15:00;UBATUBA;Conversão proibida;Colisão lateral mesmo sentido;Com Vítimas Feridas;Pleno dia;Crescente;Céu Claro;Simples;Declive;-23,43625755;-45,08752584
25/02/2025;09:30:00;PEDRA PRETA;Velocidade Incompatível;Colisão com objeto;Com Vítimas Feridas;Pleno dia;Crescente;Nublado;Simples;Curva;-16,79262672;-54,19640422
25/02/2025;15:40:00;ELDORADO DO SUL;Sinalização mal posicionada;Colisão lateral mesmo sentido;Com Vítimas Feridas;Pleno dia;Crescente;Céu Claro;Dupla;Viaduto;-30,00220525;-51,30610054
25/02/2025;13:35:00;CASCAVEL;Pista Escorregadia;Queda de ocupante de veículo;Com Vítimas Feridas;Pleno dia;Decrescente;Céu Claro;Simples;Reta;-24,92925469;-53,45232817
25/02/2025;17:20:00;BENTO GONCALVES;Chuva;Colisão frontal;Com Vítimas Feridas;Pleno dia;Crescente;Chuva;Simples;Curva;-29,13902222;-51,54280901
25/02/2025;15:26:00;APARECIDA DE GOIANIA;Chuva;Saída de leito carroçável;Com Vítimas Feridas;Pleno dia;Crescente;Nublado;Dupla;Reta;-16,84463356;-49,24552917
25/02/2025;18:50:00;MONTE ALEGRE DE MINAS;Acumulo de água sobre o pavimento;Saída de leito carroçável;Com Vítimas Feridas;Plena Noite;Crescente;Chuva;Dupla;"Declive;Reta";-18,867985;-49,066581
25/02/2025;16:35:00;WENCESLAU GUIMARAES;Chuva;Colisão frontal;Com Vítimas Fatais;Pleno dia;Decrescente;Chuva;Simples;Curva;-13,626;-39,495
25/02/2025;19:45:00;CABEDELO;Velocidade Incompatível;Colisão traseira;Com Vítimas Feridas;Plena Noite;Decrescente;Céu Claro;Dupla;"Em Obras;Reta";-7,0242302;-34,8378828
25/02/2025;21:15:00;BLUMENAU;Ausência de sinalização;Colisão com objeto;Com Vítimas Feridas;Plena Noite;Decrescente;Ignorado;Dupla;"Em Obras;Curva";-26,8682479;-49,10381198
25/02/2025;21:00:00;SALGUEIRO;Acesso irregular;Colisão transversal;Com Vítimas Feridas;Plena Noite;Crescente;Céu Claro;Simples;Reta;-8,06685418;-39,13396287
25/02/2025;11:20:00;SANTA INES;Conversão proibida;Colisão transversal;Sem Vítimas;Pleno dia;Crescente;Céu Claro;Simples;Reta;-3,6645294;-45,38692474
25/02/2025;17:40:00;ERECHIM;Conversão proibida;Colisão transversal;Com Vítimas Feridas;Pleno dia;Crescente;Céu Claro;Simples;"Declive;Reta";-27,63702188;-52,23968983
25/02/2025;16:40:00;ALAGOINHAS;Retorno proibido;Queda de ocupante de veículo;Com Vítimas Feridas;Pleno dia;Crescente;Céu Claro;Simples;Reta;-12,16208714;-38,4162122
25/02/2025;21:50:00;RIO NEGRINHO;Acesso irregular;Colisão transversal;Com Vítimas Feridas;Plena Noite;Decrescente;Céu Claro;Simples;Reta;-26,23912555;-49,5026328
24/02/2025;06:45:00;ORTIGUEIRA;Velocidade Incompatível;Tombamento;Com Vítimas Feridas;Amanhecer;Crescente;Sol;Dupla;Curva;-23,9511751;-51,11844063
24/02/2025;07:50:00;NOVA ERA;Velocidade Incompatível;Tombamento;Com Vítimas Feridas;Pleno dia;Decrescente;Sol;Simples;Curva;-19,76218018;-43,0355072
24/02/2025;05:37:00;CATUJI;Pista Escorregadia;Colisão lateral sentido oposto;Com Vítimas Feridas;Amanhecer;Crescente;Garoa/Chuvisco;Simples;"Curva;Declive";-17,430725;-41,51466
24/02/2025;12:20:00;ITAJAI;Acesso irregular;Colisão transversal;Com Vítimas Feridas;Pleno dia;Decrescente;Sol;Dupla;Interseção de Vias;-26,94802427;-48,6719272
24/02/2025;16:00:00;GURINHATA;Velocidade Incompatível;Saída de leito carroçável;Com Vítimas Feridas;Pleno dia;Crescente;Chuva;Simples;"Reta;Declive";-18,92529639;-49,85520601
24/02/2025;12:30:00;CONCEICAO DO JACUIPE;Pista Escorregadia;Saída de leito carroçável;Com Vítimas Feridas;Pleno dia;Decrescente;Chuva;Dupla;Reta;-12,36280742;-38,82259369
24/02/2025;17:00:00;PRATA;Velocidade Incompatível;Saída de leito carroçável;Com Vítimas Feridas;Pleno dia;Decrescente;Chuva;Simples;"Reta;Declive";-19,49313322;-48,85654449
24/02/2025;17:30:00;SAPUCAIA;Velocidade Incompatível;Colisão traseira;Com Vítimas Feridas;Plena Noite;Decrescente;Chuva;Simples;Curva;-22,05094401;-42,78921789
24/02/2025;19:50:00;CARIACICA;Pista Escorregadia;Saída de leito carroçável;Com Vítimas Feridas;Plena Noite;Crescente;Nublado;Dupla;"Curva;Declive";-20,2577618;-40,3774027
24/02/2025;15:04:00;CACERES;Velocidade Incompatível;Tombamento;Com Vítimas Feridas;Pleno dia;Decrescente;Nublado;Simples;Curva;-16,25091;-57,465843
24/02/2025;12:20:00;DOIS RIACHOS;Ultrapassagem Indevida;Colisão lateral mesmo sentido;Com Vítimas Feridas;Pleno dia;Decrescente;Céu Claro;Simples;Reta;-9,388603;-37,05005
24/02/2025;00:13:00;VITORIA DE SANTO ANTAO;Acesso irregular;Colisão frontal;Sem Vítimas;Plena Noite;Crescente;Céu Claro;Dupla;Reta;-8,11771;-35,22929
24/02/2025;01:55:00;TANGUA;Animais na Pista;Atropelamento de Animal;Com Vítimas Feridas;Plena Noite;Decrescente;Céu Claro;Dupla;Reta;-22,736891;-42,731751
24/02/2025;03:00:00;CASCAVEL;Velocidade Incompatível;Colisão com objeto;Com Vítimas Feridas;Plena Noite;Crescente;Céu Claro;Dupla;Interseção de Vias;-24,992708;-53,512319
24/02/2025;04:30:00;SAO GONCALO DO AMARANTE;Animais na Pista;Atropelamento de Animal;Com Vítimas Feridas;Amanhecer;Crescente;Nublado;Dupla;Reta;-5,757199;-35,288476
24/02/2025;00:20:00;ILHEUS;Chuva;Saída de leito carroçável;Com Vítimas Feridas;Plena Noite;Crescente;Chuva;Dupla;Curva;-14,79894;-39,162084
24/02/2025;05:20:00;ITAPECERICA DA SERRA;Afundamento ou ondulação no pavimento;Queda de ocupante de veículo;Com Vítimas Feridas;Amanhecer;Decrescente;Céu Claro;Dupla;Reta;-23,7002955;-46,8690853
24/02/2025;00:25:00;DUQUE DE CAXIAS;Acesso irregular;Colisão frontal;Com Vítimas Feridas;Plena Noite;Decrescente;Céu Claro;Simples;Reta;-22,67167606;-43,27847033
24/02/2025;06:00:00;DOURADOS;Pista Escorregadia;Tombamento;Com Vítimas Feridas;Pleno dia;Crescente;Céu Claro;Dupla;Reta;-22,234541;-54,7439497
24/02/2025;07:35:00;BARREIRAS;Animais na Pista;Atropelamento de Animal;Com Vítimas Feridas;Pleno dia;Decrescente;Céu Claro;Simples;Declive;-12,1167924;-44,9936291
24/02/2025;07:20:00;UBATUBA;Conversão proibida;Colisão transversal;Com Vítimas Feridas;Pleno dia;Decrescente;Céu Claro;Simples;Reta;-23,45324932;-45,07427573
24/02/2025;07:15:00;MAFRA;Acesso irregular;Colisão transversal;Com Vítimas Feridas;Pleno dia;Decrescente;Céu Claro;Simples;Interseção de Vias;-26,17974211;-49,87106323
24/02/2025;08:00:00;VIANA;Chuva;Queda de ocupante de veículo;Com Vítimas Feridas;Pleno dia;Decrescente;Céu Claro;Dupla;Reta;-20,35066256;-40,4129076
24/02/2025;06:00:00;CACERES;Animais na Pista;Atropelamento de Animal;Com Vítimas Feridas;Amanhecer;Decrescente;Céu Claro;Simples;Reta;-16,11171809;-57,30165482
24/02/2025;08:00:00;CAMBE;Velocidade Incompatível;Colisão traseira;Com Vítimas Feridas;Pleno dia;Decrescente;Céu Claro;Simples;"Curva;Aclive;Viaduto";-23,28244307;-51,25472367
24/02/2025;05:40:00;BARRA DO PIRAI;Ultrapassagem Indevida;Colisão frontal;Com Vítimas Feridas;Amanhecer;Decrescente;Céu Claro;Simples;Reta;-22,478848;-44,007424
24/02/2025;07:00:00;SINOP;Iluminação deficiente;Eventos atípicos;Com Vítimas Feridas;Pleno dia;Decrescente;Céu Claro;Simples;Reta;-11,85706119;-55,494182
24/02/2025;09:30:00;DOM AQUINO;Animais na Pista;Tombamento;Com Vítimas Feridas;Pleno dia;Decrescente;Sol;Simples;Reta;-15,50894392;-54,68832493
24/02/2025;12:00:00;SETE LAGOAS;Restrição de visibilidade em curvas verticais;Colisão frontal;Com Vítimas Feridas;Pleno dia;Decrescente;Céu Claro;Simples;"Aclive;Reta";-19,57774;-44,22896
24/02/2025;12:40:00;CAUCAIA;Animais na Pista;Queda de ocupante de veículo;Com Vítimas Feridas;Pleno dia;Crescente;Céu Claro;Múltipla;Reta;-3,76832;-38,6629632
24/02/2025;14:00:00;CENTRALINA;Velocidade Incompatível;Saída de leito carroçável;Com Vítimas Feridas;Pleno dia;Decrescente;Chuva;Dupla;Reta;-18,61501328;-49,1916275
24/02/2025;15:00:00;GARANHUNS;Condutor usando celular;Capotamento;Com Vítimas Feridas;Pleno dia;Decrescente;Céu Claro;Simples;"Curva;Declive";-8,85856;-36,464603
24/02/2025;14:30:00;AMELIA RODRIGUES;Chuva;Queda de ocupante de veículo;Com Vítimas Feridas;Pleno dia;Decrescente;Chuva;Dupla;Curva;-12,37961319;-38,79973389
24/02/2025;17:40:00;SEROPEDICA;Ultrapassagem Indevida;Colisão lateral mesmo sentido;Com Vítimas Feridas;Pleno dia;Decrescente;Céu Claro;Simples;Reta;-22,80681;-43,6362
24/02/2025;18:35:00;SALGUEIRO;Animais na Pista;Atropelamento de Animal;Com Vítimas Feridas;Pleno dia;Crescente;Céu Claro;Simples;Reta;-8,066963;-39,184298
24/02/2025;19:30:00;ANGRA DOS REIS;Conversão proibida;Colisão transversal;Com Vítimas Feridas;Plena Noite;Crescente;Céu Claro;Simples;Reta;-22,94416683;-44,42742348
24/02/2025;20:00:00;PESCARIA BRAVA;Conversão proibida;Colisão transversal;Com Vítimas Feridas;Plena Noite;Decrescente;Céu Claro;Simples;Reta;-28,42469047;-48,89753401
24/02/2025;15:50:00;GOVERNADOR VALADARES;Demais Fenômenos da natureza;Colisão com objeto;Com Vítimas Feridas;Pleno dia;Decrescente;Chuva;Simples;Curva;-18,80753647;-41,98476792
24/02/2025;20:15:00;PINHEIRO MACHADO;Sinalização mal posicionada;Colisão com objeto;Com Vítimas Feridas;Plena Noite;Crescente;Ignorado;Simples;Reta;-31,57828864;-53,36369634
24/02/2025;20:30:00;ARAGUARI;Velocidade Incompatível;Tombamento;Com Vítimas Feridas;Plena Noite;Decrescente;Céu Claro;Dupla;Reta;-18,6757971;-48,1703639
24/02/2025;21:30:00;SABARA;Ultrapassagem Indevida;Saída de leito carroçável;Com Vítimas Fatais;Plena Noite;Decrescente;Nublado;Simples;Curva;-19,7885749;-43,698001
24/02/2025;19:40:00;NOVA ALVORADA DO SUL;Animais na Pista;Atropelamento de Animal;Com Vítimas Feridas;Plena Noite;Decrescente;Céu Claro;Dupla;"Aclive;Curva";-21,39936894;-54,40567757
24/02/2025;20:35:00;RONDONOPOLIS;Chuva;Colisão com objeto;Com Vítimas Feridas;Plena Noite;Decrescente;Chuva;Dupla;"Reta;Declive";-16,47460425;-54,65407389
24/02/2025;22:30:00;SAPUCAIA DO SUL;Condutor usando celular;Colisão com objeto;Sem Vítimas;Plena Noite;Crescente;Céu Claro;Dupla;Reta;-29,80808506;-51,1675787
24/02/2025;22:00:00;PONTES E LACERDA;Animais na Pista;Atropelamento de Animal;Com Vítimas Feridas;Plena Noite;Crescente;Céu Claro;Simples;Reta;-15,31357523;-59,24398899
24/02/2025;06:50:00;IPIAU;Chuva;Saída de leito carroçável;Com Vítimas Feridas;Amanhecer;Crescente;Chuva;Simples;Curva;-14,0861;-39,7814
24/02/2025;16:05:00;ALCINOPOLIS;Animais na Pista;Atropelamento de Animal;Com Vítimas Feridas;Pleno dia;Crescente;Céu Claro;Simples;Curva;-18,25804507;-53,96072388
23/02/2025;00:30:00;CAMPOS ALTOS;Velocidade Incompatível;Tombamento;Com Vítimas Feridas;Plena Noite;Crescente;Céu Claro;Simples;"Aclive;Curva";-19,65870246;-46,13119483
23/02/2025;01:40:00;ORTIGUEIRA;Velocidade Incompatível;Tombamento;Com Vítimas Feridas;Plena Noite;Crescente;Céu Claro;Simples;"Declive;Curva";-24,137624;-51,004054
23/02/2025;11:00:00;MIRACATU;Declive acentuado;Queda de ocupante de veículo;Com Vítimas Feridas;Pleno dia;Crescente;Céu Claro;Dupla;"Túnel;Reta;Declive";-24,095956;-47,256789
23/02/2025;10:58:00;CHAPECO;Velocidade Incompatível;Colisão lateral sentido oposto;Com Vítimas Feridas;Pleno dia;Decrescente;Céu Claro;Simples;"Curva;Declive";-27,00046252;-52,67041504
23/02/2025;10:30:00;POXOREU;Velocidade Incompatível;Saída de leito carroçável;Com Vítimas Feridas;Pleno dia;Decrescente;Céu Claro;Simples;"Curva;Aclive";-15,615798;-54,039737
23/02/2025;20:20:00;PARAOPEBA;Velocidade Incompatível;Tombamento;Sem Vítimas;Plena Noite;Crescente;Céu Claro;Dupla;"Retorno Regulamentado;Curva";-19,2817;-44,409
23/02/2025;21:18:00;BRASILANDIA DO TOCANTINS;Iluminação deficiente;Atropelamento de Pedestre;Com Vítimas Feridas;Plena Noite;Decrescente;Chuva;Simples;Reta;-8,216412;-48,464197
23/02/2025;16:22:00;PRESIDENTE MEDICI;Ultrapassagem Indevida;Colisão lateral sentido oposto;Com Vítimas Feridas;Pleno dia;Crescente;Nublado;Simples;Reta;-11,356792;-61,851348
23/02/2025;16:40:00;ADRIANOPOLIS;Velocidade Incompatível;Colisão lateral sentido oposto;Com Vítimas Feridas;Pleno dia;Decrescente;Céu Claro;Simples;"Curva;Aclive";-24,73551;-48,984659
23/02/2025;20:00:00;PALMITOS;Acesso irregular;Colisão transversal;Com Vítimas Feridas;Plena Noite;Crescente;Céu Claro;Simples;Reta;-27,1139854;-53,2161278
23/02/2025;01:00:00;BRASILIA;Velocidade Incompatível;Colisão com objeto;Com Vítimas Feridas;Plena Noite;Crescente;Céu Claro;Dupla;"Viaduto;Curva;Aclive";-16,000706;-47,984744
23/02/2025;00:45:00;CAMPINA GRANDE;Animais na Pista;Atropelamento de Animal;Com Vítimas Feridas;Plena Noite;Crescente;Céu Claro;Simples;"Reta;Aclive";-7,19738723;-35,87712765
23/02/2025;02:00:00;BUTIA;Iluminação deficiente;Colisão traseira;Com Vítimas Feridas;Plena Noite;Crescente;Nublado;Simples;Reta;-30,12849992;-51,95331573
23/02/2025;04:15:00;ITAPEVA;Velocidade Incompatível;Colisão com objeto;Com Vítimas Feridas;Amanhecer;Decrescente;Nublado;Dupla;"Aclive;Reta";-22,78550009;-46,24144793
23/02/2025;02:20:00;REALEZA;Velocidade Incompatível;Colisão com objeto;Com Vítimas Feridas;Plena Noite;Crescente;Céu Claro;Simples;"Reta;Declive";-25,579383;-53,563517
23/02/2025;05:45:00;SAO JOSE DO RIO PRETO;Animais na Pista;Atropelamento de Animal;Com Vítimas Feridas;Amanhecer;Decrescente;Céu Claro;Dupla;Reta;-20,86149865;-49,40890789
23/02/2025;02:40:00;SAO JOAO DA BARRA;Ultrapassagem Indevida;Colisão frontal;Com Vítimas Feridas;Plena Noite;Crescente;Céu Claro;Simples;Reta;-21,715516;-41,166397
23/02/2025;09:35:00;PELOTAS;Acumulo de areia ou detritos sobre o pavimento;Tombamento;Com Vítimas Feridas;Pleno dia;Crescente;Céu Claro;Simples;Curva;-31,745208;-52,403711
23/02/2025;10:35:00;SANTANA DO LIVRAMENTO;Velocidade Incompatível;Saída de leito carroçável;Sem Vítimas;Pleno dia;Decrescente;Céu Claro;Simples;"Curva;Aclive";-30,828157;-55,351852
23/02/2025;09:45:00;PORTO SEGURO;Animais na Pista;Atropelamento de Animal;Com Vítimas Feridas;Pleno dia;Decrescente;Céu Claro;Simples;Curva;-16,396807;-39,182407
23/02/2025;11:55:00;RODEIO;Afundamento ou ondulação no pavimento;Saída de leito carroçável;Com Vítimas Feridas;Pleno dia;Crescente;Céu Claro;Simples;Curva;-26,9511894;-49,3264928
23/02/2025;11:45:00;INHAPIM;Velocidade Incompatível;Colisão frontal;Com Vítimas Feridas;Pleno dia;Crescente;Chuva;Simples;Curva;-19,60911794;-42,11451173
23/02/2025;15:45:00;TERESOPOLIS;Velocidade Incompatível;Queda de ocupante de veículo;Com Vítimas Feridas;Pleno dia;Decrescente;Chuva;Simples;Curva;-22,425536;-42,95337037
23/02/2025;18:20:00;MESSIAS;Animais na Pista;Atropelamento de Animal;Com Vítimas Feridas;Plena Noite;Decrescente;Céu Claro;Simples;"Aclive;Reta";-9,36825972;-35,83488107
23/02/2025;17:30:00;CORUMBA DE GOIAS;Velocidade Incompatível;Colisão transversal;Com Vítimas Fatais;Pleno dia;Decrescente;Céu Claro;Simples;"Aclive;Curva";-15,84866;-48,765935
23/02/2025;17:46:00;JUAZEIRINHO;Ultrapassagem Indevida;Colisão frontal;Com Vítimas Feridas;Plena Noite;Crescente;Céu Claro;Simples;Reta;-7,06964533;-36,58629656
23/02/2025;19:10:00;SERRA TALHADA;Animais na Pista;Atropelamento de Animal;Com Vítimas Feridas;Plena Noite;Decrescente;Céu Claro;Simples;Reta;-7,9887582;-38,2556632
23/02/2025;17:45:00;NITEROI;Chuva;Colisão traseira;Com Vítimas Feridas;Pleno dia;Crescente;Chuva;Dupla;"Reta;Ponte";-22,87771353;-43,11582997
23/02/2025;18:30:00;SINOP;Animais na Pista;Atropelamento de Animal;Com Vítimas Feridas;Plena Noite;Crescente;Céu Claro;Dupla;Reta;-11,92414543;-55,51139139
23/02/2025;21:30:00;SAO SEPE;Velocidade Incompatível;Colisão lateral mesmo sentido;Sem Vítimas;Plena Noite;Decrescente;Céu Claro;Simples;Reta;-30,15622284;-53,5896349
23/02/2025;21:05:00;ITAGUAI;Velocidade Incompatível;Colisão com objeto;Com Vítimas Fatais;Plena Noite;Crescente;Nublado;Dupla;Reta;-22,858053;-43,760252
23/02/2025;18:10:00;ITABERABA;Animais na Pista;Atropelamento de Animal;Com Vítimas Feridas;Plena Noite;Decrescente;Céu Claro;Simples;Reta;-12,511706;-40,324247
23/02/2025;21:45:00;EXTREMA;Acesso irregular;Colisão transversal;Com Vítimas Feridas;Plena Noite;Decrescente;Nublado;Dupla;Curva;-22,81616307;-46,29230332
23/02/2025;20:35:00;SIMAO PEREIRA;Velocidade Incompatível;Tombamento;Com Vítimas Feridas;Plena Noite;Crescente;Nublado;Dupla;Curva;-21,989063;-43,284543
23/02/2025;08:30:00;VISEU;Animais na Pista;Eventos atípicos;Sem Vítimas;Pleno dia;Crescente;Céu Claro;Simples;Reta;-1,72100889;-46,62614118
23/02/2025;01:50:00;PONTA PORA;Animais na Pista;Atropelamento de Animal;Com Vítimas Feridas;Plena Noite;Crescente;Céu Claro;Simples;Reta;-22,341977;-55,200605
23/02/2025;17:00:00;CARDOSO MOREIRA;Conversão proibida;Colisão lateral sentido oposto;Com Vítimas Feridas;Pleno dia;Decrescente;Céu Claro;Simples;Curva;-21,489969;-41,635899
23/02/2025;10:00:00;IGARAPE;Velocidade Incompatível;Tombamento;Com Vítimas Feridas;Pleno dia;Crescente;Céu Claro;Dupla;"Aclive;Curva";-20,114539;-44,305585
22/02/2025;03:40:00;POUSO ALTO;Velocidade Incompatível;Tombamento;Sem Vítimas;Plena Noite;Crescente;Céu Claro;Simples;Curva;-22,20438724;-44,96227026
22/02/2025;12:20:00;FRANCISCO SA;Velocidade Incompatível;Tombamento;Com Vítimas Feridas;Pleno dia;Crescente;Céu Claro;Simples;Curva;-16,4735435;-43,4793755
22/02/2025;13:27:00;IBATIBA;Velocidade Incompatível;Queda de ocupante de veículo;Com Vítimas Feridas;Pleno dia;Crescente;Garoa/Chuvisco;Simples;Curva;-20,265357;-41,57852
22/02/2025;11:30:00;PINHALZINHO;Condutor usando celular;Colisão frontal;Com Vítimas Feridas;Pleno dia;Decrescente;Sol;Simples;Reta;-26,85107593;-52,98002291
22/02/2025;03:00:00;CACHOEIRA DOS INDIOS;Velocidade Incompatível;Saída de leito carroçável;Com Vítimas Feridas;Plena Noite;Crescente;Céu Claro;Simples;Reta;-6,94004286;-38,72136176
22/02/2025;12:45:00;SAO JOSE DO CERRITO;Velocidade Incompatível;Tombamento;Com Vítimas Feridas;Pleno dia;Crescente;Céu Claro;Simples;"Aclive;Curva";-27,7288602;-50,52127898
22/02/2025;17:25:00;CASCAVEL;Ultrapassagem Indevida;Colisão lateral mesmo sentido;Com Vítimas Feridas;Pleno dia;Crescente;Céu Claro;Simples;"Declive;Reta";-24,964148;-53,411336
22/02/2025;19:15:00;OLIVEIRA DOS BREJINHOS;Ultrapassagem Indevida;Colisão frontal;Com Vítimas Fatais;Plena Noite;Crescente;Nublado;Simples;Reta;-12,192964;-42,82117
22/02/2025;02:30:00;SANTA VITORIA DO PALMAR;Animais na Pista;Atropelamento de Animal;Com Vítimas Feridas;Plena Noite;Decrescente;Céu Claro;Simples;Reta;-33,45808347;-53,26638793
22/02/2025;05:30:00;CANOAS;Acostamento em desnível;Colisão com objeto;Com Vítimas Feridas;Plena Noite;Decrescente;Céu Claro;Dupla;Reta;-29,8946232;-51,1756295
22/02/2025;04:35:00;CAETE;Velocidade Incompatível;Colisão com objeto;Com Vítimas Feridas;Plena Noite;Crescente;Céu Claro;Dupla;"Rotatória;Declive";-19,761688;-43,640524
22/02/2025;05:50:00;BENTO GONCALVES;Velocidade Incompatível;Saída de leito carroçável;Sem Vítimas;Amanhecer;Decrescente;Céu Claro;Dupla;Reta;-29,16662585;-51,52572602
22/02/2025;04:30:00;AREAL;Velocidade Incompatível;Tombamento;Com Vítimas Feridas;Amanhecer;Crescente;Céu Claro;Dupla;"Curva;Viaduto";-22,2825032;-43,1192847
22/02/2025;07:40:00;SEROPEDICA;Acesso irregular;Colisão transversal;Com Vítimas Feridas;Pleno dia;Decrescente;Céu Claro;Dupla;Reta;-22,71887359;-43,69915009
22/02/2025;08:30:00;APIUNA;Retorno proibido;Colisão transversal;Com Vítimas Feridas;Pleno dia;Decrescente;Céu Claro;Simples;Reta;-27,0269981;-49,3789091
22/02/2025;08:45:00;RIO DE JANEIRO;Acesso irregular;Colisão traseira;Com Vítimas Feridas;Pleno dia;Decrescente;Sol;Múltipla;Reta;-22,894222;-43,675029
22/02/2025;10:20:00;SANTO AMARO DA IMPERATRIZ;Acumulo de areia ou detritos sobre o pavimento;Tombamento;Com Vítimas Feridas;Pleno dia;Crescente;Céu Claro;Dupla;Retorno Regulamentado;-27,663913;-48,675197
22/02/2025;11:00:00;ARAQUARI;Velocidade Incompatível;Colisão traseira;Com Vítimas Feridas;Pleno dia;Decrescente;Nublado;Dupla;Reta;-26,57177161;-48,7220639
22/02/2025;12:25:00;ICARA;Ultrapassagem Indevida;Colisão lateral mesmo sentido;Com Vítimas Feridas;Pleno dia;Crescente;Céu Claro;Múltipla;"Interseção de Vias;Curva";-28,75076137;-49,27038789
22/02/2025;13:16:00;AQUIRAZ;Acumulo de areia ou detritos sobre o pavimento;Queda de ocupante de veículo;Com Vítimas Feridas;Pleno dia;Decrescente;Céu Claro;Dupla;"Em Obras;Reta";-4,0505002;-38,50605011
22/02/2025;13:50:00;UBERABA;Acumulo de areia ou detritos sobre o pavimento;Saída de leito carroçável;Com Vítimas Feridas;Pleno dia;Crescente;Sol;Dupla;Reta;-19,76379569;-48,0991745
22/02/2025;13:59:00;JOAO PESSOA;Acumulo de areia ou detritos sobre o pavimento;Colisão com objeto;Com Vítimas Feridas;Pleno dia;Decrescente;Sol;Simples;"Curva;Viaduto";-7,16444814;-34,89549637
22/02/2025;08:50:00;MANGARATIBA;Ultrapassagem Indevida;Colisão lateral mesmo sentido;Com Vítimas Feridas;Pleno dia;Crescente;Sol;Simples;Aclive;-22,9988;-44,0981
22/02/2025;16:00:00;SABARA;Velocidade Incompatível;Colisão com objeto;Com Vítimas Feridas;Pleno dia;Decrescente;Céu Claro;Simples;Curva;-19,82783722;-43,83918285
22/02/2025;11:30:00;ITAQUIRAI;Pista esburacada;Colisão traseira;Com Vítimas Feridas;Pleno dia;Decrescente;Céu Claro;Simples;Reta;-23,29159866;-54,22430992
22/02/2025;09:00:00;EUNAPOLIS;Velocidade Incompatível;Colisão traseira;Com Vítimas Feridas;Pleno dia;Decrescente;Sol;Simples;Curva;-16,392795;-39,468384
22/02/2025;17:00:00;DOMINGOS MARTINS;Conversão proibida;Colisão transversal;Com Vítimas Feridas;Pleno dia;Crescente;Céu Claro;Simples;Curva;-20,3639;-40,6598
22/02/2025;17:25:00;BARRACAO;Velocidade Incompatível;Saída de leito carroçável;Com Vítimas Feridas;Pleno dia;Crescente;Céu Claro;Simples;Curva;-27,619628;-51,487331
22/02/2025;20:12:00;SERRA;Retorno proibido;Colisão transversal;Com Vítimas Feridas;Plena Noite;Decrescente;Céu Claro;Dupla;Reta;-20,15022357;-40,27900749
22/02/2025;19:52:00;DUQUE DE CAXIAS;Conversão proibida;Colisão transversal;Com Vítimas Feridas;Plena Noite;Decrescente;Céu Claro;Múltipla;Reta;-22,62350504;-43,2868964
22/02/2025;20:36:00;SERRA;Velocidade Incompatível;Colisão transversal;Com Vítimas Feridas;Plena Noite;Decrescente;Céu Claro;Simples;"Declive;Reta";-20,12205432;-40,30606227