data_inversa;horario;municipio;causa_acidente;tipo_acidente;classificacao_acidente;fase_dia;sentido_via;condicao_metereologica;tipo_pista;tracado_via;latitude;longitude
13/02/2025;04:40:00;ROLANDIA;Condutor usando celular;Saída de leito carroçável;Com Vítimas Feridas;Amanhecer;Decrescente;Céu Claro;Simples;Reta;-23,34267548;-51,38712072
13/02/2025;06:10:00;MARINGA;Demais falhas na via;Colisão lateral mesmo sentido;Com Vítimas Feridas;Amanhecer;Decrescente;Céu Claro;Dupla;Reta;-23,38007724;-51,94816589
13/02/2025;07:50:00;CONSELHEIRO LAFAIETE;Conversão proibida;Colisão transversal;Com Vítimas Fatais;Pleno dia;Decrescente;Sol;Simples;"Aclive;Curva";-20,744208;-43,801942
13/02/2025;16:45:00;MAIRIPORA;Chuva;Saída de leito carroçável;Com Vítimas Feridas;Pleno dia;Crescente;Chuva;Dupla;Reta;-23,29437896;-46,57254696
13/02/2025;17:00:00;TIJUCAS DO SUL;Velocidade Incompatível;Saída de leito carroçável;Com Vítimas Feridas;Pleno dia;Decrescente;Chuva;Dupla;Curva;-25,8516758;-49,00332398
13/02/2025;00:05:00;TEOFILO OTONI;Pista Escorregadia;Tombamento;Sem Vítimas;Plena Noite;Decrescente;Chuva;Simples;Reta;-17,859945;-41,515144
13/02/2025;06:30:00;JOAO PESSOA;Velocidade Incompatível;Colisão com objeto;Com Vítimas Fatais;Pleno dia;Decrescente;Sol;Múltipla;"Aclive;Viaduto";-7,169389;-34,874985
13/02/2025;08:00:00;FOZ DO IGUACU;Ultrapassagem Indevida;Colisão transversal;Com Vítimas Feridas;Pleno dia;Crescente;Nublado;Simples;Interseção de Vias;-25,5906;-54,5172
13/02/2025;09:15:00;PARAOPEBA;Velocidade Incompatível;Tombamento;Com Vítimas Feridas;Pleno dia;Decrescente;Nublado;Dupla;"Aclive;Reta";-19,28907;-44,39014
13/02/2025;09:29:00;NATAL;Ultrapassagem Indevida;Colisão frontal;Com Vítimas Feridas;Pleno dia;Decrescente;Céu Claro;Simples;Reta;-5,81364934;-35,2466547
13/02/2025;07:00:00;HIDROLANDIA;Demais falhas na via;Capotamento;Com Vítimas Feridas;Pleno dia;Decrescente;Céu Claro;Dupla;Aclive;-17,0727;-49,2238
13/02/2025;09:30:00;NOSSA SENHORA DO SOCORRO;Condutor usando celular;Colisão traseira;Com Vítimas Feridas;Pleno dia;Decrescente;Céu Claro;Simples;Reta;-10,857119;-37,185043
13/02/2025;11:50:00;SAO JOSE DO HERVAL;Velocidade Incompatível;Saída de leito carroçável;Com Vítimas Feridas;Pleno dia;Crescente;Garoa/Chuvisco;Simples;Curva;-29,022665;-52,319885
13/02/2025;13:05:00;JOAO PESSOA;Pista Escorregadia;Tombamento;Com Vítimas Feridas;Pleno dia;Crescente;Céu Claro;Simples;Viaduto;-7,16470016;-34,89993643
13/02/2025;15:00:00;AGUAS MORNAS;Acesso irregular;Colisão frontal;Com Vítimas Feridas;Pleno dia;Decrescente;Garoa/Chuvisco;Simples;Reta;-27,716148;-48,869583
13/02/2025;16:15:00;MESSIAS;Ultrapassagem Indevida;Colisão lateral sentido oposto;Com Vítimas Fatais;Pleno dia;Decrescente;Céu Claro;Simples;Reta;-9,36295794;-35,84986962
13/02/2025;12:30:00;ITABORAI;Acesso irregular;Colisão transversal;Com Vítimas Feridas;Pleno dia;Decrescente;Céu Claro;Simples;Reta;-22,7525329;-42,94160092
13/02/2025;18:00:00;ABADIANIA;Animais na Pista;Colisão traseira;Com Vítimas Feridas;Anoitecer;Crescente;Céu Claro;Dupla;Reta;-16,1993;-48,7348
13/02/2025;18:36:00;MACAIBA;Iluminação deficiente;Tombamento;Com Vítimas Feridas;Plena Noite;Decrescente;Céu Claro;Dupla;"Retorno Regulamentado;Reta";-5,8682343;-35,3321791
13/02/2025;17:30:00;CONGONHAS;Conversão proibida;Colisão transversal;Com Vítimas Feridas;Anoitecer;Crescente;Céu Claro;Simples;Declive;-20,48427186;-43,83895771
13/02/2025;20:20:00;GOVERNADOR VALADARES;Acesso irregular;Colisão transversal;Com Vítimas Feridas;Plena Noite;Decrescente;Céu Claro;Dupla;Reta;-18,84221919;-41,98289416
13/02/2025;20:30:00;ITATIAIA;Acumulo de água sobre o pavimento;Colisão com objeto;Com Vítimas Feridas;Plena Noite;Decrescente;Chuva;Dupla;Curva;-22,49106419;-44,56183985
13/02/2025;22:15:00;MARAVILHA;Velocidade Incompatível;Colisão lateral sentido oposto;Sem Vítimas;Plena Noite;Decrescente;Céu Claro;Simples;Reta;-26,786951;-53,195248
13/02/2025;18:20:00;ITAGUAI;Velocidade Incompatível;Capotamento;Com Vítimas Feridas;Anoitecer;Decrescente;Ignorado;Dupla;Curva;-22,84507842;-43,81158829
13/02/2025;21:40:00;JAGUARUNA;Chuva;Queda de ocupante de veículo;Com Vítimas Feridas;Plena Noite;Decrescente;Céu Claro;Dupla;Reta;-28,58988203;-49,04517307
13/02/2025;23:00:00;PINDAMONHANGABA;Animais na Pista;Colisão frontal;Com Vítimas Feridas;Plena Noite;Decrescente;Nublado;Dupla;Reta;-22,93930884;-45,37874708
13/02/2025;21:00:00;PARACATU;Velocidade Incompatível;Saída de leito carroçável;Com Vítimas Feridas;Plena Noite;Crescente;Nublado;Simples;Reta;-17,069717;-47,097239
12/02/2025;07:40:00;GUARULHOS;Desvio temporário;Colisão lateral mesmo sentido;Com Vítimas Feridas;Pleno dia;Crescente;Céu Claro;Múltipla;"Em Obras;Reta";-23,46143954;-46,48885316
12/02/2025;14:35:00;IGARATINGA;Velocidade Incompatível;Colisão transversal;Com Vítimas Feridas;Pleno dia;Decrescente;Sol;Dupla;"Retorno Regulamentado;Reta";-19,89879385;-44,69924927
12/02/2025;16:25:00;VARZEA GRANDE;Acesso irregular;Colisão transversal;Com Vítimas Feridas;Pleno dia;Decrescente;Céu Claro;Simples;Reta;-15,66072615;-56,18717194
12/02/2025;17:10:00;PRATA;Ultrapassagem Indevida;Colisão lateral sentido oposto;Com Vítimas Feridas;Pleno dia;Decrescente;Chuva;Simples;"Declive;Reta";-19,323623;-48,90629302
12/02/2025;21:20:00;UNIAO DA VITORIA;Afundamento ou ondulação no pavimento;Colisão lateral mesmo sentido;Sem Vítimas;Plena Noite;Decrescente;Céu Claro;Simples;Reta;-26,184006;-50,942402
12/02/2025;23:15:00;ITATIM;Ultrapassagem Indevida;Colisão frontal;Com Vítimas Fatais;Plena Noite;Decrescente;Céu Claro;Simples;Reta;-12,74292275;-39,78903727
12/02/2025;18:35:00;NOVO PROGRESSO;Demais falhas na via;Colisão frontal;Com Vítimas Fatais;Anoitecer;Crescente;Céu Claro;Simples;Reta;-7,14128815;-55,38273776
12/02/2025;11:51:00;ARAQUARI;Ultrapassagem Indevida;Colisão lateral mesmo sentido;Com Vítimas Feridas;Pleno dia;Decrescente;Céu Claro;Simples;Reta;-26,3946375;-48,73844147
12/02/2025;17:00:00;UBERLANDIA;Ultrapassagem Indevida;Colisão lateral mesmo sentido;Com Vítimas Feridas;Pleno dia;Crescente;Chuva;Dupla;Reta;-18,89049233;-48,25650215
12/02/2025;05:25:00;PIRAQUARA;Afundamento ou ondulação no pavimento;Saída de leito carroçável;Com Vítimas Fatais;Amanhecer;Decrescente;Céu Claro;Dupla;Curva;-25,38360492;-49,05301123
12/02/2025;05:54:00;EXTREMOZ;Acumulo de água sobre o pavimento;Queda de ocupante de veículo;Com Vítimas Feridas;Pleno dia;Crescente;Nublado;Simples;Reta;-5,66628678;-35,25303617
12/02/2025;05:40:00;NOSSA SENHORA DO SOCORRO;Acesso irregular;Colisão com objeto;Com Vítimas Feridas;Pleno dia;Decrescente;Nublado;Dupla;"Aclive;Reta";-10,89849802;-37,13176324
12/02/2025;04:25:00;CARDOSO MOREIRA;Animais na Pista;Atropelamento de Animal;Com Vítimas Feridas;Plena Noite;Crescente;Céu Claro;Simples;Reta;-21,53960062;-41,51083458
12/02/2025;06:30:00;SAO GONCALO DO AMARANTE;Animais na Pista;Colisão lateral mesmo sentido;Com Vítimas Feridas;Pleno dia;Crescente;Céu Claro;Dupla;"Aclive;Reta";-5,74970173;-35,32342926
12/02/2025;05:30:00;ARAGUARI;Velocidade Incompatível;Capotamento;Com Vítimas Feridas;Amanhecer;Crescente;Céu Claro;Dupla;"Reta;Declive";-18,42432;-48,068207
12/02/2025;11:35:00;TEIXEIRA DE FREITAS;Ultrapassagem Indevida;Colisão lateral mesmo sentido;Sem Vítimas;Pleno dia;Decrescente;Céu Claro;Simples;Reta;-17,545277;-39,718405
12/02/2025;12:45:00;VERANOPOLIS;Desvio temporário;Colisão lateral sentido oposto;Com Vítimas Feridas;Pleno dia;Decrescente;Nublado;Simples;"Desvio Temporário;Em Obras;Reta";-28,930741;-51,542109
12/02/2025;14:00:00;MORRETES;Retorno proibido;Colisão transversal;Com Vítimas Fatais;Pleno dia;Decrescente;Céu Claro;Dupla;Reta;-25,530058;-48,746953
12/02/2025;15:15:00;SERRA;Velocidade Incompatível;Saída de leito carroçável;Com Vítimas Feridas;Pleno dia;Decrescente;Sol;Simples;"Curva;Declive";-20,13930636;-40,29233694
12/02/2025;11:00:00;PARATY;Curva acentuada;Capotamento;Com Vítimas Feridas;Pleno dia;Crescente;Céu Claro;Simples;Curva;-23,054095;-44,581914
12/02/2025;18:15:00;VITORIA DA CONQUISTA;Conversão proibida;Colisão transversal;Com Vítimas Feridas;Anoitecer;Crescente;Céu Claro;Dupla;Reta;-14,9025;-40,8485
12/02/2025;18:10:00;RIO DO SUL;Ultrapassagem Indevida;Colisão transversal;Com Vítimas Feridas;Plena Noite;Crescente;Chuva;Simples;"Curva;Interseção de Vias";-27,203201;-49,635063
12/02/2025;22:20:00;BOA VISTA;Acostamento em desnível;Saída de leito carroçável;Com Vítimas Feridas;Plena Noite;Crescente;Céu Claro;Simples;Reta;2,87099998;-60,6970346
12/02/2025;22:30:00;JUAZEIRINHO;Animais na Pista;Atropelamento de Animal;Com Vítimas Feridas;Plena Noite;Decrescente;Céu Claro;Simples;Reta;-7,0688;-36,5739
12/02/2025;23:19:00;VARZEA GRANDE;Demais falhas na via;Atropelamento de Pedestre;Com Vítimas Feridas;Plena Noite;Crescente;Nublado;Simples;"Em Obras;Reta";-15,61443692;-56,20471037
12/02/2025;07:05:00;MONTENEGRO;Chuva;Colisão frontal;Com Vítimas Feridas;Pleno dia;Decrescente;Chuva;Simples;Reta;-29,816236;-51,483341
12/02/2025;09:10:00;IBIRACU;Velocidade Incompatível;Colisão com objeto;Com Vítimas Feridas;Pleno dia;Crescente;Céu Claro;Dupla;Reta;-19,86460092;-40,38336629
12/02/2025;15:10:00;RIO DE JANEIRO;Curva acentuada;Colisão traseira;Com Vítimas Feridas;Pleno dia;Crescente;Céu Claro;Múltipla;Curva;-22,89346927;-43,67542992
12/02/2025;19:30:00;MAGE;Animais na Pista;Atropelamento de Animal;Com Vítimas Feridas;Plena Noite;Crescente;Céu Claro;Simples;Reta;-22,67034011;-42,98256206
11/02/2025;01:30:00;SOUSA;Animais na Pista;Atropelamento de Animal;Com Vítimas Feridas;Plena Noite;Decrescente;Céu Claro;Simples;Reta;-6,7813;-38,2606
11/02/2025;03:00:00;CRUZEIRO;Velocidade Incompatível;Tombamento;Sem Vítimas;Plena Noite;Decrescente;Céu Claro;Múltipla;Retorno Regulamentado;-22,65447396;-44,95940103
11/02/2025;11:10:00;SERTANIA;Curva acentuada;Tombamento;Com Vítimas Feridas;Pleno dia;Crescente;Sol;Simples;Curva;-8,39951118;-37,35666188
11/02/2025;13:00:00;SAO FRANCISCO DO BREJAO;Chuva;Saída de leito carroçável;Sem Vítimas;Pleno dia;Crescente;Chuva;Simples;"Reta;Declive";-5,148785;-47,54071
11/02/2025;13:30:00;ANTONIO DIAS;Sinalização mal posicionada;Colisão traseira;Com Vítimas Feridas;Pleno dia;Decrescente;Céu Claro;Dupla;"Túnel;Curva";-19,61804561;-42,79232025
11/02/2025;11:30:00;CARDOSO MOREIRA;Velocidade Incompatível;Colisão transversal;Com Vítimas Feridas;Pleno dia;Crescente;Céu Claro;Simples;"Curva;Declive";-21,53197978;-41,52421653
11/02/2025;15:45:00;JACAREZINHO;Condutor usando celular;Engavetamento;Com Vítimas Feridas;Pleno dia;Decrescente;Céu Claro;Dupla;Reta;-23,00348738;-49,90753055
11/02/2025;15:00:00;ANGRA DOS REIS;Acumulo de areia ou detritos sobre o pavimento;Colisão lateral sentido oposto;Com Vítimas Feridas;Pleno dia;Decrescente;Céu Claro;Simples;Reta;-22,94874989;-44,3279949
11/02/2025;13:30:00;ITAPERUNA;Velocidade Incompatível;Tombamento;Com Vítimas Feridas;Pleno dia;Crescente;Céu Claro;Simples;Curva;-21,25300596;-41,78325793
11/02/2025;19:40:00;RONDONOPOLIS;Acumulo de água sobre o pavimento;Saída de leito carroçável;Sem Vítimas;Plena Noite;Decrescente;Chuva;Dupla;"Reta;Aclive";-16,6287819;-54,69729761
11/02/2025;22:20:00;PARNAMIRIM;Animais na Pista;Tombamento;Com Vítimas Feridas;Plena Noite;Crescente;Céu Claro;Simples;Declive;-8,06524084;-39,64955793
11/02/2025;06:30:00;DIAMANTINO;Acumulo de água sobre o pavimento;Saída de leito carroçável;Sem Vítimas;Pleno dia;Crescente;Chuva;Simples;Reta;-14,37879592;-56,37227995
11/02/2025;12:10:00;MANAUS;Velocidade Incompatível;Tombamento;Com Vítimas Feridas;Pleno dia;Crescente;Céu Claro;Simples;"Curva;Declive";-2,91557503;-60,03880044
11/02/2025;03:30:00;ARATACA;Ultrapassagem Indevida;Capotamento;Com Vítimas Feridas;Plena Noite;Crescente;Garoa/Chuvisco;Simples;Curva;-15,32682898;-39,50061866
11/02/2025;09:15:00;PARNAMIRIM;Ausência de sinalização;Colisão traseira;Com Vítimas Feridas;Pleno dia;Crescente;Céu Claro;Dupla;"Curva;Aclive";-5,892745;-35,257225
11/02/2025;07:10:00;CAMPINORTE;Acumulo de água sobre o pavimento;Saída de leito carroçável;Sem Vítimas;Pleno dia;Decrescente;Chuva;Simples;Reta;-14,29066784;-49,15042877
11/02/2025;08:45:00;OURO PRETO DO OESTE;Ultrapassagem Indevida;Colisão frontal;Com Vítimas Feridas;Pleno dia;Crescente;Nublado;Simples;Reta;-10,75388889;-62,16275296
11/02/2025;09:40:00;SANTOS DUMONT;Acesso irregular;Colisão lateral mesmo sentido;Com Vítimas Feridas;Pleno dia;Decrescente;Céu Claro;Simples;Curva;-21,39953901;-43,56507286
11/02/2025;12:00:00;CABEDELO;Velocidade Incompatível;Colisão traseira;Sem Vítimas;Pleno dia;Crescente;Céu Claro;Múltipla;Reta;-7,01581577;-34,83388603
11/02/2025;13:10:00;ALIANCA DO TOCANTINS;Pista Escorregadia;Colisão com objeto;Com Vítimas Feridas;Pleno dia;Crescente;Chuva;Simples;Reta;-11,43029003;-48,98545691
11/02/2025;14:20:00;CARIACICA;Acumulo de areia ou detritos sobre o pavimento;Queda de ocupante de veículo;Com Vítimas Feridas;Pleno dia;Crescente;Céu Claro;Simples;Reta;-20,34029997;-40,40405712
11/02/2025;12:45:00;ITAPAJE;Demais falhas na via;Queda de ocupante de veículo;Com Vítimas Feridas;Pleno dia;Crescente;Céu Claro;Simples;Reta;-3,72231305;-39,5617951
11/02/2025;15:35:00;NITEROI;Velocidade Incompatível;Queda de ocupante de veículo;Com Vítimas Feridas;Pleno dia;Crescente;Céu Claro;Dupla;Curva;-22,86981096;-43,11046465
11/02/2025;16:20:00;CACHOEIRA PAULISTA;Ultrapassagem Indevida;Colisão lateral mesmo sentido;Com Vítimas Feridas;Pleno dia;Crescente;Nublado;Simples;"Curva;Aclive";-22,65226152;-44,9587297
11/02/2025;18:00:00;DOURADOS;Pista esburacada;Queda de ocupante de veículo;Com Vítimas Feridas;Pleno dia;Decrescente;Céu Claro;Dupla;Reta;-22,1666872;-54,65611485
11/02/2025;17:20:00;ANGRA DOS REIS;Conversão proibida;Colisão transversal;Com Vítimas Feridas;Pleno dia;Decrescente;Céu Claro;Simples;Reta;-23,00976021;-44,29153237
11/02/2025;19:00:00;CURRAIS NOVOS;Ausência de sinalização;Colisão transversal;Com Vítimas Feridas;Plena Noite;Decrescente;Céu Claro;Simples;Reta;-6,23417195;-36,45478404
11/02/2025;23:10:00;BOA VISTA;Animais na Pista;Atropelamento de Animal;Sem Vítimas;Plena Noite;Decrescente;Céu Claro;Simples;Reta;2,89939022;-60,70444107
11/02/2025;16:00:00;TUBARAO;Ausência de sinalização;Colisão traseira;Com Vítimas Feridas;Pleno dia;Decrescente;Céu Claro;Múltipla;Reta;-28,46730446;-49,00604302
10/02/2025;05:05:00;CORBELIA;Retorno proibido;Colisão transversal;Com Vítimas Fatais;Amanhecer;Crescente;Céu Claro;Simples;Reta;-24,683172;-53,227572
10/02/2025;13:41:00;ANAPOLIS;Velocidade Incompatível;Colisão traseira;Com Vítimas Feridas;Pleno dia;Decrescente;Céu Claro;Dupla;Reta;-16,3053;-48,8208
10/02/2025;16:30:00;FONTOURA XAVIER;Velocidade Incompatível;Colisão lateral sentido oposto;Com Vítimas Feridas;Pleno dia;Crescente;Chuva;Simples;"Em Obras;Curva;Declive";-28,944974;-52,375688
10/02/2025;15:30:00;CANDIDO SALES;Chuva;Colisão traseira;Sem Vítimas;Pleno dia;Decrescente;Chuva;Simples;Reta;-15,44641305;-41,22614988
10/02/2025;03:00:00;CRISTINAPOLIS;Velocidade Incompatível;Colisão com objeto;Com Vítimas Feridas;Plena Noite;Crescente;Chuva;Simples;Reta;-11,44262788;-37,73258333
10/02/2025;18:49:00;NOVO PROGRESSO;Ultrapassagem Indevida;Tombamento;Com Vítimas Feridas;Anoitecer;Crescente;Ignorado;Simples;Reta;-6,975396;-55,446412
10/02/2025;00:30:00;PORTO SEGURO;Velocidade Incompatível;Saída de leito carroçável;Com Vítimas Feridas;Plena Noite;Crescente;Ignorado;Simples;Reta;-16,3959773;-39,1933471
10/02/2025;06:50:00;GOIANA;Acesso irregular;Colisão lateral sentido oposto;Com Vítimas Feridas;Pleno dia;Decrescente;Céu Claro;Simples;Reta;-7,61202978;-34,97391343
10/02/2025;07:20:00;SANTOS DUMONT;Velocidade Incompatível;Saída de leito carroçável;Sem Vítimas;Pleno dia;Crescente;Céu Claro;Simples;Curva;-21,37012696;-43,57558994
10/02/2025;06:25:00;DIAMANTINO;Chuva;Saída de leito carroçável;Com Vítimas Feridas;Pleno dia;Decrescente;Chuva;Dupla;"Reta;Declive;Retorno Regulamentado";-14,62259102;-56,26467497
10/02/2025;06:50:00;JARDIM;Animais na Pista;Tombamento;Com Vítimas Feridas;Pleno dia;Decrescente;Céu Claro;Simples;Reta;-21,74686087;-56,25930863
10/02/2025;07:30:00;MURIAE;Conversão proibida;Colisão transversal;Com Vítimas Feridas;Pleno dia;Decrescente;Nublado;Simples;Reta;-21,10951434;-42,38031864
10/02/2025;07:00:00;FLORIANO;Conversão proibida;Colisão transversal;Com Vítimas Feridas;Pleno dia;Crescente;Céu Claro;Simples;Reta;-6,78159309;-43,00121707
10/02/2025;09:20:00;JAGUARUNA;Acumulo de areia ou detritos sobre o pavimento;Saída de leito carroçável;Com Vítimas Feridas;Pleno dia;Crescente;Céu Claro;Simples;"Curva;Interseção de Vias";-28,635168;-49,09467
10/02/2025;12:09:00;NATAL;Acumulo de areia ou detritos sobre o pavimento;Tombamento;Com Vítimas Feridas;Pleno dia;Crescente;Céu Claro;Dupla;Viaduto;-5,83176615;-35,21191342
10/02/2025;11:25:00;SAO SEBASTIAO;Velocidade Incompatível;Queda de ocupante de veículo;Com Vítimas Fatais;Pleno dia;Crescente;Sol;Dupla;"Reta;Declive";-9,97355978;-36,55619114
10/02/2025;13:00:00;JOAO MONLEVADE;Retorno proibido;Colisão transversal;Sem Vítimas;Pleno dia;Decrescente;Céu Claro;Simples;"Reta;Aclive";-19,84955579;-43,25424839
10/02/2025;13:00:00;JEQUIE;Acesso irregular;Colisão transversal;Sem Vítimas;Pleno dia;Crescente;Nublado;Simples;Reta;-13,62855903;-40,09262869
10/02/2025;11:40:00;CAMPOS DOS GOYTACAZES;Velocidade Incompatível;Colisão com objeto;Com Vítimas Feridas;Pleno dia;Crescente;Céu Claro;Dupla;Reta;-21,77876606;-41,29048496
10/02/2025;14:50:00;ARAUCARIA;Acostamento em desnível;Tombamento;Com Vítimas Feridas;Pleno dia;Decrescente;Sol;Dupla;Curva;-25,570036;-49,384193
10/02/2025;15:15:00;MONTENEGRO;Retorno proibido;Colisão transversal;Com Vítimas Feridas;Pleno dia;Crescente;Céu Claro;Simples;Reta;-29,814081;-51,493126
10/02/2025;15:40:00;JACAREZINHO;Acesso irregular;Colisão transversal;Com Vítimas Feridas;Pleno dia;Decrescente;Céu Claro;Simples;Reta;-23,135487;-49,9450358
10/02/2025;18:00:00;CAMBORIU;Conversão proibida;Colisão transversal;Com Vítimas Feridas;Anoitecer;Crescente;Céu Claro;Múltipla;Interseção de Vias;-26,99654133;-48,65564711
10/02/2025;18:30:00;RECIFE;Iluminação deficiente;Saída de leito carroçável;Com Vítimas Feridas;Plena Noite;Decrescente;Céu Claro;Dupla;Reta;-8,07333497;-34,96184301
10/02/2025;17:10:00;MANGARATIBA;Ultrapassagem Indevida;Colisão lateral mesmo sentido;Com Vítimas Feridas;Pleno dia;Decrescente;Céu Claro;Simples;"Curva;Declive";-23,02615025;-44,12477186
10/02/2025;19:00:00;COLOMBO;Animais na Pista;Atropelamento de Animal;Com Vítimas Feridas;Plena Noite;Crescente;Céu Claro;Dupla;Reta;-25,3874;-49,1774
10/02/2025;19:00:00;PETROLINA;Ausência de sinalização;Colisão com objeto;Com Vítimas Feridas;Plena Noite;Crescente;Chuva;Dupla;Em Obras;-9,34588493;-40,55509788
10/02/2025;17:39:00;VILA PROPICIO;Velocidade Incompatível;Capotamento;Com Vítimas Feridas;Pleno dia;Crescente;Céu Claro;Simples;Curva;-15,208875;-48,697312
10/02/2025;09:35:00;CONSELHEIRO LAFAIETE;Velocidade Incompatível;Saída de leito carroçável;Com Vítimas Feridas;Pleno dia;Crescente;Céu Claro;Simples;"Curva;Aclive";-20,7281023;-43,80093277
10/02/2025;07:00:00;ESTANCIA;Conversão proibida;Colisão transversal;Com Vítimas Feridas;Pleno dia;Decrescente;Céu Claro;Simples;Reta;-11,26151;-37,441227
10/02/2025;21:30:00;SANTA CRUZ DO SUL;Animais na Pista;Atropelamento de Animal;Com Vítimas Feridas;Plena Noite;Crescente;Céu Claro;Simples;Reta;-29,843468;-52,394962
10/02/2025;15:30:00;CACHOEIRA PAULISTA;Desvio temporário;Colisão traseira;Com Vítimas Feridas;Pleno dia;Decrescente;Céu Claro;Múltipla;Reta;-22,67026579;-44,99183604
10/02/2025;19:00:00;GAVIAO;Velocidade Incompatível;Colisão lateral sentido oposto;Com Vítimas Feridas;Plena Noite;Decrescente;Céu Claro;Simples;Reta;-11,47105856;-39,78852466
10/02/2025;21:10:00;IMBITUBA;Acumulo de areia ou detritos sobre o pavimento;Queda de ocupante de veículo;Com Vítimas Feridas;Plena Noite;Crescente;Céu Claro;Múltipla;"Reta;Interseção de Vias";-28,14644701;-48,69204746
10/02/2025;06:30:00;SANTA RITA DE MINAS;Conversão proibida;Colisão transversal;Com Vítimas Feridas;Pleno dia;Decrescente;Céu Claro;Simples;Reta;-19,86620285;-42,1352356
10/02/2025;13:30:00;UBERABA;Ultrapassagem Indevida;Colisão frontal;Com Vítimas Feridas;Pleno dia;Decrescente;Sol;Simples;"Reta;Declive";-19,77457655;-47,91782766
10/02/2025;12:30:00;SAO GONCALO DO AMARANTE;Pista esburacada;Tombamento;Com Vítimas Feridas;Pleno dia;Crescente;Céu Claro;Dupla;Reta;-5,74852208;-35,326488
09/02/2025;11:20:00;BARRA MANSA;Velocidade Incompatível;Colisão traseira;Com Vítimas Feridas;Pleno dia;Decrescente;Sol;Dupla;Reta;-22,49295305;-44,24252706
09/02/2025;08:00:00;RIACHAO;Curva acentuada;Tombamento;Com Vítimas Feridas;Pleno dia;Decrescente;Céu Claro;Simples;Curva;-7,43414436;-46,80717089
09/02/2025;11:30:00;CANDOI;Conversão proibida;Colisão transversal;Com Vítimas Fatais;Pleno dia;Decrescente;Céu Claro;Simples;"Reta;Interseção de Vias";-25,61062691;-52,05540813
09/02/2025;09:20:00;IGARATINGA;Velocidade Incompatível;Capotamento;Com Vítimas Feridas;Pleno dia;Decrescente;Céu Claro;Dupla;Reta;-19,89448983;-44,70395989
09/02/2025;15:00:00;JOAO PINHEIRO;Velocidade Incompatível;Tombamento;Com Vítimas Feridas;Pleno dia;Crescente;Céu Claro;Simples;Curva;-17,94634903;-46,02505001
09/02/2025;13:14:00;SANTA LUZIA;Velocidade Incompatível;Tombamento;Sem Vítimas;Pleno dia;Crescente;Nublado;Simples;Curva;-4,09361502;-45,96747197
09/02/2025;19:20:00;CURITIBANOS;Demais falhas na via;Saída de leito carroçável;Com Vítimas Feridas;Plena Noite;Crescente;Nublado;Simples;Curva;-27,301584;-50,671352
09/02/2025;16:00:00;ITAITUBA;Velocidade Incompatível;Colisão frontal;Com Vítimas Feridas;Pleno dia;Crescente;Chuva;Simples;Curva;-5,40383926;-55,88351977
09/02/2025;01:00:00;SANTA TEREZA DE GOIAS;Chuva;Colisão frontal;Com Vítimas Feridas;Plena Noite;Crescente;Chuva;Simples;Declive;-13,752461;-49,029457
09/02/2025;04:40:00;NOVA SERRANA;Animais na Pista;Atropelamento de Animal;Com Vítimas Feridas;Amanhecer;Crescente;Céu Claro;Dupla;Reta;-19,8806236;-44,91232265
09/02/2025;06:00:00;COLINAS DO TOCANTINS;Ultrapassagem Indevida;Colisão lateral mesmo sentido;Com Vítimas Feridas;Amanhecer;Decrescente;Garoa/Chuvisco;Simples;Reta;-7,994203;-48,46468483
09/02/2025;00:30:00;LAVRAS DA MANGABEIRA;Animais na Pista;Atropelamento de Animal;Com Vítimas Feridas;Plena Noite;Decrescente;Céu Claro;Simples;Reta;-6,76838187;-39,01241399
09/02/2025;08:05:00;JOINVILLE;Velocidade Incompatível;Saída de leito carroçável;Com Vítimas Feridas;Pleno dia;Decrescente;Céu Claro;Dupla;Curva;-26,41498481;-48,83531213
09/02/2025;05:40:00;SORRISO;Afundamento ou ondulação no pavimento;Queda de ocupante de veículo;Com Vítimas Feridas;Pleno dia;Decrescente;Céu Claro;Dupla;Reta;-12,59752474;-55,7465744
09/02/2025;08:00:00;ITABAIANA;Velocidade Incompatível;Colisão lateral sentido oposto;Sem Vítimas;Pleno dia;Crescente;Céu Claro;Simples;Reta;-10,746924;-37,399899
09/02/2025;08:35:00;BRASILIA;Velocidade Incompatível;Saída de leito carroçável;Com Vítimas Feridas;Pleno dia;Crescente;Nublado;Dupla;Curva;-15,595603;-47,649715
09/02/2025;08:30:00;PORTO SEGURO;Velocidade Incompatível;Colisão traseira;Com Vítimas Feridas;Pleno dia;Decrescente;Céu Claro;Simples;Reta;-16,43763962;-39,0813791
09/02/2025;12:01:00;RIO TINTO;Retorno proibido;Colisão lateral mesmo sentido;Com Vítimas Feridas;Pleno dia;Crescente;Céu Claro;Dupla;"Retorno Regulamentado;Reta";-6,69578701;-35,1161778
09/02/2025;09:12:00;TIJUCAS DO SUL;Velocidade Incompatível;Tombamento;Com Vítimas Feridas;Pleno dia;Crescente;Céu Claro;Dupla;Curva;-25,84325961;-49,05169114
09/02/2025;12:55:00;MOSSORO;Conversão proibida;Colisão transversal;Com Vítimas Feridas;Pleno dia;Decrescente;Céu Claro;Simples;Reta;-5,26805991;-37,30005184