data_inversa;horario;municipio;causa_acidente;tipo_acidente;classificacao_acidente;fase_dia;sentido_via;condicao_metereologica;tipo_pista;tracado_via;latitude;longitude
09/02/2025;10:30:00;PETROPOLIS;Retorno proibido;Colisão transversal;Sem Vítimas;Pleno dia;Decrescente;Céu Claro;Dupla;"Reta;Aclive";-22,40542358;-43,14664526
09/02/2025;15:50:00;ESMERALDAS;Velocidade Incompatível;Colisão com objeto;Com Vítimas Feridas;Pleno dia;Crescente;Nublado;Dupla;"Curva;Declive";-19,67806052;-44,18852448
09/02/2025;16:00:00;CASCAVEL;Acumulo de água sobre o pavimento;Saída de leito carroçável;Com Vítimas Fatais;Pleno dia;Crescente;Chuva;Dupla;Reta;-25,01364099;-53,55458482
09/02/2025;16:00:00;SARANDI;Velocidade Incompatível;Colisão traseira;Com Vítimas Feridas;Pleno dia;Crescente;Céu Claro;Múltipla;Reta;-23,44159097;-51,87067398
09/02/2025;16:15:00;BETIM;Velocidade Incompatível;Saída de leito carroçável;Com Vítimas Feridas;Pleno dia;Crescente;Nublado;Dupla;Reta;-19,97562699;-44,197751
09/02/2025;17:30:00;MARQUES DE SOUZA;Ultrapassagem Indevida;Colisão lateral mesmo sentido;Com Vítimas Feridas;Pleno dia;Crescente;Céu Claro;Simples;Curva;-29,385532;-52,052769
09/02/2025;18:00:00;SERRA;Conversão proibida;Colisão transversal;Com Vítimas Feridas;Anoitecer;Decrescente;Céu Claro;Múltipla;"Reta;Interseção de Vias";-20,22662056;-40,27075088
09/02/2025;18:00:00;VOLTA REDONDA;Conversão proibida;Colisão frontal;Sem Vítimas;Anoitecer;Decrescente;Céu Claro;Simples;Rotatória;-22,48082784;-44,04047201
09/02/2025;19:00:00;MONTES CLAROS;Velocidade Incompatível;Colisão frontal;Com Vítimas Fatais;Anoitecer;Crescente;Nublado;Simples;"Reta;Declive";-16,86408314;-44,02535005
09/02/2025;19:00:00;FUNDAO;Velocidade Incompatível;Colisão traseira;Com Vítimas Feridas;Pleno dia;Decrescente;Céu Claro;Simples;Reta;-19,94425773;-40,40662323
09/02/2025;19:30:00;PACAJUS;Acesso irregular;Colisão transversal;Com Vítimas Feridas;Plena Noite;Crescente;Céu Claro;Dupla;"Retorno Regulamentado;Reta";-4,131965;-38,482975
09/02/2025;19:40:00;MATIAS BARBOSA;Declive acentuado;Tombamento;Com Vítimas Feridas;Plena Noite;Crescente;Céu Claro;Dupla;"Declive;Retorno Regulamentado";-21,85782703;-43,37661004
09/02/2025;20:30:00;ATILIO VIVACQUA;Velocidade Incompatível;Saída de leito carroçável;Com Vítimas Feridas;Plena Noite;Crescente;Céu Claro;Simples;Curva;-20,989783;-41,118799
09/02/2025;21:20:00;TRES RIOS;Conversão proibida;Colisão transversal;Com Vítimas Feridas;Plena Noite;Crescente;Nublado;Simples;Reta;-22,127502;-43,147022
09/02/2025;21:20:00;MACAIBA;Animais na Pista;Atropelamento de Animal;Com Vítimas Feridas;Plena Noite;Crescente;Céu Claro;Dupla;Reta;-5,86769816;-35,39394002
09/02/2025;20:00:00;CAMPO MAIOR;Animais na Pista;Atropelamento de Animal;Com Vítimas Feridas;Plena Noite;Crescente;Céu Claro;Simples;Reta;-4,879998;-42,226444
09/02/2025;20:00:00;OURO PRETO DO OESTE;Pista esburacada;Queda de ocupante de veículo;Com Vítimas Feridas;Plena Noite;Crescente;Céu Claro;Múltipla;Reta;-10,7422942;-62,20886998
09/02/2025;23:00:00;PAPANDUVA;Velocidade Incompatível;Saída de leito carroçável;Com Vítimas Feridas;Plena Noite;Decrescente;Céu Claro;Simples;Reta;-26,37772259;-50,19785907
09/02/2025;22:00:00;REBOUCAS;Velocidade Incompatível;Saída de leito carroçável;Sem Vítimas;Plena Noite;Decrescente;Céu Claro;Simples;Reta;-25,639368;-50,72877
09/02/2025;23:00:00;BARRA DO GARCAS;Ultrapassagem Indevida;Saída de leito carroçável;Sem Vítimas;Plena Noite;Decrescente;Chuva;Simples;"Interseção de Vias;Ponte;Curva";-15,895538;-52,25599
09/02/2025;01:40:00;URUGUAIANA;Animais na Pista;Atropelamento de Animal;Com Vítimas Feridas;Plena Noite;Crescente;Céu Claro;Simples;Reta;-29,917309;-56,655758
09/02/2025;05:38:00;SORRISO;Demais falhas na via;Tombamento;Com Vítimas Feridas;Pleno dia;Decrescente;Nublado;Dupla;"Em Obras;Reta;Desvio Temporário";-12,60122014;-55,74980952
09/02/2025;21:28:00;MAMANGUAPE;Animais na Pista;Atropelamento de Animal;Com Vítimas Feridas;Plena Noite;Crescente;Céu Claro;Dupla;Reta;-6,82073498;-35,13858694
09/02/2025;21:40:00;CAJAZEIRAS;Animais na Pista;Tombamento;Com Vítimas Feridas;Plena Noite;Crescente;Céu Claro;Simples;"Reta;Aclive";-6,90121;-38,558
09/02/2025;23:15:00;IMBITUBA;Velocidade Incompatível;Colisão frontal;Com Vítimas Feridas;Plena Noite;Crescente;Céu Claro;Dupla;Reta;-28,11011972;-48,70211279
08/02/2025;01:00:00;SANTO ESTEVAO;Animais na Pista;Atropelamento de Animal;Com Vítimas Fatais;Plena Noite;Decrescente;Céu Claro;Dupla;"Reta;Declive";-12,41591314;-39,19120591
08/02/2025;03:45:00;SANTA RITA DE MINAS;Velocidade Incompatível;Colisão frontal;Com Vítimas Feridas;Plena Noite;Decrescente;Céu Claro;Simples;Reta;-19,8670126;-42,13505745
08/02/2025;03:30:00;BARREIRAS;Ultrapassagem Indevida;Colisão lateral mesmo sentido;Sem Vítimas;Plena Noite;Decrescente;Céu Claro;Simples;Reta;-12,10830458;-45,29749994
08/02/2025;08:20:00;GOVERNADOR MANGABEIRA;Ultrapassagem Indevida;Colisão frontal;Com Vítimas Fatais;Pleno dia;Crescente;Céu Claro;Simples;"Aclive;Reta";-12,6022057;-39,0103324
08/02/2025;08:00:00;PILAR;Velocidade Incompatível;Tombamento;Com Vítimas Feridas;Pleno dia;Crescente;Céu Claro;Dupla;"Curva;Declive";-9,59200401;-36,00249993
08/02/2025;09:50:00;CORUPA;Velocidade Incompatível;Saída de leito carroçável;Com Vítimas Feridas;Pleno dia;Crescente;Garoa/Chuvisco;Simples;"Curva;Declive";-26,407423;-49,283504
08/02/2025;07:50:00;SETE LAGOAS;Pista esburacada;Saída de leito carroçável;Com Vítimas Feridas;Pleno dia;Decrescente;Nublado;Dupla;"Reta;Declive";-19,45038924;-44,3166822
08/02/2025;10:00:00;MARINGA;Ultrapassagem Indevida;Colisão lateral mesmo sentido;Com Vítimas Feridas;Pleno dia;Decrescente;Céu Claro;Dupla;"Em Obras;Reta";-23,41819121;-51,9748807
08/02/2025;13:30:00;RIALMA;Ultrapassagem Indevida;Colisão frontal;Com Vítimas Fatais;Pleno dia;Decrescente;Céu Claro;Simples;Reta;-15,277585;-49,552872
08/02/2025;14:00:00;CARIACICA;Velocidade Incompatível;Colisão traseira;Com Vítimas Feridas;Pleno dia;Decrescente;Sol;Múltipla;Declive;-20,32415948;-40,3952903
08/02/2025;16:45:00;GUAIRA;Pista Escorregadia;Colisão lateral mesmo sentido;Sem Vítimas;Pleno dia;Crescente;Chuva;Simples;Reta;-24,26399161;-54,18874272
08/02/2025;15:30:00;EXTREMA;Velocidade Incompatível;Tombamento;Com Vítimas Feridas;Pleno dia;Decrescente;Nublado;Dupla;Curva;-22,85421396;-46,33740277
08/02/2025;17:30:00;ANAPOLIS;Faixas de trânsito com largura insuficiente;Colisão lateral mesmo sentido;Sem Vítimas;Pleno dia;Crescente;Céu Claro;Simples;Reta;-16,299337;-48,928112
08/02/2025;13:55:00;VARZEA GRANDE;Conversão proibida;Colisão transversal;Com Vítimas Feridas;Pleno dia;Crescente;Céu Claro;Dupla;Reta;-15,6375121;-56,2038133
08/02/2025;16:40:00;PRATA;Condutor usando celular;Colisão lateral sentido oposto;Com Vítimas Feridas;Pleno dia;Decrescente;Céu Claro;Simples;"Reta;Declive";-19,15242696;-48,96164382
08/02/2025;21:00:00;ONDA VERDE;Ultrapassagem Indevida;Colisão frontal;Sem Vítimas;Plena Noite;Crescente;Céu Claro;Simples;Reta;-20,65497601;-49,34121741
08/02/2025;11:45:00;AIURUOCA;Velocidade Incompatível;Tombamento;Com Vítimas Feridas;Pleno dia;Decrescente;Sol;Simples;"Curva;Declive";-21,93725204;-44,5709875
08/02/2025;00:50:00;PELOTAS;Animais na Pista;Atropelamento de Animal;Com Vítimas Feridas;Plena Noite;Decrescente;Nublado;Dupla;Reta;-31,62896074;-52,32311021
08/02/2025;01:45:00;PARANAGUA;Chuva;Saída de leito carroçável;Sem Vítimas;Plena Noite;Decrescente;Chuva;Dupla;Reta;-25,568198;-48,615292
08/02/2025;01:40:00;CAMPO REDONDO;Velocidade Incompatível;Saída de leito carroçável;Com Vítimas Feridas;Plena Noite;Crescente;Céu Claro;Simples;"Curva;Declive";-6,21492834;-36,17570518
08/02/2025;07:05:00;SAO JOSE DOS PINHAIS;Chuva;Colisão com objeto;Com Vítimas Feridas;Pleno dia;Crescente;Chuva;Dupla;Reta;-25,52476582;-49,13851264
08/02/2025;08:10:00;SERRA;Ultrapassagem Indevida;Colisão lateral mesmo sentido;Com Vítimas Feridas;Pleno dia;Crescente;Sol;Dupla;Reta;-20,21307738;-40,32125972
08/02/2025;07:50:00;NOVA LIMA;Velocidade Incompatível;Saída de leito carroçável;Com Vítimas Feridas;Amanhecer;Decrescente;Sol;Dupla;Curva;-20,15241986;-43,96263156
08/02/2025;04:15:00;TOLEDO;Velocidade Incompatível;Saída de leito carroçável;Sem Vítimas;Plena Noite;Crescente;Nublado;Dupla;Reta;-24,6895249;-53,74927497
08/02/2025;11:00:00;BELO HORIZONTE;Conversão proibida;Colisão traseira;Com Vítimas Feridas;Pleno dia;Decrescente;Céu Claro;Simples;"Reta;Declive";-19,8397059;-43,8781929
08/02/2025;10:20:00;FREDERICO WESTPHALEN;Velocidade Incompatível;Saída de leito carroçável;Com Vítimas Feridas;Pleno dia;Decrescente;Céu Claro;Simples;Curva;-27,300388;-53,363838
08/02/2025;13:45:00;TERESOPOLIS;Velocidade Incompatível;Colisão frontal;Com Vítimas Feridas;Pleno dia;Crescente;Céu Claro;Simples;Curva;-22,45706098;-42,96221791
08/02/2025;14:10:00;MANDAGUARI;Condutor usando celular;Colisão com objeto;Com Vítimas Feridas;Pleno dia;Decrescente;Céu Claro;Dupla;Reta;-23,512075;-51,71729
08/02/2025;15:40:00;ARAGUARI;Chuva;Saída de leito carroçável;Com Vítimas Feridas;Pleno dia;Crescente;Chuva;Dupla;Curva;-18,77290538;-48,24124319
08/02/2025;11:00:00;ITABORAI;Ultrapassagem Indevida;Colisão lateral mesmo sentido;Com Vítimas Feridas;Pleno dia;Decrescente;Céu Claro;Dupla;Reta;-22,74822315;-42,81399965
08/02/2025;16:20:00;ANAPOLIS;Velocidade Incompatível;Tombamento;Com Vítimas Feridas;Pleno dia;Decrescente;Céu Claro;Dupla;Reta;-16,285816;-48,946599
08/02/2025;17:20:00;MONTES CLAROS;Velocidade Incompatível;Queda de ocupante de veículo;Com Vítimas Feridas;Anoitecer;Decrescente;Nublado;Simples;"Reta;Declive";-16,83478113;-43,95261496
08/02/2025;17:45:00;GUARULHOS;Demais Fenômenos da natureza;Eventos atípicos;Com Vítimas Feridas;Pleno dia;Decrescente;Céu Claro;Múltipla;"Em Obras;Reta;Interseção de Vias";-23,457972;-46,479927
08/02/2025;19:00:00;UBATUBA;Ultrapassagem Indevida;Colisão lateral mesmo sentido;Com Vítimas Feridas;Plena Noite;Crescente;Céu Claro;Simples;Reta;-23,4623355;-45,06476561
08/02/2025;19:15:00;CAMPINA GRANDE;Animais na Pista;Atropelamento de Animal;Com Vítimas Feridas;Plena Noite;Crescente;Nublado;Simples;Reta;-7,2688;-35,8837
08/02/2025;18:30:00;PAULA FREITAS;Demais falhas na via;Queda de ocupante de veículo;Com Vítimas Feridas;Pleno dia;Crescente;Sol;Simples;Reta;-26,11351973;-50,81451416
08/02/2025;20:30:00;GURUPI;Iluminação deficiente;Colisão lateral mesmo sentido;Com Vítimas Feridas;Plena Noite;Crescente;Céu Claro;Simples;Reta;-11,73417488;-49,04745001
08/02/2025;19:40:00;PICOS;Animais na Pista;Atropelamento de Animal;Com Vítimas Feridas;Plena Noite;Decrescente;Céu Claro;Simples;"Aclive;Reta";-7,06858767;-41,50981752
08/02/2025;21:00:00;PETROPOLIS;Demais falhas na via;Queda de ocupante de veículo;Com Vítimas Feridas;Plena Noite;Decrescente;Céu Claro;Simples;Curva;-22,52850694;-43,2349802
08/02/2025;22:40:00;UBERLANDIA;Animais na Pista;Atropelamento de Animal;Com Vítimas Feridas;Plena Noite;Decrescente;Nublado;Dupla;"Curva;Declive";-18,8851616;-48,1996357
08/02/2025;22:30:00;JI-PARANA;Animais na Pista;Atropelamento de Animal;Com Vítimas Feridas;Plena Noite;Crescente;Céu Claro;Dupla;Reta;-10,88145;-61,940983
08/02/2025;23:15:00;SANTA BARBARA DO LESTE;Pista Escorregadia;Saída de leito carroçável;Com Vítimas Feridas;Plena Noite;Decrescente;Nublado;Simples;Curva;-19,88240027;-42,13242591
08/02/2025;19:40:00;BARRA MANSA;Conversão proibida;Colisão transversal;Com Vítimas Feridas;Plena Noite;Decrescente;Céu Claro;Simples;Curva;-22,527174;-44,116318
08/02/2025;00:45:00;PILAR;Deficiência do Sistema de Iluminação/Sinalização;Colisão traseira;Com Vítimas Fatais;Plena Noite;Crescente;Céu Claro;Simples;Reta;-9,59111036;-35,93216002
08/02/2025;16:50:00;GRAO MOGOL;Ultrapassagem Indevida;Saída de leito carroçável;Com Vítimas Feridas;Pleno dia;Crescente;Ignorado;Simples;Reta;-16,29689;-42,70542
08/02/2025;23:00:00;SEROPEDICA;Animais na Pista;Atropelamento de Animal;Com Vítimas Feridas;Plena Noite;Crescente;Ignorado;Simples;Reta;-22,77629279;-43,6640507
07/02/2025;07:50:00;CABO DE SANTO AGOSTINHO;Demais falhas na via;Saída de leito carroçável;Com Vítimas Feridas;Pleno dia;Decrescente;Sol;Dupla;Reta;-8,25653422;-35,03811793
07/02/2025;10:20:00;TRES CORACOES;Velocidade Incompatível;Saída de leito carroçável;Com Vítimas Feridas;Pleno dia;Crescente;Céu Claro;Dupla;Reta;-21,6193566;-45,24913194
07/02/2025;06:24:00;MATUPA;Ultrapassagem Indevida;Colisão lateral sentido oposto;Com Vítimas Feridas;Amanhecer;Crescente;Céu Claro;Simples;Reta;-10,21397874;-54,96594637
07/02/2025;11:00:00;IBATIBA;Ultrapassagem Indevida;Colisão lateral sentido oposto;Com Vítimas Feridas;Pleno dia;Crescente;Céu Claro;Simples;"Curva;Declive";-20,2531047;-41,56633803
07/02/2025;12:10:00;CONCEICAO DO JACUIPE;Velocidade Incompatível;Saída de leito carroçável;Com Vítimas Feridas;Pleno dia;Decrescente;Chuva;Simples;Curva;-12,35104617;-38,83402119
07/02/2025;17:15:00;MORRINHOS;Velocidade Incompatível;Colisão com objeto;Com Vítimas Feridas;Pleno dia;Decrescente;Céu Claro;Dupla;Reta;-17,6778;-49,1621
07/02/2025;18:45:00;ESMERALDAS;Demais falhas na via;Saída de leito carroçável;Com Vítimas Feridas;Plena Noite;Decrescente;Céu Claro;Dupla;Reta;-19,69292612;-44,17828038
07/02/2025;14:30:00;ANTONIO OLINTO;Conversão proibida;Colisão transversal;Com Vítimas Feridas;Pleno dia;Crescente;Nublado;Simples;Curva;-25,885603;-50,182251
07/02/2025;14:40:00;CASIMIRO DE ABREU;Ultrapassagem Indevida;Colisão transversal;Com Vítimas Feridas;Pleno dia;Decrescente;Céu Claro;Simples;Reta;-22,4806698;-42,22017209
07/02/2025;10:56:00;SAO MIGUEL DO OESTE;Ultrapassagem Indevida;Colisão lateral mesmo sentido;Sem Vítimas;Pleno dia;Decrescente;Céu Claro;Simples;"Aclive;Reta;Interseção de Vias";-26,68004792;-53,51502657
07/02/2025;00:00:00;SIDROLANDIA;Animais na Pista;Atropelamento de Animal;Com Vítimas Feridas;Plena Noite;Crescente;Céu Claro;Simples;Reta;-21,00164432;-55,14813806
07/02/2025;03:00:00;PEDRA;Ultrapassagem Indevida;Colisão frontal;Com Vítimas Fatais;Plena Noite;Crescente;Céu Claro;Simples;"Aclive;Reta";-8,49698318;-37,010177
07/02/2025;04:30:00;CEU AZUL;Ultrapassagem Indevida;Colisão lateral sentido oposto;Com Vítimas Feridas;Plena Noite;Crescente;Céu Claro;Simples;Reta;-25,13216493;-53,8249287
07/02/2025;04:30:00;IRATI;Acesso irregular;Colisão lateral sentido oposto;Com Vítimas Feridas;Amanhecer;Crescente;Céu Claro;Simples;Interseção de Vias;-25,52383787;-50,65389862
07/02/2025;04:45:00;URUGUAIANA;Animais na Pista;Atropelamento de Animal;Sem Vítimas;Plena Noite;Decrescente;Céu Claro;Simples;Reta;-29,926233;-56,637955
07/02/2025;05:30:00;SANTO ESTEVAO;Animais na Pista;Atropelamento de Animal;Com Vítimas Feridas;Amanhecer;Crescente;Nublado;Dupla;Reta;-12,48924;-39,32894
07/02/2025;02:25:00;JARU;Velocidade Incompatível;Tombamento;Com Vítimas Feridas;Plena Noite;Crescente;Céu Claro;Simples;"Reta;Em Obras;Ponte";-10,45220802;-62,46072003
07/02/2025;07:00:00;ANCHIETA;Pista Escorregadia;Tombamento;Com Vítimas Feridas;Pleno dia;Decrescente;Céu Claro;Simples;"Curva;Aclive";-20,74480799;-40,7602114
07/02/2025;08:30:00;ITAPORANGA DAJUDA;Velocidade Incompatível;Colisão com objeto;Sem Vítimas;Pleno dia;Decrescente;Chuva;Dupla;"Curva;Declive";-10,997623;-37,302944
07/02/2025;09:20:00;CAETANOPOLIS;Pista esburacada;Colisão traseira;Com Vítimas Feridas;Pleno dia;Decrescente;Céu Claro;Dupla;Reta;-19,30931885;-44,37278577
07/02/2025;14:15:00;ANCHIETA;Acesso irregular;Colisão transversal;Com Vítimas Feridas;Pleno dia;Crescente;Nublado;Simples;"Reta;Aclive";-20,69768274;-40,71161014
07/02/2025;14:40:00;EXTREMA;Pista Escorregadia;Colisão com objeto;Com Vítimas Feridas;Pleno dia;Crescente;Chuva;Simples;"Curva;Declive";-22,8056671;-46,27533674
07/02/2025;17:00:00;LAGOA GRANDE;Velocidade Incompatível;Saída de leito carroçável;Com Vítimas Feridas;Pleno dia;Crescente;Nublado;Simples;Reta;-8,98338872;-40,25496316
07/02/2025;18:20:00;LINDOESTE;Acumulo de água sobre o pavimento;Saída de leito carroçável;Com Vítimas Feridas;Anoitecer;Crescente;Chuva;Dupla;"Curva;Declive";-25,21734703;-53,59537645
07/02/2025;18:20:00;NOSSA SENHORA DO SOCORRO;Demais falhas na via;Queda de ocupante de veículo;Com Vítimas Feridas;Plena Noite;Decrescente;Nublado;Simples;"Em Obras;Reta";-10,883585;-37,13908
07/02/2025;18:25:00;NOSSA SENHORA DO SOCORRO;Demais falhas na via;Queda de ocupante de veículo;Com Vítimas Feridas;Plena Noite;Crescente;Nublado;Simples;"Reta;Em Obras";-10,886912;-37,132862
07/02/2025;19:25:00;NOSSA SENHORA DO SOCORRO;Demais falhas na via;Tombamento;Com Vítimas Feridas;Plena Noite;Decrescente;Nublado;Simples;Em Obras;-10,883585;-37,13908
07/02/2025;18:40:00;CASCAVEL;Chuva;Saída de leito carroçável;Com Vítimas Feridas;Plena Noite;Decrescente;Chuva;Dupla;Curva;-24,85406;-53,60029
07/02/2025;19:50:00;NOSSA SENHORA DO SOCORRO;Demais falhas na via;Tombamento;Com Vítimas Feridas;Plena Noite;Crescente;Nublado;Simples;Em Obras;-10,883585;-37,13908
07/02/2025;19:40:00;GUARULHOS;Afundamento ou ondulação no pavimento;Tombamento;Com Vítimas Feridas;Plena Noite;Decrescente;Céu Claro;Múltipla;Reta;-23,42222263;-46,3932771
07/02/2025;19:30:00;APUCARANA;Acesso irregular;Colisão traseira;Com Vítimas Feridas;Plena Noite;Crescente;Céu Claro;Dupla;Reta;-23,583444;-51,457033
07/02/2025;20:50:00;MANGARATIBA;Animais na Pista;Atropelamento de Animal;Com Vítimas Feridas;Plena Noite;Crescente;Céu Claro;Simples;Rotatória;-22,93842518;-44,03644001
07/02/2025;21:48:00;GUARULHOS;Acesso irregular;Colisão com objeto;Com Vítimas Feridas;Plena Noite;Decrescente;Nublado;Múltipla;"Declive;Em Obras;Reta";-23,48586772;-46,54075317
07/02/2025;21:48:00;CAMPINA GRANDE DO SUL;Chuva;Colisão com objeto;Sem Vítimas;Plena Noite;Decrescente;Chuva;Dupla;Curva;-25,10683694;-48,785333
07/02/2025;22:55:00;PIMENTA BUENO;Acostamento em desnível;Tombamento;Com Vítimas Feridas;Plena Noite;Crescente;Céu Claro;Simples;Reta;-11,655408;-61,192195
07/02/2025;20:07:00;BACABEIRA;Animais na Pista;Atropelamento de Animal;Sem Vítimas;Plena Noite;Crescente;Céu Claro;Dupla;Reta;-2,9178575;-44,34673274
06/02/2025;06:10:00;ORTIGUEIRA;Velocidade Incompatível;Colisão frontal;Com Vítimas Feridas;Amanhecer;Decrescente;Chuva;Simples;Curva;-24,159;-50,973
06/02/2025;05:00:00;TUCANO;Ultrapassagem Indevida;Colisão frontal;Com Vítimas Feridas;Amanhecer;Crescente;Nublado;Simples;Reta;-10,9458839;-38,7252251
06/02/2025;10:15:00;GASPAR;Ultrapassagem Indevida;Colisão frontal;Com Vítimas Feridas;Pleno dia;Crescente;Garoa/Chuvisco;Simples;Curva;-26,86030399;-49,03852701
06/02/2025;13:55:00;JOAO NEIVA;Velocidade Incompatível;Tombamento;Com Vítimas Fatais;Pleno dia;Decrescente;Céu Claro;Simples;"Reta;Declive";-19,70198612;-40,32193499
06/02/2025;13:40:00;BOM JESUS DO AMPARO;Velocidade Incompatível;Colisão com objeto;Com Vítimas Feridas;Pleno dia;Crescente;Sol;Dupla;Curva;-19,74873228;-43,48895304
06/02/2025;17:30:00;PAULISTA;Acesso irregular;Colisão lateral mesmo sentido;Com Vítimas Feridas;Plena Noite;Decrescente;Chuva;Dupla;Reta;-7,9169968;-34,89689272
06/02/2025;17:30:00;SINOP;Pista Escorregadia;Colisão traseira;Com Vítimas Feridas;Pleno dia;Decrescente;Chuva;Dupla;"Retorno Regulamentado;Reta";-11,87765501;-55,49941432
06/02/2025;19:40:00;POSSE;Animais na Pista;Atropelamento de Animal;Com Vítimas Feridas;Plena Noite;Decrescente;Céu Claro;Simples;"Declive;Reta";-14,259401;-46,365856
06/02/2025;20:20:00;PIRAI;Velocidade Incompatível;Tombamento;Com Vítimas Feridas;Plena Noite;Crescente;Céu Claro;Dupla;Reta;-22,66632663;-43,84704988
06/02/2025;19:15:00;CICERO DANTAS;Ultrapassagem Indevida;Colisão lateral sentido oposto;Com Vítimas Fatais;Plena Noite;Decrescente;Céu Claro;Simples;"Reta;Declive";-10,58317696;-38,37435277
06/02/2025;12:10:00;AGUA BRANCA;Pista Escorregadia;Saída de leito carroçável;Com Vítimas Feridas;Pleno dia;Decrescente;Nublado;Simples;Reta;-9,32481684;-37,96857706
06/02/2025;06:40:00;ARAPORA;Velocidade Incompatível;Colisão com objeto;Com Vítimas Feridas;Amanhecer;Crescente;Céu Claro;Dupla;Reta;-18,4343521;-49,19082831
06/02/2025;06:30:00;ESTIVA;Velocidade Incompatível;Colisão com objeto;Sem Vítimas;Pleno dia;Crescente;Chuva;Dupla;Reta;-22,44008829;-45,98576974
06/02/2025;07:40:00;JABOATAO DOS GUARARAPES;Ultrapassagem Indevida;Colisão lateral mesmo sentido;Com Vítimas Feridas;Pleno dia;Decrescente;Céu Claro;Dupla;Reta;-8,15112589;-34,9428866
06/02/2025;08:20:00;SINOP;Acesso irregular;Colisão transversal;Com Vítimas Feridas;Pleno dia;Crescente;Nublado;Simples;Reta;-11,968963;-55,51695578
06/02/2025;11:00:00;PORTO BELO;Velocidade Incompatível;Tombamento;Com Vítimas Feridas;Pleno dia;Crescente;Chuva;Dupla;Retorno Regulamentado;-27,19096301;-48,61259017
06/02/2025;10:20:00;TRES RIOS;Ultrapassagem Indevida;Colisão frontal;Com Vítimas Feridas;Pleno dia;Crescente;Céu Claro;Simples;Curva;-22,09021176;-43,06349116
06/02/2025;13:00:00;ORTIGUEIRA;Velocidade Incompatível;Saída de leito carroçável;Com Vítimas Feridas;Pleno dia;Decrescente;Chuva;Simples;Curva;-24,39063691;-50,78603585
06/02/2025;15:40:00;MACAIBA;Acumulo de água sobre o pavimento;Saída de leito carroçável;Com Vítimas Feridas;Pleno dia;Decrescente;Chuva;Dupla;"Aclive;Reta";-5,86911106;-35,38524628
06/02/2025;17:10:00;CAPIVARI DE BAIXO;Acumulo de água sobre o pavimento;Tombamento;Com Vítimas Feridas;Pleno dia;Decrescente;Chuva;Múltipla;Aclive;-28,44741173;-48,96863937
06/02/2025;16:44:00;MAFRA;Conversão proibida;Tombamento;Com Vítimas Fatais;Pleno dia;Decrescente;Nublado;Simples;"Interseção de Vias;Reta";-26,21817159;-49,88919497
06/02/2025;16:50:00;VOLTA REDONDA;Acumulo de areia ou detritos sobre o pavimento;Queda de ocupante de veículo;Com Vítimas Feridas;Pleno dia;Crescente;Sol;Simples;"Retorno Regulamentado;Aclive;Curva";-22,59213864;-44,07723781
06/02/2025;18:30:00;CAJATI;Chuva;Saída de leito carroçável;Com Vítimas Feridas;Anoitecer;Crescente;Chuva;Dupla;Curva;-24,85874304;-48,21731282
06/02/2025;19:00:00;ITATIAIUCU;Animais na Pista;Capotamento;Com Vítimas Feridas;Plena Noite;Crescente;Céu Claro;Dupla;Reta;-20,22443302;-44,39530859
06/02/2025;14:30:00;GENERAL CARNEIRO;Acumulo de água sobre o pavimento;Capotamento;Com Vítimas Feridas;Pleno dia;Decrescente;Nublado;Simples;"Curva;Declive";-15,62211981;-52,83378091
06/02/2025;09:20:00;PAULO AFONSO;Chuva;Queda de ocupante de veículo;Com Vítimas Feridas;Pleno dia;Decrescente;Chuva;Simples;Reta;-9,56792795;-38,22294244
06/02/2025;21:00:00;UBATUBA;Conversão proibida;Colisão transversal;Com Vítimas Feridas;Plena Noite;Decrescente;Céu Claro;Simples;Reta;-23,39562327;-45,01485055
06/02/2025;20:40:00;SAO MIGUEL DO OESTE;Velocidade Incompatível;Saída de leito carroçável;Com Vítimas Feridas;Plena Noite;Crescente;Garoa/Chuvisco;Dupla;Reta;-26,71579042;-53,51612091
06/02/2025;19:40:00;PANELAS;Chuva;Colisão lateral mesmo sentido;Com Vítimas Feridas;Plena Noite;Crescente;Chuva;Simples;Reta;-8,651909;-36,01405
06/02/2025;11:30:00;SAPEZAL;Ultrapassagem Indevida;Colisão frontal;Com Vítimas Fatais;Pleno dia;Decrescente;Chuva;Simples;"Ponte;Reta";-13,54754294;-59,02650903
06/02/2025;22:40:00;TERESINA;Chuva;Saída de leito carroçável;Com Vítimas Feridas;Plena Noite;Decrescente;Chuva;Dupla;Curva;-5,062547;-42,705189
06/02/2025;07:40:00;SAO JOSE DO RIO PRETO;Afundamento ou ondulação no pavimento;Tombamento;Com Vítimas Feridas;Pleno dia;Crescente;Céu Claro;Dupla;Reta;-20,77838195;-49,35300538
06/02/2025;14:00:00;SABARA;Retorno proibido;Colisão transversal;Com Vítimas Feridas;Pleno dia;Crescente;Sol;Simples;"Declive;Reta";-19,83854232;-43,86103213
06/02/2025;14:41:00;INDAIAL;Retorno proibido;Colisão transversal;Com Vítimas Feridas;Pleno dia;Decrescente;Céu Claro;Simples;Reta;-26,870407;-49,221844
06/02/2025;23:00:00;SAO GONCALO;Pista Escorregadia;Colisão com objeto;Sem Vítimas;Plena Noite;Não Informado;Nublado;Simples;Curva;-22,78772975;-43,00754249
05/02/2025;01:20:00;RUSSAS;Animais na Pista;Atropelamento de Animal;Sem Vítimas;Plena Noite;Crescente;Céu Claro;Simples;"Reta;Declive";-4,67991963;-38,12722972