data_inversa;horario;municipio;causa_acidente;tipo_acidente;classificacao_acidente;fase_dia;sentido_via;condicao_metereologica;tipo_pista;tracado_via;latitude;longitude
02/02/2025;21:40:00;SAO PAULO;Acesso irregular;Atropelamento de Pedestre;Com Vítimas Fatais;Plena Noite;Crescente;Chuva;Dupla;Reta;-23,449343;-46,56983501
02/02/2025;21:20:00;PARATY;Velocidade Incompatível;Saída de leito carroçável;Com Vítimas Fatais;Plena Noite;Decrescente;Chuva;Simples;Curva;-23,090766;-44,693993
02/02/2025;15:50:00;BARRO ALTO;Velocidade Incompatível;Saída de leito carroçável;Com Vítimas Feridas;Pleno dia;Crescente;Nublado;Simples;"Retorno Regulamentado;Reta";-15,02209041;-48,89658451
02/02/2025;21:15:00;SAO JOSE DO JACUIPE;Iluminação deficiente;Colisão lateral sentido oposto;Com Vítimas Feridas;Plena Noite;Decrescente;Céu Claro;Simples;Reta;-11,46536628;-39,79596721
02/02/2025;21:30:00;SAO GONCALO;Demais falhas na via;Eventos atípicos;Sem Vítimas;Plena Noite;Não Informado;Nublado;Simples;Reta;-22,77883708;-42,97409719
02/02/2025;08:35:00;CONCEICAO DO ALMEIDA;Chuva;Queda de ocupante de veículo;Com Vítimas Feridas;Pleno dia;Decrescente;Chuva;Simples;Curva;-12,984957;-39,291156
02/02/2025;03:40:00;CAMPINA GRANDE;Animais na Pista;Atropelamento de Animal;Com Vítimas Feridas;Plena Noite;Decrescente;Nublado;Simples;"Reta;Declive";-7,264;-35,9199
02/02/2025;22:00:00;CAMBORIU;Acumulo de água sobre o pavimento;Colisão frontal;Com Vítimas Feridas;Plena Noite;Crescente;Chuva;Dupla;Curva;-26,98064277;-48,6790679
01/02/2025;00:30:00;BARRA DO GARCAS;Ultrapassagem Indevida;Colisão frontal;Com Vítimas Feridas;Plena Noite;Decrescente;Nublado;Simples;Reta;-15,85699472;-52,40960476
01/02/2025;03:10:00;CAMPOS DOS GOYTACAZES;Ultrapassagem Indevida;Colisão frontal;Com Vítimas Fatais;Plena Noite;Decrescente;Céu Claro;Simples;Reta;-21,62508006;-41,31411242
01/02/2025;06:20:00;PONTA GROSSA;Velocidade Incompatível;Colisão traseira;Com Vítimas Feridas;Pleno dia;Decrescente;Nublado;Dupla;"Declive;Reta";-25,12819303;-50,1754096
01/02/2025;08:15:00;UBERLANDIA;Velocidade Incompatível;Tombamento;Com Vítimas Feridas;Pleno dia;Decrescente;Nublado;Simples;Curva;-18,9113;-48,2622
01/02/2025;07:20:00;IMPERATRIZ;Conversão proibida;Colisão lateral mesmo sentido;Com Vítimas Feridas;Pleno dia;Decrescente;Céu Claro;Simples;Reta;-5,490634;-47,471973
01/02/2025;09:00:00;CAMANDUCAIA;Velocidade Incompatível;Colisão lateral mesmo sentido;Com Vítimas Feridas;Pleno dia;Crescente;Chuva;Dupla;Curva;-22,77050246;-46,23490598
01/02/2025;14:00:00;ANTONINA;Velocidade Incompatível;Colisão com objeto;Com Vítimas Feridas;Pleno dia;Decrescente;Garoa/Chuvisco;Dupla;"Reta;Declive";-25,11200643;-48,76440525
01/02/2025;18:10:00;PANAMA;Chuva;Saída de leito carroçável;Sem Vítimas;Anoitecer;Decrescente;Chuva;Dupla;Reta;-18,2169;-49,2707
01/02/2025;15:15:00;RIO NEGRINHO;Acesso irregular;Colisão frontal;Com Vítimas Feridas;Pleno dia;Decrescente;Chuva;Simples;"Declive;Reta;Ponte";-26,25076506;-49,62912012
01/02/2025;16:08:00;NOVO PROGRESSO;Pista Escorregadia;Colisão lateral sentido oposto;Sem Vítimas;Pleno dia;Decrescente;Chuva;Simples;Reta;-6,47115969;-55,55424752
01/02/2025;20:15:00;ARIQUEMES;Acostamento em desnível;Tombamento;Com Vítimas Feridas;Plena Noite;Crescente;Céu Claro;Simples;Reta;-10,18146706;-62,81974504
01/02/2025;01:45:00;TIANGUA;Velocidade Incompatível;Saída de leito carroçável;Sem Vítimas;Plena Noite;Crescente;Céu Claro;Múltipla;Reta;-3,70670595;-40,97707006
01/02/2025;00:40:00;BARRA DO TURVO;Velocidade Incompatível;Colisão com objeto;Com Vítimas Feridas;Plena Noite;Crescente;Chuva;Simples;"Curva;Declive";-24,9503414;-48,4394088
01/02/2025;05:05:00;JOINVILLE;Animais na Pista;Atropelamento de Animal;Com Vítimas Feridas;Amanhecer;Crescente;Chuva;Dupla;Reta;-26,25050176;-48,90863867
01/02/2025;01:37:00;ITATIM;Animais na Pista;Atropelamento de Animal;Sem Vítimas;Plena Noite;Decrescente;Céu Claro;Simples;Reta;-12,66097682;-39,63011709
01/02/2025;05:30:00;QUEIMADOS;Animais na Pista;Atropelamento de Animal;Com Vítimas Feridas;Pleno dia;Crescente;Céu Claro;Dupla;Reta;-22,72898648;-43,58452101
01/02/2025;06:00:00;IPAUMIRIM;Pista esburacada;Saída de leito carroçável;Com Vítimas Feridas;Pleno dia;Crescente;Céu Claro;Simples;"Reta;Aclive";-6,84889593;-38,70687098
01/02/2025;06:10:00;NAVEGANTES;Velocidade Incompatível;Colisão transversal;Com Vítimas Feridas;Amanhecer;Decrescente;Nublado;Simples;"Em Obras;Interseção de Vias";-26,861937;-48,681618
01/02/2025;08:25:00;SANTA RITA;Ausência de sinalização;Colisão com objeto;Sem Vítimas;Pleno dia;Decrescente;Céu Claro;Dupla;"Curva;Aclive";-7,12512041;-34,9435991
01/02/2025;09:05:00;AMELIA RODRIGUES;Velocidade Incompatível;Engavetamento;Com Vítimas Feridas;Pleno dia;Crescente;Céu Claro;Dupla;Reta;-12,38543536;-38,79238728
01/02/2025;11:15:00;CAMBUI;Velocidade Incompatível;Queda de ocupante de veículo;Com Vítimas Feridas;Pleno dia;Crescente;Chuva;Dupla;"Aclive;Curva";-22,68081964;-46,10141587
01/02/2025;11:55:00;ARAGUARI;Velocidade Incompatível;Saída de leito carroçável;Sem Vítimas;Pleno dia;Crescente;Nublado;Dupla;Curva;-18,42564944;-48,06375861
01/02/2025;11:30:00;MARABA;Conversão proibida;Colisão frontal;Com Vítimas Feridas;Pleno dia;Crescente;Céu Claro;Simples;Reta;-5,37342727;-49,03126806
01/02/2025;13:20:00;EWBANK DA CAMARA;Chuva;Colisão com objeto;Com Vítimas Feridas;Pleno dia;Decrescente;Chuva;Simples;Curva;-21,50323045;-43,53179519
01/02/2025;10:00:00;PETROPOLIS;Pista Escorregadia;Tombamento;Com Vítimas Feridas;Pleno dia;Decrescente;Nublado;Simples;"Reta;Aclive";-22,556263;-43,23718
01/02/2025;13:15:00;SANTA TEREZA DO OESTE;Ultrapassagem Indevida;Colisão lateral mesmo sentido;Com Vítimas Feridas;Pleno dia;Decrescente;Céu Claro;Simples;Reta;-25,02905699;-53,569607
01/02/2025;14:30:00;INDAIAL;Acesso irregular;Colisão frontal;Com Vítimas Feridas;Pleno dia;Decrescente;Nublado;Simples;Reta;-26,869867;-49,201859
01/02/2025;15:20:00;ELDORADO DO SUL;Acesso irregular;Colisão transversal;Com Vítimas Feridas;Pleno dia;Decrescente;Céu Claro;Simples;Reta;-30,096939;-51,647282
01/02/2025;14:40:00;RIBEIRAO;Acumulo de água sobre o pavimento;Saída de leito carroçável;Com Vítimas Feridas;Pleno dia;Crescente;Nublado;Dupla;Reta;-8,44013935;-35,33528377
01/02/2025;14:50:00;BETIM;Ausência de sinalização;Colisão com objeto;Com Vítimas Feridas;Pleno dia;Crescente;Nublado;Múltipla;Reta;-20,03619694;-44,24586303
01/02/2025;16:30:00;JOAO PESSOA;Acumulo de areia ou detritos sobre o pavimento;Eventos atípicos;Com Vítimas Feridas;Pleno dia;Crescente;Sol;Dupla;"Declive;Curva;Interseção de Vias;Viaduto";-7,1384244;-34,85325798
01/02/2025;17:00:00;ALFREDO WAGNER;Velocidade Incompatível;Saída de leito carroçável;Com Vítimas Feridas;Pleno dia;Crescente;Nublado;Simples;"Curva;Declive";-27,704929;-49,239353
01/02/2025;16:30:00;POUSO ALEGRE;Velocidade Incompatível;Saída de leito carroçável;Com Vítimas Feridas;Pleno dia;Crescente;Chuva;Dupla;Reta;-22,23698876;-45,87928703
01/02/2025;18:20:00;CABROBO;Ausência de sinalização;Colisão frontal;Com Vítimas Feridas;Plena Noite;Crescente;Céu Claro;Simples;"Reta;Em Obras;Aclive";-8,50353407;-39,32484902
01/02/2025;17:50:00;PETROPOLIS;Curva acentuada;Saída de leito carroçável;Com Vítimas Feridas;Pleno dia;Decrescente;Chuva;Simples;"Curva;Declive";-22,47224973;-43,22332717
01/02/2025;22:30:00;ITABUNA;Acesso irregular;Colisão transversal;Sem Vítimas;Plena Noite;Crescente;Céu Claro;Simples;Curva;-14,7754298;-39,2882452
01/02/2025;22:55:00;SANTA MARIA;Acumulo de areia ou detritos sobre o pavimento;Tombamento;Com Vítimas Feridas;Plena Noite;Crescente;Céu Claro;Dupla;Reta;-29,71032631;-53,8209486
01/02/2025;22:45:00;CAICO;Iluminação deficiente;Tombamento;Com Vítimas Feridas;Plena Noite;Crescente;Céu Claro;Dupla;Interseção de Vias;-6,42894379;-37,08355308
01/02/2025;21:33:00;PONTES E LACERDA;Ultrapassagem Indevida;Colisão lateral mesmo sentido;Com Vítimas Feridas;Plena Noite;Crescente;Chuva;Simples;"Reta;Interseção de Vias";-15,22721451;-59,34926033
01/02/2025;23:00:00;PALHOCA;Chuva;Incêndio;Sem Vítimas;Plena Noite;Crescente;Céu Claro;Múltipla;Curva;-27,67940471;-48,7040019
01/02/2025;21:50:00;JI-PARANA;Conversão proibida;Colisão traseira;Com Vítimas Feridas;Plena Noite;Crescente;Céu Claro;Simples;"Interseção de Vias;Reta";-10,92164039;-61,92993164
01/02/2025;21:10:00;CAMPOS DOS GOYTACAZES;Animais na Pista;Atropelamento de Animal;Com Vítimas Feridas;Plena Noite;Decrescente;Céu Claro;Simples;Reta;-21,798874;-41,393955
01/02/2025;23:40:00;CAXIAS;Velocidade Incompatível;Colisão com objeto;Com Vítimas Feridas;Plena Noite;Decrescente;Céu Claro;Dupla;Reta;-4,882649;-43,345581
01/02/2025;19:30:00;BARRA MANSA;Chuva;Capotamento;Com Vítimas Feridas;Plena Noite;Decrescente;Chuva;Dupla;Reta;-22,45013044;-44,3107408
01/02/2025;22:25:00;DIONISIO CERQUEIRA;Velocidade Incompatível;Tombamento;Sem Vítimas;Plena Noite;Decrescente;Céu Claro;Simples;"Interseção de Vias;Rotatória";-26,26675538;-53,62625778
31/01/2025;00:10:00;LAPA;Velocidade Incompatível;Colisão frontal;Com Vítimas Fatais;Plena Noite;Crescente;Chuva;Simples;"Declive;Curva";-25,731652;-49,704011
31/01/2025;05:50:00;JUIZ DE FORA;Animais na Pista;Atropelamento de Animal;Com Vítimas Feridas;Amanhecer;Decrescente;Nublado;Dupla;Reta;-21,67252614;-43,44374992
31/01/2025;07:50:00;VILA PROPICIO;Velocidade Incompatível;Colisão traseira;Com Vítimas Feridas;Pleno dia;Crescente;Nublado;Simples;Reta;-15,202273;-48,75209
31/01/2025;08:45:00;RIO VERDE DE MATO GROSSO;Velocidade Incompatível;Colisão transversal;Com Vítimas Feridas;Pleno dia;Crescente;Céu Claro;Simples;Reta;-18,92417173;-54,83538529
31/01/2025;08:50:00;PEDRA PRETA;Ultrapassagem Indevida;Colisão lateral mesmo sentido;Com Vítimas Feridas;Pleno dia;Crescente;Céu Claro;Simples;"Curva;Declive";-16,82537001;-54,060275
31/01/2025;15:15:00;OLIVEIRA;Curva acentuada;Saída de leito carroçável;Com Vítimas Feridas;Pleno dia;Crescente;Chuva;Dupla;Curva;-20,75304819;-44,77475634
31/01/2025;16:40:00;BELO JARDIM;Acesso irregular;Colisão frontal;Com Vítimas Fatais;Pleno dia;Decrescente;Céu Claro;Simples;Reta;-8,34627974;-36,43776285
31/01/2025;15:30:00;TIBAGI;Velocidade Incompatível;Tombamento;Com Vítimas Feridas;Pleno dia;Decrescente;Nublado;Simples;"Declive;Curva";-24,78994494;-50,46670675
31/01/2025;18:45:00;FORMOSA;Pista Escorregadia;Saída de leito carroçável;Sem Vítimas;Anoitecer;Crescente;Chuva;Simples;"Declive;Reta";-15,555275;-47,306908
31/01/2025;17:10:00;TOLEDO;Pista esburacada;Saída de leito carroçável;Com Vítimas Feridas;Pleno dia;Decrescente;Nublado;Dupla;Curva;-24,717822;-53,711597
31/01/2025;17:40:00;CAMPOS DOS GOYTACAZES;Ultrapassagem Indevida;Colisão lateral mesmo sentido;Com Vítimas Feridas;Pleno dia;Crescente;Céu Claro;Dupla;Reta;-21,75371806;-41,344292
31/01/2025;13:50:00;PONTA PORA;Velocidade Incompatível;Colisão lateral sentido oposto;Com Vítimas Feridas;Pleno dia;Crescente;Chuva;Simples;"Declive;Reta";-22,55735694;-55,48876906
31/01/2025;00:20:00;TRES RIOS;Pista Escorregadia;Tombamento;Com Vítimas Feridas;Plena Noite;Decrescente;Chuva;Simples;Curva;-22,20122568;-43,14116761
31/01/2025;01:00:00;ARAGUARI;Chuva;Saída de leito carroçável;Com Vítimas Feridas;Plena Noite;Decrescente;Chuva;Dupla;"Reta;Aclive";-18,73248376;-48,21053764
31/01/2025;01:48:00;MURICI;Animais na Pista;Atropelamento de Animal;Com Vítimas Feridas;Plena Noite;Decrescente;Céu Claro;Simples;Reta;-9,2654778;-35,96476362
31/01/2025;02:20:00;ITAPECERICA DA SERRA;Chuva;Colisão com objeto;Com Vítimas Feridas;Plena Noite;Decrescente;Chuva;Dupla;Retorno Regulamentado;-23,73826593;-46,89672721
31/01/2025;07:30:00;MONTES CLAROS;Pista Escorregadia;Saída de leito carroçável;Com Vítimas Feridas;Amanhecer;Decrescente;Nublado;Simples;Reta;-16,6553239;-43,71906108
31/01/2025;06:50:00;CAARAPO;Neblina;Tombamento;Com Vítimas Feridas;Pleno dia;Crescente;Nevoeiro/Neblina;Simples;Declive;-22,51758799;-54,86012799
31/01/2025;08:05:00;CABEDELO;Acostamento em desnível;Tombamento;Com Vítimas Feridas;Pleno dia;Decrescente;Céu Claro;Dupla;"Em Obras;Reta";-7,0514;-34,8499
31/01/2025;00:45:00;ITAITUBA;Animais na Pista;Atropelamento de Animal;Sem Vítimas;Plena Noite;Decrescente;Céu Claro;Simples;"Reta;Declive";-4,55704148;-55,92057324
31/01/2025;07:30:00;DUQUE DE CAXIAS;Acumulo de areia ou detritos sobre o pavimento;Tombamento;Com Vítimas Feridas;Pleno dia;Decrescente;Nublado;Simples;"Curva;Aclive";-22,59404803;-43,28079889
31/01/2025;08:11:00;BRASILIA;Chuva;Queda de ocupante de veículo;Com Vítimas Feridas;Pleno dia;Decrescente;Chuva;Dupla;Reta;-15,642812;-47,757786
31/01/2025;09:00:00;SAO GONCALO DO SAPUCAI;Velocidade Incompatível;Saída de leito carroçável;Com Vítimas Feridas;Pleno dia;Crescente;Nublado;Dupla;Curva;-21,92913899;-45,61170907
31/01/2025;10:00:00;ARAGUARI;Velocidade Incompatível;Saída de leito carroçável;Com Vítimas Feridas;Pleno dia;Crescente;Céu Claro;Dupla;"Aclive;Reta";-18,61943321;-48,09375199
31/01/2025;10:30:00;GANDU;Chuva;Queda de ocupante de veículo;Com Vítimas Feridas;Pleno dia;Crescente;Chuva;Simples;Curva;-13,86515405;-39,49574188
31/01/2025;12:00:00;NOSSA SENHORA DO SOCORRO;Pista Escorregadia;Queda de ocupante de veículo;Com Vítimas Feridas;Pleno dia;Decrescente;Céu Claro;Simples;"Aclive;Curva";-10,88051024;-37,13355535
31/01/2025;11:30:00;AGUA CLARA;Chuva;Saída de leito carroçável;Com Vítimas Feridas;Pleno dia;Crescente;Chuva;Simples;Reta;-20,55854169;-52,52033986
31/01/2025;12:25:00;NOVA LIMA;Velocidade Incompatível;Saída de leito carroçável;Com Vítimas Feridas;Pleno dia;Crescente;Nublado;Dupla;"Aclive;Curva";-20,01444685;-43,96893823
31/01/2025;12:20:00;ROLANDIA;Condutor usando celular;Colisão traseira;Com Vítimas Feridas;Pleno dia;Crescente;Céu Claro;Simples;Reta;-23,34153488;-51,3872838
31/01/2025;11:10:00;DUQUE DE CAXIAS;Afundamento ou ondulação no pavimento;Capotamento;Com Vítimas Feridas;Pleno dia;Crescente;Céu Claro;Dupla;Reta;-22,672089;-43,285053
31/01/2025;11:05:00;JEQUITAI;Velocidade Incompatível;Saída de leito carroçável;Com Vítimas Feridas;Pleno dia;Crescente;Chuva;Simples;"Declive;Curva";-17,05655714;-44,33145888
31/01/2025;07:30:00;IBIPORA;Animais na Pista;Atropelamento de Animal;Com Vítimas Feridas;Pleno dia;Crescente;Garoa/Chuvisco;Dupla;Reta;-23,27389391;-51,05705023
31/01/2025;13:00:00;CAMPANHA;Chuva;Saída de leito carroçável;Com Vítimas Feridas;Pleno dia;Crescente;Chuva;Dupla;Curva;-21,85981403;-45,52590597
31/01/2025;10:45:00;NOVA IGUACU;Acesso irregular;Colisão transversal;Com Vítimas Feridas;Pleno dia;Crescente;Sol;Simples;Reta;-22,854782;-43,601933
31/01/2025;13:40:00;BREJO SANTO;Ultrapassagem Indevida;Colisão frontal;Com Vítimas Feridas;Pleno dia;Crescente;Céu Claro;Simples;Reta;-7,40957269;-38,96640755
31/01/2025;16:15:00;GUARULHOS;Condutor usando celular;Colisão traseira;Com Vítimas Feridas;Pleno dia;Crescente;Céu Claro;Múltipla;Reta;-23,43608315;-46,42805094
31/01/2025;15:55:00;SALVADOR DO SUL;Conversão proibida;Colisão transversal;Com Vítimas Feridas;Pleno dia;Crescente;Céu Claro;Simples;Curva;-29,40393116;-51,51140849
31/01/2025;16:50:00;MARQUES DE SOUZA;Afundamento ou ondulação no pavimento;Tombamento;Com Vítimas Feridas;Pleno dia;Decrescente;Sol;Simples;Reta;-29,224421;-52,1721
31/01/2025;16:00:00;SERRA;Velocidade Incompatível;Colisão traseira;Com Vítimas Feridas;Pleno dia;Decrescente;Sol;Múltipla;Reta;-20,19930999;-40,26884609
31/01/2025;14:00:00;CAREACU;Velocidade Incompatível;Saída de leito carroçável;Com Vítimas Feridas;Pleno dia;Crescente;Nublado;Dupla;Reta;-22,06199504;-45,70068392
31/01/2025;10:00:00;BOM JESUS;Animais na Pista;Atropelamento de Animal;Sem Vítimas;Pleno dia;Decrescente;Nublado;Simples;Reta;-9,16853448;-44,42098618
31/01/2025;17:15:00;ARAPONGAS;Acesso irregular;Colisão transversal;Com Vítimas Feridas;Pleno dia;Crescente;Céu Claro;Simples;Reta;-23,38659271;-51,42026424
31/01/2025;17:00:00;PARAISO DAS AGUAS;Velocidade Incompatível;Saída de leito carroçável;Com Vítimas Fatais;Pleno dia;Crescente;Ignorado;Simples;Reta;-19,34808118;-53,50681795
31/01/2025;17:00:00;PETROPOLIS;Pista Escorregadia;Saída de leito carroçável;Com Vítimas Feridas;Pleno dia;Crescente;Chuva;Simples;Curva;-22,5554282;-43,25829998
31/01/2025;18:05:00;JUQUITIBA;Chuva;Colisão com objeto;Com Vítimas Feridas;Anoitecer;Decrescente;Chuva;Dupla;Reta;-23,9442931;-47,09668891
31/01/2025;18:35:00;UBIRATA;Ultrapassagem Indevida;Colisão frontal;Com Vítimas Feridas;Anoitecer;Decrescente;Céu Claro;Simples;Curva;-24,533382;-52,948482
31/01/2025;16:07:00;SENA MADUREIRA;Acesso irregular;Colisão transversal;Com Vítimas Feridas;Pleno dia;Decrescente;Céu Claro;Simples;Reta;-9,08147284;-68,65945397
31/01/2025;19:00:00;IMBAU;Velocidade Incompatível;Colisão com objeto;Com Vítimas Feridas;Anoitecer;Decrescente;Chuva;Dupla;"Curva;Declive";-24,43007005;-50,76607347
31/01/2025;21:20:00;CONSELHEIRO LAFAIETE;Conversão proibida;Colisão transversal;Com Vítimas Feridas;Plena Noite;Crescente;Garoa/Chuvisco;Simples;Reta;-20,6447866;-43,81092424
31/01/2025;21:55:00;MOSSORO;Animais na Pista;Atropelamento de Animal;Com Vítimas Feridas;Plena Noite;Crescente;Céu Claro;Dupla;Reta;-5,13471117;-37,34486327
31/01/2025;19:00:00;JI-PARANA;Conversão proibida;Colisão transversal;Com Vítimas Feridas;Plena Noite;Crescente;Céu Claro;Dupla;"Aclive;Reta";-10,878778;-61,94499
31/01/2025;22:00:00;CAMPO GRANDE;Animais na Pista;Atropelamento de Animal;Com Vítimas Feridas;Plena Noite;Decrescente;Chuva;Dupla;Reta;-20,4336361;-54,54376745
31/01/2025;21:15:00;JACIARA;Acumulo de água sobre o pavimento;Saída de leito carroçável;Com Vítimas Feridas;Plena Noite;Decrescente;Chuva;Dupla;Reta;-15,82596627;-55,1950521
31/01/2025;23:00:00;CAMPINA GRANDE;Demais falhas na via;Colisão frontal;Com Vítimas Feridas;Plena Noite;Decrescente;Céu Claro;Simples;"Interseção de Vias;Rotatória;Desvio Temporário;Em Obras";-7,2763;-35,8887
31/01/2025;16:30:00;PORTO SEGURO;Chuva;Colisão com objeto;Com Vítimas Feridas;Pleno dia;Decrescente;Chuva;Simples;Reta;-16,38873974;-39,35713702
31/01/2025;14:00:00;PACAJUS;Acumulo de areia ou detritos sobre o pavimento;Tombamento;Com Vítimas Feridas;Pleno dia;Crescente;Céu Claro;Dupla;Retorno Regulamentado;-4,14849127;-38,47814267
31/01/2025;23:30:00;MAIRIPORA;Chuva;Colisão com objeto;Sem Vítimas;Plena Noite;Decrescente;Chuva;Múltipla;Reta;-23,316547;-46,58251
31/01/2025;21:45:00;ARAGUAINA;Velocidade Incompatível;Colisão lateral sentido oposto;Sem Vítimas;Plena Noite;Não Informado;Céu Claro;Dupla;Reta;-7,20331861;-48,22235411
31/01/2025;18:09:00;CACOAL;Redutor de velocidade em desacordo;Colisão com objeto;Com Vítimas Feridas;Anoitecer;Não Informado;Nublado;Simples;Reta;-11,501514;-61,366487
31/01/2025;15:50:00;UBERLANDIA;Pista Escorregadia;Tombamento;Com Vítimas Feridas;Pleno dia;Decrescente;Ignorado;Dupla;Reta;-18,90989685;-48,30746261
30/01/2025;06:50:00;CAMPOS DOS GOYTACAZES;Acesso irregular;Colisão transversal;Com Vítimas Feridas;Pleno dia;Decrescente;Céu Claro;Simples;Reta;-21,83525792;-41,41878002
30/01/2025;09:30:00;PIMENTA BUENO;Faixas de trânsito com largura insuficiente;Saída de leito carroçável;Com Vítimas Feridas;Pleno dia;Decrescente;Céu Claro;Simples;Curva;-11,98740675;-60,94744778
30/01/2025;11:00:00;PEDRO CANARIO;Velocidade Incompatível;Tombamento;Com Vítimas Feridas;Pleno dia;Crescente;Céu Claro;Simples;"Curva;Aclive";-18,23027961;-39,95278417
30/01/2025;07:00:00;AGUA BOA;Acostamento em desnível;Tombamento;Com Vítimas Feridas;Pleno dia;Decrescente;Nublado;Simples;Reta;-13,86999497;-52,06354782
30/01/2025;13:45:00;MAFRA;Acesso irregular;Colisão transversal;Com Vítimas Feridas;Pleno dia;Crescente;Céu Claro;Simples;Reta;-26,15196176;-49,83102416
30/01/2025;13:35:00;SOLEDADE;Acesso irregular;Colisão frontal;Com Vítimas Feridas;Pleno dia;Crescente;Céu Claro;Simples;Reta;-28,722898;-52,560581
30/01/2025;14:00:00;TEIXEIRA SOARES;Ausência de sinalização;Colisão traseira;Sem Vítimas;Pleno dia;Decrescente;Céu Claro;Simples;"Em Obras;Curva";-25,45787055;-50,43363476
30/01/2025;15:50:00;CONTAGEM;Chuva;Colisão com objeto;Com Vítimas Feridas;Pleno dia;Crescente;Chuva;Dupla;Curva;-19,92064782;-44,0335681
30/01/2025;16:30:00;MURIAE;Velocidade Incompatível;Tombamento;Com Vítimas Feridas;Pleno dia;Decrescente;Sol;Simples;"Curva;Declive";-21,09085016;-42,37310442
30/01/2025;20:00:00;CUIABA;Acumulo de água sobre o pavimento;Saída de leito carroçável;Com Vítimas Feridas;Plena Noite;Crescente;Chuva;Dupla;Reta;-15,68642489;-55,91347495
30/01/2025;17:30:00;GENERAL CARNEIRO;Velocidade Incompatível;Saída de leito carroçável;Sem Vítimas;Anoitecer;Decrescente;Chuva;Simples;Curva;-26,54226738;-51,40216828
30/01/2025;13:40:00;CAETANOPOLIS;Chuva;Saída de leito carroçável;Com Vítimas Feridas;Pleno dia;Crescente;Chuva;Dupla;"Declive;Curva";-19,388919;-44,335457
30/01/2025;15:30:00;OLARIA;Chuva;Colisão com objeto;Com Vítimas Feridas;Pleno dia;Decrescente;Chuva;Simples;Curva;-21,90923595;-43,96173478
30/01/2025;02:20:00;BRASILIA;Chuva;Colisão com objeto;Com Vítimas Feridas;Plena Noite;Decrescente;Chuva;Simples;Reta;-15,96233997;-47,66247869
30/01/2025;06:00:00;PETROPOLIS;Animais na Pista;Atropelamento de Animal;Com Vítimas Feridas;Pleno dia;Crescente;Nublado;Dupla;Reta;-22,31806204;-43,13158166
30/01/2025;06:30:00;RIO GRANDE;Conversão proibida;Colisão traseira;Com Vítimas Feridas;Pleno dia;Decrescente;Sol;Simples;Reta;-32,074825;-52,26466
30/01/2025;04:46:00;VARZEA GRANDE;Animais na Pista;Atropelamento de Animal;Com Vítimas Feridas;Amanhecer;Decrescente;Céu Claro;Simples;Curva;-15,61372696;-56,07392396
30/01/2025;06:35:00;UBATUBA;Conversão proibida;Colisão transversal;Com Vítimas Feridas;Pleno dia;Crescente;Nublado;Simples;Reta;-23,45627795;-45,07111896
30/01/2025;07:20:00;BETIM;Velocidade Incompatível;Tombamento;Com Vítimas Feridas;Pleno dia;Crescente;Nublado;Múltipla;"Curva;Aclive";-19,9745055;-44,1869102
30/01/2025;09:00:00;LONDRINA;Ultrapassagem Indevida;Colisão lateral mesmo sentido;Com Vítimas Feridas;Pleno dia;Crescente;Céu Claro;Dupla;"Reta;Em Obras";-23,297223;-51,201434
30/01/2025;09:10:00;ALEXANIA;Acumulo de água sobre o pavimento;Saída de leito carroçável;Com Vítimas Feridas;Pleno dia;Decrescente;Chuva;Dupla;"Reta;Declive";-16,1529;-48,6109
30/01/2025;10:30:00;ALEXANIA;Acumulo de água sobre o pavimento;Saída de leito carroçável;Com Vítimas Feridas;Pleno dia;Decrescente;Nublado;Dupla;Reta;-16,0963;-48,5202
30/01/2025;09:40:00;JI-PARANA;Acesso irregular;Colisão transversal;Com Vítimas Feridas;Pleno dia;Crescente;Céu Claro;Dupla;"Reta;Interseção de Vias";-10,907816;-61,93017402
30/01/2025;12:50:00;CONSELHEIRO LAFAIETE;Conversão proibida;Colisão traseira;Com Vítimas Fatais;Pleno dia;Decrescente;Céu Claro;Simples;"Interseção de Vias;Reta";-20,66359594;-43,80313933
30/01/2025;13:20:00;JACAREI;Demais falhas na via;Colisão com objeto;Com Vítimas Feridas;Pleno dia;Decrescente;Nublado;Dupla;Reta;-23,30254924;-46,02640493
30/01/2025;12:25:00;SAPUCAIA DO SUL;Chuva;Colisão com objeto;Sem Vítimas;Pleno dia;Decrescente;Chuva;Dupla;Reta;-29,80035406;-51,16550365
30/01/2025;15:50:00;JUATUBA;Velocidade Incompatível;Saída de leito carroçável;Com Vítimas Feridas;Pleno dia;Decrescente;Chuva;Dupla;"Curva;Declive";-19,93576507;-44,43672324
30/01/2025;15:10:00;VILA VELHA;Curva acentuada;Colisão com objeto;Sem Vítimas;Pleno dia;Não Informado;Céu Claro;Simples;Curva;-20,48693316;-40,35321604
30/01/2025;15:00:00;JUIZ DE FORA;Velocidade Incompatível;Colisão com objeto;Com Vítimas Feridas;Pleno dia;Crescente;Chuva;Dupla;Curva;-21,65017316;-43,43482311
30/01/2025;15:20:00;ALVORADA;Ultrapassagem Indevida;Colisão lateral sentido oposto;Com Vítimas Feridas;Pleno dia;Decrescente;Nublado;Simples;Reta;-12,55630013;-49,09079915
30/01/2025;16:20:00;JUAZEIRO;Acesso irregular;Colisão transversal;Sem Vítimas;Pleno dia;Crescente;Céu Claro;Dupla;Reta;-9,428865;-40,50411
30/01/2025;16:40:00;CABEDELO;Animais na Pista;Atropelamento de Animal;Com Vítimas Feridas;Anoitecer;Crescente;Céu Claro;Dupla;Reta;-7,068;-34,85