data_inversa;horario;municipio;causa_acidente;tipo_acidente;classificacao_acidente;fase_dia;sentido_via;condicao_metereologica;tipo_pista;tracado_via;latitude;longitude
30/01/2025;17:10:00;SAO GONCALO DO SAPUCAI;Velocidade Incompatível;Saída de leito carroçável;Com Vítimas Feridas;Pleno dia;Crescente;Chuva;Dupla;Reta;-21,92033716;-45,60985394
30/01/2025;17:55:00;ITABORAI;Conversão proibida;Colisão lateral mesmo sentido;Com Vítimas Feridas;Pleno dia;Crescente;Garoa/Chuvisco;Dupla;Reta;-22,77062;-42,92223
30/01/2025;18:30:00;RIO GRANDE;Ultrapassagem Indevida;Queda de ocupante de veículo;Com Vítimas Feridas;Pleno dia;Decrescente;Céu Claro;Simples;"Curva;Aclive";-32,1024397;-52,16347437
30/01/2025;17:30:00;VOLTA REDONDA;Chuva;Queda de ocupante de veículo;Com Vítimas Feridas;Anoitecer;Crescente;Chuva;Dupla;Reta;-22,59220328;-44,06782285
30/01/2025;18:20:00;COLOMBO;Redutor de velocidade em desacordo;Tombamento;Com Vítimas Feridas;Anoitecer;Decrescente;Garoa/Chuvisco;Múltipla;"Declive;Reta";-25,364202;-49,185825
30/01/2025;21:00:00;CRISTINAPOLIS;Demais falhas na via;Queda de ocupante de veículo;Com Vítimas Feridas;Plena Noite;Decrescente;Céu Claro;Simples;Aclive;-11,46225469;-37,74281194
30/01/2025;20:45:00;RIO GRANDE;Afundamento ou ondulação no pavimento;Queda de ocupante de veículo;Com Vítimas Feridas;Plena Noite;Decrescente;Ignorado;Dupla;Curva;-31,79841635;-52,33697925
30/01/2025;12:00:00;ACAILANDIA;Chuva;Saída de leito carroçável;Com Vítimas Feridas;Pleno dia;Crescente;Chuva;Simples;"Declive;Curva";-4,71079697;-46,99909403
30/01/2025;15:30:00;APUCARANA;Acumulo de água sobre o pavimento;Colisão com objeto;Sem Vítimas;Pleno dia;Decrescente;Chuva;Dupla;Declive;-23,464828;-51,425217
30/01/2025;15:49:00;EXTREMA;Velocidade Incompatível;Saída de leito carroçável;Com Vítimas Feridas;Pleno dia;Crescente;Chuva;Dupla;Curva;-22,8272555;-46,31399274
30/01/2025;13:50:00;SORRISO;Acostamento em desnível;Saída de leito carroçável;Sem Vítimas;Pleno dia;Crescente;Nublado;Simples;Reta;-12,69049987;-55,80368042
29/01/2025;07:15:00;ANAPOLIS;Velocidade Incompatível;Colisão traseira;Com Vítimas Feridas;Pleno dia;Crescente;Chuva;Dupla;Reta;-16,3846;-48,9541
29/01/2025;07:05:00;CAAPORA;Acumulo de água sobre o pavimento;Tombamento;Sem Vítimas;Pleno dia;Decrescente;Chuva;Dupla;Reta;-7,38738901;-34,9567891
29/01/2025;04:00:00;DUQUE DE CAXIAS;Afundamento ou ondulação no pavimento;Saída de leito carroçável;Com Vítimas Feridas;Plena Noite;Crescente;Céu Claro;Simples;Reta;-22,58585204;-43,27716391
29/01/2025;03:10:00;IBAITI;Velocidade Incompatível;Tombamento;Com Vítimas Feridas;Plena Noite;Crescente;Céu Claro;Simples;Curva;-23,93119102;-50,23840265
29/01/2025;06:00:00;SAO JOSE DA LAJE;Velocidade Incompatível;Tombamento;Com Vítimas Feridas;Pleno dia;Crescente;Céu Claro;Simples;"Curva;Declive";-8,97108463;-36,01804588
29/01/2025;06:00:00;CORREGO DANTA;Velocidade Incompatível;Tombamento;Com Vítimas Feridas;Amanhecer;Decrescente;Céu Claro;Simples;Curva;-19,67291838;-46,04352951
29/01/2025;06:10:00;AGUAS MORNAS;Velocidade Incompatível;Tombamento;Sem Vítimas;Amanhecer;Decrescente;Céu Claro;Simples;"Curva;Declive";-27,688864;-48,998455
29/01/2025;13:00:00;ANTAS;Ultrapassagem Indevida;Colisão frontal;Com Vítimas Fatais;Pleno dia;Crescente;Céu Claro;Simples;Reta;-10,47304004;-38,37725019
29/01/2025;16:15:00;AGUAS MORNAS;Conversão proibida;Colisão traseira;Com Vítimas Feridas;Pleno dia;Crescente;Céu Claro;Simples;Reta;-27,712439;-48,860607
29/01/2025;20:30:00;SAO GONCALO DO RIO ABAIXO;Pista Escorregadia;Colisão frontal;Com Vítimas Feridas;Plena Noite;Crescente;Chuva;Simples;Curva;-19,85072732;-43,28377384
29/01/2025;19:40:00;ARAQUARI;Chuva;Atropelamento de Pedestre;Com Vítimas Feridas;Plena Noite;Decrescente;Chuva;Múltipla;Reta;-26,42280898;-48,82977496
29/01/2025;20:30:00;ITUMBIARA;Pista esburacada;Saída de leito carroçável;Com Vítimas Feridas;Plena Noite;Crescente;Ignorado;Simples;Declive;-18,30181487;-49,57931902
29/01/2025;17:18:00;PRATA;Chuva;Colisão traseira;Com Vítimas Feridas;Anoitecer;Decrescente;Chuva;Simples;"Declive;Ponte";-19,21129908;-48,93783422
29/01/2025;23:40:00;SAO JOSE DOS PINHAIS;Acesso irregular;Saída de leito carroçável;Com Vítimas Feridas;Plena Noite;Decrescente;Céu Claro;Dupla;Reta;-25,63462416;-49,16182135
29/01/2025;23:00:00;CAMPOS ALTOS;Velocidade Incompatível;Tombamento;Sem Vítimas;Plena Noite;Decrescente;Chuva;Simples;Reta;-19,65385776;-46,18481755
29/01/2025;16:15:00;CAMPINA GRANDE DO SUL;Velocidade Incompatível;Colisão traseira;Com Vítimas Feridas;Pleno dia;Crescente;Chuva;Dupla;Curva;-25,08235366;-48,61499799
29/01/2025;17:30:00;CLAUDIA;Ultrapassagem Indevida;Colisão frontal;Com Vítimas Fatais;Anoitecer;Crescente;Nublado;Simples;Reta;-11,310755;-55,32402
29/01/2025;02:55:00;SANTA BARBARA DO LESTE;Velocidade Incompatível;Capotamento;Com Vítimas Feridas;Plena Noite;Decrescente;Chuva;Simples;Curva;-19,94406896;-42,1320258
29/01/2025;08:30:00;PORTO BELO;Pista Escorregadia;Tombamento;Com Vítimas Feridas;Pleno dia;Decrescente;Céu Claro;Dupla;"Reta;Interseção de Vias";-27,172272;-48,61170204
29/01/2025;07:45:00;MOSSORO;Pista esburacada;Tombamento;Com Vítimas Feridas;Pleno dia;Decrescente;Céu Claro;Simples;Rotatória;-5,19797675;-37,31839819
29/01/2025;10:25:00;RIO DE JANEIRO;Acesso irregular;Colisão lateral mesmo sentido;Com Vítimas Feridas;Pleno dia;Decrescente;Céu Claro;Múltipla;Reta;-22,8060415;-43,34289573
29/01/2025;10:00:00;RESENDE;Velocidade Incompatível;Colisão traseira;Com Vítimas Feridas;Pleno dia;Crescente;Céu Claro;Simples;Reta;-22,46086624;-44,44296321
29/01/2025;09:00:00;SALINAS;Ultrapassagem Indevida;Colisão traseira;Sem Vítimas;Pleno dia;Decrescente;Céu Claro;Simples;Reta;-16,16212705;-42,31420755
29/01/2025;13:20:00;RIO NOVO DO SUL;Ultrapassagem Indevida;Colisão frontal;Com Vítimas Feridas;Pleno dia;Crescente;Céu Claro;Simples;Curva;-20,82072713;-40,84702482
29/01/2025;15:10:00;SAO PAULO;Pista Escorregadia;Colisão com objeto;Com Vítimas Feridas;Pleno dia;Crescente;Chuva;Dupla;"Declive;Curva";-23,36553404;-46,55253934
29/01/2025;15:06:00;CAAPORA;Pista Escorregadia;Colisão com objeto;Com Vítimas Feridas;Pleno dia;Decrescente;Garoa/Chuvisco;Dupla;"Reta;Declive";-7,42897814;-34,96672977
29/01/2025;17:30:00;MANGARATIBA;Chuva;Saída de leito carroçável;Com Vítimas Feridas;Pleno dia;Crescente;Garoa/Chuvisco;Simples;Curva;-22,9189815;-43,92318002
29/01/2025;17:30:00;ANGRA DOS REIS;Acumulo de água sobre o pavimento;Tombamento;Com Vítimas Feridas;Pleno dia;Decrescente;Chuva;Simples;Curva;-23,0232454;-44,51684972
29/01/2025;17:20:00;SAO MATEUS;Acesso irregular;Colisão transversal;Com Vítimas Feridas;Anoitecer;Crescente;Céu Claro;Simples;Reta;-18,74453703;-39,86164665
29/01/2025;17:00:00;NOSSA SENHORA DO LIVRAMENTO;Ultrapassagem Indevida;Colisão frontal;Com Vítimas Fatais;Anoitecer;Crescente;Chuva;Simples;Reta;-15,696137;-56,452873
29/01/2025;19:13:00;OLIVEIRA;Velocidade Incompatível;Saída de leito carroçável;Com Vítimas Feridas;Plena Noite;Decrescente;Chuva;Dupla;Reta;-20,80221112;-44,79031349
29/01/2025;17:30:00;ANGRA DOS REIS;Chuva;Queda de ocupante de veículo;Com Vítimas Feridas;Plena Noite;Decrescente;Chuva;Simples;Reta;-22,95640053;-44,31282898
29/01/2025;19:45:00;GOIANIA;Demais falhas na via;Saída de leito carroçável;Com Vítimas Feridas;Plena Noite;Crescente;Nublado;Dupla;"Reta;Declive";-16,7633;-49,24
29/01/2025;19:35:00;SALGUEIRO;Velocidade Incompatível;Saída de leito carroçável;Com Vítimas Feridas;Plena Noite;Decrescente;Céu Claro;Simples;Aclive;-8,144699;-39,111214
29/01/2025;21:30:00;PARATY;Velocidade Incompatível;Saída de leito carroçável;Com Vítimas Fatais;Plena Noite;Crescente;Chuva;Dupla;Reta;-23,04128085;-44,59583503
29/01/2025;21:00:00;LAVRAS;Velocidade Incompatível;Capotamento;Com Vítimas Feridas;Plena Noite;Decrescente;Chuva;Dupla;"Curva;Declive";-21,21737985;-45,1265452
29/01/2025;21:50:00;CAJATI;Chuva;Saída de leito carroçável;Com Vítimas Feridas;Plena Noite;Decrescente;Chuva;Simples;Curva;-24,84617592;-48,21358681
29/01/2025;21:00:00;DUQUE DE CAXIAS;Pista Escorregadia;Atropelamento de Pedestre;Com Vítimas Feridas;Plena Noite;Crescente;Chuva;Dupla;Curva;-22,67374628;-43,28638368
29/01/2025;23:00:00;BETIM;Acumulo de água sobre o pavimento;Saída de leito carroçável;Com Vítimas Feridas;Plena Noite;Crescente;Garoa/Chuvisco;Dupla;Reta;-20,02595577;-44,23149347
29/01/2025;22:00:00;OLIVEIRA;Chuva;Capotamento;Com Vítimas Feridas;Plena Noite;Crescente;Chuva;Dupla;Curva;-20,75304819;-44,77475634
29/01/2025;23:35:00;BLUMENAU;Demais falhas na via;Queda de ocupante de veículo;Com Vítimas Feridas;Pleno dia;Crescente;Céu Claro;Simples;Viaduto;-26,859768;-49,074493
29/01/2025;17:05:00;PETROPOLIS;Acumulo de água sobre o pavimento;Saída de leito carroçável;Com Vítimas Feridas;Pleno dia;Decrescente;Chuva;Simples;"Declive;Curva";-22,4585308;-43,21600514
29/01/2025;15:10:00;APARECIDA DE GOIANIA;Demais falhas na via;Tombamento;Com Vítimas Feridas;Pleno dia;Crescente;Sol;Dupla;"Reta;Declive";-16,7633;-49,24
29/01/2025;13:40:00;MANHUACU;Demais falhas na via;Eventos atípicos;Com Vítimas Feridas;Pleno dia;Crescente;Céu Claro;Simples;Reta;-20,23618707;-42,16556506
29/01/2025;17:30:00;SANTA INES;Demais falhas na via;Queda de ocupante de veículo;Com Vítimas Feridas;Pleno dia;Crescente;Ignorado;Simples;Reta;-13,27341512;-39,80758667
28/01/2025;02:10:00;SAO JOSE DOS CAMPOS;Sinalização mal posicionada;Colisão traseira;Com Vítimas Feridas;Plena Noite;Decrescente;Céu Claro;Dupla;"Em Obras;Reta";-23,25044084;-45,93572909
28/01/2025;08:10:00;SERRINHA;Ultrapassagem Indevida;Colisão lateral sentido oposto;Com Vítimas Feridas;Pleno dia;Crescente;Céu Claro;Simples;Reta;-11,573424;-38,98784001
28/01/2025;08:50:00;CACHOEIRO DE ITAPEMIRIM;Ultrapassagem Indevida;Colisão lateral mesmo sentido;Com Vítimas Feridas;Pleno dia;Crescente;Céu Claro;Simples;Reta;-20,841324;-41,15929
28/01/2025;10:00:00;GUAPIMIRIM;Velocidade Incompatível;Saída de leito carroçável;Com Vítimas Fatais;Pleno dia;Crescente;Nublado;Simples;"Curva;Declive";-22,48909312;-43,00437599
28/01/2025;12:05:00;IBIRAMA;Ultrapassagem Indevida;Saída de leito carroçável;Com Vítimas Feridas;Pleno dia;Crescente;Nublado;Simples;Reta;-27,08097464;-49,48457837
28/01/2025;12:00:00;SAO JOSE DOS PINHAIS;Velocidade Incompatível;Saída de leito carroçável;Sem Vítimas;Pleno dia;Crescente;Céu Claro;Simples;Curva;-25,56746628;-49,18078065
28/01/2025;13:50:00;EXTREMA;Chuva;Colisão com objeto;Com Vítimas Feridas;Pleno dia;Crescente;Chuva;Dupla;"Curva;Declive";-22,86605937;-46,34940386
28/01/2025;14:25:00;POUSO NOVO;Velocidade Incompatível;Colisão frontal;Com Vítimas Feridas;Pleno dia;Crescente;Chuva;Simples;"Curva;Declive";-29,194696;-52,185722
28/01/2025;14:40:00;CORUPA;Velocidade Incompatível;Capotamento;Com Vítimas Fatais;Pleno dia;Crescente;Nublado;Simples;"Curva;Aclive";-26,39448258;-49,2950379
28/01/2025;21:00:00;CONGONHAS;Restrição de visibilidade em curvas horizontais;Colisão lateral sentido oposto;Com Vítimas Feridas;Plena Noite;Decrescente;Chuva;Simples;Curva;-20,5862286;-43,80721092
28/01/2025;06:22:00;BRUMADINHO;Curva acentuada;Queda de ocupante de veículo;Com Vítimas Feridas;Pleno dia;Crescente;Céu Claro;Dupla;Curva;-20,16175378;-44,34144636
28/01/2025;07:58:00;SETE LAGOAS;Velocidade Incompatível;Colisão com objeto;Sem Vítimas;Pleno dia;Decrescente;Céu Claro;Dupla;Reta;-19,474607;-44,29196
28/01/2025;07:45:00;PARNAIBA;Animais na Pista;Atropelamento de Animal;Com Vítimas Feridas;Pleno dia;Crescente;Céu Claro;Simples;Reta;-2,898051;-41,714767
28/01/2025;06:55:00;CAMPO GRANDE;Acumulo de areia ou detritos sobre o pavimento;Tombamento;Com Vítimas Feridas;Pleno dia;Crescente;Céu Claro;Simples;Reta;-20,566965;-54,561515
28/01/2025;15:05:00;ITABORAI;Retorno proibido;Colisão transversal;Com Vítimas Feridas;Pleno dia;Crescente;Céu Claro;Simples;"Reta;Em Obras";-22,73124198;-42,95145305
28/01/2025;11:20:00;ITAMARAJU;Curva acentuada;Colisão frontal;Com Vítimas Feridas;Pleno dia;Crescente;Céu Claro;Simples;Curva;-17,150802;-39,566957
28/01/2025;16:30:00;GENERAL CARNEIRO;Velocidade Incompatível;Saída de leito carroçável;Com Vítimas Feridas;Pleno dia;Crescente;Chuva;Simples;Curva;-26,504;-51,349
28/01/2025;17:40:00;SAO FRANCISCO DO SUL;Ultrapassagem Indevida;Atropelamento de Pedestre;Com Vítimas Feridas;Pleno dia;Crescente;Céu Claro;Simples;Reta;-26,25329566;-48,61916042
28/01/2025;17:20:00;COLATINA;Retorno proibido;Colisão transversal;Com Vítimas Feridas;Pleno dia;Crescente;Céu Claro;Simples;Reta;-19,49989886;-40,62939795
28/01/2025;17:30:00;IBIPORA;Velocidade Incompatível;Tombamento;Com Vítimas Feridas;Pleno dia;Decrescente;Céu Claro;Simples;Reta;-23,26405057;-51,03438669
28/01/2025;18:30:00;RIO BRANCO;Demais falhas na via;Queda de ocupante de veículo;Sem Vítimas;Plena Noite;Decrescente;Céu Claro;Dupla;Reta;-10,01209268;-67,764365
28/01/2025;18:30:00;MOSSORO;Animais na Pista;Atropelamento de Animal;Com Vítimas Feridas;Plena Noite;Decrescente;Céu Claro;Simples;Curva;-5,16806008;-37,22635297
28/01/2025;20:20:00;VOLTA REDONDA;Afundamento ou ondulação no pavimento;Colisão transversal;Com Vítimas Feridas;Plena Noite;Crescente;Chuva;Simples;"Aclive;Interseção de Vias;Viaduto";-22,523537;-44,104546
28/01/2025;21:00:00;GOIANIA;Velocidade Incompatível;Colisão com objeto;Com Vítimas Fatais;Plena Noite;Crescente;Céu Claro;Dupla;Interseção de Vias;-16,7305;-49,3908
28/01/2025;22:00:00;JACAREZINHO;Chuva;Queda de ocupante de veículo;Com Vítimas Feridas;Plena Noite;Crescente;Chuva;Simples;Curva;-23,002905;-49,908333
28/01/2025;15:10:00;BOM JARDIM;Conversão proibida;Colisão transversal;Com Vítimas Feridas;Pleno dia;Crescente;Céu Claro;Simples;Reta;-3,567083;-45,579624
28/01/2025;13:00:00;DOURADOS;Chuva;Colisão com objeto;Sem Vítimas;Pleno dia;Crescente;Chuva;Simples;Reta;-22,22928219;-54,66230392
27/01/2025;05:08:00;CAMPINA GRANDE;Conversão proibida;Colisão transversal;Com Vítimas Feridas;Amanhecer;Decrescente;Nublado;Dupla;"Aclive;Reta";-7,2512;-35,8399
27/01/2025;06:05:00;PAULISTA;Velocidade Incompatível;Tombamento;Com Vítimas Feridas;Pleno dia;Decrescente;Nublado;Múltipla;Reta;-7,94575087;-34,90439057
27/01/2025;06:30:00;BARRA MANSA;Demais falhas na via;Tombamento;Com Vítimas Feridas;Pleno dia;Decrescente;Nublado;Dupla;Reta;-22,45745983;-44,29161274
27/01/2025;07:53:00;SALVADOR;Acesso irregular;Colisão lateral mesmo sentido;Sem Vítimas;Pleno dia;Crescente;Céu Claro;Dupla;Reta;-12,91233708;-38,45956983
27/01/2025;10:25:00;CAMBUI;Velocidade Incompatível;Saída de leito carroçável;Com Vítimas Feridas;Pleno dia;Crescente;Céu Claro;Dupla;Curva;-22,57874206;-46,04473491
27/01/2025;14:05:00;ATALAIA;Velocidade Incompatível;Colisão lateral sentido oposto;Com Vítimas Feridas;Pleno dia;Crescente;Chuva;Simples;Curva;-9,49417338;-36,13686798
27/01/2025;13:40:00;ROSARIO DO SUL;Velocidade Incompatível;Tombamento;Com Vítimas Feridas;Pleno dia;Decrescente;Céu Claro;Simples;Rotatória;-30,22973447;-54,7298776
27/01/2025;16:50:00;SAO FRANCISCO DO GLORIA;Velocidade Incompatível;Colisão lateral sentido oposto;Com Vítimas Feridas;Pleno dia;Crescente;Chuva;Simples;Curva;-20,79792691;-42,30837166
27/01/2025;17:10:00;CAETANOPOLIS;Pista Escorregadia;Colisão traseira;Com Vítimas Feridas;Anoitecer;Decrescente;Chuva;Dupla;Reta;-19,33382121;-44,36107939
27/01/2025;17:00:00;NOVO LINO;Velocidade Incompatível;Saída de leito carroçável;Sem Vítimas;Pleno dia;Decrescente;Chuva;Dupla;"Reta;Declive";-8,91012942;-35,63471317
27/01/2025;19:25:00;PALHOCA;Conversão proibida;Colisão lateral sentido oposto;Com Vítimas Feridas;Plena Noite;Decrescente;Chuva;Simples;Reta;-27,658611;-48,681847
27/01/2025;18:28:00;MARQUES DE SOUZA;Acumulo de água sobre o pavimento;Colisão transversal;Com Vítimas Feridas;Anoitecer;Decrescente;Chuva;Simples;Curva;-29,355341;-52,069054
27/01/2025;22:10:00;ITABIRITO;Sinalização mal posicionada;Colisão com objeto;Com Vítimas Feridas;Plena Noite;Crescente;Céu Claro;Dupla;Curva;-20,29439498;-43,93886497
27/01/2025;14:40:00;JANGADA;Chuva;Saída de leito carroçável;Com Vítimas Feridas;Pleno dia;Crescente;Chuva;Simples;Curva;-15,34178206;-56,41893614
27/01/2025;10:11:00;ACAILANDIA;Conversão proibida;Tombamento;Com Vítimas Fatais;Pleno dia;Crescente;Sol;Simples;Reta;-4,94583;-47,473899
27/01/2025;00:03:00;BELFORD ROXO;Condutor usando celular;Colisão traseira;Com Vítimas Feridas;Plena Noite;Crescente;Céu Claro;Múltipla;Reta;-22,77496393;-43,40081465
27/01/2025;07:00:00;SERRA TALHADA;Acesso irregular;Colisão transversal;Com Vítimas Feridas;Pleno dia;Decrescente;Céu Claro;Simples;Reta;-7,981944;-38,289467
27/01/2025;07:40:00;VITORIA DA CONQUISTA;Acesso irregular;Colisão transversal;Com Vítimas Feridas;Pleno dia;Decrescente;Céu Claro;Dupla;Reta;-14,88108716;-40,85609436
27/01/2025;10:30:00;JI-PARANA;Animais na Pista;Atropelamento de Animal;Sem Vítimas;Pleno dia;Crescente;Céu Claro;Simples;Reta;-10,83322284;-62,01156957
27/01/2025;12:20:00;JOAO PESSOA;Acumulo de areia ou detritos sobre o pavimento;Tombamento;Com Vítimas Feridas;Pleno dia;Crescente;Céu Claro;Múltipla;"Desvio Temporário;Em Obras;Curva";-7,1637;-34,8618
27/01/2025;11:40:00;CAPELA;Chuva;Colisão traseira;Com Vítimas Feridas;Pleno dia;Crescente;Chuva;Dupla;"Declive;Reta";-10,517972;-36,950147
27/01/2025;12:30:00;PEROLA DOESTE;Chuva;Colisão lateral sentido oposto;Com Vítimas Feridas;Pleno dia;Decrescente;Chuva;Múltipla;"Curva;Aclive";-25,849808;-53,751462
27/01/2025;11:45:00;BRASILIA;Ausência de sinalização;Colisão transversal;Com Vítimas Feridas;Pleno dia;Decrescente;Nublado;Dupla;"Em Obras;Desvio Temporário;Reta";-15,650243;-47,773872
27/01/2025;13:05:00;TUBARAO;Ultrapassagem Indevida;Colisão lateral mesmo sentido;Sem Vítimas;Pleno dia;Crescente;Céu Claro;Dupla;"Reta;Ponte";-28,43648094;-48,95989307
27/01/2025;14:00:00;SAO SEBASTIAO DA BELA VISTA;Velocidade Incompatível;Colisão com objeto;Com Vítimas Feridas;Pleno dia;Crescente;Chuva;Dupla;Curva;-22,18544691;-45,84411022
27/01/2025;15:45:00;JOAO PESSOA;Pista Escorregadia;Queda de ocupante de veículo;Com Vítimas Feridas;Pleno dia;Decrescente;Sol;Dupla;Reta;-7,1092;-34,8431
27/01/2025;14:00:00;MURIAE;Restrição de visibilidade em curvas horizontais;Colisão traseira;Com Vítimas Feridas;Pleno dia;Decrescente;Nublado;Simples;"Curva;Aclive";-21,13210421;-42,31711942
27/01/2025;15:30:00;PILAR;Velocidade Incompatível;Colisão traseira;Sem Vítimas;Pleno dia;Crescente;Céu Claro;Simples;Reta;-9,59005875;-35,89598604
27/01/2025;15:10:00;LONDRINA;Condutor usando celular;Colisão com objeto;Sem Vítimas;Pleno dia;Crescente;Céu Claro;Dupla;Reta;-23,29284232;-51,16357148
27/01/2025;16:45:00;TRIUNFO;Retorno proibido;Colisão transversal;Com Vítimas Feridas;Pleno dia;Crescente;Céu Claro;Dupla;Reta;-29,749271;-51,609505
27/01/2025;15:20:00;EUNAPOLIS;Ultrapassagem Indevida;Colisão frontal;Com Vítimas Feridas;Pleno dia;Decrescente;Sol;Simples;Curva;-16,41097;-39,588016
27/01/2025;16:50:00;DUQUE DE CAXIAS;Chuva;Colisão com objeto;Com Vítimas Feridas;Pleno dia;Crescente;Chuva;Dupla;Reta;-22,6723488;-43,28215398
27/01/2025;18:00:00;CAJATI;Velocidade Incompatível;Saída de leito carroçável;Com Vítimas Feridas;Anoitecer;Decrescente;Garoa/Chuvisco;Simples;"Curva;Declive";-24,83558399;-48,2223738
27/01/2025;19:00:00;POUSO NOVO;Velocidade Incompatível;Saída de leito carroçável;Com Vítimas Feridas;Plena Noite;Decrescente;Chuva;Simples;"Curva;Aclive";-29,194696;-52,185722
27/01/2025;19:01:00;LAGOA GRANDE;Conversão proibida;Colisão transversal;Com Vítimas Feridas;Plena Noite;Decrescente;Céu Claro;Simples;"Reta;Interseção de Vias";-9,00007204;-40,27205229
27/01/2025;18:48:00;AUGUSTO SEVERO;Deficiência do Sistema de Iluminação/Sinalização;Colisão traseira;Com Vítimas Feridas;Plena Noite;Crescente;Nublado;Simples;Declive;-5,86081305;-37,31126581
27/01/2025;17:50:00;JEQUIE;Velocidade Incompatível;Capotamento;Com Vítimas Feridas;Anoitecer;Crescente;Céu Claro;Simples;Declive;-13,98328201;-39,94236501
27/01/2025;17:40:00;CACHOEIRA DO SUL;Ultrapassagem Indevida;Colisão frontal;Com Vítimas Feridas;Anoitecer;Crescente;Nublado;Simples;"Reta;Aclive";-30,251297;-53,033596
27/01/2025;18:50:00;CORBELIA;Velocidade Incompatível;Tombamento;Com Vítimas Feridas;Pleno dia;Decrescente;Chuva;Dupla;"Curva;Declive";-24,796051;-53,288598
27/01/2025;21:50:00;RECIFE;Velocidade Incompatível;Saída de leito carroçável;Com Vítimas Feridas;Plena Noite;Decrescente;Chuva;Dupla;"Em Obras;Reta";-8,075878;-34,969798
27/01/2025;02:00:00;BOA NOVA;Velocidade Incompatível;Capotamento;Com Vítimas Feridas;Plena Noite;Crescente;Ignorado;Simples;Curva;-14,38225573;-40,19270897
26/01/2025;00:42:00;PORTO ALEGRE;Condutor usando celular;Colisão traseira;Com Vítimas Feridas;Plena Noite;Crescente;Céu Claro;Múltipla;Reta;-29,96574;-51,202034
26/01/2025;01:50:00;SAO JOSE DA LAJE;Velocidade Incompatível;Saída de leito carroçável;Com Vítimas Fatais;Plena Noite;Crescente;Garoa/Chuvisco;Simples;"Curva;Declive";-8,96386265;-36,02023815
26/01/2025;01:20:00;MONTE ALEGRE DE MINAS;Velocidade Incompatível;Tombamento;Sem Vítimas;Plena Noite;Decrescente;Céu Claro;Dupla;Retorno Regulamentado;-18,8789182;-49,05482003
26/01/2025;08:56:00;SANTA MARIA DO PARA;Ultrapassagem Indevida;Colisão frontal;Com Vítimas Fatais;Pleno dia;Decrescente;Céu Claro;Simples;Reta;-1,37053441;-47,56138891
26/01/2025;09:40:00;SANTA RITA;Velocidade Incompatível;Tombamento;Com Vítimas Feridas;Pleno dia;Crescente;Céu Claro;Dupla;Curva;-7,11707513;-34,95004177
26/01/2025;11:00:00;ALHANDRA;Velocidade Incompatível;Colisão traseira;Com Vítimas Feridas;Pleno dia;Decrescente;Céu Claro;Dupla;"Reta;Aclive";-7,325423;-34,94693577
26/01/2025;07:10:00;OLIVEIRA DOS BREJINHOS;Velocidade Incompatível;Tombamento;Com Vítimas Feridas;Pleno dia;Crescente;Céu Claro;Simples;Curva;-12,39898;-42,39651
26/01/2025;14:10:00;SAO LOURENCO DA SERRA;Pista Escorregadia;Colisão traseira;Com Vítimas Feridas;Pleno dia;Decrescente;Chuva;Dupla;Curva;-23,89562822;-46,98556063
26/01/2025;19:00:00;IGARAPE;Velocidade Incompatível;Saída de leito carroçável;Com Vítimas Feridas;Plena Noite;Decrescente;Nublado;Dupla;"Curva;Declive";-20,09734;-44,3159
26/01/2025;20:20:00;IGARAPE;Velocidade Incompatível;Colisão lateral mesmo sentido;Com Vítimas Feridas;Plena Noite;Decrescente;Céu Claro;Dupla;"Reta;Declive";-20,10866993;-44,31488799
26/01/2025;20:50:00;ERECHIM;Retorno proibido;Colisão transversal;Sem Vítimas;Plena Noite;Decrescente;Céu Claro;Simples;"Reta;Interseção de Vias";-27,65623359;-52,27554709
26/01/2025;21:30:00;SETE LAGOAS;Chuva;Saída de leito carroçável;Com Vítimas Feridas;Plena Noite;Crescente;Chuva;Dupla;Declive;-19,4136917;-44,33879427
26/01/2025;15:45:00;JUSSARA;Acumulo de água sobre o pavimento;Colisão lateral sentido oposto;Com Vítimas Fatais;Pleno dia;Crescente;Chuva;Simples;"Ponte;Curva;Declive";-15,87794115;-50,88363469
26/01/2025;01:30:00;JAGUARARI;Animais na Pista;Atropelamento de Animal;Com Vítimas Fatais;Plena Noite;Crescente;Céu Claro;Simples;"Reta;Declive";-10,25144463;-40,19450109
26/01/2025;03:30:00;CAREACU;Velocidade Incompatível;Colisão com objeto;Com Vítimas Feridas;Plena Noite;Crescente;Nevoeiro/Neblina;Dupla;"Interseção de Vias;Reta";-22,11209226;-45,74742779
26/01/2025;02:15:00;MANGARATIBA;Animais na Pista;Atropelamento de Animal;Com Vítimas Feridas;Plena Noite;Decrescente;Céu Claro;Dupla;Reta;-22,90433243;-43,88181398
26/01/2025;06:30:00;CABEDELO;Animais na Pista;Atropelamento de Animal;Com Vítimas Feridas;Pleno dia;Decrescente;Céu Claro;Dupla;Reta;-7,068;-34,85
26/01/2025;07:00:00;PELOTAS;Acesso irregular;Colisão transversal;Com Vítimas Feridas;Pleno dia;Crescente;Céu Claro;Simples;Reta;-31,750426;-52,35999499
26/01/2025;08:35:00;JAPARATUBA;Chuva;Saída de leito carroçável;Com Vítimas Feridas;Pleno dia;Crescente;Chuva;Dupla;"Retorno Regulamentado;Reta;Declive";-10,57096002;-36,96427168