data_inversa;horario;municipio;causa_acidente;tipo_acidente;classificacao_acidente;fase_dia;sentido_via;condicao_metereologica;tipo_pista;tracado_via;latitude;longitude
18/01/2025;14:50:00;IJUI;Velocidade Incompatível;Tombamento;Com Vítimas Feridas;Pleno dia;Crescente;Sol;Simples;Declive;-28,37433443;-53,86021614
18/01/2025;15:15:00;BRASILIA;Velocidade Incompatível;Colisão lateral mesmo sentido;Com Vítimas Fatais;Pleno dia;Crescente;Céu Claro;Dupla;"Declive;Retorno Regulamentado;Reta";-15,625675;-47,725159
18/01/2025;14:00:00;TIBAGI;Velocidade Incompatível;Colisão com objeto;Com Vítimas Feridas;Pleno dia;Crescente;Chuva;Dupla;Curva;-24,6002;-50,665913
18/01/2025;14:40:00;ARARANGUA;Conversão proibida;Colisão transversal;Com Vítimas Feridas;Pleno dia;Decrescente;Nublado;Simples;Rotatória;-28,94941481;-49,50706601
18/01/2025;16:30:00;MANGARATIBA;Conversão proibida;Colisão transversal;Com Vítimas Feridas;Pleno dia;Crescente;Sol;Simples;Curva;-22,91666975;-43,93080593
18/01/2025;17:25:00;ELDORADO DO SUL;Acostamento em desnível;Tombamento;Com Vítimas Feridas;Pleno dia;Crescente;Céu Claro;Simples;Reta;-30,055038;-51,458992
18/01/2025;16:00:00;CANOINHAS;Demais Fenômenos da natureza;Saída de leito carroçável;Sem Vítimas;Pleno dia;Crescente;Chuva;Simples;Reta;-26,18601731;-50,35213894
18/01/2025;17:06:00;SAO MARCOS;Restrição de visibilidade em curvas horizontais;Colisão transversal;Com Vítimas Feridas;Pleno dia;Decrescente;Céu Claro;Simples;Curva;-29,01040633;-51,07327877
18/01/2025;19:30:00;UBERLANDIA;Velocidade Incompatível;Queda de ocupante de veículo;Com Vítimas Feridas;Plena Noite;Decrescente;Nublado;Dupla;Reta;-18,85140204;-48,25345932
18/01/2025;19:02:00;CAMPINA GRANDE DO SUL;Chuva;Colisão com objeto;Com Vítimas Feridas;Plena Noite;Decrescente;Chuva;Dupla;"Ponte;Declive;Curva";-25,10670298;-48,80405799
18/01/2025;16:30:00;BARREIRAS;Acostamento em desnível;Capotamento;Com Vítimas Feridas;Pleno dia;Crescente;Céu Claro;Simples;Reta;-12,02374608;-44,9534158
18/01/2025;20:15:00;NOVA SERRANA;Velocidade Incompatível;Colisão traseira;Com Vítimas Feridas;Plena Noite;Decrescente;Céu Claro;Dupla;Reta;-19,86485326;-44,99540806
18/01/2025;19:20:00;SERRA CAIADA;Velocidade Incompatível;Capotamento;Sem Vítimas;Plena Noite;Decrescente;Céu Claro;Simples;Curva;-6,08820707;-35,69788788
18/01/2025;21:15:00;LINHARES;Conversão proibida;Colisão transversal;Com Vítimas Feridas;Plena Noite;Crescente;Céu Claro;Simples;Reta;-19,49015283;-40,12624024
18/01/2025;20:40:00;ROLANDIA;Velocidade Incompatível;Colisão com objeto;Com Vítimas Fatais;Plena Noite;Crescente;Céu Claro;Dupla;Reta;-23,3515303;-51,3882399
18/01/2025;20:30:00;ROMARIA;Ultrapassagem Indevida;Colisão lateral sentido oposto;Sem Vítimas;Plena Noite;Crescente;Céu Claro;Simples;Reta;-18,9260452;-47,50658995
18/01/2025;22:30:00;PARIQUERA-ACU;Animais na Pista;Atropelamento de Animal;Sem Vítimas;Plena Noite;Crescente;Chuva;Dupla;Reta;-24,64131463;-47,91527636
18/01/2025;19:10:00;MACAIBA;Ausência de sinalização;Queda de ocupante de veículo;Com Vítimas Feridas;Plena Noite;Decrescente;Céu Claro;Simples;Reta;-5,9213386;-35,5349664
18/01/2025;19:00:00;POMBAL;Animais na Pista;Tombamento;Com Vítimas Feridas;Plena Noite;Decrescente;Céu Claro;Simples;Reta;-6,75644479;-37,76450715
18/01/2025;22:50:00;JABOATAO DOS GUARARAPES;Animais na Pista;Atropelamento de Animal;Com Vítimas Feridas;Plena Noite;Crescente;Céu Claro;Dupla;Reta;-8,15112589;-34,9428866
18/01/2025;21:20:00;IMPERATRIZ;Animais na Pista;Atropelamento de Animal;Com Vítimas Feridas;Plena Noite;Crescente;Nublado;Simples;Reta;-5,445326;-47,472542
18/01/2025;15:15:00;CONSELHEIRO MAIRINCK;Acumulo de água sobre o pavimento;Saída de leito carroçável;Com Vítimas Feridas;Pleno dia;Crescente;Nublado;Simples;Reta;-23,6302471;-50,14830773
18/01/2025;17:50:00;SAO SEBASTIAO;Conversão proibida;Colisão transversal;Com Vítimas Feridas;Plena Noite;Decrescente;Céu Claro;Dupla;Reta;-9,95081664;-36,54113619
18/01/2025;12:00:00;AREAL;Velocidade Incompatível;Colisão com objeto;Com Vítimas Feridas;Pleno dia;Crescente;Céu Claro;Simples;Curva;-22,2006162;-43,15054027
17/01/2025;08:20:00;BIGUACU;Acumulo de água sobre o pavimento;Saída de leito carroçável;Sem Vítimas;Pleno dia;Crescente;Chuva;Múltipla;Reta;-27,489574;-48,655914
17/01/2025;13:00:00;JOINVILLE;Velocidade Incompatível;Colisão com objeto;Com Vítimas Feridas;Pleno dia;Crescente;Céu Claro;Múltipla;Reta;-26,12141519;-48,88262078
17/01/2025;16:15:00;ITABIRITO;Ultrapassagem Indevida;Colisão lateral mesmo sentido;Com Vítimas Feridas;Pleno dia;Crescente;Céu Claro;Simples;"Curva;Aclive";-20,3591;-43,90992896
17/01/2025;11:00:00;CORREGO DANTA;Acostamento em desnível;Tombamento;Sem Vítimas;Pleno dia;Crescente;Sol;Simples;Reta;-19,74642816;-45,97207546
17/01/2025;14:50:00;REBOUCAS;Ultrapassagem Indevida;Tombamento;Com Vítimas Feridas;Pleno dia;Decrescente;Garoa/Chuvisco;Simples;Curva;-25,62594193;-50,719173
17/01/2025;15:00:00;ITATIM;Condutor usando celular;Engavetamento;Com Vítimas Feridas;Pleno dia;Decrescente;Céu Claro;Simples;Reta;-12,71587879;-39,7449061
17/01/2025;22:00:00;JEQUIE;Curva acentuada;Saída de leito carroçável;Com Vítimas Feridas;Plena Noite;Crescente;Céu Claro;Simples;Curva;-13,99324878;-40,17891829
17/01/2025;01:20:00;TERESINA;Animais na Pista;Atropelamento de Animal;Com Vítimas Feridas;Plena Noite;Crescente;Nublado;Dupla;"Declive;Reta";-5,240548;-42,73879
17/01/2025;00:30:00;JAICOS;Animais na Pista;Atropelamento de Animal;Com Vítimas Fatais;Plena Noite;Decrescente;Nublado;Simples;Reta;-7,380753;-41,157108
17/01/2025;05:03:00;ESTIVA;Velocidade Incompatível;Saída de leito carroçável;Com Vítimas Feridas;Amanhecer;Decrescente;Chuva;Dupla;Curva;-22,472813;-46,01072791
17/01/2025;07:10:00;PALMAS;Velocidade Incompatível;Colisão traseira;Sem Vítimas;Pleno dia;Decrescente;Céu Claro;Dupla;Reta;-10,32582;-48,29769
17/01/2025;07:00:00;BENTO GONCALVES;Acesso irregular;Colisão traseira;Com Vítimas Feridas;Pleno dia;Crescente;Céu Claro;Simples;"Reta;Retorno Regulamentado";-29,150635;-51,530241
17/01/2025;06:07:00;CAMBUI;Velocidade Incompatível;Colisão com objeto;Com Vítimas Feridas;Pleno dia;Decrescente;Nevoeiro/Neblina;Dupla;"Curva;Declive";-22,71744092;-46,12652111
17/01/2025;07:30:00;CAJATI;Velocidade Incompatível;Saída de leito carroçável;Com Vítimas Feridas;Pleno dia;Crescente;Chuva;Dupla;Curva;-24,78162109;-48,18342711
17/01/2025;09:15:00;CAMPINA GRANDE DO SUL;Velocidade Incompatível;Capotamento;Com Vítimas Feridas;Pleno dia;Decrescente;Garoa/Chuvisco;Dupla;Curva;-25,14802509;-48,85922071
17/01/2025;07:30:00;JUTI;Animais na Pista;Saída de leito carroçável;Com Vítimas Feridas;Pleno dia;Decrescente;Céu Claro;Simples;Reta;-22,83983611;-54,67208409
17/01/2025;12:00:00;BOA VIAGEM;Pista esburacada;Saída de leito carroçável;Com Vítimas Feridas;Pleno dia;Decrescente;Céu Claro;Simples;Reta;-5,00474996;-39,66633507
17/01/2025;12:00:00;BELO HORIZONTE;Velocidade Incompatível;Colisão com objeto;Sem Vítimas;Pleno dia;Crescente;Sol;Dupla;"Retorno Regulamentado;Reta";-19,85862954;-43,91292495
17/01/2025;13:00:00;OLIVEIRA;Velocidade Incompatível;Capotamento;Com Vítimas Feridas;Pleno dia;Decrescente;Céu Claro;Dupla;Reta;-20,86147692;-44,84048107
17/01/2025;05:30:00;BIGUACU;Acumulo de água sobre o pavimento;Queda de ocupante de veículo;Com Vítimas Feridas;Amanhecer;Decrescente;Chuva;Dupla;Desvio Temporário;-27,38958699;-48,63197593
17/01/2025;14:10:00;LINHARES;Acesso irregular;Colisão transversal;Com Vítimas Feridas;Pleno dia;Crescente;Céu Claro;Simples;"Interseção de Vias;Curva";-19,41730794;-40,06842479
17/01/2025;15:10:00;MACAIBA;Condutor usando celular;Saída de leito carroçável;Sem Vítimas;Pleno dia;Crescente;Sol;Dupla;Reta;-5,8689403;-35,38593292
17/01/2025;15:30:00;BALNEARIO CAMBORIU;Acesso irregular;Tombamento;Com Vítimas Feridas;Pleno dia;Crescente;Céu Claro;Simples;Interseção de Vias;-26,99064209;-48,66310912
17/01/2025;15:00:00;TERESOPOLIS;Retorno proibido;Colisão transversal;Com Vítimas Feridas;Pleno dia;Decrescente;Céu Claro;Simples;Reta;-22,4065491;-42,95136745
17/01/2025;16:00:00;RIO DE JANEIRO;Velocidade Incompatível;Colisão traseira;Com Vítimas Feridas;Pleno dia;Crescente;Céu Claro;Dupla;Reta;-22,88515046;-43,6468792
17/01/2025;11:00:00;ANGRA DOS REIS;Ultrapassagem Indevida;Colisão transversal;Com Vítimas Feridas;Pleno dia;Crescente;Céu Claro;Simples;"Em Obras;Interseção de Vias;Reta";-23,00976021;-44,29153237
17/01/2025;18:20:00;FAZENDA RIO GRANDE;Ultrapassagem Indevida;Colisão transversal;Com Vítimas Feridas;Pleno dia;Decrescente;Nublado;Dupla;Reta;-25,67510803;-49,3157007
17/01/2025;17:00:00;ARARIPINA;Animais na Pista;Atropelamento de Animal;Com Vítimas Feridas;Anoitecer;Crescente;Céu Claro;Simples;Reta;-7,65163984;-40,41197275
17/01/2025;18:30:00;SAPUCAIA DO SUL;Acumulo de água sobre o pavimento;Colisão lateral mesmo sentido;Com Vítimas Feridas;Pleno dia;Decrescente;Chuva;Dupla;Reta;-29,80913395;-51,1675292
17/01/2025;15:40:00;TIBAGI;Velocidade Incompatível;Colisão com objeto;Com Vítimas Feridas;Pleno dia;Decrescente;Chuva;Dupla;"Curva;Declive";-24,60239324;-50,66428737
17/01/2025;18:50:00;SAO JOSE DOS PINHAIS;Condutor usando celular;Saída de leito carroçável;Sem Vítimas;Anoitecer;Crescente;Chuva;Dupla;Reta;-25,551218;-49,038642
17/01/2025;17:00:00;FLOR DA SERRA DO SUL;Ultrapassagem Indevida;Saída de leito carroçável;Com Vítimas Feridas;Pleno dia;Decrescente;Céu Claro;Simples;Reta;-26,24539005;-53,22355706
17/01/2025;18:54:00;ONDA VERDE;Demais falhas na via;Tombamento;Com Vítimas Feridas;Anoitecer;Decrescente;Garoa/Chuvisco;Simples;Reta;-20,63725202;-49,33843793
17/01/2025;15:05:00;CAJATI;Acumulo de água sobre o pavimento;Queda de ocupante de veículo;Com Vítimas Feridas;Pleno dia;Crescente;Chuva;Simples;Curva;-24,82178987;-48,21419034
17/01/2025;19:30:00;POCO BRANCO;Animais na Pista;Atropelamento de Animal;Sem Vítimas;Plena Noite;Decrescente;Céu Claro;Simples;Reta;-5,57023884;-35,71071495
17/01/2025;18:40:00;RIO LARGO;Afundamento ou ondulação no pavimento;Colisão lateral mesmo sentido;Com Vítimas Fatais;Plena Noite;Crescente;Céu Claro;Dupla;"Em Obras;Reta";-9,48375193;-35,81815581
17/01/2025;20:30:00;CAPAO DO LEAO;Velocidade Incompatível;Colisão traseira;Com Vítimas Fatais;Plena Noite;Crescente;Céu Claro;Simples;"Reta;Ponte";-31,7821028;-52,46872114
17/01/2025;19:15:00;SERRA;Acesso irregular;Colisão transversal;Com Vítimas Feridas;Plena Noite;Crescente;Céu Claro;Simples;Aclive;-20,119123;-40,311005
17/01/2025;21:05:00;ERECHIM;Velocidade Incompatível;Tombamento;Com Vítimas Feridas;Plena Noite;Decrescente;Céu Claro;Dupla;Reta;-27,65118001;-52,257248
17/01/2025;19:05:00;DELMIRO GOUVEIA;Deficiência do Sistema de Iluminação/Sinalização;Colisão traseira;Com Vítimas Feridas;Plena Noite;Decrescente;Céu Claro;Simples;"Reta;Aclive";-9,4027224;-38,1818248
17/01/2025;20:30:00;RIO DE JANEIRO;Velocidade Incompatível;Queda de ocupante de veículo;Com Vítimas Feridas;Plena Noite;Decrescente;Nublado;Dupla;Reta;-22,87911609;-43,62323999
17/01/2025;16:40:00;DUQUE DE CAXIAS;Acesso irregular;Colisão lateral mesmo sentido;Com Vítimas Feridas;Pleno dia;Crescente;Céu Claro;Dupla;Reta;-22,58585204;-43,27716391
17/01/2025;21:20:00;ITAGUAI;Ultrapassagem Indevida;Colisão lateral mesmo sentido;Com Vítimas Feridas;Plena Noite;Crescente;Céu Claro;Dupla;Reta;-22,87188798;-43,80896322
17/01/2025;22:10:00;GOVERNADOR VALADARES;Velocidade Incompatível;Colisão traseira;Com Vítimas Feridas;Plena Noite;Decrescente;Céu Claro;Simples;Reta;-18,855625;-41,975623
17/01/2025;23:00:00;EUGENOPOLIS;Condutor usando celular;Saída de leito carroçável;Com Vítimas Feridas;Plena Noite;Decrescente;Nublado;Simples;"Curva;Declive";-21,12514202;-42,254502
17/01/2025;22:00:00;CUIABA;Acesso irregular;Colisão transversal;Com Vítimas Fatais;Plena Noite;Crescente;Céu Claro;Dupla;Reta;-15,68642489;-55,91347495
16/01/2025;05:41:00;JOAO PESSOA;Velocidade Incompatível;Colisão traseira;Com Vítimas Feridas;Pleno dia;Decrescente;Nublado;Dupla;Reta;-7,18826412;-34,90308264
16/01/2025;07:30:00;ERECHIM;Ultrapassagem Indevida;Colisão lateral mesmo sentido;Com Vítimas Feridas;Pleno dia;Decrescente;Céu Claro;Dupla;Reta;-27,65118001;-52,257248
16/01/2025;07:50:00;PORTO VELHO;Ultrapassagem Indevida;Colisão traseira;Sem Vítimas;Pleno dia;Decrescente;Nublado;Dupla;"Interseção de Vias;Reta";-8,7426448;-63,90230816
16/01/2025;06:50:00;LARANJEIRAS DO SUL;Demais Fenômenos da natureza;Colisão traseira;Com Vítimas Feridas;Pleno dia;Decrescente;Céu Claro;Simples;"Aclive;Reta";-25,354804;-52,481168
16/01/2025;10:30:00;ALVORADA DO NORTE;Velocidade Incompatível;Saída de leito carroçável;Sem Vítimas;Pleno dia;Decrescente;Nublado;Simples;Reta;-14,625212;-46,616703
16/01/2025;12:42:00;HIDROLANDIA;Velocidade Incompatível;Saída de leito carroçável;Com Vítimas Feridas;Pleno dia;Crescente;Chuva;Dupla;Reta;-16,9113;-49,2534
16/01/2025;12:00:00;AGUAS VERMELHAS;Velocidade Incompatível;Tombamento;Com Vítimas Feridas;Pleno dia;Decrescente;Nublado;Simples;"Aclive;Curva";-15,84293113;-41,40943564
16/01/2025;15:35:00;SANTO ANTONIO DO DESCOBERTO;Pista Escorregadia;Saída de leito carroçável;Com Vítimas Feridas;Pleno dia;Crescente;Chuva;Dupla;"Reta;Declive";-16,090742;-48,27694
16/01/2025;14:50:00;CEU AZUL;Ultrapassagem Indevida;Colisão lateral mesmo sentido;Com Vítimas Feridas;Pleno dia;Decrescente;Céu Claro;Simples;"Aclive;Reta";-25,07943106;-53,70166498
16/01/2025;14:00:00;FRUTAL;Velocidade Incompatível;Colisão lateral sentido oposto;Com Vítimas Feridas;Pleno dia;Crescente;Chuva;Simples;"Curva;Declive";-19,91509495;-48,96299388
16/01/2025;15:10:00;CACAPAVA DO SUL;Velocidade Incompatível;Saída de leito carroçável;Com Vítimas Feridas;Pleno dia;Decrescente;Nublado;Simples;Reta;-30,64198099;-53,39843629
16/01/2025;18:30:00;SAO FRANCISCO DO SUL;Conversão proibida;Colisão traseira;Com Vítimas Feridas;Anoitecer;Crescente;Garoa/Chuvisco;Simples;Reta;-26,31323107;-48,64449483
16/01/2025;17:40:00;GOIATUBA;Velocidade Incompatível;Saída de leito carroçável;Com Vítimas Feridas;Pleno dia;Crescente;Nublado;Dupla;Reta;-18,0724;-49,2697
16/01/2025;09:20:00;IMPERATRIZ;Retorno proibido;Colisão lateral mesmo sentido;Com Vítimas Feridas;Pleno dia;Crescente;Chuva;Simples;"Em Obras;Curva";-5,543249;-47,464447
16/01/2025;10:45:00;ARROIO GRANDE;Animais na Pista;Saída de leito carroçável;Com Vítimas Feridas;Pleno dia;Decrescente;Céu Claro;Simples;Reta;-32,24408345;-53,06929357
16/01/2025;00:00:00;CAMANDUCAIA;Velocidade Incompatível;Colisão com objeto;Sem Vítimas;Plena Noite;Decrescente;Nublado;Dupla;"Aclive;Curva";-22,76212639;-46,16928587
16/01/2025;04:30:00;ATIBAIA;Velocidade Incompatível;Saída de leito carroçável;Com Vítimas Feridas;Plena Noite;Decrescente;Céu Claro;Dupla;Reta;-23,0559669;-46,57063716
16/01/2025;07:50:00;UBERABA;Velocidade Incompatível;Colisão traseira;Com Vítimas Feridas;Pleno dia;Decrescente;Nublado;Dupla;Reta;-19,793806;-47,911165
16/01/2025;07:40:00;DOMINGOS MARTINS;Conversão proibida;Colisão frontal;Com Vítimas Feridas;Pleno dia;Crescente;Céu Claro;Simples;"Retorno Regulamentado;Reta";-20,4202155;-40,87402784
16/01/2025;10:30:00;TRES RIOS;Ultrapassagem Indevida;Colisão transversal;Com Vítimas Feridas;Pleno dia;Crescente;Nublado;Simples;"Interseção de Vias;Reta";-22,127502;-43,147022
16/01/2025;10:00:00;CORREGO DANTA;Velocidade Incompatível;Saída de leito carroçável;Sem Vítimas;Pleno dia;Decrescente;Chuva;Simples;Curva;-19,74235817;-45,94580685
16/01/2025;08:10:00;CHAPECO;Conversão proibida;Colisão lateral mesmo sentido;Com Vítimas Feridas;Pleno dia;Decrescente;Céu Claro;Simples;"Interseção de Vias;Reta";-27,05534298;-52,63652069
16/01/2025;13:25:00;SAO LEOPOLDO;Velocidade Incompatível;Colisão traseira;Com Vítimas Feridas;Pleno dia;Decrescente;Céu Claro;Dupla;Reta;-29,73196199;-51,14952004
16/01/2025;14:00:00;ARAGUARI;Velocidade Incompatível;Colisão com objeto;Sem Vítimas;Pleno dia;Decrescente;Chuva;Dupla;"Curva;Declive";-18,72799811;-48,20659169
16/01/2025;14:40:00;SAO JOSE DOS PINHAIS;Acumulo de água sobre o pavimento;Tombamento;Com Vítimas Feridas;Pleno dia;Crescente;Chuva;Dupla;Reta;-25,55364782;-49,14992988
16/01/2025;16:35:00;CAMPINA GRANDE;Acesso irregular;Colisão frontal;Com Vítimas Feridas;Pleno dia;Decrescente;Céu Claro;Simples;Reta;-7,29013399;-35,89029705
16/01/2025;17:30:00;PATO BRANCO;Retorno proibido;Colisão transversal;Com Vítimas Feridas;Pleno dia;Crescente;Céu Claro;Múltipla;Reta;-26,24248639;-52,69697646
16/01/2025;18:00:00;MANDAGUACU;Acumulo de água sobre o pavimento;Saída de leito carroçável;Sem Vítimas;Anoitecer;Decrescente;Chuva;Dupla;Curva;-23,35251601;-52,09127007
16/01/2025;18:30:00;CAMPINA GRANDE DO SUL;Pista Escorregadia;Colisão com objeto;Com Vítimas Feridas;Anoitecer;Crescente;Chuva;Dupla;"Aclive;Curva";-25,14802509;-48,85922071
16/01/2025;16:45:00;CAMBUI;Declive acentuado;Saída de leito carroçável;Sem Vítimas;Pleno dia;Crescente;Nublado;Simples;"Interseção de Vias;Declive";-22,6630614;-46,09083295
16/01/2025;19:00:00;SIDROLANDIA;Ultrapassagem Indevida;Colisão frontal;Com Vítimas Fatais;Plena Noite;Decrescente;Céu Claro;Simples;Reta;-20,81703589;-54,80153241
16/01/2025;19:15:00;RIBEIRAO CASCALHEIRA;Animais na Pista;Atropelamento de Animal;Com Vítimas Fatais;Pleno dia;Crescente;Nublado;Simples;Reta;-12,821582;-51,78289
16/01/2025;21:50:00;ITAITINGA;Ausência de sinalização;Saída de leito carroçável;Com Vítimas Feridas;Plena Noite;Crescente;Céu Claro;Dupla;Reta;-3,94905489;-38,51212845
16/01/2025;23:30:00;SERRA;Chuva;Queda de ocupante de veículo;Com Vítimas Feridas;Plena Noite;Decrescente;Chuva;Dupla;Reta;-20,190199;-40,26828891
16/01/2025;22:40:00;BELO HORIZONTE;Iluminação deficiente;Colisão com objeto;Com Vítimas Feridas;Plena Noite;Crescente;Chuva;Simples;Aclive;-19,841027;-43,885335
16/01/2025;22:55:00;MURIAE;Acesso irregular;Colisão lateral mesmo sentido;Com Vítimas Feridas;Plena Noite;Decrescente;Céu Claro;Simples;"Interseção de Vias;Reta";-21,10275171;-42,37848493
16/01/2025;02:30:00;MARA ROSA;Chuva;Colisão traseira;Com Vítimas Fatais;Plena Noite;Crescente;Chuva;Simples;Reta;-13,985113;-49,090572
15/01/2025;03:40:00;URUCUCA;Demais Fenômenos da natureza;Colisão com objeto;Com Vítimas Feridas;Plena Noite;Crescente;Chuva;Simples;Curva;-14,639;-39,337
15/01/2025;08:15:00;ANASTACIO;Ultrapassagem Indevida;Colisão lateral mesmo sentido;Com Vítimas Feridas;Pleno dia;Crescente;Céu Claro;Simples;Reta;-20,50337535;-55,74932002
15/01/2025;08:30:00;CURVELO;Chuva;Saída de leito carroçável;Com Vítimas Feridas;Pleno dia;Decrescente;Chuva;Simples;Reta;-19,15478812;-44,55712798
15/01/2025;09:35:00;IRAUCUBA;Chuva;Colisão frontal;Com Vítimas Feridas;Pleno dia;Crescente;Chuva;Simples;Curva;-3,72962497;-39,91024017
15/01/2025;13:25:00;ITAPECERICA DA SERRA;Velocidade Incompatível;Colisão traseira;Com Vítimas Feridas;Pleno dia;Decrescente;Céu Claro;Dupla;Reta;-23,70407794;-46,87249709
15/01/2025;07:50:00;CONTENDA;Velocidade Incompatível;Tombamento;Com Vítimas Feridas;Pleno dia;Decrescente;Sol;Simples;Curva;-25,702982;-49,582001
15/01/2025;14:45:00;NOBRES;Chuva;Saída de leito carroçável;Com Vítimas Feridas;Pleno dia;Decrescente;Chuva;Dupla;Declive;-14,70707506;-56,32215373
15/01/2025;15:40:00;MARILANDIA DO SUL;Velocidade Incompatível;Tombamento;Sem Vítimas;Pleno dia;Decrescente;Céu Claro;Dupla;Curva;-23,71590684;-51,31665496
15/01/2025;13:46:00;NOVA SERRANA;Velocidade Incompatível;Colisão lateral sentido oposto;Com Vítimas Feridas;Pleno dia;Decrescente;Nublado;Simples;Reta;-19,85612311;-45,01659393
15/01/2025;17:15:00;ILHOTA;Velocidade Incompatível;Tombamento;Com Vítimas Feridas;Pleno dia;Crescente;Sol;Dupla;"Curva;Retorno Regulamentado";-26,883764;-48,865986
15/01/2025;20:44:00;VIRMOND;Velocidade Incompatível;Tombamento;Com Vítimas Feridas;Plena Noite;Decrescente;Céu Claro;Simples;"Declive;Curva";-25,37702748;-52,25432396
15/01/2025;19:10:00;COLORADO DO OESTE;Ultrapassagem Indevida;Colisão transversal;Com Vítimas Feridas;Plena Noite;Crescente;Céu Claro;Simples;"Declive;Reta";-13,10814097;-60,45269601
15/01/2025;17:40:00;LUZ;Velocidade Incompatível;Tombamento;Sem Vítimas;Pleno dia;Decrescente;Nublado;Simples;Curva;-19,73163489;-45,8631039
15/01/2025;19:34:00;MURIAE;Retorno proibido;Colisão transversal;Com Vítimas Feridas;Plena Noite;Decrescente;Nublado;Simples;Interseção de Vias;-21,11883833;-42,3801279
15/01/2025;00:27:00;MOSSORO;Animais na Pista;Atropelamento de Animal;Com Vítimas Feridas;Plena Noite;Decrescente;Nublado;Simples;Reta;-5,16806008;-37,22635297
15/01/2025;03:30:00;JOAO NEIVA;Chuva;Atropelamento de Pedestre;Com Vítimas Feridas;Plena Noite;Decrescente;Chuva;Simples;Reta;-19,75823196;-40,3795009
15/01/2025;02:50:00;RONDONOPOLIS;Animais na Pista;Atropelamento de Animal;Com Vítimas Feridas;Plena Noite;Decrescente;Céu Claro;Dupla;"Declive;Reta";-16,35547945;-54,69264222
15/01/2025;07:00:00;GUARULHOS;Velocidade Incompatível;Queda de ocupante de veículo;Com Vítimas Feridas;Pleno dia;Crescente;Céu Claro;Múltipla;Reta;-23,47559815;-46,5246609
15/01/2025;09:30:00;BARREIRAS;Conversão proibida;Colisão frontal;Com Vítimas Feridas;Pleno dia;Crescente;Céu Claro;Simples;"Curva;Declive";-12,13035157;-45,01444101
15/01/2025;12:30:00;ALEXANIA;Acumulo de água sobre o pavimento;Saída de leito carroçável;Com Vítimas Feridas;Pleno dia;Crescente;Céu Claro;Dupla;"Declive;Reta";-16,0963;-48,5202
15/01/2025;13:30:00;PALMEIRAS;Velocidade Incompatível;Saída de leito carroçável;Com Vítimas Feridas;Pleno dia;Crescente;Chuva;Simples;Reta;-12,44445519;-41,48566246
15/01/2025;16:35:00;PROFESSOR JAMIL;Acumulo de água sobre o pavimento;Capotamento;Com Vítimas Feridas;Pleno dia;Crescente;Chuva;Dupla;Curva;-17,3706;-49,2442
15/01/2025;17:10:00;ARAPONGAS;Ultrapassagem Indevida;Colisão lateral mesmo sentido;Com Vítimas Feridas;Pleno dia;Crescente;Céu Claro;Simples;"Interseção de Vias;Reta";-23,42605398;-51,42340897
15/01/2025;17:40:00;PILAR;Ultrapassagem Indevida;Capotamento;Com Vítimas Feridas;Plena Noite;Decrescente;Céu Claro;Simples;Reta;-9,57291142;-35,97133838
15/01/2025;15:00:00;GRAO MOGOL;Pista esburacada;Colisão com objeto;Com Vítimas Feridas;Pleno dia;Crescente;Céu Claro;Simples;Reta;-16,41500882;-43,25228005
15/01/2025;18:40:00;CASCAVEL;Ultrapassagem Indevida;Colisão lateral sentido oposto;Com Vítimas Feridas;Pleno dia;Crescente;Céu Claro;Simples;Reta;-24,8169;-53,2964
15/01/2025;18:30:00;MACAIBA;Animais na Pista;Atropelamento de Animal;Com Vítimas Feridas;Plena Noite;Crescente;Céu Claro;Simples;Reta;-5,82773209;-35,28005834
15/01/2025;18:40:00;IBIPORA;Conversão proibida;Colisão transversal;Com Vítimas Feridas;Anoitecer;Decrescente;Céu Claro;Simples;Interseção de Vias;-23,26566;-51,03704
15/01/2025;19:20:00;PARAISO DO TOCANTINS;Ultrapassagem Indevida;Colisão transversal;Com Vítimas Feridas;Plena Noite;Crescente;Céu Claro;Simples;"Reta;Declive";-10,18390502;-48,88017144
15/01/2025;14:40:00;NOVA ITARANA;Ultrapassagem Indevida;Colisão frontal;Com Vítimas Feridas;Pleno dia;Decrescente;Nublado;Simples;Declive;-13,1535402;-39,9989063
15/01/2025;20:50:00;IGARATINGA;Velocidade Incompatível;Tombamento;Com Vítimas Feridas;Pleno dia;Crescente;Nublado;Dupla;Curva;-19,88573008;-44,72054503
15/01/2025;22:15:00;CONTAGEM;Velocidade Incompatível;Colisão traseira;Com Vítimas Feridas;Plena Noite;Crescente;Nublado;Múltipla;"Aclive;Reta";-19,96151932;-44,03821027
15/01/2025;22:05:00;CAMPOS DOS GOYTACAZES;Retorno proibido;Colisão transversal;Com Vítimas Feridas;Plena Noite;Decrescente;Céu Claro;Simples;Reta;-21,774;-41,361265
15/01/2025;16:00:00;ITAITUBA;Demais falhas na via;Saída de leito carroçável;Sem Vítimas;Pleno dia;Crescente;Chuva;Simples;Reta;-4,62473602;-56,389
15/01/2025;06:50:00;AREAL;Velocidade Incompatível;Atropelamento de Pedestre;Com Vítimas Feridas;Amanhecer;Decrescente;Chuva;Dupla;Curva;-22,265139;-43,108506