data_inversa;horario;municipio;causa_acidente;tipo_acidente;classificacao_acidente;fase_dia;sentido_via;condicao_metereologica;tipo_pista;tracado_via;latitude;longitude
11/01/2025;03:00:00;CABEDELO;Animais na Pista;Atropelamento de Animal;Sem Vítimas;Plena Noite;Crescente;Nublado;Múltipla;"Reta;Viaduto";-7,0004;-34,8284
11/01/2025;04:40:00;ARROIO DOS RATOS;Velocidade Incompatível;Saída de leito carroçável;Com Vítimas Feridas;Amanhecer;Decrescente;Céu Claro;Simples;Curva;-30,106596;-51,788307
11/01/2025;05:30:00;ENCRUZILHADA;Velocidade Incompatível;Saída de leito carroçável;Com Vítimas Feridas;Amanhecer;Crescente;Nevoeiro/Neblina;Simples;Reta;-15,575976;-41,273259
11/01/2025;07:00:00;CARATINGA;Velocidade Incompatível;Colisão traseira;Com Vítimas Feridas;Pleno dia;Decrescente;Céu Claro;Simples;Reta;-19,80308778;-42,13615179
11/01/2025;07:54:00;TERESINA;Pista esburacada;Queda de ocupante de veículo;Com Vítimas Feridas;Pleno dia;Crescente;Céu Claro;Simples;"Interseção de Vias;Reta";-5,12861853;-42,80706778
11/01/2025;09:10:00;IGARAPE;Velocidade Incompatível;Colisão com objeto;Com Vítimas Feridas;Pleno dia;Decrescente;Céu Claro;Dupla;Curva;-20,13363702;-44,309515
11/01/2025;08:00:00;PANAMBI;Condutor usando celular;Colisão com objeto;Com Vítimas Feridas;Pleno dia;Decrescente;Céu Claro;Simples;Curva;-28,23443887;-53,47576408
11/01/2025;11:50:00;FOZ DO IGUACU;Acesso irregular;Colisão transversal;Com Vítimas Feridas;Pleno dia;Decrescente;Céu Claro;Dupla;Reta;-25,51017487;-54,56454899
11/01/2025;12:20:00;VILHENA;Ultrapassagem Indevida;Colisão lateral mesmo sentido;Com Vítimas Feridas;Pleno dia;Decrescente;Nublado;Simples;"Interseção de Vias;Reta";-12,74605898;-60,11270299
11/01/2025;12:15:00;TIBAGI;Velocidade Incompatível;Colisão com objeto;Com Vítimas Feridas;Pleno dia;Crescente;Nublado;Dupla;Curva;-24,75487094;-50,53509738
11/01/2025;13:00:00;RANCHO QUEIMADO;Velocidade Incompatível;Colisão frontal;Com Vítimas Feridas;Pleno dia;Decrescente;Garoa/Chuvisco;Simples;Curva;-27,685799;-48,974514
11/01/2025;12:00:00;MANGARATIBA;Ultrapassagem Indevida;Colisão frontal;Com Vítimas Feridas;Pleno dia;Crescente;Céu Claro;Simples;Reta;-22,92618815;-43,96323294
11/01/2025;14:00:00;ANGRA DOS REIS;Ultrapassagem Indevida;Saída de leito carroçável;Com Vítimas Feridas;Pleno dia;Crescente;Céu Claro;Simples;Curva;-23,02970078;-44,20784712
11/01/2025;15:20:00;SANTA RITA;Demais falhas na via;Tombamento;Com Vítimas Feridas;Pleno dia;Crescente;Céu Claro;Dupla;Reta;-6,99352402;-35,06896004
11/01/2025;09:47:00;BOM RETIRO;Ultrapassagem Indevida;Colisão frontal;Com Vítimas Fatais;Pleno dia;Decrescente;Céu Claro;Simples;"Curva;Aclive";-27,8074269;-49,531308
11/01/2025;15:35:00;POUSO NOVO;Pista Escorregadia;Tombamento;Com Vítimas Feridas;Pleno dia;Decrescente;Sol;Simples;Curva;-29,194696;-52,185722
11/01/2025;15:45:00;POUSO NOVO;Pista Escorregadia;Tombamento;Com Vítimas Feridas;Pleno dia;Decrescente;Sol;Simples;Curva;-29,194696;-52,185722
11/01/2025;14:25:00;BARRA DO PIRAI;Animais na Pista;Atropelamento de Animal;Com Vítimas Feridas;Pleno dia;Crescente;Céu Claro;Simples;Reta;-22,48279699;-43,970547
11/01/2025;14:30:00;MANAUS;Pista Escorregadia;Colisão frontal;Com Vítimas Feridas;Pleno dia;Não Informado;Chuva;Dupla;Aclive;-3,10224956;-59,94650245
11/01/2025;14:30:00;SENADOR JOSE BENTO;Velocidade Incompatível;Saída de leito carroçável;Com Vítimas Feridas;Pleno dia;Decrescente;Céu Claro;Simples;Curva;-22,138563;-46,146851
11/01/2025;17:30:00;ITAMARAJU;Acesso irregular;Colisão lateral mesmo sentido;Com Vítimas Feridas;Pleno dia;Decrescente;Chuva;Simples;Reta;-17,066913;-39,557112
11/01/2025;17:50:00;CAAPORA;Animais na Pista;Colisão com objeto;Com Vítimas Feridas;Plena Noite;Decrescente;Céu Claro;Simples;Aclive;-7,42897814;-34,96672977
11/01/2025;18:30:00;CANTA;Falta de acostamento;Queda de ocupante de veículo;Com Vítimas Feridas;Plena Noite;Crescente;Céu Claro;Simples;Reta;2,66944189;-60,59384324
11/01/2025;19:00:00;PESCARIA BRAVA;Animais na Pista;Atropelamento de Animal;Com Vítimas Feridas;Plena Noite;Decrescente;Céu Claro;Dupla;Curva;-28,42964439;-48,87128055
11/01/2025;20:30:00;APUCARANA;Velocidade Incompatível;Capotamento;Sem Vítimas;Plena Noite;Crescente;Nublado;Dupla;"Retorno Regulamentado;Reta";-23,56687835;-51,52357221
11/01/2025;11:10:00;VARZEA GRANDE;Chuva;Queda de ocupante de veículo;Com Vítimas Feridas;Pleno dia;Decrescente;Céu Claro;Dupla;Reta;-15,64127781;-56,13085281
11/01/2025;23:00:00;CARIACICA;Velocidade Incompatível;Colisão traseira;Com Vítimas Feridas;Plena Noite;Crescente;Ignorado;Dupla;"Reta;Ponte";-20,32955204;-40,35492602
11/01/2025;21:30:00;CANAPI;Chuva;Saída de leito carroçável;Com Vítimas Feridas;Plena Noite;Crescente;Chuva;Simples;Reta;-9,1986062;-37,50735715
11/01/2025;19:15:00;ICARAIMA;Velocidade Incompatível;Saída de leito carroçável;Com Vítimas Feridas;Anoitecer;Decrescente;Céu Claro;Simples;"Curva;Viaduto";-23,407717;-53,637191
11/01/2025;15:15:00;CURITIBA;Velocidade Incompatível;Saída de leito carroçável;Com Vítimas Feridas;Pleno dia;Decrescente;Sol;Dupla;Reta;-25,4275486;-49,3868387
10/01/2025;00:30:00;PRATA;Velocidade Incompatível;Colisão traseira;Com Vítimas Feridas;Plena Noite;Crescente;Nublado;Dupla;"Declive;Reta";-19,41979487;-48,88955245
10/01/2025;02:00:00;MUQUEM DE SAO FRANCISCO;Velocidade Incompatível;Tombamento;Com Vítimas Feridas;Plena Noite;Decrescente;Chuva;Simples;"Curva;Declive";-12,22921566;-43,83424759
10/01/2025;05:50:00;CAMBUI;Velocidade Incompatível;Colisão lateral mesmo sentido;Com Vítimas Feridas;Amanhecer;Crescente;Nublado;Dupla;"Aclive;Curva";-22,67431177;-46,0973822
10/01/2025;05:40:00;BETIM;Velocidade Incompatível;Capotamento;Com Vítimas Fatais;Amanhecer;Crescente;Nublado;Dupla;"Curva;Declive";-19,95763335;-44,07925308
10/01/2025;01:30:00;JAGUAQUARA;Chuva;Saída de leito carroçável;Com Vítimas Feridas;Plena Noite;Crescente;Chuva;Simples;Reta;-13,58007199;-40,08034578
10/01/2025;07:10:00;BRASILIA;Pista Escorregadia;Saída de leito carroçável;Sem Vítimas;Pleno dia;Crescente;Céu Claro;Dupla;Reta;-15,985532;-47,987747
10/01/2025;06:40:00;MAUA DA SERRA;Velocidade Incompatível;Tombamento;Com Vítimas Feridas;Pleno dia;Decrescente;Céu Claro;Dupla;Curva;-23,96167303;-51,11499389
10/01/2025;06:10:00;CAMACAN;Velocidade Incompatível;Colisão frontal;Com Vítimas Feridas;Pleno dia;Crescente;Chuva;Simples;Curva;-15,426887;-39,448864
10/01/2025;04:40:00;RIO CASCA;Velocidade Incompatível;Saída de leito carroçável;Com Vítimas Feridas;Plena Noite;Crescente;Ignorado;Simples;Curva;-20,2679944;-42,5888443
10/01/2025;10:50:00;BURITI DOS LOPES;Curva acentuada;Tombamento;Com Vítimas Feridas;Pleno dia;Crescente;Céu Claro;Simples;Curva;-3,10468586;-41,87730694
10/01/2025;14:30:00;SAO FRANCISCO;Retorno proibido;Colisão lateral mesmo sentido;Sem Vítimas;Pleno dia;Crescente;Nublado;Dupla;"Retorno Regulamentado;Reta";-10,34333325;-36,89661741
10/01/2025;05:30:00;BOM JESUS DAS SELVAS;Velocidade Incompatível;Tombamento;Com Vítimas Feridas;Amanhecer;Decrescente;Céu Claro;Simples;"Declive;Curva";-4,30740999;-46,56154001
10/01/2025;15:20:00;LARANJEIRAS;Chuva;Colisão frontal;Com Vítimas Feridas;Pleno dia;Decrescente;Chuva;Simples;Reta;-10,813502;-37,250896
10/01/2025;16:30:00;CRISTINAPOLIS;Velocidade Incompatível;Colisão transversal;Com Vítimas Feridas;Pleno dia;Crescente;Chuva;Simples;Curva;-11,44262788;-37,73258333
10/01/2025;09:00:00;JATI;Chuva;Colisão lateral sentido oposto;Com Vítimas Fatais;Pleno dia;Decrescente;Chuva;Simples;"Curva;Declive";-7,64286;-39,02366
10/01/2025;20:00:00;PAPANDUVA;Conversão proibida;Colisão transversal;Com Vítimas Feridas;Plena Noite;Decrescente;Céu Claro;Simples;Reta;-26,39448417;-50,16480003
10/01/2025;18:00:00;SANTA CECILIA;Velocidade Incompatível;Saída de leito carroçável;Com Vítimas Feridas;Pleno dia;Decrescente;Nublado;Simples;"Curva;Declive";-26,80262399;-50,33936901
10/01/2025;22:20:00;EUNAPOLIS;Pista Escorregadia;Colisão com objeto;Com Vítimas Feridas;Plena Noite;Crescente;Nublado;Simples;Reta;-16,41122195;-39,58803177
10/01/2025;23:00:00;EXTREMA;Velocidade Incompatível;Colisão lateral mesmo sentido;Com Vítimas Feridas;Plena Noite;Decrescente;Nublado;Dupla;"Aclive;Reta";-22,84803509;-46,33447863
10/01/2025;13:40:00;GENERAL CARNEIRO;Acostamento em desnível;Tombamento;Sem Vítimas;Pleno dia;Decrescente;Nublado;Simples;Curva;-15,59538384;-53,22838001
10/01/2025;23:00:00;URUCUCA;Demais Fenômenos da natureza;Tombamento;Com Vítimas Feridas;Plena Noite;Decrescente;Chuva;Simples;Reta;-14,521903;-39,333831
10/01/2025;07:30:00;MAUA DA SERRA;Velocidade Incompatível;Tombamento;Com Vítimas Feridas;Pleno dia;Crescente;Sol;Dupla;Curva;-23,94940698;-51,11940888
10/01/2025;04:30:00;CAMANDUCAIA;Ultrapassagem Indevida;Colisão lateral mesmo sentido;Com Vítimas Feridas;Amanhecer;Crescente;Nublado;Dupla;"Reta;Aclive";-22,74142274;-46,13587618
10/01/2025;05:10:00;CANOAS;Velocidade Incompatível;Colisão com objeto;Sem Vítimas;Amanhecer;Crescente;Céu Claro;Múltipla;Reta;-29,914435;-51,17754495
10/01/2025;06:35:00;RIO NEGRINHO;Velocidade Incompatível;Saída de leito carroçável;Com Vítimas Feridas;Pleno dia;Decrescente;Céu Claro;Simples;"Curva;Aclive";-26,25385392;-49,612674
10/01/2025;06:45:00;UBERABA;Animais na Pista;Atropelamento de Animal;Com Vítimas Feridas;Pleno dia;Crescente;Sol;Dupla;Curva;-19,770817;-47,973434
10/01/2025;05:30:00;RONDONOPOLIS;Velocidade Incompatível;Saída de leito carroçável;Sem Vítimas;Amanhecer;Decrescente;Nublado;Dupla;Reta;-16,58265;-54,68841
10/01/2025;07:45:00;ITABAIANA;Desvio temporário;Colisão lateral mesmo sentido;Com Vítimas Feridas;Pleno dia;Decrescente;Céu Claro;Dupla;Retorno Regulamentado;-10,707879;-37,42606
10/01/2025;09:00:00;GUARAPUAVA;Ultrapassagem Indevida;Colisão frontal;Com Vítimas Fatais;Pleno dia;Crescente;Céu Claro;Simples;"Aclive;Reta";-25,4036625;-51,73067093
10/01/2025;10:45:00;TAUBATE;Velocidade Incompatível;Colisão com objeto;Com Vítimas Feridas;Pleno dia;Crescente;Nublado;Dupla;Reta;-23,05376319;-45,6088049
10/01/2025;09:30:00;NOVA PRATA;Acumulo de areia ou detritos sobre o pavimento;Tombamento;Com Vítimas Feridas;Pleno dia;Crescente;Céu Claro;Simples;Rotatória;-28,77133;-51,61788
10/01/2025;05:50:00;AGUAS VERMELHAS;Neblina;Colisão transversal;Com Vítimas Feridas;Amanhecer;Decrescente;Nevoeiro/Neblina;Simples;Reta;-15,81135;-41,37987
10/01/2025;15:35:00;NOSSA SENHORA DO SOCORRO;Chuva;Tombamento;Com Vítimas Feridas;Pleno dia;Crescente;Chuva;Dupla;"Retorno Regulamentado;Viaduto";-10,90267142;-37,1325767
10/01/2025;17:00:00;SAO GONCALO DO RIO ABAIXO;Chuva;Saída de leito carroçável;Com Vítimas Feridas;Pleno dia;Decrescente;Chuva;Simples;Curva;-19,83666149;-43,33681685
10/01/2025;18:00:00;INDIARA;Velocidade Incompatível;Saída de leito carroçável;Com Vítimas Fatais;Anoitecer;Decrescente;Nublado;Dupla;Reta;-17,0892419;-49,85172099
10/01/2025;17:45:00;SANTOS DUMONT;Acumulo de água sobre o pavimento;Saída de leito carroçável;Com Vítimas Feridas;Anoitecer;Crescente;Nublado;Simples;Curva;-21,45724301;-43,55822199
10/01/2025;17:20:00;CASCAVEL;Ausência de sinalização;Colisão transversal;Com Vítimas Feridas;Pleno dia;Crescente;Sol;Dupla;"Aclive;Reta";-24,9036;-53,5184
10/01/2025;20:30:00;IBIRACU;Conversão proibida;Colisão transversal;Com Vítimas Feridas;Plena Noite;Crescente;Garoa/Chuvisco;Simples;Reta;-19,82264473;-40,37001486
10/01/2025;22:13:00;CEARA-MIRIM;Animais na Pista;Atropelamento de Animal;Com Vítimas Feridas;Plena Noite;Decrescente;Céu Claro;Simples;Reta;-5,65651272;-35,41672366
10/01/2025;13:10:00;ANGRA DOS REIS;Acesso irregular;Queda de ocupante de veículo;Com Vítimas Feridas;Pleno dia;Crescente;Céu Claro;Simples;Reta;-22,98960623;-44,24168693
10/01/2025;20:00:00;SINOP;Iluminação deficiente;Eventos atípicos;Com Vítimas Feridas;Plena Noite;Crescente;Céu Claro;Simples;Reta;-12,004832;-55,51713
10/01/2025;23:20:00;ESMERALDAS;Velocidade Incompatível;Colisão lateral mesmo sentido;Sem Vítimas;Plena Noite;Decrescente;Nublado;Dupla;"Aclive;Reta";-19,72138499;-44,15573599
10/01/2025;07:10:00;BARRACAO;Velocidade Incompatível;Colisão com objeto;Sem Vítimas;Pleno dia;Decrescente;Céu Claro;Simples;"Interseção de Vias;Rotatória";-26,25172639;-53,63581365
09/01/2025;02:50:00;FOZ DO IGUACU;Velocidade Incompatível;Saída de leito carroçável;Com Vítimas Feridas;Plena Noite;Crescente;Céu Claro;Dupla;Reta;-25,49494908;-54,52095097
09/01/2025;08:00:00;MUQUEM DE SAO FRANCISCO;Pista Escorregadia;Colisão frontal;Com Vítimas Feridas;Pleno dia;Crescente;Garoa/Chuvisco;Simples;Curva;-12,13271191;-43,34998014
09/01/2025;08:40:00;PATO BRANCO;Ultrapassagem Indevida;Colisão frontal;Com Vítimas Feridas;Pleno dia;Decrescente;Céu Claro;Simples;Curva;-26,08083773;-52,63961792
09/01/2025;13:30:00;SAO GONCALO DO RIO ABAIXO;Pista Escorregadia;Colisão frontal;Com Vítimas Feridas;Pleno dia;Crescente;Chuva;Simples;"Curva;Declive";-19,84955579;-43,25424839
09/01/2025;13:00:00;FLORES DE GOIAS;Ultrapassagem Indevida;Colisão frontal;Com Vítimas Feridas;Pleno dia;Decrescente;Chuva;Simples;Reta;-14,880402;-46,853172
09/01/2025;12:50:00;ROSARIO OESTE;Chuva;Saída de leito carroçável;Com Vítimas Feridas;Pleno dia;Crescente;Chuva;Simples;"Declive;Reta";-15,1273933;-56,5217
09/01/2025;08:55:00;NOVA ERA;Chuva;Saída de leito carroçável;Com Vítimas Feridas;Pleno dia;Crescente;Chuva;Simples;Curva;-19,73629395;-43,01849326
09/01/2025;10:15:00;TERRA NOVA DO NORTE;Falta de acostamento;Saída de leito carroçável;Com Vítimas Feridas;Pleno dia;Decrescente;Garoa/Chuvisco;Simples;Reta;-10,60954074;-55,11175632
09/01/2025;16:40:00;JUIZ DE FORA;Curva acentuada;Tombamento;Com Vítimas Feridas;Pleno dia;Decrescente;Nublado;Dupla;Curva;-21,75139026;-43,44522893
09/01/2025;16:30:00;JI-PARANA;Ultrapassagem Indevida;Colisão frontal;Com Vítimas Feridas;Pleno dia;Decrescente;Céu Claro;Simples;"Declive;Reta";-11,052855;-61,92995
09/01/2025;11:55:00;AFRANIO;Velocidade Incompatível;Colisão frontal;Com Vítimas Fatais;Pleno dia;Crescente;Chuva;Simples;"Curva;Declive";-8,647543;-40,971237
09/01/2025;16:00:00;CANAS;Velocidade Incompatível;Engavetamento;Com Vítimas Feridas;Pleno dia;Crescente;Garoa/Chuvisco;Múltipla;Reta;-22,71946606;-45,06109596
09/01/2025;21:31:00;UBIRATA;Acesso irregular;Colisão frontal;Com Vítimas Feridas;Plena Noite;Crescente;Céu Claro;Simples;Reta;-24,54731836;-53,04233551
09/01/2025;22:00:00;SIMAO PEREIRA;Curva acentuada;Tombamento;Com Vítimas Feridas;Plena Noite;Decrescente;Nublado;Dupla;Curva;-21,91933565;-43,32317233
09/01/2025;01:30:00;JEQUITAI;Velocidade Incompatível;Tombamento;Com Vítimas Feridas;Plena Noite;Decrescente;Chuva;Simples;Reta;-17,02504891;-44,30279212
09/01/2025;22:00:00;ITAMARAJU;Chuva;Tombamento;Sem Vítimas;Plena Noite;Crescente;Chuva;Simples;"Curva;Declive";-16,91561807;-39,52897099
09/01/2025;19:10:00;XAPURI;Ausência de sinalização;Atropelamento de Pedestre;Com Vítimas Fatais;Plena Noite;Crescente;Céu Claro;Simples;Reta;-10,70209372;-68,164876
09/01/2025;07:40:00;BRASILIA;Chuva;Saída de leito carroçável;Sem Vítimas;Pleno dia;Decrescente;Chuva;Dupla;Reta;-15,63700583;-47,74559498
09/01/2025;01:30:00;SAO JOSE;Pista Escorregadia;Queda de ocupante de veículo;Com Vítimas Feridas;Plena Noite;Decrescente;Chuva;Dupla;"Reta;Declive";-27,57413014;-48,61363083
09/01/2025;04:50:00;INDAIAL;Velocidade Incompatível;Saída de leito carroçável;Com Vítimas Feridas;Amanhecer;Decrescente;Nublado;Simples;Reta;-26,924833;-49,284004
09/01/2025;05:50:00;SANTA LUZIA;Velocidade Incompatível;Saída de leito carroçável;Com Vítimas Feridas;Amanhecer;Crescente;Chuva;Simples;"Curva;Declive";-19,808479;-43,78324
09/01/2025;07:30:00;SIMOES FILHO;Pista esburacada;Tombamento;Com Vítimas Feridas;Pleno dia;Crescente;Céu Claro;Múltipla;Reta;-12,76402892;-38,42393483
09/01/2025;08:20:00;MATIAS BARBOSA;Retorno proibido;Colisão transversal;Com Vítimas Feridas;Pleno dia;Crescente;Nublado;Dupla;Retorno Regulamentado;-21,866665;-43,36145192
09/01/2025;07:30:00;FLORESTAL;Acumulo de água sobre o pavimento;Colisão com objeto;Com Vítimas Feridas;Pleno dia;Crescente;Garoa/Chuvisco;Dupla;Reta;-19,93472988;-44,43457599
09/01/2025;08:00:00;CAMPOS DOS GOYTACAZES;Animais na Pista;Atropelamento de Animal;Com Vítimas Feridas;Pleno dia;Crescente;Céu Claro;Simples;Reta;-21,660484;-41,31128898
09/01/2025;09:20:00;TUBARAO;Condutor usando celular;Colisão com objeto;Com Vítimas Feridas;Pleno dia;Decrescente;Sol;Múltipla;Ponte;-28,49351117;-49,04178985
09/01/2025;09:00:00;PORTO SEGURO;Acesso irregular;Colisão frontal;Com Vítimas Feridas;Pleno dia;Crescente;Céu Claro;Simples;Reta;-16,43517732;-39,07201198
09/01/2025;11:15:00;ESMERALDAS;Chuva;Saída de leito carroçável;Com Vítimas Feridas;Pleno dia;Decrescente;Chuva;Dupla;"Curva;Declive";-19,64620694;-44,20301977
09/01/2025;11:49:00;MOSSORO;Conversão proibida;Colisão transversal;Com Vítimas Feridas;Pleno dia;Crescente;Céu Claro;Dupla;Reta;-5,19797675;-37,31839819
09/01/2025;11:50:00;EMBU DAS ARTES;Afundamento ou ondulação no pavimento;Queda de ocupante de veículo;Com Vítimas Feridas;Pleno dia;Decrescente;Céu Claro;Dupla;Reta;-23,69297005;-46,86352786
09/01/2025;09:00:00;PATROCINIO;Ultrapassagem Indevida;Colisão frontal;Com Vítimas Feridas;Pleno dia;Decrescente;Céu Claro;Simples;Reta;-18,95990548;-47,24650221
09/01/2025;17:20:00;AGUA DOCE;Ultrapassagem Indevida;Saída de leito carroçável;Com Vítimas Feridas;Anoitecer;Crescente;Céu Claro;Simples;Reta;-26,652559;-51,528454
09/01/2025;18:40:00;ITAPERUNA;Conversão proibida;Colisão traseira;Com Vítimas Feridas;Plena Noite;Decrescente;Chuva;Simples;"Interseção de Vias;Reta";-21,21399756;-41,87815475
09/01/2025;19:30:00;LAVRAS;Chuva;Colisão com objeto;Com Vítimas Feridas;Plena Noite;Crescente;Chuva;Dupla;Curva;-21,20030689;-45,11944438
09/01/2025;18:20:00;ITAPEBI;Pista Escorregadia;Colisão com objeto;Sem Vítimas;Plena Noite;Crescente;Chuva;Simples;Curva;-15,97686319;-39,56384897
09/01/2025;20:20:00;SERRA;Chuva;Tombamento;Com Vítimas Feridas;Plena Noite;Crescente;Céu Claro;Múltipla;Reta;-20,21698365;-40,32974606
09/01/2025;20:20:00;SANGAO;Acumulo de areia ou detritos sobre o pavimento;Saída de leito carroçável;Com Vítimas Feridas;Plena Noite;Crescente;Céu Claro;Simples;"Curva;Interseção de Vias";-28,635168;-49,09467
09/01/2025;18:50:00;SAO VICENTE DO SUL;Velocidade Incompatível;Saída de leito carroçável;Com Vítimas Feridas;Anoitecer;Decrescente;Céu Claro;Simples;Reta;-29,57877814;-54,68185357
09/01/2025;18:00:00;RIO DE JANEIRO;Acesso irregular;Colisão transversal;Com Vítimas Feridas;Plena Noite;Decrescente;Nublado;Simples;Reta;-22,863579;-43,601479
09/01/2025;21:43:00;SAO JOSE DO RIO PRETO;Acumulo de água sobre o pavimento;Saída de leito carroçável;Sem Vítimas;Plena Noite;Decrescente;Chuva;Dupla;"Declive;Reta";-20,82149698;-49,35764818
09/01/2025;23:20:00;ABREU E LIMA;Ultrapassagem Indevida;Colisão lateral mesmo sentido;Com Vítimas Feridas;Plena Noite;Decrescente;Céu Claro;Múltipla;"Interseção de Vias;Reta";-7,9005152;-34,90180641
09/01/2025;21:47:00;SERRA;Acumulo de água sobre o pavimento;Capotamento;Com Vítimas Feridas;Plena Noite;Decrescente;Nublado;Dupla;Reta;-20,13059888;-40,2961019
09/01/2025;00:15:00;SAO JOAO DA BARRA;Iluminação deficiente;Colisão traseira;Com Vítimas Feridas;Plena Noite;Crescente;Garoa/Chuvisco;Simples;Reta;-21,67828605;-41,05590163
09/01/2025;08:13:00;TERRA NOVA DO NORTE;Animais na Pista;Colisão frontal;Com Vítimas Feridas;Pleno dia;Crescente;Chuva;Simples;"Declive;Reta";-10,341005;-55,040638
09/01/2025;17:15:00;BARRA DO TURVO;Acumulo de água sobre o pavimento;Colisão com objeto;Com Vítimas Feridas;Pleno dia;Crescente;Chuva;Simples;"Declive;Curva";-24,95016699;-48,42400302
09/01/2025;18:00:00;RIO DE JANEIRO;Chuva;Colisão lateral mesmo sentido;Com Vítimas Feridas;Plena Noite;Decrescente;Garoa/Chuvisco;Simples;"Ponte;Reta";-22,867662;-43,195337
09/01/2025;20:20:00;CANOAS;Velocidade Incompatível;Colisão lateral mesmo sentido;Sem Vítimas;Plena Noite;Crescente;Céu Claro;Dupla;Reta;-29,93242399;-51,17742077
08/01/2025;08:15:00;JOINVILLE;Velocidade Incompatível;Colisão traseira;Com Vítimas Feridas;Pleno dia;Decrescente;Garoa/Chuvisco;Dupla;Curva;-26,36459827;-48,85838449
08/01/2025;08:50:00;ROLANDIA;Demais falhas na via;Colisão traseira;Com Vítimas Feridas;Pleno dia;Decrescente;Céu Claro;Simples;Reta;-23,31850456;-51,3793295
08/01/2025;09:25:00;PALHOCA;Chuva;Colisão com objeto;Com Vítimas Feridas;Pleno dia;Crescente;Garoa/Chuvisco;Dupla;Curva;-27,80887161;-48,63833606
08/01/2025;12:05:00;PIRIPIRI;Ultrapassagem Indevida;Colisão lateral mesmo sentido;Com Vítimas Feridas;Pleno dia;Decrescente;Céu Claro;Simples;Reta;-4,360559;-41,817978
08/01/2025;13:10:00;POCOS DE CALDAS;Velocidade Incompatível;Tombamento;Com Vítimas Feridas;Pleno dia;Decrescente;Céu Claro;Simples;"Curva;Declive";-21,772565;-46,421703
08/01/2025;10:30:00;CAJATI;Velocidade Incompatível;Tombamento;Com Vítimas Feridas;Pleno dia;Decrescente;Garoa/Chuvisco;Dupla;"Curva;Declive";-24,86704083;-48,21738184
08/01/2025;12:10:00;FRANCISCO SA;Chuva;Saída de leito carroçável;Sem Vítimas;Pleno dia;Crescente;Chuva;Simples;"Declive;Reta";-16,54433804;-43,59543496
08/01/2025;15:15:00;CABEDELO;Acostamento em desnível;Eventos atípicos;Com Vítimas Feridas;Pleno dia;Crescente;Céu Claro;Dupla;"Em Obras;Reta";-7,0596;-34,8506
08/01/2025;14:10:00;CAETANOPOLIS;Velocidade Incompatível;Saída de leito carroçável;Com Vítimas Feridas;Pleno dia;Crescente;Garoa/Chuvisco;Dupla;Curva;-19,34996189;-44,35227779
08/01/2025;16:30:00;PETROLINA;Velocidade Incompatível;Colisão com objeto;Com Vítimas Feridas;Pleno dia;Crescente;Nublado;Dupla;Reta;-9,37197508;-40,48679585
08/01/2025;16:20:00;PROFESSOR JAMIL;Acumulo de água sobre o pavimento;Saída de leito carroçável;Com Vítimas Feridas;Pleno dia;Crescente;Chuva;Dupla;"Reta;Declive";-17,1321;-49,2141
08/01/2025;15:00:00;REGISTRO;Chuva;Saída de leito carroçável;Com Vítimas Feridas;Pleno dia;Decrescente;Chuva;Dupla;Reta;-24,42368904;-47,77892497
08/01/2025;17:40:00;MANGARATIBA;Velocidade Incompatível;Tombamento;Com Vítimas Feridas;Pleno dia;Decrescente;Chuva;Simples;Curva;-22,9377284;-44,0139091
08/01/2025;03:30:00;MANAUS;Acumulo de água sobre o pavimento;Saída de leito carroçável;Com Vítimas Fatais;Plena Noite;Crescente;Chuva;Simples;Reta;-2,57875418;-60,11793315
08/01/2025;06:00:00;LUZIANIA;Velocidade Incompatível;Saída de leito carroçável;Com Vítimas Feridas;Amanhecer;Decrescente;Céu Claro;Simples;Reta;-16,252751;-47,900453
08/01/2025;06:58:00;VIANA;Condutor usando celular;Colisão traseira;Com Vítimas Feridas;Pleno dia;Crescente;Nublado;Múltipla;Curva;-20,358635;-40,432167
08/01/2025;10:40:00;UBATUBA;Conversão proibida;Colisão transversal;Com Vítimas Feridas;Pleno dia;Crescente;Nublado;Simples;Curva;-23,4623355;-45,06476561
08/01/2025;10:00:00;CAMPO VERDE;Chuva;Saída de leito carroçável;Com Vítimas Feridas;Pleno dia;Crescente;Chuva;Dupla;Curva;-15,81564806;-55,35031001
08/01/2025;07:00:00;FRANCISCO SA;Velocidade Incompatível;Saída de leito carroçável;Com Vítimas Feridas;Pleno dia;Crescente;Chuva;Simples;Reta;-16,48154143;-43,41101901
08/01/2025;13:30:00;ALEXANIA;Pista Escorregadia;Saída de leito carroçável;Com Vítimas Feridas;Pleno dia;Crescente;Chuva;Dupla;"Curva;Declive";-16,098917;-48,522568
08/01/2025;14:40:00;BARBACENA;Chuva;Colisão com objeto;Com Vítimas Feridas;Pleno dia;Decrescente;Chuva;Dupla;Curva;-21,25153502;-43,66402206
08/01/2025;14:40:00;GUAPO;Chuva;Saída de leito carroçável;Com Vítimas Feridas;Pleno dia;Crescente;Chuva;Dupla;Curva;-16,853;-49,5858
08/01/2025;12:45:00;JUSCIMEIRA;Acumulo de água sobre o pavimento;Saída de leito carroçável;Com Vítimas Feridas;Pleno dia;Crescente;Chuva;Dupla;Reta;-16,06464917;-54,8799054
08/01/2025;15:40:00;DOMINGOS MARTINS;Conversão proibida;Colisão transversal;Com Vítimas Feridas;Pleno dia;Crescente;Céu Claro;Simples;Reta;-20,38770779;-40,66824031