data_inversa;horario;municipio;causa_acidente;tipo_acidente;classificacao_acidente;fase_dia;sentido_via;condicao_metereologica;tipo_pista;tracado_via;latitude;longitude
08/01/2025;16:50:00;GUARATUBA;Velocidade Incompatível;Saída de leito carroçável;Com Vítimas Feridas;Pleno dia;Decrescente;Chuva;Dupla;Curva;-25,93367517;-48,9113003
08/01/2025;18:10:00;SABARA;Acesso irregular;Colisão frontal;Com Vítimas Feridas;Anoitecer;Decrescente;Céu Claro;Simples;Interseção de Vias;-19,83832024;-43,8806931
08/01/2025;18:31:00;SERRA;Afundamento ou ondulação no pavimento;Queda de ocupante de veículo;Com Vítimas Feridas;Plena Noite;Decrescente;Chuva;Simples;Curva;-20,14616415;-40,28836206
08/01/2025;18:30:00;BLUMENAU;Conversão proibida;Colisão lateral mesmo sentido;Com Vítimas Feridas;Pleno dia;Crescente;Nublado;Simples;"Em Obras;Reta;Aclive";-26,882812;-49,1548
08/01/2025;18:45:00;CARANDAI;Acumulo de água sobre o pavimento;Saída de leito carroçável;Com Vítimas Feridas;Plena Noite;Decrescente;Chuva;Simples;Curva;-20,94645319;-43,79932806
08/01/2025;11:35:00;CACHOEIRA DE PAJEU;Acumulo de água sobre o pavimento;Colisão com objeto;Com Vítimas Feridas;Pleno dia;Crescente;Chuva;Simples;Reta;-15,90381582;-41,55602403
08/01/2025;21:45:00;NOVA UNIAO;Velocidade Incompatível;Saída de leito carroçável;Com Vítimas Fatais;Plena Noite;Crescente;Nublado;Dupla;Curva;-19,740892;-43,555765
08/01/2025;22:30:00;CAMPO MOURAO;Conversão proibida;Colisão transversal;Com Vítimas Feridas;Plena Noite;Crescente;Céu Claro;Simples;"Aclive;Reta";-24,03898208;-52,40911903
08/01/2025;18:21:00;LUCAS DO RIO VERDE;Acumulo de água sobre o pavimento;Tombamento;Com Vítimas Feridas;Plena Noite;Crescente;Chuva;Simples;Reta;-13,40653502;-56,08523707
08/01/2025;23:30:00;MARABA;Animais na Pista;Atropelamento de Animal;Com Vítimas Feridas;Plena Noite;Crescente;Céu Claro;Simples;Declive;-5,32771071;-49,23715374
08/01/2025;18:10:00;UBATUBA;Chuva;Colisão traseira;Sem Vítimas;Pleno dia;Decrescente;Chuva;Múltipla;"Reta;Aclive";-23,38434701;-44,97217398
08/01/2025;14:15:00;ITAPUA DO OESTE;Ausência de sinalização;Colisão lateral mesmo sentido;Sem Vítimas;Pleno dia;Decrescente;Chuva;Simples;Reta;-9,31872895;-63,1465618
08/01/2025;06:30:00;CAMACAN;Velocidade Incompatível;Saída de leito carroçável;Com Vítimas Feridas;Pleno dia;Decrescente;Céu Claro;Simples;Curva;-15,497843;-39,43252405
08/01/2025;15:18:00;FLORES DE GOIAS;Pista Escorregadia;Saída de leito carroçável;Sem Vítimas;Pleno dia;Decrescente;Ignorado;Simples;Reta;-14,846278;-46,750543
08/01/2025;15:35:00;SERRA;Acumulo de água sobre o pavimento;Colisão com objeto;Com Vítimas Feridas;Pleno dia;Crescente;Chuva;Dupla;Reta;-20,129093;-40,308125
07/01/2025;08:10:00;JEQUIA DA PRAIA;Velocidade Incompatível;Tombamento;Com Vítimas Feridas;Pleno dia;Crescente;Céu Claro;Dupla;"Declive;Curva";-9,89022377;-36,13489151
07/01/2025;14:20:00;GUARAPUAVA;Ultrapassagem Indevida;Colisão frontal;Com Vítimas Feridas;Pleno dia;Crescente;Sol;Simples;"Aclive;Reta";-25,43214305;-51,60777698
07/01/2025;15:30:00;TEOFILO OTONI;Faixas de trânsito com largura insuficiente;Colisão lateral mesmo sentido;Com Vítimas Feridas;Pleno dia;Decrescente;Nublado;Dupla;Reta;-17,846454;-41,51549
07/01/2025;15:50:00;FLORIANOPOLIS;Conversão proibida;Colisão lateral mesmo sentido;Com Vítimas Feridas;Pleno dia;Crescente;Nublado;Múltipla;Reta;-27,600384;-48,599705
07/01/2025;14:52:00;EUNAPOLIS;Pista Escorregadia;Saída de leito carroçável;Com Vítimas Feridas;Pleno dia;Crescente;Garoa/Chuvisco;Simples;"Curva;Declive";-16,34155297;-39,58085475
07/01/2025;17:30:00;JARU;Retorno proibido;Colisão lateral mesmo sentido;Sem Vítimas;Anoitecer;Decrescente;Nublado;Simples;"Aclive;Retorno Regulamentado;Curva";-10,4597532;-62,4558043
07/01/2025;22:30:00;ALEM PARAIBA;Velocidade Incompatível;Saída de leito carroçável;Com Vítimas Feridas;Plena Noite;Crescente;Chuva;Simples;"Curva;Declive";-21,71949498;-42,72886698
07/01/2025;12:20:00;ORTIGUEIRA;Velocidade Incompatível;Colisão lateral sentido oposto;Com Vítimas Feridas;Pleno dia;Decrescente;Céu Claro;Simples;"Declive;Curva";-24,09427565;-51,04402976
07/01/2025;22:15:00;CAMPINA GRANDE DO SUL;Chuva;Colisão com objeto;Com Vítimas Feridas;Plena Noite;Crescente;Chuva;Dupla;"Declive;Curva";-25,303398;-48,943762
07/01/2025;02:40:00;CARIDADE;Animais na Pista;Atropelamento de Animal;Sem Vítimas;Plena Noite;Crescente;Nublado;Simples;Reta;-4,17203373;-39,1594572
07/01/2025;05:34:00;SEROPEDICA;Animais na Pista;Queda de ocupante de veículo;Com Vítimas Feridas;Pleno dia;Decrescente;Céu Claro;Dupla;Reta;-22,784172;-43,656998
07/01/2025;10:05:00;FEIRA DE SANTANA;Ultrapassagem Indevida;Colisão frontal;Com Vítimas Feridas;Pleno dia;Crescente;Céu Claro;Simples;Reta;-12,23229233;-38,95215305
07/01/2025;12:00:00;CAMPINA GRANDE;Conversão proibida;Colisão transversal;Com Vítimas Feridas;Pleno dia;Decrescente;Sol;Simples;Reta;-7,2693;-35,9138
07/01/2025;12:50:00;SABARA;Velocidade Incompatível;Saída de leito carroçável;Com Vítimas Feridas;Pleno dia;Crescente;Chuva;Simples;Curva;-19,78831547;-43,73175712
07/01/2025;13:50:00;SANTA LUZIA;Acostamento em desnível;Tombamento;Com Vítimas Feridas;Pleno dia;Decrescente;Céu Claro;Simples;Declive;-6,9046;-36,9906
07/01/2025;10:20:00;JAGUARUNA;Conversão proibida;Atropelamento de Pedestre;Com Vítimas Feridas;Pleno dia;Crescente;Sol;Dupla;Curva;-28,58969968;-49,04567242
07/01/2025;12:15:00;SORRISO;Acumulo de água sobre o pavimento;Saída de leito carroçável;Com Vítimas Feridas;Pleno dia;Crescente;Chuva;Simples;Reta;-12,8457;-55,8268
07/01/2025;15:10:00;CONSELHEIRO LAFAIETE;Chuva;Colisão frontal;Com Vítimas Fatais;Pleno dia;Crescente;Chuva;Simples;"Aclive;Reta";-20,723214;-43,799732
07/01/2025;15:30:00;PALHOCA;Pista Escorregadia;Tombamento;Com Vítimas Feridas;Pleno dia;Decrescente;Nublado;Dupla;Reta;-27,65184843;-48,67604941
07/01/2025;15:40:00;RIO LARGO;Velocidade Incompatível;Colisão com objeto;Com Vítimas Feridas;Pleno dia;Decrescente;Céu Claro;Dupla;Reta;-9,45849606;-35,82849117
07/01/2025;16:28:00;CABEDELO;Acesso irregular;Saída de leito carroçável;Com Vítimas Feridas;Pleno dia;Crescente;Céu Claro;Simples;Reta;-7,01;-34,8312
07/01/2025;16:50:00;SAO GONCALO;Demais falhas na via;Queda de ocupante de veículo;Com Vítimas Feridas;Pleno dia;Decrescente;Céu Claro;Simples;Reta;-22,79115777;-43,01514205
07/01/2025;19:40:00;MOSSORO;Retorno proibido;Colisão transversal;Com Vítimas Feridas;Plena Noite;Crescente;Céu Claro;Simples;Reta;-5,13471117;-37,34486327
07/01/2025;18:30:00;UBATUBA;Ultrapassagem Indevida;Colisão lateral mesmo sentido;Com Vítimas Feridas;Anoitecer;Decrescente;Garoa/Chuvisco;Simples;Reta;-23,4623355;-45,06476561
07/01/2025;17:15:00;JAGUAQUARA;Velocidade Incompatível;Saída de leito carroçável;Com Vítimas Feridas;Anoitecer;Crescente;Nublado;Simples;Reta;-13,4124765;-40,0255605
07/01/2025;23:15:00;MAGE;Animais na Pista;Atropelamento de Animal;Com Vítimas Feridas;Plena Noite;Decrescente;Garoa/Chuvisco;Dupla;Reta;-22,64632807;-43,07016895
07/01/2025;23:00:00;APUCARANA;Ausência de sinalização;Saída de leito carroçável;Com Vítimas Feridas;Plena Noite;Decrescente;Céu Claro;Simples;Curva;-23,60716201;-51,40742183
06/01/2025;00:00:00;BELO JARDIM;Ultrapassagem Indevida;Colisão frontal;Com Vítimas Fatais;Plena Noite;Crescente;Céu Claro;Simples;Reta;-8,34353242;-36,4199731
06/01/2025;07:00:00;JEQUIE;Ultrapassagem Indevida;Colisão frontal;Com Vítimas Feridas;Pleno dia;Decrescente;Céu Claro;Simples;Curva;-13,73294498;-40,09867203
06/01/2025;06:55:00;CANDIDO SALES;Ultrapassagem Indevida;Colisão lateral mesmo sentido;Com Vítimas Feridas;Pleno dia;Crescente;Céu Claro;Simples;"Curva;Declive";-15,29350898;-41,13824403
06/01/2025;11:45:00;COLINAS DO TOCANTINS;Ultrapassagem Indevida;Colisão lateral sentido oposto;Com Vítimas Feridas;Pleno dia;Crescente;Céu Claro;Simples;Reta;-7,96747498;-48,46389145
06/01/2025;11:40:00;SARANDI;Ultrapassagem Indevida;Colisão frontal;Com Vítimas Feridas;Pleno dia;Crescente;Céu Claro;Simples;Reta;-28,000616;-52,894413
06/01/2025;12:00:00;PONTA GROSSA;Velocidade Incompatível;Tombamento;Com Vítimas Feridas;Pleno dia;Crescente;Céu Claro;Dupla;"Curva;Declive";-25,022566;-50,33223
06/01/2025;10:40:00;GOVERNADOR VALADARES;Ultrapassagem Indevida;Colisão transversal;Com Vítimas Feridas;Pleno dia;Decrescente;Céu Claro;Simples;Reta;-18,72180716;-41,98905056
06/01/2025;11:30:00;WENCESLAU GUIMARAES;Velocidade Incompatível;Tombamento;Com Vítimas Fatais;Pleno dia;Crescente;Céu Claro;Simples;"Reta;Declive";-13,66550345;-39,47859764
06/01/2025;11:35:00;APARECIDA DO TABOADO;Velocidade Incompatível;Colisão frontal;Com Vítimas Feridas;Pleno dia;Crescente;Chuva;Simples;Reta;-19,99898502;-51,11416952
06/01/2025;14:00:00;LAGOA VERMELHA;Ultrapassagem Indevida;Colisão frontal;Com Vítimas Fatais;Pleno dia;Decrescente;Céu Claro;Simples;Reta;-28,211273;-51,546356
06/01/2025;13:00:00;CAMPOS ALTOS;Ultrapassagem Indevida;Tombamento;Com Vítimas Feridas;Pleno dia;Decrescente;Sol;Simples;Curva;-19,649634;-46,080652
06/01/2025;19:30:00;ESTANCIA;Afundamento ou ondulação no pavimento;Queda de ocupante de veículo;Com Vítimas Fatais;Plena Noite;Decrescente;Céu Claro;Dupla;Reta;-11,22094463;-37,41933749
06/01/2025;20:00:00;PRATA;Chuva;Colisão traseira;Com Vítimas Feridas;Plena Noite;Crescente;Chuva;Dupla;Reta;-19,47713595;-48,86719852
06/01/2025;03:30:00;MORRETES;Curva acentuada;Colisão com objeto;Com Vítimas Feridas;Plena Noite;Crescente;Garoa/Chuvisco;Dupla;Curva;-25,571233;-48,817137
06/01/2025;06:27:00;TANGUA;Acumulo de areia ou detritos sobre o pavimento;Queda de ocupante de veículo;Com Vítimas Feridas;Pleno dia;Decrescente;Sol;Dupla;Curva;-22,7371391;-42,79664601
06/01/2025;07:45:00;LINHARES;Velocidade Incompatível;Colisão traseira;Com Vítimas Feridas;Pleno dia;Crescente;Céu Claro;Dupla;Reta;-19,36089598;-40,06464018
06/01/2025;06:30:00;ANGRA DOS REIS;Velocidade Incompatível;Colisão lateral mesmo sentido;Com Vítimas Feridas;Pleno dia;Decrescente;Céu Claro;Simples;Reta;-22,99820396;-44,26554599
06/01/2025;09:30:00;JUSSARA;Retorno proibido;Colisão transversal;Com Vítimas Feridas;Pleno dia;Decrescente;Nublado;Dupla;"Declive;Curva;Interseção de Vias";-15,87788149;-50,8864881
06/01/2025;11:10:00;RECIFE;Animais na Pista;Queda de ocupante de veículo;Com Vítimas Feridas;Pleno dia;Decrescente;Sol;Dupla;Reta;-7,98344307;-34,93176727
06/01/2025;11:30:00;BETIM;Velocidade Incompatível;Saída de leito carroçável;Com Vítimas Feridas;Pleno dia;Crescente;Sol;Dupla;Curva;-19,98302866;-44,24503326
06/01/2025;09:50:00;DUQUE DE CAXIAS;Ultrapassagem Indevida;Colisão lateral mesmo sentido;Com Vítimas Feridas;Pleno dia;Crescente;Céu Claro;Simples;"Curva;Viaduto";-22,78185499;-43,28571273
06/01/2025;12:05:00;APARECIDA DO TABOADO;Velocidade Incompatível;Colisão com objeto;Com Vítimas Feridas;Pleno dia;Crescente;Céu Claro;Simples;Rotatória;-20,087124;-51,09403
06/01/2025;13:20:00;ITATIAIUCU;Velocidade Incompatível;Saída de leito carroçável;Com Vítimas Feridas;Pleno dia;Decrescente;Chuva;Dupla;"Curva;Declive";-20,27336801;-44,42585498
06/01/2025;14:40:00;RIO VERDE;Acumulo de água sobre o pavimento;Saída de leito carroçável;Com Vítimas Feridas;Pleno dia;Crescente;Chuva;Dupla;Reta;-17,6276;-50,7675
06/01/2025;16:20:00;UBATUBA;Animais na Pista;Queda de ocupante de veículo;Com Vítimas Feridas;Pleno dia;Decrescente;Céu Claro;Simples;Reta;-23,37341522;-44,96219491
06/01/2025;16:00:00;MANGARATIBA;Chuva;Colisão traseira;Com Vítimas Feridas;Pleno dia;Crescente;Chuva;Simples;Curva;-22,98107919;-44,08441596
06/01/2025;15:00:00;PATOS DE MINAS;Pista Escorregadia;Saída de leito carroçável;Com Vítimas Feridas;Pleno dia;Decrescente;Chuva;Simples;Reta;-18,63130925;-46,41738594
06/01/2025;16:46:00;MOSSORO;Ultrapassagem Indevida;Colisão frontal;Com Vítimas Feridas;Pleno dia;Crescente;Céu Claro;Simples;Reta;-5,25226212;-37,30878323
06/01/2025;17:50:00;BETIM;Velocidade Incompatível;Tombamento;Com Vítimas Feridas;Pleno dia;Crescente;Chuva;Múltipla;Declive;-19,95594491;-44,10721699
06/01/2025;17:40:00;MURIAE;Ultrapassagem Indevida;Colisão lateral mesmo sentido;Com Vítimas Feridas;Pleno dia;Decrescente;Nublado;Simples;Reta;-21,11938311;-42,38006362
06/01/2025;14:15:00;JOAO PINHEIRO;Acumulo de água sobre o pavimento;Saída de leito carroçável;Com Vítimas Feridas;Pleno dia;Crescente;Chuva;Simples;"Declive;Reta";-18,05993805;-45,65638991
06/01/2025;16:20:00;ITAMONTE;Velocidade Incompatível;Colisão traseira;Com Vítimas Feridas;Pleno dia;Decrescente;Céu Claro;Simples;Curva;-22,31949272;-44,84721578
06/01/2025;14:30:00;CONQUISTA DOESTE;Ultrapassagem Indevida;Colisão lateral sentido oposto;Com Vítimas Feridas;Pleno dia;Decrescente;Nublado;Simples;Reta;-14,54560168;-59,54265515
06/01/2025;18:20:00;CAMPINA GRANDE;Conversão proibida;Colisão transversal;Sem Vítimas;Plena Noite;Decrescente;Céu Claro;Simples;Reta;-7,20325615;-35,8752172
06/01/2025;19:30:00;ITATIAIA;Acumulo de água sobre o pavimento;Colisão com objeto;Com Vítimas Feridas;Plena Noite;Decrescente;Garoa/Chuvisco;Dupla;Curva;-22,48093378;-44,53547807
06/01/2025;19:40:00;RONDONOPOLIS;Chuva;Colisão traseira;Com Vítimas Feridas;Plena Noite;Crescente;Chuva;Dupla;Reta;-16,44347006;-54,67236704
06/01/2025;17:30:00;JATAI;Acumulo de água sobre o pavimento;Saída de leito carroçável;Sem Vítimas;Anoitecer;Crescente;Chuva;Simples;"Curva;Declive";-18,165903;-51,420219
06/01/2025;05:20:00;VARZEA GRANDE;Acesso irregular;Colisão frontal;Com Vítimas Feridas;Amanhecer;Crescente;Garoa/Chuvisco;Simples;Reta;-15,70526;-56,145435
05/01/2025;10:00:00;FORQUILHA;Afundamento ou ondulação no pavimento;Queda de ocupante de veículo;Com Vítimas Feridas;Pleno dia;Crescente;Nublado;Simples;Reta;-3,76728996;-40,28895097
05/01/2025;12:30:00;JAGUARI;Velocidade Incompatível;Saída de leito carroçável;Com Vítimas Feridas;Pleno dia;Decrescente;Céu Claro;Simples;"Declive;Curva;Interseção de Vias";-29,48260578;-54,68942642
05/01/2025;14:26:00;COMODORO;Acumulo de água sobre o pavimento;Colisão frontal;Com Vítimas Feridas;Pleno dia;Decrescente;Chuva;Simples;"Reta;Declive";-13,726515;-59,77919903
05/01/2025;14:15:00;EUGENOPOLIS;Velocidade Incompatível;Tombamento;Com Vítimas Feridas;Pleno dia;Decrescente;Nublado;Simples;"Curva;Declive";-21,12514202;-42,254502
05/01/2025;20:03:00;MATARACA;Animais na Pista;Atropelamento de Animal;Com Vítimas Feridas;Plena Noite;Decrescente;Céu Claro;Dupla;Reta;-6,53182311;-35,11546245
05/01/2025;23:50:00;SALVADOR;Velocidade Incompatível;Tombamento;Com Vítimas Feridas;Plena Noite;Crescente;Céu Claro;Múltipla;Curva;-12,91233708;-38,45956983
05/01/2025;05:18:00;CONTAGEM;Demais falhas na via;Tombamento;Com Vítimas Feridas;Amanhecer;Crescente;Nublado;Dupla;Curva;-19,86874894;-44,05962197
05/01/2025;06:40:00;PALMEIRA;Ultrapassagem Indevida;Colisão frontal;Com Vítimas Fatais;Pleno dia;Crescente;Nublado;Simples;"Declive;Reta";-25,429011;-50,032296
05/01/2025;06:45:00;JOAO PESSOA;Pista Escorregadia;Tombamento;Com Vítimas Feridas;Pleno dia;Decrescente;Chuva;Dupla;"Curva;Viaduto";-7,13716779;-34,85377908
05/01/2025;07:45:00;DOMINGOS MARTINS;Pista Escorregadia;Saída de leito carroçável;Com Vítimas Feridas;Pleno dia;Crescente;Chuva;Simples;Curva;-20,37297172;-40,59246445
05/01/2025;04:20:00;BETIM;Velocidade Incompatível;Colisão com objeto;Com Vítimas Feridas;Plena Noite;Decrescente;Céu Claro;Dupla;Reta;-19,97018187;-44,18210416
05/01/2025;06:30:00;JARU;Velocidade Incompatível;Tombamento;Com Vítimas Feridas;Amanhecer;Decrescente;Nublado;Simples;Interseção de Vias;-10,46111127;-62,45531042
05/01/2025;06:00:00;SAO GONCALO DO ABAETE;Pista esburacada;Saída de leito carroçável;Com Vítimas Feridas;Pleno dia;Crescente;Nublado;Simples;Reta;-18,13557504;-45,38218
05/01/2025;07:30:00;SAPUCAIA;Velocidade Incompatível;Colisão com objeto;Com Vítimas Feridas;Pleno dia;Decrescente;Nublado;Simples;Curva;-22,06451983;-42,79542346
05/01/2025;09:00:00;ALAGOINHAS;Demais Fenômenos da natureza;Saída de leito carroçável;Com Vítimas Feridas;Pleno dia;Crescente;Céu Claro;Simples;Reta;-12,20643979;-38,61527134
05/01/2025;12:06:00;CONCEICAO DA BARRA;Chuva;Queda de ocupante de veículo;Com Vítimas Feridas;Pleno dia;Crescente;Chuva;Simples;Reta;-18,49980697;-39,91851689
05/01/2025;13:10:00;SAO PAULO;Velocidade Incompatível;Colisão lateral mesmo sentido;Com Vítimas Feridas;Pleno dia;Decrescente;Céu Claro;Dupla;"Aclive;Curva";-23,38372401;-46,56502116
05/01/2025;13:15:00;EMBU DAS ARTES;Conversão proibida;Colisão transversal;Com Vítimas Feridas;Pleno dia;Decrescente;Céu Claro;Dupla;Interseção de Vias;-23,69297005;-46,86352786
05/01/2025;13:10:00;MANGARATIBA;Conversão proibida;Colisão transversal;Sem Vítimas;Pleno dia;Decrescente;Nublado;Simples;Reta;-22,93842518;-44,03644001
05/01/2025;12:02:00;JI-PARANA;Conversão proibida;Colisão lateral mesmo sentido;Com Vítimas Feridas;Pleno dia;Crescente;Sol;Múltipla;"Interseção de Vias;Reta";-10,87376391;-61,95256893
05/01/2025;13:30:00;PALMARES;Acesso irregular;Colisão transversal;Com Vítimas Feridas;Pleno dia;Crescente;Céu Claro;Dupla;"Curva;Declive";-8,635238;-35,560932
05/01/2025;16:50:00;MONTE ALEGRE DE MINAS;Animais na Pista;Saída de leito carroçável;Com Vítimas Feridas;Pleno dia;Crescente;Nublado;Dupla;"Declive;Reta";-18,851478;-48,847366
05/01/2025;16:15:00;CEU AZUL;Ultrapassagem Indevida;Saída de leito carroçável;Com Vítimas Feridas;Pleno dia;Crescente;Céu Claro;Simples;Reta;-25,1191791;-53,80080296
05/01/2025;17:55:00;CONCEICAO DA BARRA;Chuva;Queda de ocupante de veículo;Sem Vítimas;Anoitecer;Decrescente;Chuva;Simples;Reta;-18,55144093;-39,90284075
05/01/2025;17:55:00;CAMPO MOURAO;Acesso irregular;Colisão traseira;Com Vítimas Feridas;Pleno dia;Decrescente;Céu Claro;Simples;Reta;-24,0874;-52,4179
05/01/2025;11:30:00;IBITIARA;Velocidade Incompatível;Saída de leito carroçável;Com Vítimas Feridas;Pleno dia;Crescente;Céu Claro;Simples;"Curva;Declive";-12,47317295;-42,2897659
05/01/2025;17:45:00;QUEIMADOS;Velocidade Incompatível;Colisão com objeto;Com Vítimas Feridas;Anoitecer;Decrescente;Céu Claro;Simples;Reta;-22,73336575;-43,55659479
05/01/2025;13:40:00;SAO RAIMUNDO DAS MANGABEIRAS;Ultrapassagem Indevida;Saída de leito carroçável;Com Vítimas Feridas;Pleno dia;Decrescente;Céu Claro;Simples;Reta;-7,00200409;-45,43621898
05/01/2025;17:10:00;CONQUISTA DOESTE;Velocidade Incompatível;Saída de leito carroçável;Com Vítimas Feridas;Pleno dia;Decrescente;Garoa/Chuvisco;Simples;"Reta;Aclive";-14,81735399;-59,32239281
05/01/2025;21:15:00;VOLTA REDONDA;Velocidade Incompatível;Tombamento;Com Vítimas Feridas;Plena Noite;Decrescente;Nublado;Simples;Curva;-22,48025569;-44,02974901
05/01/2025;20:38:00;LUZIANIA;Conversão proibida;Colisão transversal;Com Vítimas Feridas;Plena Noite;Crescente;Céu Claro;Dupla;Reta;-16,316414;-47,841304
05/01/2025;21:30:00;EUNAPOLIS;Velocidade Incompatível;Capotamento;Com Vítimas Feridas;Plena Noite;Crescente;Céu Claro;Simples;Curva;-16,18733831;-39,60649967
05/01/2025;17:05:00;CAMPANHA;Velocidade Incompatível;Saída de leito carroçável;Com Vítimas Feridas;Pleno dia;Decrescente;Sol;Dupla;"Declive;Reta";-21,77370307;-45,42761992
05/01/2025;22:40:00;SAO LOURENCO DO SUL;Deficiência do Sistema de Iluminação/Sinalização;Colisão traseira;Com Vítimas Fatais;Plena Noite;Crescente;Céu Claro;Dupla;Reta;-31,322943;-52,031993
05/01/2025;23:20:00;BARAO DE GRAJAU;Animais na Pista;Atropelamento de Animal;Com Vítimas Feridas;Plena Noite;Decrescente;Céu Claro;Simples;"Reta;Viaduto";-6,72235987;-43,10918195
05/01/2025;20:30:00;SABARA;Acumulo de água sobre o pavimento;Colisão frontal;Com Vítimas Feridas;Plena Noite;Decrescente;Chuva;Simples;Curva;-19,78496805;-43,72311799
05/01/2025;08:00:00;BARRA DO GARCAS;Acumulo de água sobre o pavimento;Capotamento;Sem Vítimas;Plena Noite;Crescente;Chuva;Simples;Curva;-15,72778402;-52,61820889
05/01/2025;19:15:00;IMBITUBA;Ultrapassagem Indevida;Colisão lateral mesmo sentido;Com Vítimas Feridas;Anoitecer;Decrescente;Céu Claro;Dupla;"Viaduto;Aclive;Reta";-28,21532334;-48,69973183
05/01/2025;08:45:00;JOINVILLE;Demais falhas na via;Queda de ocupante de veículo;Com Vítimas Feridas;Pleno dia;Decrescente;Chuva;Simples;Reta;-26,1834739;-48,9105912
05/01/2025;19:55:00;ANGRA DOS REIS;Acesso irregular;Colisão transversal;Com Vítimas Feridas;Anoitecer;Decrescente;Céu Claro;Simples;Reta;-22,988676;-44,23305893
05/01/2025;20:30:00;SERRA;Pista Escorregadia;Capotamento;Com Vítimas Feridas;Pleno dia;Crescente;Chuva;Dupla;Reta;-20,13847031;-40,29231548
04/01/2025;07:45:00;PATOS DE MINAS;Pista Escorregadia;Saída de leito carroçável;Com Vítimas Feridas;Pleno dia;Crescente;Chuva;Simples;Curva;-18,65228912;-46,51471573
04/01/2025;09:00:00;FRANCISCO SA;Chuva;Colisão lateral sentido oposto;Com Vítimas Feridas;Pleno dia;Crescente;Chuva;Simples;"Curva;Declive";-16,4669101;-43,43947986
04/01/2025;12:20:00;PALMAS;Acumulo de água sobre o pavimento;Queda de ocupante de veículo;Com Vítimas Fatais;Pleno dia;Decrescente;Chuva;Dupla;Reta;-10,28046444;-48,29864502
04/01/2025;19:30:00;MIRANDIBA;Animais na Pista;Atropelamento de Animal;Com Vítimas Feridas;Plena Noite;Decrescente;Céu Claro;Simples;"Aclive;Curva";-8,0274382;-38,72264791
04/01/2025;03:00:00;AQUIRAZ;Velocidade Incompatível;Saída de leito carroçável;Com Vítimas Feridas;Plena Noite;Decrescente;Céu Claro;Dupla;Reta;-3,95243321;-38,51232648
04/01/2025;03:43:00;JOAO PESSOA;Acumulo de areia ou detritos sobre o pavimento;Tombamento;Com Vítimas Feridas;Plena Noite;Decrescente;Céu Claro;Dupla;"Aclive;Interseção de Vias";-7,13832817;-34,85312462
04/01/2025;05:45:00;SAO JOSE DOS CAMPOS;Falta de acostamento;Colisão traseira;Com Vítimas Feridas;Pleno dia;Crescente;Sol;Múltipla;Reta;-23,19542994;-45,87176303
04/01/2025;05:20:00;PARANAIBA;Conversão proibida;Saída de leito carroçável;Sem Vítimas;Amanhecer;Crescente;Céu Claro;Simples;"Aclive;Reta";-19,82292705;-51,11442018
04/01/2025;06:45:00;JOINVILLE;Velocidade Incompatível;Colisão com objeto;Com Vítimas Feridas;Pleno dia;Decrescente;Nublado;Múltipla;Reta;-26,27176094;-48,89468382
04/01/2025;08:30:00;ESTANCIA;Afundamento ou ondulação no pavimento;Saída de leito carroçável;Sem Vítimas;Pleno dia;Decrescente;Sol;Simples;Reta;-11,27423982;-37,44799376
04/01/2025;08:45:00;BRASILIA;Acesso irregular;Colisão transversal;Com Vítimas Feridas;Pleno dia;Decrescente;Céu Claro;Dupla;Reta;-15,802453;-48,080387
04/01/2025;07:50:00;EXTREMA;Afundamento ou ondulação no pavimento;Saída de leito carroçável;Com Vítimas Feridas;Pleno dia;Crescente;Chuva;Dupla;"Curva;Declive";-22,86021873;-46,34260711
04/01/2025;09:45:00;RANCHO QUEIMADO;Conversão proibida;Colisão transversal;Com Vítimas Fatais;Pleno dia;Crescente;Céu Claro;Simples;"Aclive;Interseção de Vias;Em Obras;Curva";-27,676822;-49,015042
04/01/2025;12:16:00;VITORIA DA CONQUISTA;Acumulo de areia ou detritos sobre o pavimento;Queda de ocupante de veículo;Com Vítimas Feridas;Pleno dia;Crescente;Céu Claro;Simples;"Curva;Rotatória";-14,84472001;-40,88896751
04/01/2025;12:30:00;TRES CORACOES;Velocidade Incompatível;Tombamento;Com Vítimas Feridas;Pleno dia;Decrescente;Sol;Dupla;"Aclive;Retorno Regulamentado;Curva";-21,67246754;-45,33430028
04/01/2025;13:00:00;PARATY;Conversão proibida;Colisão transversal;Com Vítimas Feridas;Pleno dia;Crescente;Céu Claro;Simples;Curva;-23,21978585;-44,73466957
04/01/2025;14:10:00;JAGUARACU;Ultrapassagem Indevida;Colisão frontal;Com Vítimas Feridas;Pleno dia;Decrescente;Céu Claro;Simples;Reta;-19,61757501;-42,78412299
04/01/2025;13:15:00;PARA DE MINAS;Velocidade Incompatível;Saída de leito carroçável;Com Vítimas Feridas;Pleno dia;Crescente;Nublado;Dupla;Curva;-19,90018759;-44,55287088
04/01/2025;15:10:00;GUAIBA;Velocidade Incompatível;Colisão traseira;Com Vítimas Feridas;Pleno dia;Crescente;Céu Claro;Dupla;Reta;-30,19187406;-51,39787181
04/01/2025;15:30:00;ALPERCATA;Velocidade Incompatível;Saída de leito carroçável;Com Vítimas Feridas;Pleno dia;Decrescente;Céu Claro;Simples;Reta;-18,92044406;-41,94023945